# ---------------------------------------------------------------------
# XATOM HFS : electronic structure of atoms and more, v2.0.0-15-g9da229
#
# Job started at  : 15-Sep-2026 13:05:25
# ---------------------------------------------------------------------
# Atom: N
#   nuclear charge:    7
#   total electrons:   7
#   total charge:     +0
#   configuration: 1s2_2s2_2p3
#
# Computational method:
#   exchange functional: Slater (Latter tail correction)
#   correlation functional: none
#
# Grid for the spherical coordinate:
#   N =  200
#   L parameter =      1.0
#   Rmax(a.u.)  =     50.0
#   lmax  =    1
#
# SCF converged after   22 iterations
#   energy convergence  = -7.872E-08
#   density convergence =  8.117E-09
#
# Energies: 
# - zeroth-order energy (a.u.):
#   SUM of E_orb   =     -32.69969525  [      -889.80 eV ]
#   (SUM of E_kin) =      56.22710588
#   (Effec. pot E) =     -88.92680113
#
# - first-order energy (a.u.): with DFT formula
#   Kinetic E      =      56.22710588
#   E Latter corr  =      -0.06340575
#   Nuc-Elec pot E =    -130.63838522    One-Elec E =     -74.47468510
#
#   Hartree E      =      26.74291002
#   Exchange E     =      -8.78312265
#   Correlation E  =       0.00000000    Two-Elec E =      17.95978737
#   ---------------------------------
#   Total Energy   =     -56.51489772  [     -1537.85 eV ]
#
#                E(0)        E(1)
# |E_TOT|     -889.80    -1537.85
#
# Orbital energies: 
#        n_occ        E(a.u.)          E(eV)         KE(eV)
#   1s       2   -14.86854593    -404.593704     613.355830
#   2s       2    -0.84794340     -23.073713      69.070615
#   2p       3    -0.42223887     -11.489704      55.054816
#
#              1s        2s        2p
# |SCF|   -404.59    -23.07    -11.49
#
# Radial wavefunction information (a.u.): (r_m: r_max where |u(r)| >  1.0E-08)
#              <r>       <r^2>         r_m   norm. err
#   1s       0.227       0.069       3.900     4.4E-08
#   2s       1.283       2.005      16.795    -4.3E-08
#   2p       1.413       2.662      23.705    -1.5E-08
#
# Uniform grid parameters for continuum states:
#   N_uniform             =    4887
#   continuum_rmax(a.u.)  =      24.437 (internally determined)
#   dr(a.u.)              =   5.00E-03
#   threshold to determine r_m =   1.00E-08
#   continuum_rmax is just right next to r_m in radial grid.
#
# Photoabsorption cross section (in Mb):
P.E.(eV)        Total          1s           2s           2p 
     0.00000  0.00000E+00  0.00000E+00  0.00000E+00  0.00000E+00
     1.00000  0.00000E+00  0.00000E+00  0.00000E+00  0.00000E+00
     2.00000  0.00000E+00  0.00000E+00  0.00000E+00  0.00000E+00
     3.00000  0.00000E+00  0.00000E+00  0.00000E+00  0.00000E+00
     4.00000  0.00000E+00  0.00000E+00  0.00000E+00  0.00000E+00
     5.00000  0.00000E+00  0.00000E+00  0.00000E+00  0.00000E+00
     6.00000  0.00000E+00  0.00000E+00  0.00000E+00  0.00000E+00
     7.00000  0.00000E+00  0.00000E+00  0.00000E+00  0.00000E+00
     8.00000  0.00000E+00  0.00000E+00  0.00000E+00  0.00000E+00
     9.00000  0.00000E+00  0.00000E+00  0.00000E+00  0.00000E+00
    10.00000  0.00000E+00  0.00000E+00  0.00000E+00  0.00000E+00
    11.00000  0.00000E+00  0.00000E+00  0.00000E+00  0.00000E+00
    12.00000  1.15519E+01  0.00000E+00  0.00000E+00  1.15519E+01
    13.00000  1.18254E+01  0.00000E+00  0.00000E+00  1.18254E+01
    14.00000  1.18395E+01  0.00000E+00  0.00000E+00  1.18395E+01
    15.00000  1.16941E+01  0.00000E+00  0.00000E+00  1.16941E+01
    16.00000  1.14507E+01  0.00000E+00  0.00000E+00  1.14507E+01
    17.00000  1.11481E+01  0.00000E+00  0.00000E+00  1.11481E+01
    18.00000  1.08111E+01  0.00000E+00  0.00000E+00  1.08111E+01
    19.00000  1.04559E+01  0.00000E+00  0.00000E+00  1.04559E+01
    20.00000  1.00928E+01  0.00000E+00  0.00000E+00  1.00928E+01
    21.00000  9.72887E+00  0.00000E+00  0.00000E+00  9.72887E+00
    22.00000  9.36842E+00  0.00000E+00  0.00000E+00  9.36842E+00
    23.00000  9.01435E+00  0.00000E+00  0.00000E+00  9.01435E+00
    24.00000  9.38981E+00  0.00000E+00  7.21330E-01  8.66848E+00
    25.00000  9.12354E+00  0.00000E+00  7.91608E-01  8.33193E+00
    26.00000  8.85726E+00  0.00000E+00  8.51914E-01  8.00534E+00
    27.00000  8.59212E+00  0.00000E+00  9.03054E-01  7.68906E+00
    28.00000  8.32918E+00  0.00000E+00  9.45966E-01  7.38321E+00
    29.00000  8.06935E+00  0.00000E+00  9.81564E-01  7.08779E+00
    30.00000  7.81342E+00  0.00000E+00  1.01072E+00  6.80270E+00
    31.00000  7.56202E+00  0.00000E+00  1.03422E+00  6.52780E+00
    32.00000  7.31570E+00  0.00000E+00  1.05280E+00  6.26290E+00
    33.00000  7.07487E+00  0.00000E+00  1.06708E+00  6.00780E+00
    34.00000  6.83989E+00  0.00000E+00  1.07762E+00  5.76227E+00
    35.00000  6.61101E+00  0.00000E+00  1.08491E+00  5.52610E+00
    36.00000  6.38844E+00  0.00000E+00  1.08938E+00  5.29905E+00
    37.00000  6.17231E+00  0.00000E+00  1.09141E+00  5.08089E+00
    38.00000  5.96270E+00  0.00000E+00  1.09132E+00  4.87139E+00
    39.00000  5.75968E+00  0.00000E+00  1.08938E+00  4.67029E+00
    40.00000  5.56323E+00  0.00000E+00  1.08586E+00  4.47738E+00
    41.00000  5.37335E+00  0.00000E+00  1.08095E+00  4.29240E+00
    42.00000  5.18996E+00  0.00000E+00  1.07485E+00  4.11511E+00
    43.00000  5.01301E+00  0.00000E+00  1.06772E+00  3.94529E+00
    44.00000  4.84237E+00  0.00000E+00  1.05970E+00  3.78267E+00
    45.00000  4.67795E+00  0.00000E+00  1.05092E+00  3.62703E+00
    46.00000  4.51960E+00  0.00000E+00  1.04149E+00  3.47812E+00
    47.00000  4.36719E+00  0.00000E+00  1.03149E+00  3.33570E+00
    48.00000  4.22055E+00  0.00000E+00  1.02102E+00  3.19953E+00
    49.00000  4.07953E+00  0.00000E+00  1.01015E+00  3.06938E+00
    50.00000  3.94395E+00  0.00000E+00  9.98938E-01  2.94501E+00
    51.00000  3.81365E+00  0.00000E+00  9.87448E-01  2.82620E+00
    52.00000  3.68845E+00  0.00000E+00  9.75727E-01  2.71272E+00
    53.00000  3.56817E+00  0.00000E+00  9.63821E-01  2.60435E+00
    54.00000  3.45264E+00  0.00000E+00  9.51769E-01  2.50087E+00
    55.00000  3.34168E+00  0.00000E+00  9.39605E-01  2.40207E+00
    56.00000  3.23511E+00  0.00000E+00  9.27361E-01  2.30775E+00
    57.00000  3.13278E+00  0.00000E+00  9.15064E-01  2.21771E+00
    58.00000  3.03450E+00  0.00000E+00  9.02738E-01  2.13176E+00
    59.00000  2.94011E+00  0.00000E+00  8.90406E-01  2.04971E+00
    60.00000  2.84946E+00  0.00000E+00  8.78085E-01  1.97137E+00
    61.00000  2.76238E+00  0.00000E+00  8.65794E-01  1.89659E+00
    62.00000  2.67873E+00  0.00000E+00  8.53548E-01  1.82518E+00
    63.00000  2.59836E+00  0.00000E+00  8.41360E-01  1.75700E+00
    64.00000  2.52112E+00  0.00000E+00  8.29242E-01  1.69188E+00
    65.00000  2.44689E+00  0.00000E+00  8.17206E-01  1.62969E+00
    66.00000  2.37553E+00  0.00000E+00  8.05260E-01  1.57027E+00
    67.00000  2.30691E+00  0.00000E+00  7.93414E-01  1.51350E+00
    68.00000  2.24092E+00  0.00000E+00  7.81674E-01  1.45925E+00
    69.00000  2.17744E+00  0.00000E+00  7.70047E-01  1.40739E+00
    70.00000  2.11635E+00  0.00000E+00  7.58539E-01  1.35781E+00
    71.00000  2.05755E+00  0.00000E+00  7.47156E-01  1.31040E+00
    72.00000  2.00095E+00  0.00000E+00  7.35901E-01  1.26505E+00
    73.00000  1.94643E+00  0.00000E+00  7.24779E-01  1.22166E+00
    74.00000  1.89392E+00  0.00000E+00  7.13793E-01  1.18013E+00
    75.00000  1.84332E+00  0.00000E+00  7.02946E-01  1.14038E+00
    76.00000  1.79455E+00  0.00000E+00  6.92241E-01  1.10231E+00
    77.00000  1.74753E+00  0.00000E+00  6.81678E-01  1.06586E+00
    78.00000  1.70219E+00  0.00000E+00  6.71261E-01  1.03092E+00
    79.00000  1.65844E+00  0.00000E+00  6.60990E-01  9.97447E-01
    80.00000  1.61622E+00  0.00000E+00  6.50867E-01  9.65353E-01
    81.00000  1.57547E+00  0.00000E+00  6.40891E-01  9.34575E-01
    82.00000  1.53612E+00  0.00000E+00  6.31065E-01  9.05052E-01
    83.00000  1.49811E+00  0.00000E+00  6.21387E-01  8.76722E-01
    84.00000  1.46139E+00  0.00000E+00  6.11858E-01  8.49529E-01
    85.00000  1.42590E+00  0.00000E+00  6.02477E-01  8.23419E-01
    86.00000  1.39159E+00  0.00000E+00  5.93245E-01  7.98342E-01
    87.00000  1.35841E+00  0.00000E+00  5.84161E-01  7.74247E-01
    88.00000  1.32631E+00  0.00000E+00  5.75224E-01  7.51091E-01
    89.00000  1.29526E+00  0.00000E+00  5.66433E-01  7.28828E-01
    90.00000  1.26521E+00  0.00000E+00  5.57788E-01  7.07419E-01
    91.00000  1.23611E+00  0.00000E+00  5.49286E-01  6.86822E-01
    92.00000  1.20793E+00  0.00000E+00  5.40928E-01  6.67002E-01
    93.00000  1.18063E+00  0.00000E+00  5.32712E-01  6.47923E-01
    94.00000  1.15419E+00  0.00000E+00  5.24635E-01  6.29551E-01
    95.00000  1.12855E+00  0.00000E+00  5.16698E-01  6.11855E-01
    96.00000  1.10370E+00  0.00000E+00  5.08899E-01  5.94805E-01
    97.00000  1.07961E+00  0.00000E+00  5.01235E-01  5.78371E-01
    98.00000  1.05623E+00  0.00000E+00  4.93706E-01  5.62527E-01
    99.00000  1.03356E+00  0.00000E+00  4.86309E-01  5.47247E-01
   100.00000  1.01155E+00  0.00000E+00  4.79042E-01  5.32506E-01
   101.00000  9.90186E-01  0.00000E+00  4.71905E-01  5.18281E-01
   102.00000  9.69445E-01  0.00000E+00  4.64896E-01  5.04550E-01
   103.00000  9.49303E-01  0.00000E+00  4.58011E-01  4.91291E-01
   104.00000  9.29736E-01  0.00000E+00  4.51250E-01  4.78486E-01
   105.00000  9.10725E-01  0.00000E+00  4.44611E-01  4.66114E-01
   106.00000  8.92249E-01  0.00000E+00  4.38092E-01  4.54158E-01
   107.00000  8.74290E-01  0.00000E+00  4.31690E-01  4.42600E-01
   108.00000  8.56828E-01  0.00000E+00  4.25405E-01  4.31424E-01
   109.00000  8.39847E-01  0.00000E+00  4.19233E-01  4.20614E-01
   110.00000  8.23330E-01  0.00000E+00  4.13174E-01  4.10156E-01
   111.00000  8.07260E-01  0.00000E+00  4.07225E-01  4.00035E-01
   112.00000  7.91622E-01  0.00000E+00  4.01384E-01  3.90238E-01
   113.00000  7.76402E-01  0.00000E+00  3.95650E-01  3.80752E-01
   114.00000  7.61585E-01  0.00000E+00  3.90020E-01  3.71565E-01
   115.00000  7.47158E-01  0.00000E+00  3.84493E-01  3.62664E-01
   116.00000  7.33107E-01  0.00000E+00  3.79067E-01  3.54040E-01
   117.00000  7.19420E-01  0.00000E+00  3.73740E-01  3.45680E-01
   118.00000  7.06086E-01  0.00000E+00  3.68510E-01  3.37576E-01
   119.00000  6.93092E-01  0.00000E+00  3.63375E-01  3.29717E-01
   120.00000  6.80428E-01  0.00000E+00  3.58333E-01  3.22095E-01
   121.00000  6.68083E-01  0.00000E+00  3.53384E-01  3.14699E-01
   122.00000  6.56047E-01  0.00000E+00  3.48524E-01  3.07523E-01
   123.00000  6.44309E-01  0.00000E+00  3.43752E-01  3.00558E-01
   124.00000  6.32862E-01  0.00000E+00  3.39067E-01  2.93795E-01
   125.00000  6.21694E-01  0.00000E+00  3.34466E-01  2.87228E-01
   126.00000  6.10799E-01  0.00000E+00  3.29949E-01  2.80850E-01
   127.00000  6.00167E-01  0.00000E+00  3.25512E-01  2.74654E-01
   128.00000  5.89790E-01  0.00000E+00  3.21156E-01  2.68634E-01
   129.00000  5.79661E-01  0.00000E+00  3.16878E-01  2.62783E-01
   130.00000  5.69771E-01  0.00000E+00  3.12676E-01  2.57095E-01
   131.00000  5.60115E-01  0.00000E+00  3.08550E-01  2.51565E-01
   132.00000  5.50684E-01  0.00000E+00  3.04496E-01  2.46187E-01
   133.00000  5.41472E-01  0.00000E+00  3.00515E-01  2.40957E-01
   134.00000  5.32473E-01  0.00000E+00  2.96605E-01  2.35868E-01
   135.00000  5.23680E-01  0.00000E+00  2.92763E-01  2.30917E-01
   136.00000  5.15088E-01  0.00000E+00  2.88990E-01  2.26098E-01
   137.00000  5.06690E-01  0.00000E+00  2.85282E-01  2.21408E-01
   138.00000  4.98481E-01  0.00000E+00  2.81639E-01  2.16842E-01
   139.00000  4.90456E-01  0.00000E+00  2.78060E-01  2.12396E-01
   140.00000  4.82609E-01  0.00000E+00  2.74543E-01  2.08066E-01
   141.00000  4.74936E-01  0.00000E+00  2.71087E-01  2.03848E-01
   142.00000  4.67431E-01  0.00000E+00  2.67691E-01  1.99740E-01
   143.00000  4.60089E-01  0.00000E+00  2.64353E-01  1.95736E-01
   144.00000  4.52907E-01  0.00000E+00  2.61073E-01  1.91835E-01
   145.00000  4.45880E-01  0.00000E+00  2.57848E-01  1.88032E-01
   146.00000  4.39004E-01  0.00000E+00  2.54678E-01  1.84326E-01
   147.00000  4.32274E-01  0.00000E+00  2.51562E-01  1.80712E-01
   148.00000  4.25686E-01  0.00000E+00  2.48499E-01  1.77188E-01
   149.00000  4.19237E-01  0.00000E+00  2.45487E-01  1.73751E-01
   150.00000  4.12923E-01  0.00000E+00  2.42525E-01  1.70398E-01
   151.00000  4.06741E-01  0.00000E+00  2.39613E-01  1.67128E-01
   152.00000  4.00686E-01  0.00000E+00  2.36749E-01  1.63938E-01
   153.00000  3.94756E-01  0.00000E+00  2.33932E-01  1.60824E-01
   154.00000  3.88947E-01  0.00000E+00  2.31162E-01  1.57785E-01
   155.00000  3.83257E-01  0.00000E+00  2.28437E-01  1.54820E-01
   156.00000  3.77681E-01  0.00000E+00  2.25757E-01  1.51924E-01
   157.00000  3.72218E-01  0.00000E+00  2.23120E-01  1.49098E-01
   158.00000  3.66863E-01  0.00000E+00  2.20526E-01  1.46338E-01
   159.00000  3.61616E-01  0.00000E+00  2.17973E-01  1.43642E-01
   160.00000  3.56472E-01  0.00000E+00  2.15462E-01  1.41010E-01
   161.00000  3.51429E-01  0.00000E+00  2.12990E-01  1.38438E-01
   162.00000  3.46484E-01  0.00000E+00  2.10558E-01  1.35926E-01
   163.00000  3.41636E-01  0.00000E+00  2.08164E-01  1.33472E-01
   164.00000  3.36882E-01  0.00000E+00  2.05808E-01  1.31074E-01
   165.00000  3.32219E-01  0.00000E+00  2.03489E-01  1.28730E-01
   166.00000  3.27645E-01  0.00000E+00  2.01206E-01  1.26440E-01
   167.00000  3.23159E-01  0.00000E+00  1.98958E-01  1.24201E-01
   168.00000  3.18757E-01  0.00000E+00  1.96745E-01  1.22012E-01
   169.00000  3.14438E-01  0.00000E+00  1.94566E-01  1.19872E-01
   170.00000  3.10200E-01  0.00000E+00  1.92420E-01  1.17780E-01
   171.00000  3.06041E-01  0.00000E+00  1.90307E-01  1.15734E-01
   172.00000  3.01959E-01  0.00000E+00  1.88226E-01  1.13733E-01
   173.00000  2.97952E-01  0.00000E+00  1.86177E-01  1.11776E-01
   174.00000  2.94019E-01  0.00000E+00  1.84158E-01  1.09861E-01
   175.00000  2.90158E-01  0.00000E+00  1.82169E-01  1.07988E-01
   176.00000  2.86366E-01  0.00000E+00  1.80210E-01  1.06156E-01
   177.00000  2.82644E-01  0.00000E+00  1.78280E-01  1.04363E-01
   178.00000  2.78988E-01  0.00000E+00  1.76378E-01  1.02609E-01
   179.00000  2.75397E-01  0.00000E+00  1.74505E-01  1.00892E-01
   180.00000  2.71870E-01  0.00000E+00  1.72658E-01  9.92120E-02
   181.00000  2.68406E-01  0.00000E+00  1.70838E-01  9.75672E-02
   182.00000  2.65002E-01  0.00000E+00  1.69045E-01  9.59572E-02
   183.00000  2.61658E-01  0.00000E+00  1.67277E-01  9.43809E-02
   184.00000  2.58373E-01  0.00000E+00  1.65535E-01  9.28377E-02
   185.00000  2.55144E-01  0.00000E+00  1.63818E-01  9.13265E-02
   186.00000  2.51971E-01  0.00000E+00  1.62125E-01  8.98467E-02
   187.00000  2.48853E-01  0.00000E+00  1.60455E-01  8.83975E-02
   188.00000  2.45788E-01  0.00000E+00  1.58810E-01  8.69781E-02
   189.00000  2.42775E-01  0.00000E+00  1.57187E-01  8.55878E-02
   190.00000  2.39813E-01  0.00000E+00  1.55587E-01  8.42259E-02
   191.00000  2.36901E-01  0.00000E+00  1.54009E-01  8.28917E-02
   192.00000  2.34037E-01  0.00000E+00  1.52453E-01  8.15845E-02
   193.00000  2.31222E-01  0.00000E+00  1.50918E-01  8.03037E-02
   194.00000  2.28453E-01  0.00000E+00  1.49404E-01  7.90486E-02
   195.00000  2.25730E-01  0.00000E+00  1.47911E-01  7.78186E-02
   196.00000  2.23052E-01  0.00000E+00  1.46439E-01  7.66132E-02
   197.00000  2.20417E-01  0.00000E+00  1.44986E-01  7.54317E-02
   198.00000  2.17826E-01  0.00000E+00  1.43552E-01  7.42736E-02
   199.00000  2.15276E-01  0.00000E+00  1.42138E-01  7.31383E-02
   200.00000  2.12768E-01  0.00000E+00  1.40743E-01  7.20253E-02
   201.00000  2.10300E-01  0.00000E+00  1.39366E-01  7.09341E-02
   202.00000  2.07871E-01  0.00000E+00  1.38007E-01  6.98641E-02
   203.00000  2.05481E-01  0.00000E+00  1.36666E-01  6.88149E-02
   204.00000  2.03129E-01  0.00000E+00  1.35343E-01  6.77860E-02
   205.00000  2.00814E-01  0.00000E+00  1.34037E-01  6.67769E-02
   206.00000  1.98536E-01  0.00000E+00  1.32749E-01  6.57871E-02
   207.00000  1.96293E-01  0.00000E+00  1.31476E-01  6.48163E-02
   208.00000  1.94085E-01  0.00000E+00  1.30221E-01  6.38639E-02
   209.00000  1.91911E-01  0.00000E+00  1.28981E-01  6.29296E-02
   210.00000  1.89770E-01  0.00000E+00  1.27757E-01  6.20130E-02
   211.00000  1.87663E-01  0.00000E+00  1.26549E-01  6.11136E-02
   212.00000  1.85588E-01  0.00000E+00  1.25356E-01  6.02311E-02
   213.00000  1.83544E-01  0.00000E+00  1.24179E-01  5.93651E-02
   214.00000  1.81531E-01  0.00000E+00  1.23016E-01  5.85151E-02
   215.00000  1.79549E-01  0.00000E+00  1.21868E-01  5.76810E-02
   216.00000  1.77596E-01  0.00000E+00  1.20734E-01  5.68623E-02
   217.00000  1.75673E-01  0.00000E+00  1.19615E-01  5.60586E-02
   218.00000  1.73779E-01  0.00000E+00  1.18509E-01  5.52697E-02
   219.00000  1.71912E-01  0.00000E+00  1.17417E-01  5.44952E-02
   220.00000  1.70073E-01  0.00000E+00  1.16338E-01  5.37348E-02
   221.00000  1.68261E-01  0.00000E+00  1.15273E-01  5.29881E-02
   222.00000  1.66476E-01  0.00000E+00  1.14221E-01  5.22550E-02
   223.00000  1.64717E-01  0.00000E+00  1.13182E-01  5.15351E-02
   224.00000  1.62983E-01  0.00000E+00  1.12155E-01  5.08280E-02
   225.00000  1.61275E-01  0.00000E+00  1.11141E-01  5.01336E-02
   226.00000  1.59591E-01  0.00000E+00  1.10139E-01  4.94516E-02
   227.00000  1.57931E-01  0.00000E+00  1.09149E-01  4.87816E-02
   228.00000  1.56295E-01  0.00000E+00  1.08172E-01  4.81235E-02
   229.00000  1.54682E-01  0.00000E+00  1.07205E-01  4.74770E-02
   230.00000  1.53093E-01  0.00000E+00  1.06251E-01  4.68418E-02
   231.00000  1.51525E-01  0.00000E+00  1.05308E-01  4.62176E-02
   232.00000  1.49980E-01  0.00000E+00  1.04376E-01  4.56044E-02
   233.00000  1.48457E-01  0.00000E+00  1.03455E-01  4.50018E-02
   234.00000  1.46954E-01  0.00000E+00  1.02545E-01  4.44095E-02
   235.00000  1.45473E-01  0.00000E+00  1.01645E-01  4.38275E-02
   236.00000  1.44012E-01  0.00000E+00  1.00757E-01  4.32554E-02
   237.00000  1.42571E-01  0.00000E+00  9.98783E-02  4.26931E-02
   238.00000  1.41151E-01  0.00000E+00  9.90102E-02  4.21403E-02
   239.00000  1.39749E-01  0.00000E+00  9.81523E-02  4.15969E-02
   240.00000  1.38367E-01  0.00000E+00  9.73043E-02  4.10627E-02
   241.00000  1.37004E-01  0.00000E+00  9.64661E-02  4.05375E-02
   242.00000  1.35659E-01  0.00000E+00  9.56376E-02  4.00210E-02
   243.00000  1.34332E-01  0.00000E+00  9.48186E-02  3.95132E-02
   244.00000  1.33023E-01  0.00000E+00  9.40091E-02  3.90138E-02
   245.00000  1.31732E-01  0.00000E+00  9.32088E-02  3.85227E-02
   246.00000  1.30457E-01  0.00000E+00  9.24177E-02  3.80397E-02
   247.00000  1.29200E-01  0.00000E+00  9.16356E-02  3.75646E-02
   248.00000  1.27960E-01  0.00000E+00  9.08624E-02  3.70973E-02
   249.00000  1.26736E-01  0.00000E+00  9.00980E-02  3.66377E-02
   250.00000  1.25528E-01  0.00000E+00  8.93423E-02  3.61855E-02
   251.00000  1.24336E-01  0.00000E+00  8.85950E-02  3.57406E-02
   252.00000  1.23159E-01  0.00000E+00  8.78562E-02  3.53029E-02
   253.00000  1.21998E-01  0.00000E+00  8.71257E-02  3.48722E-02
   254.00000  1.20852E-01  0.00000E+00  8.64033E-02  3.44484E-02
   255.00000  1.19720E-01  0.00000E+00  8.56891E-02  3.40314E-02
   256.00000  1.18604E-01  0.00000E+00  8.49828E-02  3.36210E-02
   257.00000  1.17501E-01  0.00000E+00  8.42843E-02  3.32171E-02
   258.00000  1.16413E-01  0.00000E+00  8.35936E-02  3.28196E-02
   259.00000  1.15339E-01  0.00000E+00  8.29106E-02  3.24283E-02
   260.00000  1.14278E-01  0.00000E+00  8.22351E-02  3.20431E-02
   261.00000  1.13231E-01  0.00000E+00  8.15670E-02  3.16639E-02
   262.00000  1.12197E-01  0.00000E+00  8.09063E-02  3.12906E-02
   263.00000  1.11176E-01  0.00000E+00  8.02529E-02  3.09231E-02
   264.00000  1.10168E-01  0.00000E+00  7.96066E-02  3.05612E-02
   265.00000  1.09172E-01  0.00000E+00  7.89673E-02  3.02049E-02
   266.00000  1.08189E-01  0.00000E+00  7.83350E-02  2.98540E-02
   267.00000  1.07218E-01  0.00000E+00  7.77096E-02  2.95085E-02
   268.00000  1.06259E-01  0.00000E+00  7.70910E-02  2.91682E-02
   269.00000  1.05312E-01  0.00000E+00  7.64791E-02  2.88330E-02
   270.00000  1.04377E-01  0.00000E+00  7.58737E-02  2.85029E-02
   271.00000  1.03453E-01  0.00000E+00  7.52749E-02  2.81778E-02
   272.00000  1.02540E-01  0.00000E+00  7.46826E-02  2.78575E-02
   273.00000  1.01639E-01  0.00000E+00  7.40965E-02  2.75420E-02
   274.00000  1.00748E-01  0.00000E+00  7.35168E-02  2.72311E-02
   275.00000  9.98681E-02  0.00000E+00  7.29432E-02  2.69249E-02
   276.00000  9.89989E-02  0.00000E+00  7.23758E-02  2.66231E-02
   277.00000  9.81402E-02  0.00000E+00  7.18144E-02  2.63258E-02
   278.00000  9.72917E-02  0.00000E+00  7.12589E-02  2.60328E-02
   279.00000  9.64534E-02  0.00000E+00  7.07093E-02  2.57441E-02
   280.00000  9.56251E-02  0.00000E+00  7.01656E-02  2.54596E-02
   281.00000  9.48067E-02  0.00000E+00  6.96275E-02  2.51792E-02
   282.00000  9.39979E-02  0.00000E+00  6.90951E-02  2.49028E-02
   283.00000  9.31987E-02  0.00000E+00  6.85683E-02  2.46304E-02
   284.00000  9.24088E-02  0.00000E+00  6.80470E-02  2.43618E-02
   285.00000  9.16283E-02  0.00000E+00  6.75311E-02  2.40971E-02
   286.00000  9.08569E-02  0.00000E+00  6.70207E-02  2.38362E-02
   287.00000  9.00944E-02  0.00000E+00  6.65155E-02  2.35789E-02
   288.00000  8.93408E-02  0.00000E+00  6.60156E-02  2.33253E-02
   289.00000  8.85960E-02  0.00000E+00  6.55208E-02  2.30752E-02
   290.00000  8.78598E-02  0.00000E+00  6.50312E-02  2.28286E-02
   291.00000  8.71320E-02  0.00000E+00  6.45466E-02  2.25854E-02
   292.00000  8.64126E-02  0.00000E+00  6.40669E-02  2.23456E-02
   293.00000  8.57014E-02  0.00000E+00  6.35922E-02  2.21092E-02
   294.00000  8.49983E-02  0.00000E+00  6.31224E-02  2.18759E-02
   295.00000  8.43033E-02  0.00000E+00  6.26573E-02  2.16459E-02
   296.00000  8.36161E-02  0.00000E+00  6.21970E-02  2.14190E-02
   297.00000  8.29367E-02  0.00000E+00  6.17414E-02  2.11952E-02
   298.00000  8.22649E-02  0.00000E+00  6.12904E-02  2.09745E-02
   299.00000  8.16007E-02  0.00000E+00  6.08440E-02  2.07567E-02
   300.00000  8.09439E-02  0.00000E+00  6.04020E-02  2.05419E-02
   301.00000  8.02944E-02  0.00000E+00  5.99645E-02  2.03299E-02
   302.00000  7.96522E-02  0.00000E+00  5.95314E-02  2.01208E-02
   303.00000  7.90171E-02  0.00000E+00  5.91027E-02  1.99145E-02
   304.00000  7.83891E-02  0.00000E+00  5.86782E-02  1.97109E-02
   305.00000  7.77680E-02  0.00000E+00  5.82580E-02  1.95100E-02
   306.00000  7.71537E-02  0.00000E+00  5.78420E-02  1.93117E-02
   307.00000  7.65461E-02  0.00000E+00  5.74300E-02  1.91161E-02
   308.00000  7.59452E-02  0.00000E+00  5.70222E-02  1.89230E-02
   309.00000  7.53508E-02  0.00000E+00  5.66184E-02  1.87324E-02
   310.00000  7.47629E-02  0.00000E+00  5.62186E-02  1.85443E-02
   311.00000  7.41814E-02  0.00000E+00  5.58227E-02  1.83587E-02
   312.00000  7.36061E-02  0.00000E+00  5.54307E-02  1.81754E-02
   313.00000  7.30371E-02  0.00000E+00  5.50425E-02  1.79945E-02
   314.00000  7.24741E-02  0.00000E+00  5.46582E-02  1.78160E-02
   315.00000  7.19172E-02  0.00000E+00  5.42775E-02  1.76397E-02
   316.00000  7.13663E-02  0.00000E+00  5.39006E-02  1.74657E-02
   317.00000  7.08212E-02  0.00000E+00  5.35273E-02  1.72938E-02
   318.00000  7.02819E-02  0.00000E+00  5.31577E-02  1.71242E-02
   319.00000  6.97482E-02  0.00000E+00  5.27916E-02  1.69567E-02
   320.00000  6.92203E-02  0.00000E+00  5.24290E-02  1.67913E-02
   321.00000  6.86978E-02  0.00000E+00  5.20699E-02  1.66280E-02
   322.00000  6.81809E-02  0.00000E+00  5.17142E-02  1.64667E-02
   323.00000  6.76694E-02  0.00000E+00  5.13620E-02  1.63074E-02
   324.00000  6.71631E-02  0.00000E+00  5.10130E-02  1.61501E-02
   325.00000  6.66622E-02  0.00000E+00  5.06675E-02  1.59947E-02
   326.00000  6.61664E-02  0.00000E+00  5.03251E-02  1.58413E-02
   327.00000  6.56758E-02  0.00000E+00  4.99861E-02  1.56898E-02
   328.00000  6.51902E-02  0.00000E+00  4.96502E-02  1.55401E-02
   329.00000  6.47096E-02  0.00000E+00  4.93174E-02  1.53922E-02
   330.00000  6.42340E-02  0.00000E+00  4.89878E-02  1.52461E-02
   331.00000  6.37631E-02  0.00000E+00  4.86613E-02  1.51018E-02
   332.00000  6.32971E-02  0.00000E+00  4.83378E-02  1.49593E-02
   333.00000  6.28358E-02  0.00000E+00  4.80174E-02  1.48184E-02
   334.00000  6.23792E-02  0.00000E+00  4.76999E-02  1.46793E-02
   335.00000  6.19272E-02  0.00000E+00  4.73853E-02  1.45418E-02
   336.00000  6.14797E-02  0.00000E+00  4.70737E-02  1.44060E-02
   337.00000  6.10367E-02  0.00000E+00  4.67649E-02  1.42718E-02
   338.00000  6.05982E-02  0.00000E+00  4.64590E-02  1.41392E-02
   339.00000  6.01640E-02  0.00000E+00  4.61558E-02  1.40081E-02
   340.00000  5.97341E-02  0.00000E+00  4.58555E-02  1.38786E-02
   341.00000  5.93085E-02  0.00000E+00  4.55578E-02  1.37507E-02
   342.00000  5.88871E-02  0.00000E+00  4.52629E-02  1.36242E-02
   343.00000  5.84699E-02  0.00000E+00  4.49707E-02  1.34992E-02
   344.00000  5.80567E-02  0.00000E+00  4.46810E-02  1.33757E-02
   345.00000  5.76477E-02  0.00000E+00  4.43940E-02  1.32536E-02
   346.00000  5.72426E-02  0.00000E+00  4.41096E-02  1.31329E-02
   347.00000  5.68414E-02  0.00000E+00  4.38278E-02  1.30137E-02
   348.00000  5.64442E-02  0.00000E+00  4.35484E-02  1.28958E-02
   349.00000  5.60508E-02  0.00000E+00  4.32715E-02  1.27792E-02
   350.00000  5.56612E-02  0.00000E+00  4.29971E-02  1.26640E-02
   351.00000  5.52753E-02  0.00000E+00  4.27252E-02  1.25501E-02
   352.00000  5.48932E-02  0.00000E+00  4.24556E-02  1.24376E-02
   353.00000  5.45147E-02  0.00000E+00  4.21884E-02  1.23263E-02
   354.00000  5.41398E-02  0.00000E+00  4.19236E-02  1.22162E-02
   355.00000  5.37685E-02  0.00000E+00  4.16611E-02  1.21074E-02
   356.00000  5.34007E-02  0.00000E+00  4.14009E-02  1.19999E-02
   357.00000  5.30364E-02  0.00000E+00  4.11429E-02  1.18935E-02
   358.00000  5.26756E-02  0.00000E+00  4.08872E-02  1.17884E-02
   359.00000  5.23181E-02  0.00000E+00  4.06337E-02  1.16844E-02
   360.00000  5.19640E-02  0.00000E+00  4.03824E-02  1.15815E-02
   361.00000  5.16132E-02  0.00000E+00  4.01333E-02  1.14799E-02
   362.00000  5.12656E-02  0.00000E+00  3.98863E-02  1.13793E-02
   363.00000  5.09213E-02  0.00000E+00  3.96414E-02  1.12799E-02
   364.00000  5.05802E-02  0.00000E+00  3.93987E-02  1.11816E-02
   365.00000  5.02423E-02  0.00000E+00  3.91580E-02  1.10843E-02
   366.00000  4.99074E-02  0.00000E+00  3.89193E-02  1.09881E-02
   367.00000  4.95756E-02  0.00000E+00  3.86827E-02  1.08930E-02
   368.00000  4.92469E-02  0.00000E+00  3.84480E-02  1.07989E-02
   369.00000  4.89212E-02  0.00000E+00  3.82154E-02  1.07058E-02
   370.00000  4.85985E-02  0.00000E+00  3.79847E-02  1.06138E-02
   371.00000  4.82786E-02  0.00000E+00  3.77559E-02  1.05227E-02
   372.00000  4.79617E-02  0.00000E+00  3.75291E-02  1.04327E-02
   373.00000  4.76477E-02  0.00000E+00  3.73041E-02  1.03436E-02
   374.00000  4.73365E-02  0.00000E+00  3.70810E-02  1.02554E-02
   375.00000  4.70280E-02  0.00000E+00  3.68598E-02  1.01683E-02
   376.00000  4.67224E-02  0.00000E+00  3.66404E-02  1.00820E-02
   377.00000  4.64194E-02  0.00000E+00  3.64228E-02  9.99668E-03
   378.00000  4.61192E-02  0.00000E+00  3.62069E-02  9.91227E-03
   379.00000  4.58216E-02  0.00000E+00  3.59929E-02  9.82875E-03
   380.00000  4.55267E-02  0.00000E+00  3.57806E-02  9.74612E-03
   381.00000  4.52344E-02  0.00000E+00  3.55700E-02  9.66437E-03
   382.00000  4.49447E-02  0.00000E+00  3.53612E-02  9.58348E-03
   383.00000  4.46575E-02  0.00000E+00  3.51540E-02  9.50345E-03
   384.00000  4.43728E-02  0.00000E+00  3.49485E-02  9.42426E-03
   385.00000  4.40906E-02  0.00000E+00  3.47447E-02  9.34590E-03
   386.00000  4.38109E-02  0.00000E+00  3.45425E-02  9.26836E-03
   387.00000  4.35336E-02  0.00000E+00  3.43420E-02  9.19163E-03
   388.00000  4.32587E-02  0.00000E+00  3.41430E-02  9.11570E-03
   389.00000  4.29862E-02  0.00000E+00  3.39456E-02  9.04057E-03
   390.00000  4.27160E-02  0.00000E+00  3.37498E-02  8.96621E-03
   391.00000  4.24482E-02  0.00000E+00  3.35555E-02  8.89262E-03
   392.00000  4.21826E-02  0.00000E+00  3.33628E-02  8.81979E-03
   393.00000  4.19193E-02  0.00000E+00  3.31716E-02  8.74772E-03
   394.00000  4.16583E-02  0.00000E+00  3.29819E-02  8.67638E-03
   395.00000  4.13995E-02  0.00000E+00  3.27937E-02  8.60578E-03
   396.00000  4.11429E-02  0.00000E+00  3.26070E-02  8.53590E-03
   397.00000  4.08884E-02  0.00000E+00  3.24217E-02  8.46674E-03
   398.00000  4.06361E-02  0.00000E+00  3.22378E-02  8.39828E-03
   399.00000  4.03859E-02  0.00000E+00  3.20554E-02  8.33051E-03
   400.00000  4.01379E-02  0.00000E+00  3.18744E-02  8.26344E-03
   401.00000  3.98919E-02  0.00000E+00  3.16948E-02  8.19704E-03
   402.00000  3.96479E-02  0.00000E+00  3.15166E-02  8.13132E-03
   403.00000  3.94060E-02  0.00000E+00  3.13397E-02  8.06625E-03
   404.00000  3.91661E-02  0.00000E+00  3.11642E-02  8.00184E-03
   405.00000  6.98057E-01  6.59129E-01  3.09901E-02  7.93808E-03
   406.00000  6.94882E-01  6.56190E-01  3.08172E-02  7.87496E-03
   407.00000  6.91163E-01  6.52705E-01  3.06457E-02  7.81247E-03
   408.00000  6.87153E-01  6.48927E-01  3.04755E-02  7.75060E-03
   409.00000  6.83024E-01  6.45028E-01  3.03066E-02  7.68935E-03
   410.00000  6.78894E-01  6.41127E-01  3.01389E-02  7.62871E-03
   411.00000  6.74833E-01  6.37292E-01  2.99725E-02  7.56867E-03
   412.00000  6.70885E-01  6.33569E-01  2.98073E-02  7.50923E-03
   413.00000  6.67076E-01  6.29983E-01  2.96434E-02  7.45037E-03
   414.00000  6.63416E-01  6.26544E-01  2.94807E-02  7.39210E-03
   415.00000  6.59909E-01  6.23255E-01  2.93192E-02  7.33439E-03
   416.00000  6.56551E-01  6.20114E-01  2.91589E-02  7.27726E-03
   417.00000  6.53335E-01  6.17115E-01  2.89998E-02  7.22068E-03
   418.00000  6.50253E-01  6.14247E-01  2.88419E-02  7.16466E-03
   419.00000  6.47296E-01  6.11502E-01  2.86851E-02  7.10919E-03
   420.00000  6.44452E-01  6.08868E-01  2.85295E-02  7.05425E-03
   421.00000  6.41711E-01  6.06336E-01  2.83751E-02  6.99986E-03
   422.00000  6.39061E-01  6.03894E-01  2.82217E-02  6.94599E-03
   423.00000  6.36494E-01  6.01532E-01  2.80695E-02  6.89264E-03
   424.00000  6.33999E-01  5.99241E-01  2.79184E-02  6.83981E-03
   425.00000  6.31567E-01  5.97012E-01  2.77684E-02  6.78748E-03
   426.00000  6.29190E-01  5.94835E-01  2.76194E-02  6.73566E-03
   427.00000  6.26858E-01  5.92702E-01  2.74716E-02  6.68434E-03
   428.00000  6.24565E-01  5.90607E-01  2.73248E-02  6.63352E-03
   429.00000  6.22305E-01  5.88542E-01  2.71790E-02  6.58317E-03
   430.00000  6.20069E-01  5.86502E-01  2.70344E-02  6.53331E-03
   431.00000  6.17854E-01  5.84479E-01  2.68907E-02  6.48393E-03
   432.00000  6.15653E-01  5.82470E-01  2.67481E-02  6.43501E-03
   433.00000  6.13462E-01  5.80469E-01  2.66065E-02  6.38656E-03
   434.00000  6.11277E-01  5.78472E-01  2.64659E-02  6.33857E-03
   435.00000  6.09093E-01  5.76476E-01  2.63263E-02  6.29103E-03
   436.00000  6.06908E-01  5.74476E-01  2.61876E-02  6.24394E-03
   437.00000  6.04718E-01  5.72471E-01  2.60500E-02  6.19729E-03
   438.00000  6.02521E-01  5.70457E-01  2.59133E-02  6.15108E-03
   439.00000  6.00315E-01  5.68432E-01  2.57776E-02  6.10531E-03
   440.00000  5.98097E-01  5.66394E-01  2.56429E-02  6.05996E-03
   441.00000  5.95866E-01  5.64342E-01  2.55091E-02  6.01504E-03
   442.00000  5.93621E-01  5.62274E-01  2.53762E-02  5.97053E-03
   443.00000  5.91360E-01  5.60190E-01  2.52442E-02  5.92644E-03
   444.00000  5.89083E-01  5.58087E-01  2.51132E-02  5.88276E-03
   445.00000  5.86789E-01  5.55967E-01  2.49831E-02  5.83949E-03
   446.00000  5.84478E-01  5.53827E-01  2.48538E-02  5.79661E-03
   447.00000  5.82148E-01  5.51669E-01  2.47255E-02  5.75414E-03
   448.00000  5.79801E-01  5.49491E-01  2.45981E-02  5.71205E-03
   449.00000  5.77436E-01  5.47294E-01  2.44715E-02  5.67035E-03
   450.00000  5.75054E-01  5.45079E-01  2.43458E-02  5.62903E-03
   451.00000  5.72654E-01  5.42845E-01  2.42210E-02  5.58810E-03
   452.00000  5.70238E-01  5.40593E-01  2.40970E-02  5.54754E-03
   453.00000  5.67805E-01  5.38324E-01  2.39738E-02  5.50735E-03
   454.00000  5.65357E-01  5.36038E-01  2.38515E-02  5.46752E-03
   455.00000  5.62894E-01  5.33736E-01  2.37301E-02  5.42806E-03
   456.00000  5.60416E-01  5.31418E-01  2.36094E-02  5.38896E-03
   457.00000  5.57926E-01  5.29086E-01  2.34896E-02  5.35021E-03
   458.00000  5.55423E-01  5.26740E-01  2.33706E-02  5.31182E-03
   459.00000  5.52908E-01  5.24382E-01  2.32524E-02  5.27377E-03
   460.00000  5.50383E-01  5.22012E-01  2.31350E-02  5.23606E-03
   461.00000  5.47849E-01  5.19632E-01  2.30184E-02  5.19870E-03
   462.00000  5.45306E-01  5.17242E-01  2.29025E-02  5.16167E-03
   463.00000  5.42755E-01  5.14843E-01  2.27874E-02  5.12498E-03
   464.00000  5.40198E-01  5.12437E-01  2.26731E-02  5.08861E-03
   465.00000  5.37636E-01  5.10024E-01  2.25596E-02  5.05257E-03
   466.00000  5.35069E-01  5.07606E-01  2.24468E-02  5.01685E-03
   467.00000  5.32499E-01  5.05183E-01  2.23348E-02  4.98145E-03
   468.00000  5.29926E-01  5.02756E-01  2.22235E-02  4.94636E-03
   469.00000  5.27352E-01  5.00328E-01  2.21130E-02  4.91159E-03
   470.00000  5.24778E-01  4.97898E-01  2.20031E-02  4.87712E-03
   471.00000  5.22204E-01  4.95467E-01  2.18941E-02  4.84296E-03
   472.00000  5.19632E-01  4.93037E-01  2.17857E-02  4.80910E-03
   473.00000  5.17062E-01  4.90608E-01  2.16780E-02  4.77553E-03
   474.00000  5.14495E-01  4.88182E-01  2.15711E-02  4.74227E-03
   475.00000  5.11933E-01  4.85759E-01  2.14648E-02  4.70929E-03
   476.00000  5.09375E-01  4.83339E-01  2.13593E-02  4.67660E-03
   477.00000  5.06824E-01  4.80925E-01  2.12544E-02  4.64420E-03
   478.00000  5.04279E-01  4.78516E-01  2.11502E-02  4.61208E-03
   479.00000  5.01741E-01  4.76114E-01  2.10467E-02  4.58024E-03
   480.00000  4.99211E-01  4.73719E-01  2.09439E-02  4.54868E-03
   481.00000  4.96690E-01  4.71331E-01  2.08417E-02  4.51739E-03
   482.00000  4.94179E-01  4.68952E-01  2.07402E-02  4.48637E-03
   483.00000  4.91677E-01  4.66583E-01  2.06394E-02  4.45562E-03
   484.00000  4.89187E-01  4.64222E-01  2.05392E-02  4.42514E-03
   485.00000  4.86707E-01  4.61872E-01  2.04396E-02  4.39492E-03
   486.00000  4.84239E-01  4.59533E-01  2.03407E-02  4.36495E-03
   487.00000  4.81783E-01  4.57205E-01  2.02424E-02  4.33525E-03
   488.00000  4.79340E-01  4.54889E-01  2.01448E-02  4.30580E-03
   489.00000  4.76909E-01  4.52585E-01  2.00478E-02  4.27660E-03
   490.00000  4.74493E-01  4.50294E-01  1.99514E-02  4.24765E-03
   491.00000  4.72090E-01  4.48015E-01  1.98556E-02  4.21894E-03
   492.00000  4.69701E-01  4.45750E-01  1.97604E-02  4.19048E-03
   493.00000  4.67327E-01  4.43499E-01  1.96659E-02  4.16227E-03
   494.00000  4.64967E-01  4.41261E-01  1.95719E-02  4.13429E-03
   495.00000  4.62623E-01  4.39038E-01  1.94786E-02  4.10655E-03
   496.00000  4.60294E-01  4.36829E-01  1.93858E-02  4.07904E-03
   497.00000  4.57980E-01  4.34634E-01  1.92936E-02  4.05176E-03
   498.00000  4.55682E-01  4.32455E-01  1.92020E-02  4.02472E-03
   499.00000  4.53399E-01  4.30291E-01  1.91110E-02  3.99790E-03
   500.00000  4.51133E-01  4.28141E-01  1.90205E-02  3.97131E-03
   501.00000  4.48883E-01  4.26008E-01  1.89306E-02  3.94494E-03
   502.00000  4.46649E-01  4.23889E-01  1.88413E-02  3.91879E-03
   503.00000  4.44432E-01  4.21786E-01  1.87526E-02  3.89286E-03
   504.00000  4.42230E-01  4.19699E-01  1.86644E-02  3.86714E-03
   505.00000  4.40045E-01  4.17627E-01  1.85767E-02  3.84164E-03
   506.00000  4.37877E-01  4.15571E-01  1.84896E-02  3.81636E-03
   507.00000  4.35725E-01  4.13531E-01  1.84031E-02  3.79128E-03
   508.00000  4.33589E-01  4.11506E-01  1.83170E-02  3.76641E-03
   509.00000  4.31470E-01  4.09497E-01  1.82316E-02  3.74174E-03
   510.00000  4.29368E-01  4.07504E-01  1.81466E-02  3.71728E-03
   511.00000  4.27281E-01  4.05526E-01  1.80622E-02  3.69302E-03
   512.00000  4.25211E-01  4.03564E-01  1.79783E-02  3.66896E-03
   513.00000  4.23158E-01  4.01618E-01  1.78949E-02  3.64510E-03
   514.00000  4.21120E-01  3.99686E-01  1.78120E-02  3.62143E-03
   515.00000  4.19098E-01  3.97771E-01  1.77297E-02  3.59795E-03
   516.00000  4.17093E-01  3.95870E-01  1.76478E-02  3.57467E-03
   517.00000  4.15103E-01  3.93985E-01  1.75665E-02  3.55158E-03
   518.00000  4.13130E-01  3.92115E-01  1.74856E-02  3.52867E-03
   519.00000  4.11171E-01  3.90260E-01  1.74053E-02  3.50595E-03
   520.00000  4.09229E-01  3.88420E-01  1.73254E-02  3.48342E-03
   521.00000  4.07302E-01  3.86595E-01  1.72461E-02  3.46106E-03
   522.00000  4.05390E-01  3.84784E-01  1.71672E-02  3.43889E-03
   523.00000  4.03493E-01  3.82987E-01  1.70888E-02  3.41690E-03
   524.00000  4.01611E-01  3.81205E-01  1.70109E-02  3.39508E-03
   525.00000  3.99744E-01  3.79437E-01  1.69334E-02  3.37344E-03
   526.00000  3.97892E-01  3.77684E-01  1.68564E-02  3.35197E-03
   527.00000  3.96054E-01  3.75944E-01  1.67799E-02  3.33067E-03
   528.00000  3.94231E-01  3.74217E-01  1.67039E-02  3.30954E-03
   529.00000  3.92421E-01  3.72504E-01  1.66283E-02  3.28859E-03
   530.00000  3.90626E-01  3.70805E-01  1.65532E-02  3.26780E-03
   531.00000  3.88845E-01  3.69119E-01  1.64785E-02  3.24717E-03
   532.00000  3.87077E-01  3.67446E-01  1.64043E-02  3.22671E-03
   533.00000  3.85323E-01  3.65786E-01  1.63305E-02  3.20641E-03
   534.00000  3.83582E-01  3.64138E-01  1.62572E-02  3.18627E-03
   535.00000  3.81854E-01  3.62503E-01  1.61843E-02  3.16629E-03
   536.00000  3.80139E-01  3.60881E-01  1.61118E-02  3.14646E-03
   537.00000  3.78437E-01  3.59270E-01  1.60398E-02  3.12680E-03
   538.00000  3.76747E-01  3.57672E-01  1.59682E-02  3.10728E-03
   539.00000  3.75070E-01  3.56085E-01  1.58970E-02  3.08793E-03
   540.00000  3.73405E-01  3.54510E-01  1.58263E-02  3.06872E-03
   541.00000  3.71752E-01  3.52947E-01  1.57560E-02  3.04966E-03
   542.00000  3.70112E-01  3.51395E-01  1.56861E-02  3.03075E-03
   543.00000  3.68482E-01  3.49854E-01  1.56166E-02  3.01199E-03
   544.00000  3.66865E-01  3.48324E-01  1.55475E-02  2.99338E-03
   545.00000  3.65259E-01  3.46805E-01  1.54788E-02  2.97491E-03
   546.00000  3.63664E-01  3.45296E-01  1.54106E-02  2.95658E-03
   547.00000  3.62080E-01  3.43798E-01  1.53427E-02  2.93840E-03
   548.00000  3.60506E-01  3.42311E-01  1.52753E-02  2.92035E-03
   549.00000  3.58944E-01  3.40833E-01  1.52082E-02  2.90245E-03
   550.00000  3.57392E-01  3.39366E-01  1.51416E-02  2.88468E-03
   551.00000  3.55851E-01  3.37908E-01  1.50753E-02  2.86705E-03
   552.00000  3.54319E-01  3.36460E-01  1.50094E-02  2.84955E-03
   553.00000  3.52798E-01  3.35022E-01  1.49439E-02  2.83219E-03
   554.00000  3.51287E-01  3.33593E-01  1.48788E-02  2.81497E-03
   555.00000  3.49785E-01  3.32173E-01  1.48141E-02  2.79787E-03
   556.00000  3.48293E-01  3.30763E-01  1.47497E-02  2.78091E-03
   557.00000  3.46811E-01  3.29361E-01  1.46858E-02  2.76407E-03
   558.00000  3.45338E-01  3.27968E-01  1.46222E-02  2.74736E-03
   559.00000  3.43874E-01  3.26584E-01  1.45589E-02  2.73078E-03
   560.00000  3.42419E-01  3.25208E-01  1.44961E-02  2.71433E-03
   561.00000  3.40973E-01  3.23841E-01  1.44336E-02  2.69800E-03
   562.00000  3.39535E-01  3.22482E-01  1.43714E-02  2.68179E-03
   563.00000  3.38107E-01  3.21131E-01  1.43097E-02  2.66570E-03
   564.00000  3.36686E-01  3.19788E-01  1.42483E-02  2.64974E-03
   565.00000  3.35274E-01  3.18453E-01  1.41872E-02  2.63390E-03
   566.00000  3.33871E-01  3.17126E-01  1.41265E-02  2.61817E-03
   567.00000  3.32475E-01  3.15807E-01  1.40661E-02  2.60257E-03
   568.00000  3.31088E-01  3.14495E-01  1.40061E-02  2.58708E-03
   569.00000  3.29708E-01  3.13190E-01  1.39464E-02  2.57170E-03
   570.00000  3.28337E-01  3.11893E-01  1.38871E-02  2.55645E-03
   571.00000  3.26973E-01  3.10603E-01  1.38281E-02  2.54130E-03
   572.00000  3.25616E-01  3.09320E-01  1.37695E-02  2.52627E-03
   573.00000  3.24267E-01  3.08045E-01  1.37111E-02  2.51135E-03
   574.00000  3.22925E-01  3.06776E-01  1.36532E-02  2.49654E-03
   575.00000  3.21591E-01  3.05514E-01  1.35955E-02  2.48184E-03
   576.00000  3.20264E-01  3.04258E-01  1.35382E-02  2.46725E-03
   577.00000  3.18944E-01  3.03010E-01  1.34812E-02  2.45277E-03
   578.00000  3.17631E-01  3.01768E-01  1.34245E-02  2.43839E-03
   579.00000  3.16324E-01  3.00532E-01  1.33682E-02  2.42413E-03
   580.00000  3.15025E-01  2.99303E-01  1.33121E-02  2.40996E-03
   581.00000  3.13732E-01  2.98080E-01  1.32564E-02  2.39590E-03
   582.00000  3.12446E-01  2.96863E-01  1.32010E-02  2.38195E-03
   583.00000  3.11167E-01  2.95653E-01  1.31459E-02  2.36809E-03
   584.00000  3.09894E-01  2.94448E-01  1.30911E-02  2.35434E-03
   585.00000  3.08627E-01  2.93250E-01  1.30367E-02  2.34069E-03
   586.00000  3.07367E-01  2.92057E-01  1.29825E-02  2.32714E-03
   587.00000  3.06113E-01  2.90871E-01  1.29286E-02  2.31369E-03
   588.00000  3.04865E-01  2.89690E-01  1.28751E-02  2.30033E-03
   589.00000  3.03624E-01  2.88515E-01  1.28218E-02  2.28707E-03
   590.00000  3.02388E-01  2.87345E-01  1.27688E-02  2.27391E-03
   591.00000  3.01159E-01  2.86182E-01  1.27162E-02  2.26085E-03
   592.00000  2.99935E-01  2.85024E-01  1.26638E-02  2.24788E-03
   593.00000  2.98718E-01  2.83871E-01  1.26117E-02  2.23500E-03
   594.00000  2.97506E-01  2.82724E-01  1.25599E-02  2.22222E-03
   595.00000  2.96300E-01  2.81582E-01  1.25084E-02  2.20952E-03
   596.00000  2.95100E-01  2.80446E-01  1.24572E-02  2.19692E-03
   597.00000  2.93906E-01  2.79315E-01  1.24062E-02  2.18441E-03
   598.00000  2.92717E-01  2.78190E-01  1.23556E-02  2.17199E-03
   599.00000  2.91534E-01  2.77069E-01  1.23052E-02  2.15966E-03
   600.00000  2.90357E-01  2.75954E-01  1.22551E-02  2.14742E-03
   601.00000  2.89185E-01  2.74844E-01  1.22053E-02  2.13526E-03
   602.00000  2.88018E-01  2.73739E-01  1.21557E-02  2.12320E-03
   603.00000  2.86857E-01  2.72640E-01  1.21064E-02  2.11121E-03
   604.00000  2.85702E-01  2.71545E-01  1.20574E-02  2.09931E-03
   605.00000  2.84551E-01  2.70455E-01  1.20087E-02  2.08750E-03
   606.00000  2.83407E-01  2.69371E-01  1.19602E-02  2.07577E-03
   607.00000  2.82267E-01  2.68291E-01  1.19120E-02  2.06412E-03
   608.00000  2.81133E-01  2.67216E-01  1.18640E-02  2.05256E-03
   609.00000  2.80004E-01  2.66146E-01  1.18163E-02  2.04108E-03
   610.00000  2.78880E-01  2.65081E-01  1.17689E-02  2.02967E-03
   611.00000  2.77761E-01  2.64021E-01  1.17217E-02  2.01835E-03
   612.00000  2.76648E-01  2.62966E-01  1.16748E-02  2.00711E-03
   613.00000  2.75540E-01  2.61916E-01  1.16281E-02  1.99594E-03
   614.00000  2.74437E-01  2.60870E-01  1.15817E-02  1.98486E-03
   615.00000  2.73338E-01  2.59829E-01  1.15356E-02  1.97385E-03
   616.00000  2.72245E-01  2.58793E-01  1.14897E-02  1.96292E-03
   617.00000  2.71157E-01  2.57761E-01  1.14440E-02  1.95206E-03
   618.00000  2.70074E-01  2.56735E-01  1.13986E-02  1.94129E-03
   619.00000  2.68996E-01  2.55712E-01  1.13534E-02  1.93058E-03
   620.00000  2.67923E-01  2.54695E-01  1.13085E-02  1.91995E-03
   621.00000  2.66855E-01  2.53682E-01  1.12638E-02  1.90940E-03
   622.00000  2.65792E-01  2.52674E-01  1.12193E-02  1.89891E-03
   623.00000  2.64734E-01  2.51670E-01  1.11751E-02  1.88850E-03
   624.00000  2.63681E-01  2.50671E-01  1.11311E-02  1.87817E-03
   625.00000  2.62632E-01  2.49677E-01  1.10874E-02  1.86790E-03
   626.00000  2.61589E-01  2.48687E-01  1.10438E-02  1.85770E-03
   627.00000  2.60550E-01  2.47702E-01  1.10006E-02  1.84758E-03
   628.00000  2.59516E-01  2.46721E-01  1.09575E-02  1.83752E-03
   629.00000  2.58487E-01  2.45745E-01  1.09147E-02  1.82754E-03
   630.00000  2.57463E-01  2.44773E-01  1.08721E-02  1.81762E-03
   631.00000  2.56443E-01  2.43805E-01  1.08297E-02  1.80777E-03
   632.00000  2.55428E-01  2.42843E-01  1.07875E-02  1.79799E-03
   633.00000  2.54418E-01  2.41884E-01  1.07456E-02  1.78828E-03
   634.00000  2.53413E-01  2.40930E-01  1.07039E-02  1.77863E-03
   635.00000  2.52412E-01  2.39981E-01  1.06624E-02  1.76905E-03
   636.00000  2.51416E-01  2.39036E-01  1.06211E-02  1.75953E-03
   637.00000  2.50425E-01  2.38095E-01  1.05800E-02  1.75008E-03
   638.00000  2.49439E-01  2.37159E-01  1.05392E-02  1.74070E-03
   639.00000  2.48457E-01  2.36227E-01  1.04986E-02  1.73138E-03
   640.00000  2.47480E-01  2.35299E-01  1.04581E-02  1.72212E-03
   641.00000  2.46507E-01  2.34376E-01  1.04179E-02  1.71292E-03
   642.00000  2.45539E-01  2.33457E-01  1.03779E-02  1.70379E-03
   643.00000  2.44576E-01  2.32543E-01  1.03381E-02  1.69472E-03
   644.00000  2.43617E-01  2.31633E-01  1.02985E-02  1.68571E-03
   645.00000  2.42663E-01  2.30727E-01  1.02591E-02  1.67676E-03
   646.00000  2.41713E-01  2.29825E-01  1.02200E-02  1.66787E-03
   647.00000  2.40768E-01  2.28928E-01  1.01810E-02  1.65904E-03
   648.00000  2.39828E-01  2.28035E-01  1.01422E-02  1.65028E-03
   649.00000  2.38892E-01  2.27146E-01  1.01036E-02  1.64157E-03
   650.00000  2.37960E-01  2.26262E-01  1.00652E-02  1.63291E-03
   651.00000  2.37033E-01  2.25382E-01  1.00270E-02  1.62432E-03
   652.00000  2.36111E-01  2.24506E-01  9.98904E-03  1.61578E-03
   653.00000  2.35193E-01  2.23634E-01  9.95125E-03  1.60731E-03
   654.00000  2.34279E-01  2.22767E-01  9.91364E-03  1.59888E-03
   655.00000  2.33370E-01  2.21903E-01  9.87623E-03  1.59052E-03
   656.00000  2.32465E-01  2.21044E-01  9.83900E-03  1.58221E-03
   657.00000  2.31565E-01  2.20189E-01  9.80197E-03  1.57395E-03
   658.00000  2.30669E-01  2.19338E-01  9.76513E-03  1.56575E-03
   659.00000  2.29778E-01  2.18492E-01  9.72847E-03  1.55760E-03
   660.00000  2.28891E-01  2.17649E-01  9.69199E-03  1.54951E-03
   661.00000  2.28008E-01  2.16811E-01  9.65570E-03  1.54147E-03
   662.00000  2.27129E-01  2.15976E-01  9.61960E-03  1.53349E-03
   663.00000  2.26255E-01  2.15146E-01  9.58367E-03  1.52555E-03
   664.00000  2.25386E-01  2.14320E-01  9.54793E-03  1.51767E-03
   665.00000  2.24520E-01  2.13498E-01  9.51237E-03  1.50984E-03
   666.00000  2.23659E-01  2.12680E-01  9.47698E-03  1.50207E-03
   667.00000  2.22802E-01  2.11866E-01  9.44177E-03  1.49434E-03
   668.00000  2.21950E-01  2.11056E-01  9.40674E-03  1.48666E-03
   669.00000  2.21101E-01  2.10250E-01  9.37189E-03  1.47903E-03
   670.00000  2.20257E-01  2.09448E-01  9.33720E-03  1.47146E-03
   671.00000  2.19417E-01  2.08651E-01  9.30269E-03  1.46393E-03
   672.00000  2.18581E-01  2.07857E-01  9.26835E-03  1.45645E-03
   673.00000  2.17750E-01  2.07067E-01  9.23419E-03  1.44902E-03
   674.00000  2.16922E-01  2.06281E-01  9.20019E-03  1.44164E-03
   675.00000  2.16099E-01  2.05499E-01  9.16636E-03  1.43431E-03
   676.00000  2.15280E-01  2.04720E-01  9.13270E-03  1.42702E-03
   677.00000  2.14465E-01  2.03946E-01  9.09920E-03  1.41978E-03
   678.00000  2.13654E-01  2.03176E-01  9.06587E-03  1.41259E-03
   679.00000  2.12847E-01  2.02409E-01  9.03270E-03  1.40545E-03
   680.00000  2.12044E-01  2.01646E-01  8.99970E-03  1.39835E-03
   681.00000  2.11246E-01  2.00887E-01  8.96686E-03  1.39129E-03
   682.00000  2.10451E-01  2.00132E-01  8.93418E-03  1.38428E-03
   683.00000  2.09660E-01  1.99381E-01  8.90166E-03  1.37732E-03
   684.00000  2.08873E-01  1.98634E-01  8.86930E-03  1.37040E-03
   685.00000  2.08090E-01  1.97890E-01  8.83710E-03  1.36353E-03
   686.00000  2.07312E-01  1.97150E-01  8.80505E-03  1.35670E-03
   687.00000  2.06537E-01  1.96414E-01  8.77317E-03  1.34991E-03
   688.00000  2.05766E-01  1.95681E-01  8.74143E-03  1.34317E-03
   689.00000  2.04999E-01  1.94952E-01  8.70985E-03  1.33647E-03
   690.00000  2.04235E-01  1.94227E-01  8.67843E-03  1.32981E-03
   691.00000  2.03476E-01  1.93506E-01  8.64715E-03  1.32320E-03
   692.00000  2.02720E-01  1.92788E-01  8.61603E-03  1.31663E-03
   693.00000  2.01969E-01  1.92073E-01  8.58506E-03  1.31009E-03
   694.00000  2.01221E-01  1.91363E-01  8.55424E-03  1.30361E-03
   695.00000  2.00477E-01  1.90656E-01  8.52357E-03  1.29716E-03
   696.00000  1.99736E-01  1.89952E-01  8.49304E-03  1.29075E-03
   697.00000  1.98999E-01  1.89252E-01  8.46266E-03  1.28438E-03
   698.00000  1.98266E-01  1.88556E-01  8.43243E-03  1.27806E-03
   699.00000  1.97537E-01  1.87863E-01  8.40234E-03  1.27177E-03
   700.00000  1.96812E-01  1.87174E-01  8.37240E-03  1.26552E-03
   701.00000  1.96090E-01  1.86488E-01  8.34260E-03  1.25932E-03
   702.00000  1.95371E-01  1.85805E-01  8.31294E-03  1.25315E-03
   703.00000  1.94657E-01  1.85126E-01  8.28343E-03  1.24702E-03
   704.00000  1.93946E-01  1.84451E-01  8.25405E-03  1.24093E-03
   705.00000  1.93238E-01  1.83779E-01  8.22482E-03  1.23487E-03
   706.00000  1.92534E-01  1.83110E-01  8.19572E-03  1.22886E-03
   707.00000  1.91834E-01  1.82444E-01  8.16676E-03  1.22288E-03
   708.00000  1.91137E-01  1.81782E-01  8.13794E-03  1.21694E-03
   709.00000  1.90444E-01  1.81123E-01  8.10926E-03  1.21104E-03
   710.00000  1.89754E-01  1.80468E-01  8.08071E-03  1.20517E-03
   711.00000  1.89067E-01  1.79816E-01  8.05230E-03  1.19934E-03
   712.00000  1.88384E-01  1.79167E-01  8.02402E-03  1.19355E-03
   713.00000  1.87705E-01  1.78521E-01  7.99587E-03  1.18779E-03
   714.00000  1.87028E-01  1.77878E-01  7.96786E-03  1.18207E-03
   715.00000  1.86356E-01  1.77239E-01  7.93998E-03  1.17638E-03
   716.00000  1.85686E-01  1.76603E-01  7.91222E-03  1.17073E-03
   717.00000  1.85020E-01  1.75970E-01  7.88460E-03  1.16512E-03
   718.00000  1.84357E-01  1.75340E-01  7.85711E-03  1.15954E-03
   719.00000  1.83698E-01  1.74714E-01  7.82975E-03  1.15399E-03
   720.00000  1.83041E-01  1.74090E-01  7.80252E-03  1.14848E-03
   721.00000  1.82388E-01  1.73470E-01  7.77541E-03  1.14300E-03
   722.00000  1.81738E-01  1.72852E-01  7.74843E-03  1.13755E-03
   723.00000  1.81092E-01  1.72238E-01  7.72157E-03  1.13214E-03
   724.00000  1.80448E-01  1.71627E-01  7.69484E-03  1.12676E-03
   725.00000  1.79808E-01  1.71018E-01  7.66824E-03  1.12142E-03
   726.00000  1.79171E-01  1.70413E-01  7.64175E-03  1.11610E-03
   727.00000  1.78537E-01  1.69811E-01  7.61539E-03  1.11082E-03
   728.00000  1.77906E-01  1.69211E-01  7.58916E-03  1.10558E-03
   729.00000  1.77278E-01  1.68615E-01  7.56304E-03  1.10036E-03
   730.00000  1.76654E-01  1.68021E-01  7.53704E-03  1.09518E-03
   731.00000  1.76032E-01  1.67431E-01  7.51117E-03  1.09002E-03
   732.00000  1.75413E-01  1.66843E-01  7.48541E-03  1.08490E-03
   733.00000  1.74798E-01  1.66258E-01  7.45977E-03  1.07981E-03
   734.00000  1.74185E-01  1.65676E-01  7.43425E-03  1.07475E-03
   735.00000  1.73575E-01  1.65097E-01  7.40885E-03  1.06972E-03
   736.00000  1.72968E-01  1.64520E-01  7.38356E-03  1.06473E-03
   737.00000  1.72365E-01  1.63946E-01  7.35839E-03  1.05976E-03
   738.00000  1.71764E-01  1.63375E-01  7.33333E-03  1.05482E-03
   739.00000  1.71166E-01  1.62807E-01  7.30839E-03  1.04991E-03
   740.00000  1.70570E-01  1.62242E-01  7.28357E-03  1.04503E-03
   741.00000  1.69978E-01  1.61679E-01  7.25885E-03  1.04018E-03
   742.00000  1.69389E-01  1.61119E-01  7.23425E-03  1.03536E-03
   743.00000  1.68802E-01  1.60562E-01  7.20976E-03  1.03057E-03
   744.00000  1.68218E-01  1.60007E-01  7.18538E-03  1.02580E-03
   745.00000  1.67637E-01  1.59455E-01  7.16111E-03  1.02107E-03
   746.00000  1.67058E-01  1.58905E-01  7.13696E-03  1.01636E-03
   747.00000  1.66483E-01  1.58358E-01  7.11291E-03  1.01168E-03
   748.00000  1.65910E-01  1.57814E-01  7.08897E-03  1.00703E-03
   749.00000  1.65340E-01  1.57272E-01  7.06514E-03  1.00241E-03
   750.00000  1.64772E-01  1.56733E-01  7.04142E-03  9.97809E-04
   751.00000  1.64207E-01  1.56196E-01  7.01780E-03  9.93239E-04
   752.00000  1.63645E-01  1.55662E-01  6.99429E-03  9.88696E-04
   753.00000  1.63085E-01  1.55130E-01  6.97088E-03  9.84179E-04
   754.00000  1.62528E-01  1.54601E-01  6.94759E-03  9.79689E-04
   755.00000  1.61974E-01  1.54074E-01  6.92439E-03  9.75225E-04
   756.00000  1.61422E-01  1.53550E-01  6.90130E-03  9.70788E-04
   757.00000  1.60872E-01  1.53028E-01  6.87831E-03  9.66376E-04
   758.00000  1.60326E-01  1.52508E-01  6.85543E-03  9.61989E-04
   759.00000  1.59781E-01  1.51991E-01  6.83265E-03  9.57629E-04
   760.00000  1.59240E-01  1.51476E-01  6.80997E-03  9.53293E-04
   761.00000  1.58700E-01  1.50964E-01  6.78739E-03  9.48983E-04
   762.00000  1.58163E-01  1.50454E-01  6.76491E-03  9.44698E-04
   763.00000  1.57629E-01  1.49946E-01  6.74253E-03  9.40437E-04
   764.00000  1.57097E-01  1.49441E-01  6.72026E-03  9.36201E-04
   765.00000  1.56568E-01  1.48937E-01  6.69808E-03  9.31990E-04
   766.00000  1.56040E-01  1.48437E-01  6.67600E-03  9.27802E-04
   767.00000  1.55516E-01  1.47938E-01  6.65401E-03  9.23639E-04
   768.00000  1.54993E-01  1.47442E-01  6.63213E-03  9.19500E-04
   769.00000  1.54473E-01  1.46947E-01  6.61034E-03  9.15385E-04
   770.00000  1.53955E-01  1.46456E-01  6.58865E-03  9.11293E-04
   771.00000  1.53440E-01  1.45966E-01  6.56705E-03  9.07225E-04
   772.00000  1.52927E-01  1.45478E-01  6.54555E-03  9.03180E-04
   773.00000  1.52416E-01  1.44993E-01  6.52414E-03  8.99159E-04
   774.00000  1.51908E-01  1.44510E-01  6.50283E-03  8.95160E-04
   775.00000  1.51401E-01  1.44029E-01  6.48161E-03  8.91184E-04
   776.00000  1.50897E-01  1.43550E-01  6.46048E-03  8.87231E-04
   777.00000  1.50396E-01  1.43073E-01  6.43945E-03  8.83301E-04
   778.00000  1.49896E-01  1.42598E-01  6.41851E-03  8.79393E-04
   779.00000  1.49399E-01  1.42125E-01  6.39766E-03  8.75507E-04
   780.00000  1.48903E-01  1.41655E-01  6.37690E-03  8.71644E-04
   781.00000  1.48410E-01  1.41186E-01  6.35624E-03  8.67802E-04
   782.00000  1.47919E-01  1.40720E-01  6.33566E-03  8.63983E-04
   783.00000  1.47431E-01  1.40255E-01  6.31517E-03  8.60185E-04
   784.00000  1.46944E-01  1.39793E-01  6.29478E-03  8.56409E-04
   785.00000  1.46460E-01  1.39333E-01  6.27447E-03  8.52654E-04
   786.00000  1.45977E-01  1.38874E-01  6.25425E-03  8.48920E-04
   787.00000  1.45497E-01  1.38418E-01  6.23411E-03  8.45208E-04
   788.00000  1.45019E-01  1.37963E-01  6.21407E-03  8.41517E-04
   789.00000  1.44543E-01  1.37511E-01  6.19411E-03  8.37846E-04
   790.00000  1.44068E-01  1.37060E-01  6.17424E-03  8.34196E-04
   791.00000  1.43596E-01  1.36611E-01  6.15445E-03  8.30567E-04
   792.00000  1.43126E-01  1.36165E-01  6.13475E-03  8.26958E-04
   793.00000  1.42658E-01  1.35720E-01  6.11514E-03  8.23370E-04
   794.00000  1.42192E-01  1.35277E-01  6.09561E-03  8.19802E-04
   795.00000  1.41728E-01  1.34836E-01  6.07616E-03  8.16253E-04
   796.00000  1.41266E-01  1.34397E-01  6.05680E-03  8.12725E-04
   797.00000  1.40806E-01  1.33959E-01  6.03752E-03  8.09216E-04
   798.00000  1.40348E-01  1.33524E-01  6.01832E-03  8.05727E-04
   799.00000  1.39892E-01  1.33090E-01  5.99921E-03  8.02258E-04
   800.00000  1.39437E-01  1.32658E-01  5.98018E-03  7.98807E-04
   801.00000  1.38985E-01  1.32228E-01  5.96123E-03  7.95376E-04
   802.00000  1.38534E-01  1.31800E-01  5.94236E-03  7.91964E-04
   803.00000  1.38086E-01  1.31374E-01  5.92357E-03  7.88571E-04
   804.00000  1.37639E-01  1.30949E-01  5.90486E-03  7.85196E-04
   805.00000  1.37194E-01  1.30526E-01  5.88624E-03  7.81840E-04
   806.00000  1.36751E-01  1.30105E-01  5.86769E-03  7.78503E-04
   807.00000  1.36310E-01  1.29686E-01  5.84922E-03  7.75184E-04
   808.00000  1.35871E-01  1.29268E-01  5.83083E-03  7.71883E-04
   809.00000  1.35433E-01  1.28852E-01  5.81252E-03  7.68600E-04
   810.00000  1.34998E-01  1.28438E-01  5.79428E-03  7.65335E-04
   811.00000  1.34564E-01  1.28025E-01  5.77612E-03  7.62088E-04
   812.00000  1.34132E-01  1.27615E-01  5.75804E-03  7.58859E-04
   813.00000  1.33701E-01  1.27206E-01  5.74004E-03  7.55647E-04
   814.00000  1.33273E-01  1.26798E-01  5.72211E-03  7.52453E-04
   815.00000  1.32846E-01  1.26393E-01  5.70426E-03  7.49276E-04
   816.00000  1.32421E-01  1.25988E-01  5.68649E-03  7.46116E-04
   817.00000  1.31998E-01  1.25586E-01  5.66878E-03  7.42973E-04
   818.00000  1.31576E-01  1.25185E-01  5.65116E-03  7.39847E-04
   819.00000  1.31157E-01  1.24786E-01  5.63361E-03  7.36738E-04
   820.00000  1.30738E-01  1.24389E-01  5.61613E-03  7.33646E-04
   821.00000  1.30322E-01  1.23993E-01  5.59872E-03  7.30570E-04
   822.00000  1.29907E-01  1.23599E-01  5.58139E-03  7.27511E-04
   823.00000  1.29494E-01  1.23206E-01  5.56413E-03  7.24468E-04
   824.00000  1.29083E-01  1.22815E-01  5.54695E-03  7.21441E-04
   825.00000  1.28674E-01  1.22425E-01  5.52983E-03  7.18430E-04
   826.00000  1.28266E-01  1.22037E-01  5.51279E-03  7.15436E-04
   827.00000  1.27859E-01  1.21651E-01  5.49582E-03  7.12457E-04
   828.00000  1.27455E-01  1.21266E-01  5.47892E-03  7.09494E-04
   829.00000  1.27052E-01  1.20883E-01  5.46209E-03  7.06547E-04
   830.00000  1.26650E-01  1.20501E-01  5.44533E-03  7.03616E-04
   831.00000  1.26250E-01  1.20121E-01  5.42864E-03  7.00699E-04
   832.00000  1.25852E-01  1.19743E-01  5.41202E-03  6.97799E-04
   833.00000  1.25456E-01  1.19365E-01  5.39547E-03  6.94913E-04
   834.00000  1.25061E-01  1.18990E-01  5.37899E-03  6.92043E-04
   835.00000  1.24667E-01  1.18616E-01  5.36258E-03  6.89188E-04
   836.00000  1.24276E-01  1.18243E-01  5.34623E-03  6.86348E-04
   837.00000  1.23885E-01  1.17872E-01  5.32995E-03  6.83523E-04
   838.00000  1.23497E-01  1.17502E-01  5.31374E-03  6.80712E-04
   839.00000  1.23110E-01  1.17134E-01  5.29760E-03  6.77916E-04
   840.00000  1.22724E-01  1.16768E-01  5.28152E-03  6.75135E-04
   841.00000  1.22340E-01  1.16402E-01  5.26551E-03  6.72368E-04
   842.00000  1.21958E-01  1.16039E-01  5.24957E-03  6.69616E-04
   843.00000  1.21577E-01  1.15676E-01  5.23369E-03  6.66878E-04
   844.00000  1.21197E-01  1.15315E-01  5.21787E-03  6.64154E-04
   845.00000  1.20819E-01  1.14956E-01  5.20212E-03  6.61444E-04
   846.00000  1.20443E-01  1.14598E-01  5.18644E-03  6.58749E-04
   847.00000  1.20068E-01  1.14241E-01  5.17082E-03  6.56067E-04
   848.00000  1.19695E-01  1.13886E-01  5.15527E-03  6.53399E-04
   849.00000  1.19323E-01  1.13532E-01  5.13978E-03  6.50745E-04
   850.00000  1.18952E-01  1.13180E-01  5.12435E-03  6.48104E-04
   851.00000  1.18583E-01  1.12829E-01  5.10898E-03  6.45477E-04
   852.00000  1.18216E-01  1.12479E-01  5.09368E-03  6.42864E-04
   853.00000  1.17850E-01  1.12131E-01  5.07844E-03  6.40264E-04
   854.00000  1.17485E-01  1.11784E-01  5.06326E-03  6.37677E-04
   855.00000  1.17122E-01  1.11439E-01  5.04815E-03  6.35103E-04
   856.00000  1.16760E-01  1.11095E-01  5.03309E-03  6.32543E-04
   857.00000  1.16400E-01  1.10752E-01  5.01810E-03  6.29996E-04
   858.00000  1.16041E-01  1.10411E-01  5.00317E-03  6.27461E-04
   859.00000  1.15684E-01  1.10071E-01  4.98830E-03  6.24940E-04
   860.00000  1.15328E-01  1.09732E-01  4.97348E-03  6.22431E-04
   861.00000  1.14973E-01  1.09395E-01  4.95873E-03  6.19935E-04
   862.00000  1.14620E-01  1.09058E-01  4.94404E-03  6.17452E-04
   863.00000  1.14268E-01  1.08724E-01  4.92941E-03  6.14981E-04
   864.00000  1.13918E-01  1.08390E-01  4.91483E-03  6.12523E-04
   865.00000  1.13569E-01  1.08058E-01  4.90032E-03  6.10077E-04
   866.00000  1.13221E-01  1.07727E-01  4.88586E-03  6.07644E-04
   867.00000  1.12875E-01  1.07398E-01  4.87147E-03  6.05223E-04
   868.00000  1.12530E-01  1.07070E-01  4.85713E-03  6.02814E-04
   869.00000  1.12186E-01  1.06743E-01  4.84284E-03  6.00417E-04
   870.00000  1.11844E-01  1.06417E-01  4.82862E-03  5.98033E-04
   871.00000  1.11503E-01  1.06093E-01  4.81445E-03  5.95660E-04
   872.00000  1.11163E-01  1.05770E-01  4.80034E-03  5.93299E-04
   873.00000  1.10825E-01  1.05448E-01  4.78629E-03  5.90950E-04
   874.00000  1.10488E-01  1.05127E-01  4.77229E-03  5.88613E-04
   875.00000  1.10153E-01  1.04808E-01  4.75835E-03  5.86288E-04
   876.00000  1.09819E-01  1.04490E-01  4.74446E-03  5.83974E-04
   877.00000  1.09486E-01  1.04173E-01  4.73063E-03  5.81672E-04
   878.00000  1.09154E-01  1.03858E-01  4.71685E-03  5.79381E-04
   879.00000  1.08824E-01  1.03543E-01  4.70313E-03  5.77102E-04
   880.00000  1.08495E-01  1.03230E-01  4.68946E-03  5.74835E-04
   881.00000  1.08167E-01  1.02918E-01  4.67585E-03  5.72578E-04
   882.00000  1.07840E-01  1.02608E-01  4.66229E-03  5.70333E-04
   883.00000  1.07515E-01  1.02298E-01  4.64879E-03  5.68099E-04
   884.00000  1.07191E-01  1.01990E-01  4.63533E-03  5.65876E-04
   885.00000  1.06869E-01  1.01683E-01  4.62194E-03  5.63665E-04
   886.00000  1.06547E-01  1.01377E-01  4.60859E-03  5.61464E-04
   887.00000  1.06227E-01  1.01073E-01  4.59530E-03  5.59274E-04
   888.00000  1.05908E-01  1.00769E-01  4.58206E-03  5.57095E-04
   889.00000  1.05591E-01  1.00467E-01  4.56887E-03  5.54927E-04
   890.00000  1.05274E-01  1.00166E-01  4.55573E-03  5.52770E-04
   891.00000  1.04959E-01  9.98659E-02  4.54265E-03  5.50623E-04
   892.00000  1.04645E-01  9.95672E-02  4.52962E-03  5.48487E-04
   893.00000  1.04333E-01  9.92696E-02  4.51663E-03  5.46361E-04
   894.00000  1.04021E-01  9.89732E-02  4.50370E-03  5.44246E-04
   895.00000  1.03711E-01  9.86779E-02  4.49082E-03  5.42142E-04
   896.00000  1.03402E-01  9.83838E-02  4.47799E-03  5.40048E-04
   897.00000  1.03094E-01  9.80908E-02  4.46521E-03  5.37964E-04
   898.00000  1.02787E-01  9.77990E-02  4.45248E-03  5.35890E-04
   899.00000  1.02482E-01  9.75083E-02  4.43980E-03  5.33826E-04
   900.00000  1.02178E-01  9.72188E-02  4.42717E-03  5.31773E-04
   901.00000  1.01875E-01  9.69304E-02  4.41459E-03  5.29729E-04
   902.00000  1.01573E-01  9.66431E-02  4.40205E-03  5.27696E-04
   903.00000  1.01272E-01  9.63569E-02  4.38957E-03  5.25672E-04
   904.00000  1.00973E-01  9.60718E-02  4.37713E-03  5.23658E-04
   905.00000  1.00674E-01  9.57878E-02  4.36475E-03  5.21654E-04
   906.00000  1.00377E-01  9.55050E-02  4.35241E-03  5.19660E-04
   907.00000  1.00081E-01  9.52232E-02  4.34012E-03  5.17675E-04
   908.00000  9.97861E-02  9.49426E-02  4.32787E-03  5.15699E-04
   909.00000  9.94924E-02  9.46630E-02  4.31567E-03  5.13734E-04
   910.00000  9.91998E-02  9.43845E-02  4.30352E-03  5.11777E-04
   911.00000  9.89083E-02  9.41071E-02  4.29142E-03  5.09830E-04
   912.00000  9.86180E-02  9.38307E-02  4.27936E-03  5.07892E-04
   913.00000  9.83288E-02  9.35555E-02  4.26735E-03  5.05964E-04
   914.00000  9.80407E-02  9.32813E-02  4.25539E-03  5.04044E-04
   915.00000  9.77538E-02  9.30082E-02  4.24347E-03  5.02134E-04
   916.00000  9.74679E-02  9.27361E-02  4.23160E-03  5.00233E-04
   917.00000  9.71832E-02  9.24651E-02  4.21977E-03  4.98340E-04
   918.00000  9.68996E-02  9.21951E-02  4.20799E-03  4.96457E-04
   919.00000  9.66170E-02  9.19262E-02  4.19625E-03  4.94582E-04
   920.00000  9.63356E-02  9.16583E-02  4.18456E-03  4.92717E-04
   921.00000  9.60552E-02  9.13915E-02  4.17291E-03  4.90860E-04
   922.00000  9.57760E-02  9.11257E-02  4.16131E-03  4.89011E-04
   923.00000  9.54978E-02  9.08609E-02  4.14975E-03  4.87171E-04
   924.00000  9.52207E-02  9.05971E-02  4.13823E-03  4.85340E-04
   925.00000  9.49446E-02  9.03344E-02  4.12676E-03  4.83517E-04
   926.00000  9.46697E-02  9.00726E-02  4.11533E-03  4.81703E-04
   927.00000  9.43958E-02  8.98119E-02  4.10395E-03  4.79897E-04
   928.00000  9.41229E-02  8.95522E-02  4.09260E-03  4.78100E-04
   929.00000  9.38511E-02  8.92935E-02  4.08130E-03  4.76311E-04
   930.00000  9.35804E-02  8.90358E-02  4.07005E-03  4.74530E-04
   931.00000  9.33107E-02  8.87791E-02  4.05883E-03  4.72757E-04
   932.00000  9.30420E-02  8.85233E-02  4.04766E-03  4.70992E-04
   933.00000  9.27744E-02  8.82686E-02  4.03653E-03  4.69236E-04
   934.00000  9.25078E-02  8.80148E-02  4.02544E-03  4.67488E-04
   935.00000  9.22422E-02  8.77621E-02  4.01440E-03  4.65747E-04
   936.00000  9.19776E-02  8.75102E-02  4.00339E-03  4.64015E-04
   937.00000  9.17141E-02  8.72594E-02  3.99243E-03  4.62290E-04
   938.00000  9.14516E-02  8.70095E-02  3.98150E-03  4.60574E-04
   939.00000  9.11901E-02  8.67606E-02  3.97062E-03  4.58865E-04
   940.00000  9.09296E-02  8.65126E-02  3.95978E-03  4.57164E-04
   941.00000  9.06701E-02  8.62656E-02  3.94898E-03  4.55471E-04
   942.00000  9.04115E-02  8.60195E-02  3.93822E-03  4.53786E-04
   943.00000  9.01540E-02  8.57744E-02  3.92750E-03  4.52108E-04
   944.00000  8.98975E-02  8.55302E-02  3.91682E-03  4.50438E-04
   945.00000  8.96419E-02  8.52870E-02  3.90618E-03  4.48776E-04
   946.00000  8.93873E-02  8.50446E-02  3.89557E-03  4.47121E-04
   947.00000  8.91337E-02  8.48032E-02  3.88501E-03  4.45474E-04
   948.00000  8.88811E-02  8.45628E-02  3.87449E-03  4.43834E-04
   949.00000  8.86294E-02  8.43232E-02  3.86400E-03  4.42201E-04
   950.00000  8.83787E-02  8.40845E-02  3.85355E-03  4.40577E-04
   951.00000  8.81289E-02  8.38468E-02  3.84315E-03  4.38959E-04
   952.00000  8.78801E-02  8.36100E-02  3.83278E-03  4.37349E-04
   953.00000  8.76322E-02  8.33741E-02  3.82245E-03  4.35746E-04
   954.00000  8.73853E-02  8.31390E-02  3.81215E-03  4.34151E-04
   955.00000  8.71393E-02  8.29049E-02  3.80190E-03  4.32563E-04
   956.00000  8.68943E-02  8.26716E-02  3.79168E-03  4.30982E-04
   957.00000  8.66502E-02  8.24393E-02  3.78150E-03  4.29408E-04
   958.00000  8.64070E-02  8.22078E-02  3.77135E-03  4.27841E-04
   959.00000  8.61647E-02  8.19772E-02  3.76125E-03  4.26281E-04
   960.00000  8.59234E-02  8.17475E-02  3.75118E-03  4.24729E-04
   961.00000  8.56829E-02  8.15186E-02  3.74115E-03  4.23183E-04
   962.00000  8.54434E-02  8.12906E-02  3.73115E-03  4.21645E-04
   963.00000  8.52048E-02  8.10635E-02  3.72119E-03  4.20113E-04
   964.00000  8.49670E-02  8.08372E-02  3.71127E-03  4.18589E-04
   965.00000  8.47302E-02  8.06118E-02  3.70138E-03  4.17071E-04
   966.00000  8.44943E-02  8.03872E-02  3.69153E-03  4.15560E-04
   967.00000  8.42592E-02  8.01635E-02  3.68171E-03  4.14056E-04
   968.00000  8.40251E-02  7.99406E-02  3.67193E-03  4.12559E-04
   969.00000  8.37918E-02  7.97185E-02  3.66218E-03  4.11069E-04
   970.00000  8.35594E-02  7.94973E-02  3.65247E-03  4.09585E-04
   971.00000  8.33278E-02  7.92769E-02  3.64280E-03  4.08108E-04
   972.00000  8.30972E-02  7.90574E-02  3.63316E-03  4.06637E-04
   973.00000  8.28674E-02  7.88387E-02  3.62355E-03  4.05174E-04
   974.00000  8.26384E-02  7.86207E-02  3.61398E-03  4.03716E-04
   975.00000  8.24104E-02  7.84036E-02  3.60444E-03  4.02266E-04
   976.00000  8.21831E-02  7.81874E-02  3.59494E-03  4.00821E-04
   977.00000  8.19567E-02  7.79719E-02  3.58547E-03  3.99384E-04
   978.00000  8.17312E-02  7.77572E-02  3.57603E-03  3.97952E-04
   979.00000  8.15065E-02  7.75433E-02  3.56663E-03  3.96527E-04
   980.00000  8.12826E-02  7.73302E-02  3.55726E-03  3.95109E-04
   981.00000  8.10596E-02  7.71180E-02  3.54793E-03  3.93697E-04
   982.00000  8.08374E-02  7.69065E-02  3.53863E-03  3.92291E-04
   983.00000  8.06160E-02  7.66957E-02  3.52936E-03  3.90891E-04
   984.00000  8.03954E-02  7.64858E-02  3.52012E-03  3.89498E-04
   985.00000  8.01757E-02  7.62767E-02  3.51092E-03  3.88110E-04
   986.00000  7.99568E-02  7.60683E-02  3.50175E-03  3.86729E-04
   987.00000  7.97386E-02  7.58607E-02  3.49261E-03  3.85354E-04
   988.00000  7.95213E-02  7.56538E-02  3.48351E-03  3.83985E-04
   989.00000  7.93048E-02  7.54477E-02  3.47443E-03  3.82623E-04
   990.00000  7.90891E-02  7.52424E-02  3.46539E-03  3.81266E-04
   991.00000  7.88741E-02  7.50378E-02  3.45638E-03  3.79915E-04
   992.00000  7.86600E-02  7.48340E-02  3.44741E-03  3.78570E-04
   993.00000  7.84467E-02  7.46310E-02  3.43846E-03  3.77232E-04
   994.00000  7.82341E-02  7.44286E-02  3.42955E-03  3.75899E-04
   995.00000  7.80223E-02  7.42271E-02  3.42066E-03  3.74572E-04
   996.00000  7.78113E-02  7.40262E-02  3.41181E-03  3.73251E-04
   997.00000  7.76010E-02  7.38261E-02  3.40299E-03  3.71935E-04
   998.00000  7.73916E-02  7.36267E-02  3.39420E-03  3.70626E-04
   999.00000  7.71829E-02  7.34281E-02  3.38544E-03  3.69322E-04
  1000.00000  7.69749E-02  7.32302E-02  3.37671E-03  3.68024E-04
  1001.00000  7.67677E-02  7.30330E-02  3.36801E-03  3.66731E-04
  1002.00000  7.65613E-02  7.28365E-02  3.35934E-03  3.65444E-04
  1003.00000  7.63556E-02  7.26407E-02  3.35070E-03  3.64163E-04
  1004.00000  7.61506E-02  7.24456E-02  3.34209E-03  3.62888E-04
  1005.00000  7.59464E-02  7.22513E-02  3.33351E-03  3.61618E-04
  1006.00000  7.57429E-02  7.20576E-02  3.32497E-03  3.60353E-04
  1007.00000  7.55402E-02  7.18647E-02  3.31645E-03  3.59094E-04
  1008.00000  7.53382E-02  7.16724E-02  3.30796E-03  3.57841E-04
  1009.00000  7.51369E-02  7.14809E-02  3.29950E-03  3.56593E-04
  1010.00000  7.49364E-02  7.12900E-02  3.29106E-03  3.55350E-04
  1011.00000  7.47366E-02  7.10998E-02  3.28266E-03  3.54113E-04
  1012.00000  7.45375E-02  7.09103E-02  3.27429E-03  3.52881E-04
  1013.00000  7.43391E-02  7.07215E-02  3.26594E-03  3.51654E-04
  1014.00000  7.41414E-02  7.05333E-02  3.25763E-03  3.50433E-04
  1015.00000  7.39444E-02  7.03459E-02  3.24934E-03  3.49216E-04
  1016.00000  7.37481E-02  7.01590E-02  3.24108E-03  3.48006E-04
  1017.00000  7.35526E-02  6.99729E-02  3.23285E-03  3.46800E-04
  1018.00000  7.33577E-02  6.97874E-02  3.22464E-03  3.45599E-04
  1019.00000  7.31635E-02  6.96026E-02  3.21647E-03  3.44404E-04
  1020.00000  7.29700E-02  6.94185E-02  3.20832E-03  3.43213E-04
  1021.00000  7.27772E-02  6.92350E-02  3.20020E-03  3.42028E-04
  1022.00000  7.25851E-02  6.90521E-02  3.19211E-03  3.40848E-04
  1023.00000  7.23937E-02  6.88699E-02  3.18405E-03  3.39672E-04
  1024.00000  7.22029E-02  6.86884E-02  3.17601E-03  3.38502E-04
  1025.00000  7.20128E-02  6.85075E-02  3.16800E-03  3.37336E-04
  1026.00000  7.18234E-02  6.83272E-02  3.16002E-03  3.36176E-04
  1027.00000  7.16346E-02  6.81476E-02  3.15206E-03  3.35020E-04
  1028.00000  7.14466E-02  6.79685E-02  3.14413E-03  3.33869E-04
  1029.00000  7.12591E-02  6.77902E-02  3.13623E-03  3.32723E-04
  1030.00000  7.10724E-02  6.76124E-02  3.12836E-03  3.31582E-04
  1031.00000  7.08863E-02  6.74353E-02  3.12051E-03  3.30446E-04
  1032.00000  7.07008E-02  6.72588E-02  3.11269E-03  3.29314E-04
  1033.00000  7.05160E-02  6.70829E-02  3.10489E-03  3.28187E-04
  1034.00000  7.03318E-02  6.69076E-02  3.09712E-03  3.27064E-04
  1035.00000  7.01483E-02  6.67330E-02  3.08938E-03  3.25947E-04
  1036.00000  6.99654E-02  6.65589E-02  3.08166E-03  3.24833E-04
  1037.00000  6.97832E-02  6.63855E-02  3.07397E-03  3.23725E-04
  1038.00000  6.96016E-02  6.62126E-02  3.06630E-03  3.22621E-04
  1039.00000  6.94206E-02  6.60404E-02  3.05866E-03  3.21521E-04
  1040.00000  6.92402E-02  6.58688E-02  3.05104E-03  3.20427E-04
  1041.00000  6.90605E-02  6.56977E-02  3.04345E-03  3.19336E-04
  1042.00000  6.88814E-02  6.55273E-02  3.03589E-03  3.18250E-04
  1043.00000  6.87029E-02  6.53574E-02  3.02835E-03  3.17169E-04
  1044.00000  6.85250E-02  6.51881E-02  3.02083E-03  3.16092E-04
  1045.00000  6.83478E-02  6.50194E-02  3.01334E-03  3.15019E-04
  1046.00000  6.81711E-02  6.48513E-02  3.00588E-03  3.13951E-04
  1047.00000  6.79951E-02  6.46838E-02  2.99844E-03  3.12887E-04
  1048.00000  6.78197E-02  6.45168E-02  2.99102E-03  3.11828E-04
  1049.00000  6.76448E-02  6.43504E-02  2.98363E-03  3.10772E-04
  1050.00000  6.74706E-02  6.41846E-02  2.97627E-03  3.09722E-04
  1051.00000  6.72969E-02  6.40193E-02  2.96892E-03  3.08675E-04
  1052.00000  6.71239E-02  6.38547E-02  2.96161E-03  3.07633E-04
  1053.00000  6.69514E-02  6.36905E-02  2.95431E-03  3.06595E-04
  1054.00000  6.67796E-02  6.35270E-02  2.94704E-03  3.05561E-04
  1055.00000  6.66083E-02  6.33640E-02  2.93979E-03  3.04532E-04
  1056.00000  6.64376E-02  6.32015E-02  2.93257E-03  3.03507E-04
  1057.00000  6.62675E-02  6.30396E-02  2.92537E-03  3.02485E-04
  1058.00000  6.60979E-02  6.28782E-02  2.91820E-03  3.01469E-04
  1059.00000  6.59289E-02  6.27174E-02  2.91105E-03  3.00456E-04
  1060.00000  6.57605E-02  6.25572E-02  2.90392E-03  2.99447E-04
  1061.00000  6.55927E-02  6.23974E-02  2.89681E-03  2.98443E-04
  1062.00000  6.54254E-02  6.22383E-02  2.88973E-03  2.97443E-04
  1063.00000  6.52587E-02  6.20796E-02  2.88267E-03  2.96447E-04
  1064.00000  6.50926E-02  6.19215E-02  2.87563E-03  2.95455E-04
  1065.00000  6.49270E-02  6.17639E-02  2.86862E-03  2.94467E-04
  1066.00000  6.47620E-02  6.16069E-02  2.86163E-03  2.93483E-04
  1067.00000  6.45975E-02  6.14503E-02  2.85466E-03  2.92503E-04
  1068.00000  6.44336E-02  6.12943E-02  2.84772E-03  2.91527E-04
  1069.00000  6.42702E-02  6.11389E-02  2.84079E-03  2.90555E-04
  1070.00000  6.41074E-02  6.09839E-02  2.83389E-03  2.89588E-04
  1071.00000  6.39451E-02  6.08295E-02  2.82701E-03  2.88624E-04
  1072.00000  6.37834E-02  6.06755E-02  2.82016E-03  2.87664E-04
  1073.00000  6.36222E-02  6.05221E-02  2.81332E-03  2.86708E-04
  1074.00000  6.34615E-02  6.03692E-02  2.80651E-03  2.85757E-04
  1075.00000  6.33014E-02  6.02168E-02  2.79972E-03  2.84809E-04
  1076.00000  6.31418E-02  6.00650E-02  2.79295E-03  2.83865E-04
  1077.00000  6.29827E-02  5.99136E-02  2.78621E-03  2.82925E-04
  1078.00000  6.28242E-02  5.97627E-02  2.77948E-03  2.81988E-04
  1079.00000  6.26661E-02  5.96123E-02  2.77278E-03  2.81056E-04
  1080.00000  6.25086E-02  5.94624E-02  2.76610E-03  2.80128E-04
  1081.00000  6.23517E-02  5.93130E-02  2.75943E-03  2.79203E-04
  1082.00000  6.21952E-02  5.91641E-02  2.75280E-03  2.78282E-04
  1083.00000  6.20393E-02  5.90157E-02  2.74618E-03  2.77365E-04
  1084.00000  6.18838E-02  5.88678E-02  2.73958E-03  2.76452E-04
  1085.00000  6.17289E-02  5.87204E-02  2.73300E-03  2.75542E-04
  1086.00000  6.15745E-02  5.85734E-02  2.72645E-03  2.74636E-04
  1087.00000  6.14206E-02  5.84269E-02  2.71991E-03  2.73734E-04
  1088.00000  6.12672E-02  5.82810E-02  2.71340E-03  2.72836E-04
  1089.00000  6.11143E-02  5.81354E-02  2.70691E-03  2.71941E-04
  1090.00000  6.09619E-02  5.79904E-02  2.70044E-03  2.71050E-04
  1091.00000  6.08100E-02  5.78458E-02  2.69398E-03  2.70163E-04
  1092.00000  6.06586E-02  5.77018E-02  2.68755E-03  2.69280E-04
  1093.00000  6.05077E-02  5.75581E-02  2.68114E-03  2.68399E-04
  1094.00000  6.03573E-02  5.74150E-02  2.67475E-03  2.67523E-04
  1095.00000  6.02073E-02  5.72723E-02  2.66838E-03  2.66650E-04
  1096.00000  6.00579E-02  5.71301E-02  2.66203E-03  2.65781E-04
  1097.00000  5.99089E-02  5.69883E-02  2.65570E-03  2.64915E-04
  1098.00000  5.97605E-02  5.68470E-02  2.64939E-03  2.64053E-04
  1099.00000  5.96125E-02  5.67062E-02  2.64310E-03  2.63194E-04
  1100.00000  5.94649E-02  5.65658E-02  2.63683E-03  2.62339E-04
  1101.00000  5.93179E-02  5.64258E-02  2.63058E-03  2.61487E-04
  1102.00000  5.91713E-02  5.62864E-02  2.62434E-03  2.60638E-04
  1103.00000  5.90253E-02  5.61473E-02  2.61813E-03  2.59793E-04
  1104.00000  5.88796E-02  5.60087E-02  2.61194E-03  2.58952E-04
  1105.00000  5.87345E-02  5.58706E-02  2.60577E-03  2.58114E-04
  1106.00000  5.85898E-02  5.57329E-02  2.59961E-03  2.57279E-04
  1107.00000  5.84456E-02  5.55957E-02  2.59348E-03  2.56447E-04
  1108.00000  5.83018E-02  5.54588E-02  2.58736E-03  2.55619E-04
  1109.00000  5.81585E-02  5.53225E-02  2.58127E-03  2.54795E-04
  1110.00000  5.80157E-02  5.51865E-02  2.57519E-03  2.53973E-04
  1111.00000  5.78733E-02  5.50510E-02  2.56913E-03  2.53155E-04
  1112.00000  5.77314E-02  5.49160E-02  2.56309E-03  2.52340E-04
  1113.00000  5.75899E-02  5.47813E-02  2.55707E-03  2.51528E-04
  1114.00000  5.74489E-02  5.46471E-02  2.55107E-03  2.50720E-04
  1115.00000  5.73084E-02  5.45134E-02  2.54508E-03  2.49915E-04
  1116.00000  5.71682E-02  5.43800E-02  2.53912E-03  2.49113E-04
  1117.00000  5.70286E-02  5.42471E-02  2.53317E-03  2.48314E-04
  1118.00000  5.68893E-02  5.41146E-02  2.52724E-03  2.47518E-04
  1119.00000  5.67506E-02  5.39825E-02  2.52133E-03  2.46725E-04
  1120.00000  5.66122E-02  5.38508E-02  2.51544E-03  2.45936E-04
  1121.00000  5.64743E-02  5.37196E-02  2.50957E-03  2.45150E-04
  1122.00000  5.63369E-02  5.35888E-02  2.50371E-03  2.44367E-04
  1123.00000  5.61998E-02  5.34584E-02  2.49788E-03  2.43586E-04
  1124.00000  5.60632E-02  5.33284E-02  2.49206E-03  2.42809E-04
  1125.00000  5.59271E-02  5.31988E-02  2.48625E-03  2.42035E-04
  1126.00000  5.57913E-02  5.30696E-02  2.48047E-03  2.41264E-04
  1127.00000  5.56560E-02  5.29408E-02  2.47471E-03  2.40496E-04
  1128.00000  5.55212E-02  5.28125E-02  2.46896E-03  2.39731E-04
  1129.00000  5.53867E-02  5.26845E-02  2.46323E-03  2.38969E-04
  1130.00000  5.52527E-02  5.25570E-02  2.45751E-03  2.38210E-04
  1131.00000  5.51191E-02  5.24298E-02  2.45182E-03  2.37454E-04
  1132.00000  5.49859E-02  5.23031E-02  2.44614E-03  2.36701E-04
  1133.00000  5.48531E-02  5.21767E-02  2.44048E-03  2.35951E-04
  1134.00000  5.47208E-02  5.20508E-02  2.43484E-03  2.35204E-04
  1135.00000  5.45889E-02  5.19252E-02  2.42921E-03  2.34459E-04
  1136.00000  5.44573E-02  5.18000E-02  2.42360E-03  2.33718E-04
  1137.00000  5.43262E-02  5.16753E-02  2.41801E-03  2.32979E-04
  1138.00000  5.41956E-02  5.15509E-02  2.41243E-03  2.32243E-04
  1139.00000  5.40653E-02  5.14269E-02  2.40688E-03  2.31510E-04
  1140.00000  5.39354E-02  5.13033E-02  2.40134E-03  2.30780E-04
  1141.00000  5.38059E-02  5.11801E-02  2.39581E-03  2.30053E-04
  1142.00000  5.36769E-02  5.10572E-02  2.39030E-03  2.29328E-04
  1143.00000  5.35482E-02  5.09348E-02  2.38481E-03  2.28606E-04
  1144.00000  5.34199E-02  5.08127E-02  2.37934E-03  2.27887E-04
  1145.00000  5.32921E-02  5.06910E-02  2.37388E-03  2.27171E-04
  1146.00000  5.31646E-02  5.05697E-02  2.36844E-03  2.26457E-04
  1147.00000  5.30376E-02  5.04488E-02  2.36302E-03  2.25747E-04
  1148.00000  5.29109E-02  5.03282E-02  2.35761E-03  2.25038E-04
  1149.00000  5.27846E-02  5.02081E-02  2.35222E-03  2.24333E-04
  1150.00000  5.26587E-02  5.00883E-02  2.34684E-03  2.23630E-04
  1151.00000  5.25332E-02  4.99688E-02  2.34148E-03  2.22930E-04
  1152.00000  5.24081E-02  4.98498E-02  2.33614E-03  2.22232E-04
  1153.00000  5.22834E-02  4.97311E-02  2.33081E-03  2.21537E-04
  1154.00000  5.21591E-02  4.96128E-02  2.32550E-03  2.20845E-04
  1155.00000  5.20352E-02  4.94948E-02  2.32020E-03  2.20155E-04
  1156.00000  5.19116E-02  4.93772E-02  2.31492E-03  2.19468E-04
  1157.00000  5.17884E-02  4.92600E-02  2.30966E-03  2.18784E-04
  1158.00000  5.16656E-02  4.91431E-02  2.30441E-03  2.18102E-04
  1159.00000  5.15432E-02  4.90266E-02  2.29918E-03  2.17422E-04
  1160.00000  5.14212E-02  4.89105E-02  2.29396E-03  2.16745E-04
  1161.00000  5.12995E-02  4.87947E-02  2.28876E-03  2.16071E-04
  1162.00000  5.11782E-02  4.86793E-02  2.28358E-03  2.15399E-04
  1163.00000  5.10573E-02  4.85642E-02  2.27841E-03  2.14730E-04
  1164.00000  5.09368E-02  4.84495E-02  2.27325E-03  2.14063E-04
  1165.00000  5.08166E-02  4.83351E-02  2.26811E-03  2.13399E-04
  1166.00000  5.06968E-02  4.82211E-02  2.26299E-03  2.12737E-04
  1167.00000  5.05774E-02  4.81075E-02  2.25788E-03  2.12078E-04
  1168.00000  5.04584E-02  4.79942E-02  2.25279E-03  2.11421E-04
  1169.00000  5.03397E-02  4.78812E-02  2.24771E-03  2.10766E-04
  1170.00000  5.02213E-02  4.77686E-02  2.24265E-03  2.10114E-04
  1171.00000  5.01034E-02  4.76563E-02  2.23760E-03  2.09464E-04
  1172.00000  4.99858E-02  4.75444E-02  2.23256E-03  2.08817E-04
  1173.00000  4.98685E-02  4.74328E-02  2.22755E-03  2.08173E-04
  1174.00000  4.97517E-02  4.73216E-02  2.22254E-03  2.07530E-04
  1175.00000  4.96351E-02  4.72107E-02  2.21755E-03  2.06890E-04
  1176.00000  4.95190E-02  4.71001E-02  2.21258E-03  2.06253E-04
  1177.00000  4.94032E-02  4.69899E-02  2.20762E-03  2.05618E-04
  1178.00000  4.92877E-02  4.68800E-02  2.20268E-03  2.04985E-04
  1179.00000  4.91726E-02  4.67705E-02  2.19775E-03  2.04354E-04
  1180.00000  4.90579E-02  4.66613E-02  2.19283E-03  2.03726E-04
  1181.00000  4.89435E-02  4.65524E-02  2.18793E-03  2.03101E-04
  1182.00000  4.88294E-02  4.64439E-02  2.18304E-03  2.02477E-04
  1183.00000  4.87157E-02  4.63357E-02  2.17817E-03  2.01856E-04
  1184.00000  4.86023E-02  4.62278E-02  2.17331E-03  2.01238E-04
  1185.00000  4.84893E-02  4.61202E-02  2.16847E-03  2.00621E-04
  1186.00000  4.83767E-02  4.60130E-02  2.16364E-03  2.00007E-04
  1187.00000  4.82643E-02  4.59061E-02  2.15883E-03  1.99396E-04
  1188.00000  4.81524E-02  4.57996E-02  2.15402E-03  1.98786E-04
  1189.00000  4.80407E-02  4.56933E-02  2.14924E-03  1.98179E-04
  1190.00000  4.79294E-02  4.55874E-02  2.14446E-03  1.97575E-04
  1191.00000  4.78185E-02  4.54818E-02  2.13970E-03  1.96972E-04
  1192.00000  4.77078E-02  4.53765E-02  2.13496E-03  1.96372E-04
  1193.00000  4.75976E-02  4.52716E-02  2.13023E-03  1.95774E-04
  1194.00000  4.74876E-02  4.51669E-02  2.12551E-03  1.95179E-04
  1195.00000  4.73780E-02  4.50626E-02  2.12081E-03  1.94586E-04
  1196.00000  4.72687E-02  4.49586E-02  2.11612E-03  1.93995E-04
  1197.00000  4.71598E-02  4.48549E-02  2.11144E-03  1.93406E-04
  1198.00000  4.70511E-02  4.47515E-02  2.10678E-03  1.92819E-04
  1199.00000  4.69428E-02  4.46485E-02  2.10213E-03  1.92235E-04
  1200.00000  4.68349E-02  4.45457E-02  2.09749E-03  1.91653E-04
  1201.00000  4.67272E-02  4.44433E-02  2.09287E-03  1.91073E-04
  1202.00000  4.66199E-02  4.43412E-02  2.08826E-03  1.90495E-04
  1203.00000  4.65129E-02  4.42393E-02  2.08367E-03  1.89920E-04
  1204.00000  4.64063E-02  4.41378E-02  2.07909E-03  1.89347E-04
  1205.00000  4.62999E-02  4.40366E-02  2.07452E-03  1.88776E-04
  1206.00000  4.61939E-02  4.39357E-02  2.06996E-03  1.88207E-04
  1207.00000  4.60882E-02  4.38351E-02  2.06542E-03  1.87640E-04
  1208.00000  4.59828E-02  4.37348E-02  2.06089E-03  1.87076E-04
  1209.00000  4.58777E-02  4.36349E-02  2.05637E-03  1.86514E-04
  1210.00000  4.57730E-02  4.35352E-02  2.05187E-03  1.85953E-04
  1211.00000  4.56686E-02  4.34358E-02  2.04738E-03  1.85395E-04
  1212.00000  4.55644E-02  4.33367E-02  2.04290E-03  1.84839E-04
  1213.00000  4.54606E-02  4.32379E-02  2.03844E-03  1.84286E-04
  1214.00000  4.53571E-02  4.31394E-02  2.03399E-03  1.83734E-04
  1215.00000  4.52540E-02  4.30412E-02  2.02955E-03  1.83184E-04
  1216.00000  4.51511E-02  4.29433E-02  2.02513E-03  1.82637E-04
  1217.00000  4.50485E-02  4.28457E-02  2.02071E-03  1.82091E-04
  1218.00000  4.49463E-02  4.27484E-02  2.01631E-03  1.81548E-04
  1219.00000  4.48443E-02  4.26514E-02  2.01193E-03  1.81006E-04
  1220.00000  4.47427E-02  4.25547E-02  2.00755E-03  1.80467E-04
  1221.00000  4.46413E-02  4.24582E-02  2.00319E-03  1.79930E-04
  1222.00000  4.45403E-02  4.23621E-02  1.99884E-03  1.79394E-04
  1223.00000  4.44396E-02  4.22662E-02  1.99450E-03  1.78861E-04
  1224.00000  4.43391E-02  4.21706E-02  1.99018E-03  1.78330E-04
  1225.00000  4.42390E-02  4.20754E-02  1.98586E-03  1.77800E-04
  1226.00000  4.41392E-02  4.19804E-02  1.98156E-03  1.77273E-04
  1227.00000  4.40397E-02  4.18856E-02  1.97728E-03  1.76748E-04
  1228.00000  4.39404E-02  4.17912E-02  1.97300E-03  1.76224E-04
  1229.00000  4.38415E-02  4.16970E-02  1.96874E-03  1.75703E-04
  1230.00000  4.37428E-02  4.16032E-02  1.96449E-03  1.75183E-04
  1231.00000  4.36445E-02  4.15096E-02  1.96025E-03  1.74666E-04
  1232.00000  4.35464E-02  4.14163E-02  1.95602E-03  1.74150E-04
  1233.00000  4.34487E-02  4.13232E-02  1.95181E-03  1.73636E-04
  1234.00000  4.33512E-02  4.12305E-02  1.94760E-03  1.73124E-04
  1235.00000  4.32540E-02  4.11380E-02  1.94341E-03  1.72614E-04
  1236.00000  4.31571E-02  4.10458E-02  1.93923E-03  1.72106E-04
  1237.00000  4.30605E-02  4.09539E-02  1.93507E-03  1.71600E-04
  1238.00000  4.29642E-02  4.08622E-02  1.93091E-03  1.71095E-04
  1239.00000  4.28682E-02  4.07708E-02  1.92677E-03  1.70592E-04
  1240.00000  4.27725E-02  4.06797E-02  1.92264E-03  1.70092E-04
  1241.00000  4.26770E-02  4.05889E-02  1.91852E-03  1.69593E-04
  1242.00000  4.25818E-02  4.04983E-02  1.91441E-03  1.69095E-04
  1243.00000  4.24869E-02  4.04080E-02  1.91031E-03  1.68600E-04
  1244.00000  4.23923E-02  4.03180E-02  1.90623E-03  1.68106E-04
  1245.00000  4.22980E-02  4.02282E-02  1.90215E-03  1.67615E-04
  1246.00000  4.22039E-02  4.01387E-02  1.89809E-03  1.67124E-04
  1247.00000  4.21102E-02  4.00495E-02  1.89404E-03  1.66636E-04
  1248.00000  4.20167E-02  3.99605E-02  1.89000E-03  1.66150E-04
  1249.00000  4.19234E-02  3.98718E-02  1.88597E-03  1.65665E-04
  1250.00000  4.18305E-02  3.97833E-02  1.88196E-03  1.65182E-04
  1251.00000  4.17378E-02  3.96952E-02  1.87795E-03  1.64700E-04
  1252.00000  4.16454E-02  3.96072E-02  1.87396E-03  1.64221E-04
  1253.00000  4.15533E-02  3.95196E-02  1.86998E-03  1.63743E-04
  1254.00000  4.14614E-02  3.94322E-02  1.86601E-03  1.63267E-04
  1255.00000  4.13699E-02  3.93450E-02  1.86205E-03  1.62792E-04
  1256.00000  4.12785E-02  3.92581E-02  1.85810E-03  1.62319E-04
  1257.00000  4.11875E-02  3.91715E-02  1.85416E-03  1.61848E-04
  1258.00000  4.10967E-02  3.90851E-02  1.85023E-03  1.61379E-04
  1259.00000  4.10062E-02  3.89990E-02  1.84632E-03  1.60911E-04
  1260.00000  4.09160E-02  3.89131E-02  1.84241E-03  1.60445E-04
  1261.00000  4.08260E-02  3.88275E-02  1.83852E-03  1.59980E-04
  1262.00000  4.07363E-02  3.87421E-02  1.83464E-03  1.59517E-04
  1263.00000  4.06468E-02  3.86570E-02  1.83076E-03  1.59056E-04
  1264.00000  4.05576E-02  3.85721E-02  1.82690E-03  1.58596E-04
  1265.00000  4.04687E-02  3.84875E-02  1.82305E-03  1.58138E-04
  1266.00000  4.03800E-02  3.84031E-02  1.81921E-03  1.57682E-04
  1267.00000  4.02916E-02  3.83190E-02  1.81538E-03  1.57227E-04
  1268.00000  4.02035E-02  3.82351E-02  1.81157E-03  1.56774E-04
  1269.00000  4.01156E-02  3.81515E-02  1.80776E-03  1.56322E-04
  1270.00000  4.00280E-02  3.80681E-02  1.80396E-03  1.55872E-04
  1271.00000  3.99406E-02  3.79850E-02  1.80017E-03  1.55424E-04
  1272.00000  3.98534E-02  3.79021E-02  1.79640E-03  1.54977E-04
  1273.00000  3.97666E-02  3.78194E-02  1.79263E-03  1.54532E-04
  1274.00000  3.96800E-02  3.77370E-02  1.78888E-03  1.54088E-04
  1275.00000  3.95936E-02  3.76548E-02  1.78513E-03  1.53645E-04
  1276.00000  3.95075E-02  3.75729E-02  1.78140E-03  1.53205E-04
  1277.00000  3.94216E-02  3.74912E-02  1.77767E-03  1.52766E-04
  1278.00000  3.93360E-02  3.74097E-02  1.77396E-03  1.52328E-04
  1279.00000  3.92506E-02  3.73285E-02  1.77026E-03  1.51892E-04
  1280.00000  3.91655E-02  3.72475E-02  1.76656E-03  1.51457E-04
  1281.00000  3.90806E-02  3.71667E-02  1.76288E-03  1.51024E-04
  1282.00000  3.89960E-02  3.70862E-02  1.75921E-03  1.50592E-04
  1283.00000  3.89116E-02  3.70059E-02  1.75555E-03  1.50162E-04
  1284.00000  3.88275E-02  3.69259E-02  1.75189E-03  1.49733E-04
  1285.00000  3.87436E-02  3.68460E-02  1.74825E-03  1.49306E-04
  1286.00000  3.86600E-02  3.67665E-02  1.74462E-03  1.48880E-04
  1287.00000  3.85765E-02  3.66871E-02  1.74100E-03  1.48456E-04
  1288.00000  3.84934E-02  3.66080E-02  1.73738E-03  1.48033E-04
  1289.00000  3.84105E-02  3.65291E-02  1.73378E-03  1.47611E-04
  1290.00000  3.83278E-02  3.64504E-02  1.73019E-03  1.47192E-04
  1291.00000  3.82453E-02  3.63719E-02  1.72661E-03  1.46773E-04
  1292.00000  3.81631E-02  3.62937E-02  1.72303E-03  1.46356E-04
  1293.00000  3.80811E-02  3.62157E-02  1.71947E-03  1.45940E-04
  1294.00000  3.79994E-02  3.61379E-02  1.71592E-03  1.45526E-04
  1295.00000  3.79179E-02  3.60604E-02  1.71237E-03  1.45113E-04
  1296.00000  3.78366E-02  3.59831E-02  1.70884E-03  1.44702E-04
  1297.00000  3.77556E-02  3.59060E-02  1.70532E-03  1.44292E-04
  1298.00000  3.76748E-02  3.58291E-02  1.70180E-03  1.43883E-04
  1299.00000  3.75942E-02  3.57524E-02  1.69830E-03  1.43476E-04
  1300.00000  3.75138E-02  3.56760E-02  1.69480E-03  1.43070E-04
  1301.00000  3.74337E-02  3.55997E-02  1.69131E-03  1.42666E-04
  1302.00000  3.73538E-02  3.55237E-02  1.68784E-03  1.42263E-04
  1303.00000  3.72742E-02  3.54479E-02  1.68437E-03  1.41861E-04
  1304.00000  3.71948E-02  3.53724E-02  1.68091E-03  1.41461E-04
  1305.00000  3.71155E-02  3.52970E-02  1.67746E-03  1.41062E-04
  1306.00000  3.70366E-02  3.52219E-02  1.67403E-03  1.40665E-04
  1307.00000  3.69578E-02  3.51470E-02  1.67060E-03  1.40268E-04
  1308.00000  3.68793E-02  3.50722E-02  1.66718E-03  1.39874E-04
  1309.00000  3.68010E-02  3.49977E-02  1.66376E-03  1.39480E-04
  1310.00000  3.67229E-02  3.49235E-02  1.66036E-03  1.39088E-04
  1311.00000  3.66450E-02  3.48494E-02  1.65697E-03  1.38698E-04
  1312.00000  3.65674E-02  3.47755E-02  1.65359E-03  1.38308E-04
  1313.00000  3.64900E-02  3.47018E-02  1.65021E-03  1.37920E-04
  1314.00000  3.64128E-02  3.46284E-02  1.64685E-03  1.37534E-04
  1315.00000  3.63358E-02  3.45552E-02  1.64349E-03  1.37149E-04
  1316.00000  3.62590E-02  3.44821E-02  1.64015E-03  1.36765E-04
  1317.00000  3.61825E-02  3.44093E-02  1.63681E-03  1.36382E-04
  1318.00000  3.61062E-02  3.43367E-02  1.63348E-03  1.36001E-04
  1319.00000  3.60300E-02  3.42643E-02  1.63016E-03  1.35621E-04
  1320.00000  3.59542E-02  3.41921E-02  1.62685E-03  1.35243E-04
  1321.00000  3.58785E-02  3.41201E-02  1.62355E-03  1.34865E-04
  1322.00000  3.58030E-02  3.40483E-02  1.62025E-03  1.34489E-04
  1323.00000  3.57277E-02  3.39766E-02  1.61697E-03  1.34115E-04
  1324.00000  3.56527E-02  3.39053E-02  1.61369E-03  1.33742E-04
  1325.00000  3.55778E-02  3.38341E-02  1.61043E-03  1.33370E-04
  1326.00000  3.55032E-02  3.37631E-02  1.60717E-03  1.32999E-04
  1327.00000  3.54288E-02  3.36923E-02  1.60392E-03  1.32630E-04
  1328.00000  3.53546E-02  3.36217E-02  1.60068E-03  1.32262E-04
  1329.00000  3.52806E-02  3.35513E-02  1.59745E-03  1.31895E-04
  1330.00000  3.52068E-02  3.34810E-02  1.59422E-03  1.31530E-04
  1331.00000  3.51332E-02  3.34110E-02  1.59101E-03  1.31166E-04
  1332.00000  3.50598E-02  3.33412E-02  1.58780E-03  1.30803E-04
  1333.00000  3.49867E-02  3.32716E-02  1.58461E-03  1.30442E-04
  1334.00000  3.49137E-02  3.32022E-02  1.58142E-03  1.30082E-04
  1335.00000  3.48409E-02  3.31330E-02  1.57824E-03  1.29723E-04
  1336.00000  3.47683E-02  3.30639E-02  1.57507E-03  1.29365E-04
  1337.00000  3.46960E-02  3.29951E-02  1.57190E-03  1.29009E-04
  1338.00000  3.46238E-02  3.29264E-02  1.56875E-03  1.28654E-04
  1339.00000  3.45519E-02  3.28580E-02  1.56560E-03  1.28300E-04
  1340.00000  3.44801E-02  3.27897E-02  1.56246E-03  1.27948E-04
  1341.00000  3.44085E-02  3.27216E-02  1.55933E-03  1.27596E-04
  1342.00000  3.43372E-02  3.26537E-02  1.55621E-03  1.27246E-04
  1343.00000  3.42660E-02  3.25860E-02  1.55310E-03  1.26898E-04
  1344.00000  3.41950E-02  3.25185E-02  1.54999E-03  1.26550E-04
  1345.00000  3.41243E-02  3.24512E-02  1.54690E-03  1.26204E-04
  1346.00000  3.40537E-02  3.23840E-02  1.54381E-03  1.25859E-04
  1347.00000  3.39833E-02  3.23170E-02  1.54073E-03  1.25515E-04
  1348.00000  3.39131E-02  3.22503E-02  1.53766E-03  1.25172E-04
  1349.00000  3.38431E-02  3.21837E-02  1.53459E-03  1.24831E-04
  1350.00000  3.37733E-02  3.21173E-02  1.53154E-03  1.24491E-04
  1351.00000  3.37037E-02  3.20511E-02  1.52849E-03  1.24152E-04
  1352.00000  3.36343E-02  3.19850E-02  1.52545E-03  1.23814E-04
  1353.00000  3.35650E-02  3.19192E-02  1.52242E-03  1.23477E-04
  1354.00000  3.34960E-02  3.18535E-02  1.51939E-03  1.23142E-04
  1355.00000  3.34272E-02  3.17880E-02  1.51638E-03  1.22808E-04
  1356.00000  3.33585E-02  3.17227E-02  1.51337E-03  1.22474E-04
  1357.00000  3.32900E-02  3.16575E-02  1.51037E-03  1.22143E-04
  1358.00000  3.32217E-02  3.15925E-02  1.50738E-03  1.21812E-04
  1359.00000  3.31536E-02  3.15278E-02  1.50439E-03  1.21482E-04
  1360.00000  3.30857E-02  3.14632E-02  1.50142E-03  1.21154E-04
  1361.00000  3.30180E-02  3.13987E-02  1.49845E-03  1.20826E-04
  1362.00000  3.29505E-02  3.13345E-02  1.49549E-03  1.20500E-04
  1363.00000  3.28831E-02  3.12704E-02  1.49254E-03  1.20175E-04
  1364.00000  3.28159E-02  3.12065E-02  1.48959E-03  1.19851E-04
  1365.00000  3.27489E-02  3.11427E-02  1.48665E-03  1.19528E-04
  1366.00000  3.26821E-02  3.10792E-02  1.48372E-03  1.19206E-04
  1367.00000  3.26155E-02  3.10158E-02  1.48080E-03  1.18886E-04
  1368.00000  3.25490E-02  3.09526E-02  1.47789E-03  1.18566E-04
  1369.00000  3.24828E-02  3.08895E-02  1.47498E-03  1.18248E-04
  1370.00000  3.24167E-02  3.08267E-02  1.47208E-03  1.17930E-04
  1371.00000  3.23508E-02  3.07640E-02  1.46919E-03  1.17614E-04
  1372.00000  3.22850E-02  3.07014E-02  1.46630E-03  1.17299E-04
  1373.00000  3.22195E-02  3.06391E-02  1.46343E-03  1.16984E-04
  1374.00000  3.21541E-02  3.05769E-02  1.46056E-03  1.16671E-04
  1375.00000  3.20889E-02  3.05148E-02  1.45770E-03  1.16359E-04
  1376.00000  3.20239E-02  3.04530E-02  1.45484E-03  1.16048E-04
  1377.00000  3.19590E-02  3.03913E-02  1.45200E-03  1.15738E-04
  1378.00000  3.18944E-02  3.03298E-02  1.44916E-03  1.15429E-04
  1379.00000  3.18298E-02  3.02684E-02  1.44633E-03  1.15121E-04
  1380.00000  3.17655E-02  3.02072E-02  1.44350E-03  1.14814E-04
  1381.00000  3.17014E-02  3.01462E-02  1.44068E-03  1.14508E-04
  1382.00000  3.16374E-02  3.00853E-02  1.43787E-03  1.14204E-04
  1383.00000  3.15736E-02  3.00246E-02  1.43507E-03  1.13900E-04
  1384.00000  3.15099E-02  2.99640E-02  1.43228E-03  1.13597E-04
  1385.00000  3.14464E-02  2.99037E-02  1.42949E-03  1.13295E-04
  1386.00000  3.13831E-02  2.98434E-02  1.42671E-03  1.12994E-04
  1387.00000  3.13200E-02  2.97834E-02  1.42393E-03  1.12694E-04
  1388.00000  3.12570E-02  2.97235E-02  1.42117E-03  1.12395E-04
  1389.00000  3.11942E-02  2.96637E-02  1.41841E-03  1.12097E-04
  1390.00000  3.11316E-02  2.96042E-02  1.41566E-03  1.11800E-04
  1391.00000  3.10691E-02  2.95447E-02  1.41291E-03  1.11504E-04
  1392.00000  3.10068E-02  2.94855E-02  1.41017E-03  1.11209E-04
  1393.00000  3.09447E-02  2.94264E-02  1.40744E-03  1.10915E-04
  1394.00000  3.08827E-02  2.93674E-02  1.40472E-03  1.10622E-04
  1395.00000  3.08209E-02  2.93086E-02  1.40200E-03  1.10330E-04
  1396.00000  3.07593E-02  2.92500E-02  1.39929E-03  1.10039E-04
  1397.00000  3.06978E-02  2.91915E-02  1.39659E-03  1.09749E-04
  1398.00000  3.06365E-02  2.91332E-02  1.39389E-03  1.09459E-04
  1399.00000  3.05754E-02  2.90750E-02  1.39120E-03  1.09171E-04
  1400.00000  3.05144E-02  2.90170E-02  1.38852E-03  1.08884E-04
  1401.00000  3.04535E-02  2.89591E-02  1.38584E-03  1.08597E-04
  1402.00000  3.03929E-02  2.89014E-02  1.38317E-03  1.08312E-04
  1403.00000  3.03323E-02  2.88438E-02  1.38051E-03  1.08027E-04
  1404.00000  3.02720E-02  2.87864E-02  1.37786E-03  1.07743E-04
  1405.00000  3.02118E-02  2.87291E-02  1.37521E-03  1.07460E-04
  1406.00000  3.01518E-02  2.86720E-02  1.37257E-03  1.07178E-04
  1407.00000  3.00919E-02  2.86151E-02  1.36993E-03  1.06897E-04
  1408.00000  3.00322E-02  2.85582E-02  1.36730E-03  1.06617E-04
  1409.00000  2.99726E-02  2.85016E-02  1.36468E-03  1.06338E-04
  1410.00000  2.99132E-02  2.84451E-02  1.36207E-03  1.06060E-04
  1411.00000  2.98539E-02  2.83887E-02  1.35946E-03  1.05782E-04
  1412.00000  2.97948E-02  2.83325E-02  1.35686E-03  1.05506E-04
  1413.00000  2.97359E-02  2.82764E-02  1.35426E-03  1.05230E-04
  1414.00000  2.96771E-02  2.82205E-02  1.35167E-03  1.04955E-04
  1415.00000  2.96185E-02  2.81647E-02  1.34909E-03  1.04681E-04
  1416.00000  2.95600E-02  2.81091E-02  1.34652E-03  1.04408E-04
  1417.00000  2.95017E-02  2.80536E-02  1.34395E-03  1.04136E-04
  1418.00000  2.94435E-02  2.79982E-02  1.34139E-03  1.03865E-04
  1419.00000  2.93854E-02  2.79430E-02  1.33883E-03  1.03594E-04
  1420.00000  2.93276E-02  2.78880E-02  1.33628E-03  1.03325E-04
  1421.00000  2.92698E-02  2.78330E-02  1.33374E-03  1.03056E-04
  1422.00000  2.92123E-02  2.77783E-02  1.33120E-03  1.02788E-04
  1423.00000  2.91548E-02  2.77236E-02  1.32867E-03  1.02521E-04
  1424.00000  2.90975E-02  2.76691E-02  1.32615E-03  1.02255E-04
  1425.00000  2.90404E-02  2.76148E-02  1.32363E-03  1.01989E-04
  1426.00000  2.89834E-02  2.75606E-02  1.32112E-03  1.01725E-04
  1427.00000  2.89266E-02  2.75065E-02  1.31861E-03  1.01461E-04
  1428.00000  2.88699E-02  2.74526E-02  1.31612E-03  1.01198E-04
  1429.00000  2.88134E-02  2.73988E-02  1.31362E-03  1.00936E-04
  1430.00000  2.87569E-02  2.73451E-02  1.31114E-03  1.00675E-04
  1431.00000  2.87007E-02  2.72916E-02  1.30866E-03  1.00414E-04
  1432.00000  2.86446E-02  2.72382E-02  1.30618E-03  1.00155E-04
  1433.00000  2.85886E-02  2.71850E-02  1.30372E-03  9.98960E-05
  1434.00000  2.85328E-02  2.71319E-02  1.30126E-03  9.96381E-05
  1435.00000  2.84771E-02  2.70789E-02  1.29880E-03  9.93809E-05
  1436.00000  2.84216E-02  2.70261E-02  1.29635E-03  9.91246E-05
  1437.00000  2.83662E-02  2.69734E-02  1.29391E-03  9.88691E-05
  1438.00000  2.83109E-02  2.69208E-02  1.29147E-03  9.86143E-05
  1439.00000  2.82558E-02  2.68684E-02  1.28904E-03  9.83604E-05
  1440.00000  2.82008E-02  2.68161E-02  1.28662E-03  9.81073E-05
  1441.00000  2.81460E-02  2.67640E-02  1.28420E-03  9.78550E-05
  1442.00000  2.80913E-02  2.67119E-02  1.28178E-03  9.76034E-05
  1443.00000  2.80368E-02  2.66600E-02  1.27938E-03  9.73527E-05
  1444.00000  2.79824E-02  2.66083E-02  1.27698E-03  9.71028E-05
  1445.00000  2.79281E-02  2.65567E-02  1.27458E-03  9.68537E-05
  1446.00000  2.78740E-02  2.65052E-02  1.27219E-03  9.66053E-05
  1447.00000  2.78200E-02  2.64538E-02  1.26981E-03  9.63578E-05
  1448.00000  2.77661E-02  2.64026E-02  1.26743E-03  9.61110E-05
  1449.00000  2.77124E-02  2.63514E-02  1.26506E-03  9.58650E-05
  1450.00000  2.76588E-02  2.63005E-02  1.26270E-03  9.56199E-05
  1451.00000  2.76053E-02  2.62496E-02  1.26034E-03  9.53755E-05
  1452.00000  2.75520E-02  2.61989E-02  1.25799E-03  9.51318E-05
  1453.00000  2.74988E-02  2.61483E-02  1.25564E-03  9.48890E-05
  1454.00000  2.74458E-02  2.60979E-02  1.25330E-03  9.46470E-05
  1455.00000  2.73929E-02  2.60475E-02  1.25096E-03  9.44057E-05
  1456.00000  2.73401E-02  2.59973E-02  1.24863E-03  9.41652E-05
  1457.00000  2.72875E-02  2.59472E-02  1.24630E-03  9.39255E-05
  1458.00000  2.72349E-02  2.58973E-02  1.24399E-03  9.36866E-05
  1459.00000  2.71826E-02  2.58474E-02  1.24167E-03  9.34485E-05
  1460.00000  2.71303E-02  2.57977E-02  1.23936E-03  9.32111E-05
  1461.00000  2.70782E-02  2.57482E-02  1.23706E-03  9.29745E-05
  1462.00000  2.70262E-02  2.56987E-02  1.23477E-03  9.27387E-05
  1463.00000  2.69744E-02  2.56494E-02  1.23248E-03  9.25037E-05
  1464.00000  2.69226E-02  2.56002E-02  1.23019E-03  9.22694E-05
  1465.00000  2.68710E-02  2.55511E-02  1.22791E-03  9.20359E-05
  1466.00000  2.68196E-02  2.55021E-02  1.22564E-03  9.18032E-05
  1467.00000  2.67682E-02  2.54533E-02  1.22337E-03  9.15712E-05
  1468.00000  2.67170E-02  2.54046E-02  1.22111E-03  9.13400E-05
  1469.00000  2.66660E-02  2.53560E-02  1.21885E-03  9.11096E-05
  1470.00000  2.66150E-02  2.53075E-02  1.21660E-03  9.08799E-05
  1471.00000  2.65642E-02  2.52592E-02  1.21435E-03  9.06510E-05
  1472.00000  2.65135E-02  2.52110E-02  1.21211E-03  9.04229E-05
  1473.00000  2.64629E-02  2.51628E-02  1.20988E-03  9.01955E-05
  1474.00000  2.64125E-02  2.51149E-02  1.20765E-03  8.99689E-05
  1475.00000  2.63622E-02  2.50670E-02  1.20542E-03  8.97430E-05
  1476.00000  2.63120E-02  2.50192E-02  1.20320E-03  8.95179E-05
  1477.00000  2.62619E-02  2.49716E-02  1.20099E-03  8.92935E-05
  1478.00000  2.62120E-02  2.49241E-02  1.19878E-03  8.90699E-05
  1479.00000  2.61621E-02  2.48767E-02  1.19658E-03  8.88470E-05
  1480.00000  2.61124E-02  2.48294E-02  1.19438E-03  8.86249E-05
  1481.00000  2.60629E-02  2.47823E-02  1.19219E-03  8.84035E-05
  1482.00000  2.60134E-02  2.47352E-02  1.19000E-03  8.81828E-05
  1483.00000  2.59641E-02  2.46883E-02  1.18782E-03  8.79629E-05
  1484.00000  2.59149E-02  2.46415E-02  1.18565E-03  8.77437E-05
  1485.00000  2.58658E-02  2.45948E-02  1.18348E-03  8.75253E-05
  1486.00000  2.58169E-02  2.45482E-02  1.18131E-03  8.73076E-05
  1487.00000  2.57680E-02  2.45018E-02  1.17915E-03  8.70906E-05
  1488.00000  2.57193E-02  2.44554E-02  1.17699E-03  8.68743E-05
  1489.00000  2.56707E-02  2.44092E-02  1.17484E-03  8.66587E-05
  1490.00000  2.56222E-02  2.43631E-02  1.17270E-03  8.64439E-05
  1491.00000  2.55739E-02  2.43171E-02  1.17056E-03  8.62297E-05
  1492.00000  2.55256E-02  2.42712E-02  1.16843E-03  8.60163E-05
  1493.00000  2.54775E-02  2.42254E-02  1.16630E-03  8.58035E-05
  1494.00000  2.54295E-02  2.41798E-02  1.16417E-03  8.55915E-05
  1495.00000  2.53816E-02  2.41342E-02  1.16206E-03  8.53802E-05
  1496.00000  2.53339E-02  2.40888E-02  1.15994E-03  8.51695E-05
  1497.00000  2.52862E-02  2.40434E-02  1.15783E-03  8.49596E-05
  1498.00000  2.52387E-02  2.39982E-02  1.15573E-03  8.47503E-05
  1499.00000  2.51913E-02  2.39531E-02  1.15363E-03  8.45417E-05
  1500.00000  2.51440E-02  2.39081E-02  1.15154E-03  8.43338E-05
  1501.00000  2.50968E-02  2.38633E-02  1.14945E-03  8.41266E-05
  1502.00000  2.50498E-02  2.38185E-02  1.14737E-03  8.39200E-05
  1503.00000  2.50028E-02  2.37738E-02  1.14529E-03  8.37141E-05
  1504.00000  2.49560E-02  2.37293E-02  1.14321E-03  8.35089E-05
  1505.00000  2.49093E-02  2.36848E-02  1.14115E-03  8.33043E-05
  1506.00000  2.48627E-02  2.36405E-02  1.13908E-03  8.31004E-05
  1507.00000  2.48162E-02  2.35963E-02  1.13703E-03  8.28971E-05
  1508.00000  2.47698E-02  2.35521E-02  1.13497E-03  8.26945E-05
  1509.00000  2.47236E-02  2.35081E-02  1.13292E-03  8.24925E-05
  1510.00000  2.46774E-02  2.34642E-02  1.13088E-03  8.22912E-05
  1511.00000  2.46314E-02  2.34204E-02  1.12884E-03  8.20905E-05
  1512.00000  2.45854E-02  2.33767E-02  1.12681E-03  8.18904E-05
  1513.00000  2.45396E-02  2.33332E-02  1.12478E-03  8.16910E-05
  1514.00000  2.44939E-02  2.32897E-02  1.12275E-03  8.14922E-05
  1515.00000  2.44483E-02  2.32463E-02  1.12074E-03  8.12940E-05
  1516.00000  2.44029E-02  2.32031E-02  1.11872E-03  8.10964E-05
  1517.00000  2.43575E-02  2.31599E-02  1.11671E-03  8.08994E-05
  1518.00000  2.43123E-02  2.31168E-02  1.11471E-03  8.07031E-05
  1519.00000  2.42671E-02  2.30739E-02  1.11271E-03  8.05074E-05
  1520.00000  2.42221E-02  2.30310E-02  1.11071E-03  8.03122E-05
  1521.00000  2.41771E-02  2.29883E-02  1.10872E-03  8.01177E-05
  1522.00000  2.41323E-02  2.29457E-02  1.10673E-03  7.99238E-05
  1523.00000  2.40876E-02  2.29031E-02  1.10475E-03  7.97304E-05
  1524.00000  2.40430E-02  2.28607E-02  1.10278E-03  7.95377E-05
  1525.00000  2.39985E-02  2.28184E-02  1.10081E-03  7.93455E-05
  1526.00000  2.39541E-02  2.27762E-02  1.09884E-03  7.91540E-05
  1527.00000  2.39099E-02  2.27340E-02  1.09688E-03  7.89630E-05
  1528.00000  2.38657E-02  2.26920E-02  1.09492E-03  7.87726E-05
  1529.00000  2.38216E-02  2.26501E-02  1.09297E-03  7.85828E-05
  1530.00000  2.37777E-02  2.26083E-02  1.09102E-03  7.83935E-05
  1531.00000  2.37338E-02  2.25666E-02  1.08907E-03  7.82048E-05
  1532.00000  2.36901E-02  2.25249E-02  1.08714E-03  7.80167E-05
  1533.00000  2.36465E-02  2.24834E-02  1.08520E-03  7.78292E-05
  1534.00000  2.36029E-02  2.24420E-02  1.08327E-03  7.76422E-05
  1535.00000  2.35595E-02  2.24007E-02  1.08135E-03  7.74558E-05
  1536.00000  2.35162E-02  2.23595E-02  1.07943E-03  7.72700E-05
  1537.00000  2.34730E-02  2.23184E-02  1.07751E-03  7.70847E-05
  1538.00000  2.34299E-02  2.22774E-02  1.07560E-03  7.68999E-05
  1539.00000  2.33868E-02  2.22364E-02  1.07369E-03  7.67157E-05
  1540.00000  2.33439E-02  2.21956E-02  1.07179E-03  7.65321E-05
  1541.00000  2.33011E-02  2.21549E-02  1.06989E-03  7.63489E-05
  1542.00000  2.32584E-02  2.21143E-02  1.06800E-03  7.61664E-05
  1543.00000  2.32158E-02  2.20737E-02  1.06611E-03  7.59844E-05
  1544.00000  2.31733E-02  2.20333E-02  1.06422E-03  7.58029E-05
  1545.00000  2.31309E-02  2.19930E-02  1.06234E-03  7.56219E-05
  1546.00000  2.30887E-02  2.19528E-02  1.06046E-03  7.54415E-05
  1547.00000  2.30465E-02  2.19126E-02  1.05859E-03  7.52616E-05
  1548.00000  2.30044E-02  2.18726E-02  1.05673E-03  7.50823E-05
  1549.00000  2.29624E-02  2.18326E-02  1.05486E-03  7.49034E-05
  1550.00000  2.29205E-02  2.17928E-02  1.05300E-03  7.47251E-05
  1551.00000  2.28787E-02  2.17530E-02  1.05115E-03  7.45473E-05
  1552.00000  2.28370E-02  2.17134E-02  1.04930E-03  7.43701E-05
  1553.00000  2.27954E-02  2.16738E-02  1.04746E-03  7.41933E-05
  1554.00000  2.27540E-02  2.16343E-02  1.04561E-03  7.40170E-05
  1555.00000  2.27126E-02  2.15949E-02  1.04378E-03  7.38413E-05
  1556.00000  2.26713E-02  2.15557E-02  1.04194E-03  7.36661E-05
  1557.00000  2.26301E-02  2.15165E-02  1.04012E-03  7.34914E-05
  1558.00000  2.25890E-02  2.14774E-02  1.03829E-03  7.33171E-05
  1559.00000  2.25480E-02  2.14384E-02  1.03647E-03  7.31434E-05
  1560.00000  2.25071E-02  2.13995E-02  1.03466E-03  7.29702E-05
  1561.00000  2.24663E-02  2.13607E-02  1.03285E-03  7.27975E-05
  1562.00000  2.24256E-02  2.13219E-02  1.03104E-03  7.26253E-05
  1563.00000  2.23850E-02  2.12833E-02  1.02924E-03  7.24535E-05
  1564.00000  2.23445E-02  2.12448E-02  1.02744E-03  7.22823E-05
  1565.00000  2.23041E-02  2.12063E-02  1.02564E-03  7.21115E-05
  1566.00000  2.22638E-02  2.11680E-02  1.02385E-03  7.19413E-05
  1567.00000  2.22235E-02  2.11297E-02  1.02207E-03  7.17715E-05
  1568.00000  2.21834E-02  2.10915E-02  1.02028E-03  7.16022E-05
  1569.00000  2.21434E-02  2.10535E-02  1.01851E-03  7.14334E-05
  1570.00000  2.21035E-02  2.10155E-02  1.01673E-03  7.12650E-05
  1571.00000  2.20636E-02  2.09776E-02  1.01496E-03  7.10972E-05
  1572.00000  2.20239E-02  2.09397E-02  1.01320E-03  7.09298E-05
  1573.00000  2.19842E-02  2.09020E-02  1.01144E-03  7.07628E-05
  1574.00000  2.19447E-02  2.08644E-02  1.00968E-03  7.05964E-05
  1575.00000  2.19052E-02  2.08268E-02  1.00792E-03  7.04304E-05
  1576.00000  2.18658E-02  2.07894E-02  1.00617E-03  7.02649E-05
  1577.00000  2.18266E-02  2.07520E-02  1.00443E-03  7.00999E-05
  1578.00000  2.17874E-02  2.07147E-02  1.00269E-03  6.99353E-05
  1579.00000  2.17483E-02  2.06776E-02  1.00095E-03  6.97711E-05
  1580.00000  2.17093E-02  2.06405E-02  9.99217E-04  6.96075E-05
  1581.00000  2.16704E-02  2.06034E-02  9.97488E-04  6.94443E-05
  1582.00000  2.16316E-02  2.05665E-02  9.95762E-04  6.92816E-05
  1583.00000  2.15928E-02  2.05297E-02  9.94041E-04  6.91193E-05
  1584.00000  2.15542E-02  2.04929E-02  9.92323E-04  6.89574E-05
  1585.00000  2.15157E-02  2.04563E-02  9.90610E-04  6.87961E-05
  1586.00000  2.14772E-02  2.04197E-02  9.88900E-04  6.86352E-05
  1587.00000  2.14389E-02  2.03832E-02  9.87194E-04  6.84747E-05
  1588.00000  2.14006E-02  2.03468E-02  9.85493E-04  6.83147E-05
  1589.00000  2.13624E-02  2.03105E-02  9.83795E-04  6.81551E-05
  1590.00000  2.13243E-02  2.02742E-02  9.82101E-04  6.79960E-05
  1591.00000  2.12863E-02  2.02381E-02  9.80411E-04  6.78374E-05
  1592.00000  2.12484E-02  2.02020E-02  9.78724E-04  6.76791E-05
  1593.00000  2.12106E-02  2.01660E-02  9.77042E-04  6.75214E-05
  1594.00000  2.11729E-02  2.01301E-02  9.75363E-04  6.73641E-05
  1595.00000  2.11352E-02  2.00943E-02  9.73688E-04  6.72072E-05
  1596.00000  2.10977E-02  2.00586E-02  9.72017E-04  6.70508E-05
  1597.00000  2.10602E-02  2.00230E-02  9.70350E-04  6.68948E-05
  1598.00000  2.10228E-02  1.99874E-02  9.68687E-04  6.67393E-05
  1599.00000  2.09855E-02  1.99519E-02  9.67027E-04  6.65842E-05
  1600.00000  2.09483E-02  1.99165E-02  9.65372E-04  6.64296E-05
  1601.00000  2.09112E-02  1.98812E-02  9.63720E-04  6.62754E-05
  1602.00000  2.08742E-02  1.98460E-02  9.62071E-04  6.61217E-05
  1603.00000  2.08372E-02  1.98108E-02  9.60427E-04  6.59684E-05
  1604.00000  2.08004E-02  1.97758E-02  9.58786E-04  6.58156E-05
  1605.00000  2.07636E-02  1.97408E-02  9.57149E-04  6.56632E-05
  1606.00000  2.07269E-02  1.97059E-02  9.55516E-04  6.55112E-05
  1607.00000  2.06903E-02  1.96711E-02  9.53886E-04  6.53597E-05
  1608.00000  2.06538E-02  1.96363E-02  9.52260E-04  6.52086E-05
  1609.00000  2.06174E-02  1.96017E-02  9.50638E-04  6.50580E-05
  1610.00000  2.05810E-02  1.95671E-02  9.49019E-04  6.49078E-05
  1611.00000  2.05448E-02  1.95326E-02  9.47404E-04  6.47581E-05
  1612.00000  2.05086E-02  1.94982E-02  9.45793E-04  6.46088E-05
  1613.00000  2.04725E-02  1.94639E-02  9.44185E-04  6.44600E-05
  1614.00000  2.04365E-02  1.94296E-02  9.42581E-04  6.43116E-05
  1615.00000  2.04006E-02  1.93954E-02  9.40981E-04  6.41636E-05
  1616.00000  2.03648E-02  1.93614E-02  9.39384E-04  6.40161E-05
  1617.00000  2.03290E-02  1.93273E-02  9.37791E-04  6.38690E-05
  1618.00000  2.02933E-02  1.92934E-02  9.36202E-04  6.37224E-05
  1619.00000  2.02577E-02  1.92595E-02  9.34616E-04  6.35762E-05
  1620.00000  2.02222E-02  1.92258E-02  9.33033E-04  6.34304E-05
  1621.00000  2.01868E-02  1.91921E-02  9.31454E-04  6.32851E-05
  1622.00000  2.01515E-02  1.91584E-02  9.29879E-04  6.31402E-05
  1623.00000  2.01162E-02  1.91249E-02  9.28307E-04  6.29958E-05
  1624.00000  2.00810E-02  1.90914E-02  9.26739E-04  6.28518E-05
  1625.00000  2.00459E-02  1.90581E-02  9.25174E-04  6.27082E-05
  1626.00000  2.00109E-02  1.90247E-02  9.23613E-04  6.25651E-05
  1627.00000  1.99760E-02  1.89915E-02  9.22056E-04  6.24224E-05
  1628.00000  1.99411E-02  1.89584E-02  9.20502E-04  6.22801E-05
  1629.00000  1.99064E-02  1.89253E-02  9.18951E-04  6.21383E-05
  1630.00000  1.98717E-02  1.88923E-02  9.17404E-04  6.19969E-05
  1631.00000  1.98371E-02  1.88593E-02  9.15860E-04  6.18559E-05
  1632.00000  1.98025E-02  1.88265E-02  9.14320E-04  6.17154E-05
  1633.00000  1.97681E-02  1.87937E-02  9.12783E-04  6.15753E-05
  1634.00000  1.97337E-02  1.87610E-02  9.11250E-04  6.14356E-05
  1635.00000  1.96994E-02  1.87284E-02  9.09720E-04  6.12963E-05
  1636.00000  1.96652E-02  1.86959E-02  9.08194E-04  6.11575E-05
  1637.00000  1.96311E-02  1.86634E-02  9.06671E-04  6.10191E-05
  1638.00000  1.95970E-02  1.86310E-02  9.05151E-04  6.08811E-05
  1639.00000  1.95630E-02  1.85987E-02  9.03635E-04  6.07435E-05
  1640.00000  1.95291E-02  1.85664E-02  9.02122E-04  6.06064E-05
  1641.00000  1.94953E-02  1.85342E-02  9.00613E-04  6.04696E-05
  1642.00000  1.94616E-02  1.85021E-02  8.99107E-04  6.03333E-05
  1643.00000  1.94279E-02  1.84701E-02  8.97604E-04  6.01974E-05
  1644.00000  1.93943E-02  1.84381E-02  8.96105E-04  6.00619E-05
  1645.00000  1.93608E-02  1.84063E-02  8.94609E-04  5.99268E-05
  1646.00000  1.93274E-02  1.83745E-02  8.93116E-04  5.97921E-05
  1647.00000  1.92940E-02  1.83427E-02  8.91627E-04  5.96578E-05
  1648.00000  1.92607E-02  1.83111E-02  8.90141E-04  5.95239E-05
  1649.00000  1.92275E-02  1.82795E-02  8.88659E-04  5.93904E-05
  1650.00000  1.91944E-02  1.82480E-02  8.87179E-04  5.92574E-05
  1651.00000  1.91613E-02  1.82165E-02  8.85703E-04  5.91247E-05
  1652.00000  1.91284E-02  1.81851E-02  8.84231E-04  5.89924E-05
  1653.00000  1.90955E-02  1.81538E-02  8.82761E-04  5.88605E-05
  1654.00000  1.90626E-02  1.81226E-02  8.81295E-04  5.87290E-05
  1655.00000  1.90299E-02  1.80915E-02  8.79832E-04  5.85978E-05
  1656.00000  1.89972E-02  1.80604E-02  8.78372E-04  5.84671E-05
  1657.00000  1.89646E-02  1.80294E-02  8.76916E-04  5.83368E-05
  1658.00000  1.89321E-02  1.79984E-02  8.75463E-04  5.82068E-05
  1659.00000  1.88996E-02  1.79675E-02  8.74013E-04  5.80772E-05
  1660.00000  1.88672E-02  1.79367E-02  8.72566E-04  5.79480E-05
  1661.00000  1.88349E-02  1.79060E-02  8.71123E-04  5.78192E-05
  1662.00000  1.88027E-02  1.78753E-02  8.69682E-04  5.76907E-05
  1663.00000  1.87705E-02  1.78447E-02  8.68245E-04  5.75626E-05
  1664.00000  1.87385E-02  1.78142E-02  8.66811E-04  5.74349E-05
  1665.00000  1.87065E-02  1.77838E-02  8.65381E-04  5.73075E-05
  1666.00000  1.86745E-02  1.77534E-02  8.63953E-04  5.71805E-05
  1667.00000  1.86426E-02  1.77231E-02  8.62529E-04  5.70539E-05
  1668.00000  1.86108E-02  1.76928E-02  8.61108E-04  5.69277E-05
  1669.00000  1.85791E-02  1.76626E-02  8.59690E-04  5.68018E-05
  1670.00000  1.85475E-02  1.76325E-02  8.58275E-04  5.66762E-05
  1671.00000  1.85159E-02  1.76025E-02  8.56863E-04  5.65510E-05
  1672.00000  1.84844E-02  1.75725E-02  8.55454E-04  5.64262E-05
  1673.00000  1.84530E-02  1.75426E-02  8.54049E-04  5.63017E-05
  1674.00000  1.84216E-02  1.75128E-02  8.52646E-04  5.61776E-05
  1675.00000  1.83903E-02  1.74830E-02  8.51247E-04  5.60538E-05
  1676.00000  1.83591E-02  1.74533E-02  8.49850E-04  5.59304E-05
  1677.00000  1.83279E-02  1.74237E-02  8.48457E-04  5.58073E-05
  1678.00000  1.82968E-02  1.73941E-02  8.47067E-04  5.56845E-05
  1679.00000  1.82658E-02  1.73646E-02  8.45680E-04  5.55621E-05
  1680.00000  1.82349E-02  1.73351E-02  8.44296E-04  5.54401E-05
  1681.00000  1.82040E-02  1.73058E-02  8.42915E-04  5.53183E-05
  1682.00000  1.81732E-02  1.72765E-02  8.41537E-04  5.51969E-05
  1683.00000  1.81425E-02  1.72472E-02  8.40162E-04  5.50759E-05
  1684.00000  1.81118E-02  1.72181E-02  8.38791E-04  5.49552E-05
  1685.00000  1.80812E-02  1.71889E-02  8.37422E-04  5.48348E-05
  1686.00000  1.80507E-02  1.71599E-02  8.36056E-04  5.47147E-05
  1687.00000  1.80202E-02  1.71309E-02  8.34693E-04  5.45950E-05
  1688.00000  1.79898E-02  1.71020E-02  8.33333E-04  5.44756E-05
  1689.00000  1.79595E-02  1.70732E-02  8.31976E-04  5.43565E-05
  1690.00000  1.79293E-02  1.70444E-02  8.30622E-04  5.42378E-05
  1691.00000  1.78991E-02  1.70157E-02  8.29271E-04  5.41193E-05
  1692.00000  1.78690E-02  1.69870E-02  8.27923E-04  5.40012E-05
  1693.00000  1.78389E-02  1.69584E-02  8.26578E-04  5.38834E-05
  1694.00000  1.78089E-02  1.69299E-02  8.25236E-04  5.37659E-05
  1695.00000  1.77790E-02  1.69015E-02  8.23897E-04  5.36488E-05
  1696.00000  1.77492E-02  1.68731E-02  8.22561E-04  5.35319E-05
  1697.00000  1.77194E-02  1.68447E-02  8.21227E-04  5.34154E-05
  1698.00000  1.76897E-02  1.68165E-02  8.19897E-04  5.32992E-05
  1699.00000  1.76600E-02  1.67883E-02  8.18569E-04  5.31832E-05
  1700.00000  1.76304E-02  1.67601E-02  8.17245E-04  5.30676E-05
  1701.00000  1.76009E-02  1.67320E-02  8.15923E-04  5.29523E-05
  1702.00000  1.75715E-02  1.67040E-02  8.14604E-04  5.28373E-05
  1703.00000  1.75421E-02  1.66761E-02  8.13288E-04  5.27226E-05
  1704.00000  1.75127E-02  1.66482E-02  8.11975E-04  5.26082E-05
  1705.00000  1.74835E-02  1.66203E-02  8.10665E-04  5.24941E-05
  1706.00000  1.74543E-02  1.65926E-02  8.09357E-04  5.23803E-05
  1707.00000  1.74252E-02  1.65649E-02  8.08053E-04  5.22668E-05
  1708.00000  1.73961E-02  1.65372E-02  8.06751E-04  5.21536E-05
  1709.00000  1.73671E-02  1.65096E-02  8.05452E-04  5.20407E-05
  1710.00000  1.73382E-02  1.64821E-02  8.04156E-04  5.19280E-05
  1711.00000  1.73093E-02  1.64546E-02  8.02862E-04  5.18157E-05
  1712.00000  1.72805E-02  1.64272E-02  8.01572E-04  5.17037E-05
  1713.00000  1.72518E-02  1.63999E-02  8.00284E-04  5.15919E-05
  1714.00000  1.72231E-02  1.63726E-02  7.98999E-04  5.14804E-05
  1715.00000  1.71945E-02  1.63454E-02  7.97717E-04  5.13692E-05
  1716.00000  1.71659E-02  1.63182E-02  7.96437E-04  5.12583E-05
  1717.00000  1.71374E-02  1.62911E-02  7.95160E-04  5.11477E-05
  1718.00000  1.71090E-02  1.62641E-02  7.93887E-04  5.10373E-05
  1719.00000  1.70806E-02  1.62371E-02  7.92615E-04  5.09272E-05
  1720.00000  1.70523E-02  1.62102E-02  7.91347E-04  5.08174E-05
  1721.00000  1.70241E-02  1.61833E-02  7.90081E-04  5.07079E-05
  1722.00000  1.69959E-02  1.61565E-02  7.88818E-04  5.05987E-05
  1723.00000  1.69678E-02  1.61298E-02  7.87558E-04  5.04897E-05
  1724.00000  1.69398E-02  1.61031E-02  7.86300E-04  5.03810E-05
  1725.00000  1.69118E-02  1.60765E-02  7.85045E-04  5.02725E-05
  1726.00000  1.68839E-02  1.60499E-02  7.83793E-04  5.01643E-05
  1727.00000  1.68560E-02  1.60234E-02  7.82543E-04  5.00564E-05
  1728.00000  1.68282E-02  1.59969E-02  7.81296E-04  4.99488E-05
  1729.00000  1.68004E-02  1.59705E-02  7.80052E-04  4.98414E-05
  1730.00000  1.67728E-02  1.59442E-02  7.78810E-04  4.97343E-05
  1731.00000  1.67451E-02  1.59179E-02  7.77571E-04  4.96275E-05
  1732.00000  1.67176E-02  1.58917E-02  7.76335E-04  4.95209E-05
  1733.00000  1.66901E-02  1.58655E-02  7.75101E-04  4.94145E-05
  1734.00000  1.66626E-02  1.58394E-02  7.73870E-04  4.93085E-05
  1735.00000  1.66352E-02  1.58134E-02  7.72642E-04  4.92027E-05
  1736.00000  1.66079E-02  1.57874E-02  7.71416E-04  4.90971E-05
  1737.00000  1.65807E-02  1.57615E-02  7.70193E-04  4.89918E-05
  1738.00000  1.65534E-02  1.57356E-02  7.68972E-04  4.88868E-05
  1739.00000  1.65263E-02  1.57098E-02  7.67754E-04  4.87820E-05
  1740.00000  1.64992E-02  1.56840E-02  7.66539E-04  4.86774E-05
  1741.00000  1.64722E-02  1.56583E-02  7.65326E-04  4.85732E-05
  1742.00000  1.64452E-02  1.56326E-02  7.64116E-04  4.84691E-05
  1743.00000  1.64183E-02  1.56070E-02  7.62908E-04  4.83654E-05
  1744.00000  1.63915E-02  1.55815E-02  7.61703E-04  4.82619E-05
  1745.00000  1.63647E-02  1.55560E-02  7.60500E-04  4.81586E-05
  1746.00000  1.63379E-02  1.55306E-02  7.59300E-04  4.80556E-05
  1747.00000  1.63113E-02  1.55052E-02  7.58102E-04  4.79528E-05
  1748.00000  1.62846E-02  1.54799E-02  7.56907E-04  4.78503E-05
  1749.00000  1.62581E-02  1.54546E-02  7.55715E-04  4.77481E-05
  1750.00000  1.62316E-02  1.54294E-02  7.54525E-04  4.76461E-05
  1751.00000  1.62051E-02  1.54042E-02  7.53337E-04  4.75443E-05
  1752.00000  1.61787E-02  1.53791E-02  7.52152E-04  4.74428E-05
  1753.00000  1.61524E-02  1.53541E-02  7.50969E-04  4.73415E-05
  1754.00000  1.61261E-02  1.53291E-02  7.49789E-04  4.72405E-05
  1755.00000  1.60999E-02  1.53042E-02  7.48612E-04  4.71398E-05
  1756.00000  1.60738E-02  1.52793E-02  7.47437E-04  4.70393E-05
  1757.00000  1.60476E-02  1.52544E-02  7.46264E-04  4.69390E-05
  1758.00000  1.60216E-02  1.52297E-02  7.45094E-04  4.68390E-05
  1759.00000  1.59956E-02  1.52049E-02  7.43926E-04  4.67393E-05
  1760.00000  1.59697E-02  1.51803E-02  7.42761E-04  4.66398E-05
  1761.00000  1.59438E-02  1.51556E-02  7.41598E-04  4.65405E-05
  1762.00000  1.59180E-02  1.51311E-02  7.40437E-04  4.64416E-05
  1763.00000  1.58922E-02  1.51066E-02  7.39279E-04  4.63428E-05
  1764.00000  1.58665E-02  1.50821E-02  7.38124E-04  4.62443E-05
  1765.00000  1.58408E-02  1.50577E-02  7.36971E-04  4.61461E-05
  1766.00000  1.58152E-02  1.50333E-02  7.35820E-04  4.60481E-05
  1767.00000  1.57897E-02  1.50090E-02  7.34671E-04  4.59504E-05
  1768.00000  1.57642E-02  1.49848E-02  7.33525E-04  4.58529E-05
  1769.00000  1.57387E-02  1.49606E-02  7.32382E-04  4.57557E-05
  1770.00000  1.57133E-02  1.49364E-02  7.31241E-04  4.56587E-05
  1771.00000  1.56880E-02  1.49123E-02  7.30102E-04  4.55620E-05
  1772.00000  1.56627E-02  1.48883E-02  7.28965E-04  4.54655E-05
  1773.00000  1.56375E-02  1.48643E-02  7.27831E-04  4.53693E-05
  1774.00000  1.56123E-02  1.48404E-02  7.26699E-04  4.52733E-05
  1775.00000  1.55872E-02  1.48165E-02  7.25570E-04  4.51776E-05
  1776.00000  1.55621E-02  1.47926E-02  7.24443E-04  4.50821E-05
  1777.00000  1.55371E-02  1.47688E-02  7.23318E-04  4.49869E-05
  1778.00000  1.55122E-02  1.47451E-02  7.22195E-04  4.48920E-05
  1779.00000  1.54873E-02  1.47214E-02  7.21075E-04  4.47973E-05
  1780.00000  1.54624E-02  1.46978E-02  7.19957E-04  4.47028E-05
  1781.00000  1.54376E-02  1.46742E-02  7.18842E-04  4.46087E-05
  1782.00000  1.54129E-02  1.46506E-02  7.17729E-04  4.45147E-05
  1783.00000  1.53882E-02  1.46271E-02  7.16618E-04  4.44210E-05
  1784.00000  1.53635E-02  1.46037E-02  7.15509E-04  4.43276E-05
  1785.00000  1.53389E-02  1.45803E-02  7.14403E-04  4.42344E-05
  1786.00000  1.53144E-02  1.45570E-02  7.13299E-04  4.41415E-05
  1787.00000  1.52899E-02  1.45337E-02  7.12197E-04  4.40488E-05
  1788.00000  1.52655E-02  1.45104E-02  7.11098E-04  4.39564E-05
  1789.00000  1.52411E-02  1.44872E-02  7.10000E-04  4.38642E-05
  1790.00000  1.52168E-02  1.44641E-02  7.08905E-04  4.37723E-05
  1791.00000  1.51925E-02  1.44410E-02  7.07813E-04  4.36806E-05
  1792.00000  1.51683E-02  1.44180E-02  7.06722E-04  4.35892E-05
  1793.00000  1.51441E-02  1.43950E-02  7.05634E-04  4.34980E-05
  1794.00000  1.51200E-02  1.43720E-02  7.04548E-04  4.34071E-05
  1795.00000  1.50959E-02  1.43491E-02  7.03464E-04  4.33164E-05
  1796.00000  1.50719E-02  1.43263E-02  7.02383E-04  4.32260E-05
  1797.00000  1.50479E-02  1.43035E-02  7.01304E-04  4.31358E-05
  1798.00000  1.50240E-02  1.42807E-02  7.00227E-04  4.30458E-05
  1799.00000  1.50001E-02  1.42580E-02  6.99152E-04  4.29561E-05
  1800.00000  1.49763E-02  1.42353E-02  6.98079E-04  4.28667E-05
  1801.00000  1.49525E-02  1.42127E-02  6.97009E-04  4.27775E-05
  1802.00000  1.49288E-02  1.41902E-02  6.95940E-04  4.26885E-05
  1803.00000  1.49051E-02  1.41676E-02  6.94874E-04  4.25998E-05
  1804.00000  1.48815E-02  1.41452E-02  6.93810E-04  4.25113E-05
  1805.00000  1.48579E-02  1.41227E-02  6.92749E-04  4.24231E-05
  1806.00000  1.48344E-02  1.41004E-02  6.91689E-04  4.23351E-05
  1807.00000  1.48109E-02  1.40780E-02  6.90632E-04  4.22474E-05
  1808.00000  1.47875E-02  1.40557E-02  6.89576E-04  4.21599E-05
  1809.00000  1.47641E-02  1.40335E-02  6.88523E-04  4.20726E-05
  1810.00000  1.47408E-02  1.40113E-02  6.87473E-04  4.19855E-05
  1811.00000  1.47175E-02  1.39892E-02  6.86424E-04  4.18987E-05
  1812.00000  1.46943E-02  1.39671E-02  6.85377E-04  4.18122E-05
  1813.00000  1.46711E-02  1.39450E-02  6.84333E-04  4.17258E-05
  1814.00000  1.46479E-02  1.39230E-02  6.83290E-04  4.16397E-05
  1815.00000  1.46248E-02  1.39010E-02  6.82250E-04  4.15539E-05
  1816.00000  1.46018E-02  1.38791E-02  6.81212E-04  4.14682E-05
  1817.00000  1.45788E-02  1.38573E-02  6.80176E-04  4.13828E-05
  1818.00000  1.45559E-02  1.38354E-02  6.79142E-04  4.12977E-05
  1819.00000  1.45330E-02  1.38137E-02  6.78110E-04  4.12127E-05
  1820.00000  1.45101E-02  1.37919E-02  6.77080E-04  4.11280E-05
  1821.00000  1.44873E-02  1.37702E-02  6.76053E-04  4.10435E-05
  1822.00000  1.44646E-02  1.37486E-02  6.75027E-04  4.09593E-05
  1823.00000  1.44419E-02  1.37270E-02  6.74004E-04  4.08752E-05
  1824.00000  1.44192E-02  1.37054E-02  6.72982E-04  4.07914E-05
  1825.00000  1.43966E-02  1.36839E-02  6.71963E-04  4.07078E-05
  1826.00000  1.43740E-02  1.36624E-02  6.70946E-04  4.06245E-05
  1827.00000  1.43515E-02  1.36410E-02  6.69931E-04  4.05413E-05
  1828.00000  1.43290E-02  1.36196E-02  6.68918E-04  4.04584E-05
  1829.00000  1.43066E-02  1.35983E-02  6.67907E-04  4.03757E-05
  1830.00000  1.42842E-02  1.35770E-02  6.66898E-04  4.02932E-05
  1831.00000  1.42619E-02  1.35558E-02  6.65891E-04  4.02109E-05
  1832.00000  1.42396E-02  1.35346E-02  6.64886E-04  4.01289E-05
  1833.00000  1.42173E-02  1.35134E-02  6.63883E-04  4.00471E-05
  1834.00000  1.41951E-02  1.34923E-02  6.62882E-04  3.99654E-05
  1835.00000  1.41730E-02  1.34712E-02  6.61883E-04  3.98840E-05
  1836.00000  1.41509E-02  1.34502E-02  6.60886E-04  3.98029E-05
  1837.00000  1.41288E-02  1.34292E-02  6.59891E-04  3.97219E-05
  1838.00000  1.41068E-02  1.34083E-02  6.58899E-04  3.96411E-05
  1839.00000  1.40848E-02  1.33874E-02  6.57908E-04  3.95606E-05
  1840.00000  1.40629E-02  1.33665E-02  6.56919E-04  3.94802E-05
  1841.00000  1.40410E-02  1.33457E-02  6.55932E-04  3.94001E-05
  1842.00000  1.40192E-02  1.33249E-02  6.54947E-04  3.93202E-05
  1843.00000  1.39974E-02  1.33042E-02  6.53964E-04  3.92405E-05
  1844.00000  1.39757E-02  1.32835E-02  6.52984E-04  3.91610E-05
  1845.00000  1.39539E-02  1.32629E-02  6.52005E-04  3.90817E-05
  1846.00000  1.39323E-02  1.32423E-02  6.51028E-04  3.90026E-05
  1847.00000  1.39107E-02  1.32217E-02  6.50053E-04  3.89237E-05
  1848.00000  1.38891E-02  1.32012E-02  6.49080E-04  3.88450E-05
  1849.00000  1.38676E-02  1.31807E-02  6.48109E-04  3.87665E-05
  1850.00000  1.38461E-02  1.31603E-02  6.47139E-04  3.86882E-05
  1851.00000  1.38247E-02  1.31399E-02  6.46172E-04  3.86101E-05
  1852.00000  1.38033E-02  1.31195E-02  6.45207E-04  3.85322E-05
  1853.00000  1.37819E-02  1.30992E-02  6.44244E-04  3.84546E-05
  1854.00000  1.37606E-02  1.30789E-02  6.43282E-04  3.83771E-05
  1855.00000  1.37393E-02  1.30587E-02  6.42323E-04  3.82998E-05
  1856.00000  1.37181E-02  1.30385E-02  6.41365E-04  3.82227E-05
  1857.00000  1.36969E-02  1.30184E-02  6.40410E-04  3.81458E-05
  1858.00000  1.36758E-02  1.29983E-02  6.39456E-04  3.80691E-05
  1859.00000  1.36547E-02  1.29782E-02  6.38504E-04  3.79926E-05
  1860.00000  1.36336E-02  1.29582E-02  6.37554E-04  3.79162E-05
  1861.00000  1.36126E-02  1.29382E-02  6.36606E-04  3.78401E-05
  1862.00000  1.35917E-02  1.29182E-02  6.35660E-04  3.77642E-05
  1863.00000  1.35707E-02  1.28983E-02  6.34715E-04  3.76884E-05
  1864.00000  1.35499E-02  1.28785E-02  6.33773E-04  3.76128E-05
  1865.00000  1.35290E-02  1.28587E-02  6.32832E-04  3.75374E-05
  1866.00000  1.35082E-02  1.28389E-02  6.31894E-04  3.74622E-05
  1867.00000  1.34875E-02  1.28191E-02  6.30957E-04  3.73872E-05
  1868.00000  1.34668E-02  1.27994E-02  6.30022E-04  3.73124E-05
  1869.00000  1.34461E-02  1.27798E-02  6.29089E-04  3.72377E-05
  1870.00000  1.34255E-02  1.27601E-02  6.28157E-04  3.71633E-05
  1871.00000  1.34049E-02  1.27406E-02  6.27228E-04  3.70890E-05
  1872.00000  1.33843E-02  1.27210E-02  6.26300E-04  3.70149E-05
  1873.00000  1.33638E-02  1.27015E-02  6.25375E-04  3.69409E-05
  1874.00000  1.33434E-02  1.26820E-02  6.24451E-04  3.68671E-05
  1875.00000  1.33229E-02  1.26626E-02  6.23529E-04  3.67936E-05
  1876.00000  1.33025E-02  1.26432E-02  6.22608E-04  3.67201E-05
  1877.00000  1.32822E-02  1.26239E-02  6.21690E-04  3.66469E-05
  1878.00000  1.32619E-02  1.26046E-02  6.20773E-04  3.65738E-05
  1879.00000  1.32416E-02  1.25853E-02  6.19858E-04  3.65009E-05
  1880.00000  1.32214E-02  1.25661E-02  6.18945E-04  3.64282E-05
  1881.00000  1.32012E-02  1.25469E-02  6.18034E-04  3.63556E-05
  1882.00000  1.31811E-02  1.25277E-02  6.17124E-04  3.62832E-05
  1883.00000  1.31610E-02  1.25086E-02  6.16217E-04  3.62110E-05
  1884.00000  1.31409E-02  1.24895E-02  6.15311E-04  3.61389E-05
  1885.00000  1.31209E-02  1.24705E-02  6.14406E-04  3.60670E-05
  1886.00000  1.31009E-02  1.24515E-02  6.13504E-04  3.59952E-05
  1887.00000  1.30810E-02  1.24325E-02  6.12603E-04  3.59236E-05
  1888.00000  1.30611E-02  1.24136E-02  6.11704E-04  3.58522E-05
  1889.00000  1.30413E-02  1.23947E-02  6.10807E-04  3.57809E-05
  1890.00000  1.30214E-02  1.23758E-02  6.09912E-04  3.57098E-05
  1891.00000  1.30017E-02  1.23570E-02  6.09018E-04  3.56389E-05
  1892.00000  1.29819E-02  1.23382E-02  6.08126E-04  3.55681E-05
  1893.00000  1.29622E-02  1.23195E-02  6.07236E-04  3.54974E-05
  1894.00000  1.29425E-02  1.23008E-02  6.06348E-04  3.54269E-05
  1895.00000  1.29229E-02  1.22821E-02  6.05461E-04  3.53566E-05
  1896.00000  1.29033E-02  1.22635E-02  6.04576E-04  3.52864E-05
  1897.00000  1.28838E-02  1.22449E-02  6.03693E-04  3.52164E-05
  1898.00000  1.28643E-02  1.22263E-02  6.02811E-04  3.51465E-05
  1899.00000  1.28448E-02  1.22078E-02  6.01931E-04  3.50768E-05
  1900.00000  1.28254E-02  1.21893E-02  6.01053E-04  3.50072E-05
  1901.00000  1.28060E-02  1.21709E-02  6.00176E-04  3.49378E-05
  1902.00000  1.27866E-02  1.21525E-02  5.99301E-04  3.48685E-05
  1903.00000  1.27673E-02  1.21341E-02  5.98428E-04  3.47993E-05
  1904.00000  1.27480E-02  1.21158E-02  5.97557E-04  3.47304E-05
  1905.00000  1.27288E-02  1.20975E-02  5.96687E-04  3.46615E-05
  1906.00000  1.27096E-02  1.20792E-02  5.95819E-04  3.45928E-05
  1907.00000  1.26904E-02  1.20610E-02  5.94953E-04  3.45243E-05
  1908.00000  1.26713E-02  1.20428E-02  5.94088E-04  3.44559E-05
  1909.00000  1.26522E-02  1.20246E-02  5.93225E-04  3.43876E-05
  1910.00000  1.26332E-02  1.20065E-02  5.92363E-04  3.43195E-05
  1911.00000  1.26142E-02  1.19884E-02  5.91503E-04  3.42515E-05
  1912.00000  1.25952E-02  1.19704E-02  5.90645E-04  3.41837E-05
  1913.00000  1.25763E-02  1.19523E-02  5.89789E-04  3.41160E-05
  1914.00000  1.25574E-02  1.19344E-02  5.88934E-04  3.40485E-05
  1915.00000  1.25385E-02  1.19164E-02  5.88081E-04  3.39811E-05
  1916.00000  1.25197E-02  1.18985E-02  5.87229E-04  3.39139E-05
  1917.00000  1.25009E-02  1.18806E-02  5.86379E-04  3.38468E-05
  1918.00000  1.24821E-02  1.18628E-02  5.85531E-04  3.37798E-05
  1919.00000  1.24634E-02  1.18450E-02  5.84684E-04  3.37130E-05
  1920.00000  1.24447E-02  1.18272E-02  5.83839E-04  3.36464E-05
  1921.00000  1.24261E-02  1.18095E-02  5.82995E-04  3.35798E-05
  1922.00000  1.24075E-02  1.17918E-02  5.82153E-04  3.35135E-05
  1923.00000  1.23889E-02  1.17741E-02  5.81313E-04  3.34472E-05
  1924.00000  1.23704E-02  1.17565E-02  5.80474E-04  3.33811E-05
  1925.00000  1.23519E-02  1.17389E-02  5.79637E-04  3.33152E-05
  1926.00000  1.23334E-02  1.17214E-02  5.78801E-04  3.32494E-05
  1927.00000  1.23150E-02  1.17038E-02  5.77967E-04  3.31837E-05
  1928.00000  1.22966E-02  1.16863E-02  5.77135E-04  3.31182E-05
  1929.00000  1.22782E-02  1.16689E-02  5.76304E-04  3.30529E-05
  1930.00000  1.22599E-02  1.16515E-02  5.75475E-04  3.29877E-05
  1931.00000  1.22416E-02  1.16341E-02  5.74647E-04  3.29226E-05
  1932.00000  1.22234E-02  1.16167E-02  5.73821E-04  3.28577E-05
  1933.00000  1.22052E-02  1.15994E-02  5.72996E-04  3.27929E-05
  1934.00000  1.21870E-02  1.15821E-02  5.72173E-04  3.27282E-05
  1935.00000  1.21689E-02  1.15649E-02  5.71351E-04  3.26637E-05
  1936.00000  1.21508E-02  1.15476E-02  5.70531E-04  3.25994E-05
  1937.00000  1.21327E-02  1.15305E-02  5.69713E-04  3.25352E-05
  1938.00000  1.21147E-02  1.15133E-02  5.68896E-04  3.24712E-05
  1939.00000  1.20967E-02  1.14962E-02  5.68081E-04  3.24072E-05
  1940.00000  1.20787E-02  1.14791E-02  5.67267E-04  3.23435E-05
  1941.00000  1.20608E-02  1.14620E-02  5.66454E-04  3.22799E-05
  1942.00000  1.20429E-02  1.14450E-02  5.65643E-04  3.22164E-05
  1943.00000  1.20250E-02  1.14280E-02  5.64834E-04  3.21531E-05
  1944.00000  1.20072E-02  1.14111E-02  5.64026E-04  3.20899E-05
  1945.00000  1.19894E-02  1.13942E-02  5.63220E-04  3.20269E-05
  1946.00000  1.19717E-02  1.13773E-02  5.62415E-04  3.19640E-05
  1947.00000  1.19539E-02  1.13604E-02  5.61612E-04  3.19013E-05
  1948.00000  1.19363E-02  1.13436E-02  5.60810E-04  3.18387E-05
  1949.00000  1.19186E-02  1.13268E-02  5.60010E-04  3.17763E-05
  1950.00000  1.19010E-02  1.13101E-02  5.59211E-04  3.17140E-05
  1951.00000  1.18834E-02  1.12933E-02  5.58414E-04  3.16519E-05
  1952.00000  1.18658E-02  1.12766E-02  5.57618E-04  3.15899E-05
  1953.00000  1.18483E-02  1.12600E-02  5.56823E-04  3.15280E-05
  1954.00000  1.18308E-02  1.12434E-02  5.56031E-04  3.14663E-05
  1955.00000  1.18134E-02  1.12268E-02  5.55239E-04  3.14048E-05
  1956.00000  1.17960E-02  1.12102E-02  5.54449E-04  3.13434E-05
  1957.00000  1.17786E-02  1.11937E-02  5.53661E-04  3.12822E-05
  1958.00000  1.17613E-02  1.11772E-02  5.52874E-04  3.12211E-05
  1959.00000  1.17439E-02  1.11607E-02  5.52088E-04  3.11601E-05
  1960.00000  1.17267E-02  1.11443E-02  5.51304E-04  3.10993E-05
  1961.00000  1.17094E-02  1.11279E-02  5.50521E-04  3.10386E-05
  1962.00000  1.16922E-02  1.11115E-02  5.49740E-04  3.09781E-05
  1963.00000  1.16750E-02  1.10951E-02  5.48961E-04  3.09177E-05
  1964.00000  1.16579E-02  1.10788E-02  5.48182E-04  3.08575E-05
  1965.00000  1.16408E-02  1.10625E-02  5.47405E-04  3.07975E-05
  1966.00000  1.16237E-02  1.10463E-02  5.46630E-04  3.07375E-05
  1967.00000  1.16066E-02  1.10301E-02  5.45856E-04  3.06777E-05
  1968.00000  1.15896E-02  1.10139E-02  5.45083E-04  3.06181E-05
  1969.00000  1.15726E-02  1.09977E-02  5.44312E-04  3.05586E-05
  1970.00000  1.15557E-02  1.09816E-02  5.43542E-04  3.04993E-05
  1971.00000  1.15387E-02  1.09655E-02  5.42774E-04  3.04401E-05
  1972.00000  1.15219E-02  1.09495E-02  5.42007E-04  3.03810E-05
  1973.00000  1.15050E-02  1.09334E-02  5.41242E-04  3.03221E-05
  1974.00000  1.14882E-02  1.09174E-02  5.40478E-04  3.02634E-05
  1975.00000  1.14714E-02  1.09015E-02  5.39715E-04  3.02047E-05
  1976.00000  1.14546E-02  1.08855E-02  5.38954E-04  3.01463E-05
  1977.00000  1.14379E-02  1.08696E-02  5.38194E-04  3.00879E-05
  1978.00000  1.14212E-02  1.08538E-02  5.37435E-04  3.00298E-05
  1979.00000  1.14046E-02  1.08379E-02  5.36678E-04  2.99717E-05
  1980.00000  1.13879E-02  1.08221E-02  5.35923E-04  2.99138E-05
  1981.00000  1.13713E-02  1.08063E-02  5.35168E-04  2.98561E-05
  1982.00000  1.13548E-02  1.07905E-02  5.34415E-04  2.97984E-05
  1983.00000  1.13382E-02  1.07748E-02  5.33664E-04  2.97410E-05
  1984.00000  1.13217E-02  1.07591E-02  5.32914E-04  2.96837E-05
  1985.00000  1.13053E-02  1.07435E-02  5.32165E-04  2.96265E-05
  1986.00000  1.12888E-02  1.07278E-02  5.31418E-04  2.95694E-05
  1987.00000  1.12724E-02  1.07122E-02  5.30672E-04  2.95125E-05
  1988.00000  1.12560E-02  1.06966E-02  5.29927E-04  2.94558E-05
  1989.00000  1.12397E-02  1.06811E-02  5.29184E-04  2.93991E-05
  1990.00000  1.12234E-02  1.06656E-02  5.28442E-04  2.93427E-05
  1991.00000  1.12071E-02  1.06501E-02  5.27701E-04  2.92863E-05
  1992.00000  1.11908E-02  1.06346E-02  5.26962E-04  2.92301E-05
  1993.00000  1.11746E-02  1.06192E-02  5.26224E-04  2.91741E-05
  1994.00000  1.11584E-02  1.06038E-02  5.25487E-04  2.91182E-05
  1995.00000  1.11423E-02  1.05884E-02  5.24752E-04  2.90624E-05
  1996.00000  1.11261E-02  1.05731E-02  5.24019E-04  2.90068E-05
  1997.00000  1.11100E-02  1.05578E-02  5.23286E-04  2.89513E-05
  1998.00000  1.10940E-02  1.05425E-02  5.22555E-04  2.88959E-05
  1999.00000  1.10779E-02  1.05273E-02  5.21825E-04  2.88407E-05
  2000.00000  1.10619E-02  1.05120E-02  5.21097E-04  2.87856E-05
  2001.00000  1.10459E-02  1.04968E-02  5.20370E-04  2.87307E-05
  2002.00000  1.10300E-02  1.04817E-02  5.19644E-04  2.86759E-05
  2003.00000  1.10141E-02  1.04665E-02  5.18919E-04  2.86212E-05
  2004.00000  1.09982E-02  1.04514E-02  5.18196E-04  2.85667E-05
  2005.00000  1.09823E-02  1.04363E-02  5.17474E-04  2.85123E-05
  2006.00000  1.09665E-02  1.04213E-02  5.16754E-04  2.84580E-05
  2007.00000  1.09507E-02  1.04063E-02  5.16035E-04  2.84039E-05
  2008.00000  1.09349E-02  1.03913E-02  5.15317E-04  2.83500E-05
  2009.00000  1.09192E-02  1.03763E-02  5.14600E-04  2.82961E-05
  2010.00000  1.09035E-02  1.03614E-02  5.13885E-04  2.82424E-05
  2011.00000  1.08878E-02  1.03465E-02  5.13171E-04  2.81888E-05
  2012.00000  1.08722E-02  1.03316E-02  5.12458E-04  2.81354E-05
  2013.00000  1.08565E-02  1.03167E-02  5.11747E-04  2.80821E-05
  2014.00000  1.08410E-02  1.03019E-02  5.11037E-04  2.80290E-05
  2015.00000  1.08254E-02  1.02871E-02  5.10328E-04  2.79759E-05
  2016.00000  1.08099E-02  1.02723E-02  5.09620E-04  2.79230E-05
  2017.00000  1.07944E-02  1.02576E-02  5.08914E-04  2.78703E-05
  2018.00000  1.07789E-02  1.02429E-02  5.08209E-04  2.78177E-05
  2019.00000  1.07635E-02  1.02282E-02  5.07506E-04  2.77652E-05
  2020.00000  1.07480E-02  1.02135E-02  5.06803E-04  2.77128E-05
  2021.00000  1.07327E-02  1.01989E-02  5.06102E-04  2.76606E-05
  2022.00000  1.07173E-02  1.01843E-02  5.05402E-04  2.76085E-05
  2023.00000  1.07020E-02  1.01697E-02  5.04704E-04  2.75565E-05
  2024.00000  1.06867E-02  1.01552E-02  5.04007E-04  2.75047E-05
  2025.00000  1.06714E-02  1.01407E-02  5.03311E-04  2.74530E-05
  2026.00000  1.06562E-02  1.01262E-02  5.02616E-04  2.74014E-05
  2027.00000  1.06410E-02  1.01117E-02  5.01922E-04  2.73500E-05
  2028.00000  1.06258E-02  1.00973E-02  5.01230E-04  2.72987E-05
  2029.00000  1.06106E-02  1.00828E-02  5.00539E-04  2.72475E-05
  2030.00000  1.05955E-02  1.00685E-02  4.99849E-04  2.71964E-05
  2031.00000  1.05804E-02  1.00541E-02  4.99161E-04  2.71455E-05
  2032.00000  1.05653E-02  1.00398E-02  4.98474E-04  2.70947E-05
  2033.00000  1.05503E-02  1.00255E-02  4.97788E-04  2.70440E-05
  2034.00000  1.05353E-02  1.00112E-02  4.97103E-04  2.69934E-05
  2035.00000  1.05203E-02  9.99694E-03  4.96419E-04  2.69430E-05
  2036.00000  1.05053E-02  9.98271E-03  4.95737E-04  2.68927E-05
  2037.00000  1.04904E-02  9.96852E-03  4.95056E-04  2.68425E-05
  2038.00000  1.04755E-02  9.95435E-03  4.94376E-04  2.67924E-05
  2039.00000  1.04606E-02  9.94020E-03  4.93698E-04  2.67425E-05
  2040.00000  1.04458E-02  9.92609E-03  4.93020E-04  2.66927E-05
  2041.00000  1.04310E-02  9.91199E-03  4.92344E-04  2.66430E-05
  2042.00000  1.04162E-02  9.89793E-03  4.91669E-04  2.65934E-05
  2043.00000  1.04014E-02  9.88389E-03  4.90996E-04  2.65439E-05
  2044.00000  1.03867E-02  9.86988E-03  4.90323E-04  2.64946E-05
  2045.00000  1.03720E-02  9.85589E-03  4.89652E-04  2.64453E-05
  2046.00000  1.03573E-02  9.84193E-03  4.88982E-04  2.63962E-05
  2047.00000  1.03427E-02  9.82800E-03  4.88313E-04  2.63472E-05
  2048.00000  1.03280E-02  9.81409E-03  4.87645E-04  2.62983E-05
  2049.00000  1.03134E-02  9.80021E-03  4.86979E-04  2.62495E-05
  2050.00000  1.02989E-02  9.78635E-03  4.86314E-04  2.62009E-05
  2051.00000  1.02843E-02  9.77252E-03  4.85650E-04  2.61523E-05
  2052.00000  1.02698E-02  9.75872E-03  4.84987E-04  2.61039E-05
  2053.00000  1.02553E-02  9.74494E-03  4.84325E-04  2.60555E-05
  2054.00000  1.02409E-02  9.73119E-03  4.83665E-04  2.60073E-05
  2055.00000  1.02264E-02  9.71746E-03  4.83005E-04  2.59592E-05
  2056.00000  1.02120E-02  9.70376E-03  4.82347E-04  2.59112E-05
  2057.00000  1.01976E-02  9.69008E-03  4.81690E-04  2.58633E-05
  2058.00000  1.01833E-02  9.67643E-03  4.81034E-04  2.58155E-05
  2059.00000  1.01690E-02  9.66281E-03  4.80380E-04  2.57678E-05
  2060.00000  1.01547E-02  9.64921E-03  4.79726E-04  2.57202E-05
  2061.00000  1.01404E-02  9.63563E-03  4.79074E-04  2.56727E-05
  2062.00000  1.01261E-02  9.62208E-03  4.78423E-04  2.56253E-05
  2063.00000  1.01119E-02  9.60856E-03  4.77773E-04  2.55780E-05
  2064.00000  1.00977E-02  9.59506E-03  4.77124E-04  2.55309E-05
  2065.00000  1.00835E-02  9.58158E-03  4.76477E-04  2.54838E-05
  2066.00000  1.00694E-02  9.56813E-03  4.75830E-04  2.54368E-05
  2067.00000  1.00553E-02  9.55471E-03  4.75185E-04  2.53899E-05
  2068.00000  1.00412E-02  9.54131E-03  4.74541E-04  2.53431E-05
  2069.00000  1.00271E-02  9.52793E-03  4.73898E-04  2.52964E-05
  2070.00000  1.00131E-02  9.51458E-03  4.73256E-04  2.52498E-05
  2071.00000  9.99908E-03  9.50126E-03  4.72615E-04  2.52033E-05
  2072.00000  9.98509E-03  9.48796E-03  4.71976E-04  2.51569E-05
  2073.00000  9.97113E-03  9.47468E-03  4.71337E-04  2.51106E-05
  2074.00000  9.95719E-03  9.46143E-03  4.70700E-04  2.50644E-05
  2075.00000  9.94328E-03  9.44820E-03  4.70064E-04  2.50183E-05
  2076.00000  9.92940E-03  9.43500E-03  4.69429E-04  2.49723E-05
  2077.00000  9.91554E-03  9.42182E-03  4.68795E-04  2.49263E-05
  2078.00000  9.90171E-03  9.40867E-03  4.68162E-04  2.48805E-05
  2079.00000  9.88790E-03  9.39554E-03  4.67530E-04  2.48348E-05
  2080.00000  9.87412E-03  9.38243E-03  4.66899E-04  2.47891E-05
  2081.00000  9.86036E-03  9.36935E-03  4.66270E-04  2.47435E-05
  2082.00000  9.84663E-03  9.35629E-03  4.65642E-04  2.46981E-05
  2083.00000  9.83293E-03  9.34326E-03  4.65014E-04  2.46527E-05
  2084.00000  9.81924E-03  9.33025E-03  4.64388E-04  2.46074E-05
  2085.00000  9.80559E-03  9.31726E-03  4.63763E-04  2.45622E-05
  2086.00000  9.79196E-03  9.30430E-03  4.63139E-04  2.45171E-05
  2087.00000  9.77835E-03  9.29136E-03  4.62516E-04  2.44720E-05
  2088.00000  9.76477E-03  9.27845E-03  4.61894E-04  2.44271E-05
  2089.00000  9.75122E-03  9.26556E-03  4.61274E-04  2.43823E-05
  2090.00000  9.73769E-03  9.25269E-03  4.60654E-04  2.43375E-05
  2091.00000  9.72418E-03  9.23985E-03  4.60036E-04  2.42928E-05
  2092.00000  9.71070E-03  9.22703E-03  4.59418E-04  2.42482E-05
  2093.00000  9.69724E-03  9.21424E-03  4.58802E-04  2.42037E-05
  2094.00000  9.68381E-03  9.20146E-03  4.58187E-04  2.41593E-05
  2095.00000  9.67040E-03  9.18871E-03  4.57572E-04  2.41150E-05
  2096.00000  9.65702E-03  9.17599E-03  4.56959E-04  2.40708E-05
  2097.00000  9.64366E-03  9.16329E-03  4.56347E-04  2.40266E-05
  2098.00000  9.63033E-03  9.15061E-03  4.55736E-04  2.39826E-05
  2099.00000  9.61702E-03  9.13795E-03  4.55126E-04  2.39386E-05
  2100.00000  9.60373E-03  9.12532E-03  4.54518E-04  2.38947E-05
  2101.00000  9.59047E-03  9.11271E-03  4.53910E-04  2.38509E-05
  2102.00000  9.57723E-03  9.10012E-03  4.53303E-04  2.38072E-05
  2103.00000  9.56402E-03  9.08756E-03  4.52697E-04  2.37636E-05
  2104.00000  9.55083E-03  9.07502E-03  4.52093E-04  2.37201E-05
  2105.00000  9.53767E-03  9.06250E-03  4.51489E-04  2.36766E-05
  2106.00000  9.52453E-03  9.05001E-03  4.50886E-04  2.36332E-05
  2107.00000  9.51141E-03  9.03753E-03  4.50285E-04  2.35900E-05
  2108.00000  9.49832E-03  9.02509E-03  4.49684E-04  2.35468E-05
  2109.00000  9.48525E-03  9.01266E-03  4.49085E-04  2.35037E-05
  2110.00000  9.47220E-03  9.00025E-03  4.48487E-04  2.34606E-05
  2111.00000  9.45918E-03  8.98787E-03  4.47889E-04  2.34177E-05
  2112.00000  9.44618E-03  8.97551E-03  4.47293E-04  2.33749E-05
  2113.00000  9.43321E-03  8.96318E-03  4.46698E-04  2.33321E-05
  2114.00000  9.42026E-03  8.95086E-03  4.46103E-04  2.32894E-05
  2115.00000  9.40733E-03  8.93857E-03  4.45510E-04  2.32468E-05
  2116.00000  9.39443E-03  8.92630E-03  4.44918E-04  2.32043E-05
  2117.00000  9.38154E-03  8.91406E-03  4.44327E-04  2.31619E-05
  2118.00000  9.36869E-03  8.90183E-03  4.43736E-04  2.31196E-05
  2119.00000  9.35585E-03  8.88963E-03  4.43147E-04  2.30773E-05
  2120.00000  9.34304E-03  8.87745E-03  4.42559E-04  2.30352E-05
  2121.00000  9.33025E-03  8.86529E-03  4.41972E-04  2.29931E-05
  2122.00000  9.31749E-03  8.85315E-03  4.41386E-04  2.29511E-05
  2123.00000  9.30475E-03  8.84104E-03  4.40801E-04  2.29092E-05
  2124.00000  9.29203E-03  8.82895E-03  4.40216E-04  2.28674E-05
  2125.00000  9.27933E-03  8.81688E-03  4.39633E-04  2.28257E-05
  2126.00000  9.26666E-03  8.80483E-03  4.39051E-04  2.27840E-05
  2127.00000  9.25401E-03  8.79280E-03  4.38470E-04  2.27425E-05
  2128.00000  9.24139E-03  8.78080E-03  4.37890E-04  2.27010E-05
  2129.00000  9.22878E-03  8.76881E-03  4.37311E-04  2.26596E-05
  2130.00000  9.21620E-03  8.75685E-03  4.36732E-04  2.26183E-05
  2131.00000  9.20364E-03  8.74491E-03  4.36155E-04  2.25771E-05
  2132.00000  9.19111E-03  8.73299E-03  4.35579E-04  2.25359E-05
  2133.00000  9.17859E-03  8.72109E-03  4.35004E-04  2.24949E-05
  2134.00000  9.16610E-03  8.70922E-03  4.34430E-04  2.24539E-05
  2135.00000  9.15363E-03  8.69737E-03  4.33856E-04  2.24130E-05
  2136.00000  9.14119E-03  8.68553E-03  4.33284E-04  2.23723E-05
  2137.00000  9.12877E-03  8.67372E-03  4.32713E-04  2.23315E-05
  2138.00000  9.11636E-03  8.66193E-03  4.32142E-04  2.22909E-05
  2139.00000  9.10399E-03  8.65016E-03  4.31573E-04  2.22504E-05
  2140.00000  9.09163E-03  8.63841E-03  4.31005E-04  2.22099E-05
  2141.00000  9.07929E-03  8.62669E-03  4.30437E-04  2.21696E-05
  2142.00000  9.06698E-03  8.61498E-03  4.29871E-04  2.21293E-05
  2143.00000  9.05469E-03  8.60330E-03  4.29305E-04  2.20891E-05
  2144.00000  9.04242E-03  8.59163E-03  4.28740E-04  2.20490E-05
  2145.00000  9.03018E-03  8.57999E-03  4.28177E-04  2.20089E-05
  2146.00000  9.01795E-03  8.56837E-03  4.27614E-04  2.19690E-05
  2147.00000  9.00575E-03  8.55677E-03  4.27053E-04  2.19291E-05
  2148.00000  8.99357E-03  8.54519E-03  4.26492E-04  2.18893E-05
  2149.00000  8.98141E-03  8.53363E-03  4.25932E-04  2.18496E-05
  2150.00000  8.96927E-03  8.52209E-03  4.25373E-04  2.18100E-05
  2151.00000  8.95716E-03  8.51057E-03  4.24815E-04  2.17705E-05
  2152.00000  8.94507E-03  8.49908E-03  4.24258E-04  2.17311E-05
  2153.00000  8.93299E-03  8.48760E-03  4.23702E-04  2.16917E-05
  2154.00000  8.92094E-03  8.47614E-03  4.23147E-04  2.16524E-05
  2155.00000  8.90891E-03  8.46471E-03  4.22593E-04  2.16133E-05
  2156.00000  8.89691E-03  8.45329E-03  4.22040E-04  2.15742E-05
  2157.00000  8.88492E-03  8.44190E-03  4.21487E-04  2.15351E-05
  2158.00000  8.87295E-03  8.43052E-03  4.20936E-04  2.14962E-05
  2159.00000  8.86101E-03  8.41917E-03  4.20386E-04  2.14574E-05
  2160.00000  8.84909E-03  8.40783E-03  4.19836E-04  2.14186E-05
  2161.00000  8.83719E-03  8.39652E-03  4.19288E-04  2.13799E-05
  2162.00000  8.82531E-03  8.38522E-03  4.18740E-04  2.13413E-05
  2163.00000  8.81345E-03  8.37395E-03  4.18193E-04  2.13028E-05
  2164.00000  8.80161E-03  8.36270E-03  4.17647E-04  2.12644E-05
  2165.00000  8.78979E-03  8.35146E-03  4.17102E-04  2.12261E-05
  2166.00000  8.77800E-03  8.34025E-03  4.16559E-04  2.11878E-05
  2167.00000  8.76622E-03  8.32906E-03  4.16015E-04  2.11497E-05
  2168.00000  8.75447E-03  8.31788E-03  4.15473E-04  2.11116E-05
  2169.00000  8.74273E-03  8.30673E-03  4.14932E-04  2.10736E-05
  2170.00000  8.73102E-03  8.29559E-03  4.14392E-04  2.10357E-05
  2171.00000  8.71933E-03  8.28448E-03  4.13852E-04  2.09979E-05
  2172.00000  8.70766E-03  8.27339E-03  4.13314E-04  2.09601E-05
  2173.00000  8.69601E-03  8.26231E-03  4.12776E-04  2.09225E-05
  2174.00000  8.68438E-03  8.25126E-03  4.12240E-04  2.08849E-05
  2175.00000  8.67277E-03  8.24022E-03  4.11704E-04  2.08474E-05
  2176.00000  8.66118E-03  8.22920E-03  4.11169E-04  2.08100E-05
  2177.00000  8.64961E-03  8.21821E-03  4.10635E-04  2.07727E-05
  2178.00000  8.63807E-03  8.20723E-03  4.10102E-04  2.07355E-05
  2179.00000  8.62654E-03  8.19627E-03  4.09570E-04  2.06984E-05
  2180.00000  8.61503E-03  8.18533E-03  4.09039E-04  2.06614E-05
  2181.00000  8.60355E-03  8.17441E-03  4.08508E-04  2.06244E-05
  2182.00000  8.59208E-03  8.16351E-03  4.07979E-04  2.05875E-05
  2183.00000  8.58063E-03  8.15263E-03  4.07450E-04  2.05508E-05
  2184.00000  8.56921E-03  8.14177E-03  4.06922E-04  2.05141E-05
  2185.00000  8.55780E-03  8.13093E-03  4.06396E-04  2.04775E-05
  2186.00000  8.54642E-03  8.12011E-03  4.05870E-04  2.04410E-05
  2187.00000  8.53505E-03  8.10930E-03  4.05345E-04  2.04045E-05
  2188.00000  8.52371E-03  8.09852E-03  4.04820E-04  2.03682E-05
  2189.00000  8.51238E-03  8.08775E-03  4.04297E-04  2.03320E-05
  2190.00000  8.50107E-03  8.07700E-03  4.03775E-04  2.02958E-05
  2191.00000  8.48979E-03  8.06628E-03  4.03253E-04  2.02597E-05
  2192.00000  8.47852E-03  8.05557E-03  4.02732E-04  2.02237E-05
  2193.00000  8.46728E-03  8.04488E-03  4.02213E-04  2.01878E-05
  2194.00000  8.45605E-03  8.03420E-03  4.01694E-04  2.01520E-05
  2195.00000  8.44484E-03  8.02355E-03  4.01176E-04  2.01163E-05
  2196.00000  8.43365E-03  8.01292E-03  4.00658E-04  2.00807E-05
  2197.00000  8.42249E-03  8.00230E-03  4.00142E-04  2.00451E-05
  2198.00000  8.41134E-03  7.99170E-03  3.99627E-04  2.00097E-05
  2199.00000  8.40021E-03  7.98112E-03  3.99112E-04  1.99743E-05
  2200.00000  8.38910E-03  7.97056E-03  3.98598E-04  1.99390E-05
  2201.00000  8.37801E-03  7.96002E-03  3.98085E-04  1.99038E-05
  2202.00000  8.36694E-03  7.94950E-03  3.97573E-04  1.98687E-05
  2203.00000  8.35589E-03  7.93899E-03  3.97062E-04  1.98337E-05
  2204.00000  8.34486E-03  7.92851E-03  3.96552E-04  1.97987E-05
  2205.00000  8.33384E-03  7.91804E-03  3.96043E-04  1.97639E-05
  2206.00000  8.32285E-03  7.90759E-03  3.95534E-04  1.97291E-05
  2207.00000  8.31188E-03  7.89716E-03  3.95026E-04  1.96945E-05
  2208.00000  8.30092E-03  7.88674E-03  3.94519E-04  1.96599E-05
  2209.00000  8.28999E-03  7.87635E-03  3.94013E-04  1.96254E-05
  2210.00000  8.27907E-03  7.86597E-03  3.93508E-04  1.95910E-05
  2211.00000  8.26817E-03  7.85561E-03  3.93004E-04  1.95566E-05
  2212.00000  8.25729E-03  7.84527E-03  3.92500E-04  1.95224E-05
  2213.00000  8.24643E-03  7.83495E-03  3.91998E-04  1.94882E-05
  2214.00000  8.23559E-03  7.82464E-03  3.91496E-04  1.94541E-05
  2215.00000  8.22477E-03  7.81435E-03  3.90995E-04  1.94201E-05
  2216.00000  8.21397E-03  7.80408E-03  3.90495E-04  1.93862E-05
  2217.00000  8.20318E-03  7.79383E-03  3.89996E-04  1.93524E-05
  2218.00000  8.19241E-03  7.78360E-03  3.89497E-04  1.93187E-05
  2219.00000  8.18167E-03  7.77338E-03  3.89000E-04  1.92850E-05
  2220.00000  8.17094E-03  7.76318E-03  3.88503E-04  1.92514E-05
  2221.00000  8.16023E-03  7.75300E-03  3.88007E-04  1.92179E-05
  2222.00000  8.14954E-03  7.74284E-03  3.87512E-04  1.91845E-05
  2223.00000  8.13886E-03  7.73270E-03  3.87018E-04  1.91512E-05
  2224.00000  8.12821E-03  7.72257E-03  3.86525E-04  1.91179E-05
  2225.00000  8.11757E-03  7.71246E-03  3.86032E-04  1.90847E-05
  2226.00000  8.10696E-03  7.70236E-03  3.85540E-04  1.90516E-05
  2227.00000  8.09636E-03  7.69229E-03  3.85049E-04  1.90186E-05
  2228.00000  8.08578E-03  7.68223E-03  3.84559E-04  1.89857E-05
  2229.00000  8.07521E-03  7.67219E-03  3.84070E-04  1.89528E-05
  2230.00000  8.06467E-03  7.66217E-03  3.83581E-04  1.89200E-05
  2231.00000  8.05414E-03  7.65216E-03  3.83094E-04  1.88873E-05
  2232.00000  8.04363E-03  7.64217E-03  3.82607E-04  1.88547E-05
  2233.00000  8.03314E-03  7.63220E-03  3.82121E-04  1.88221E-05
  2234.00000  8.02267E-03  7.62225E-03  3.81636E-04  1.87896E-05
  2235.00000  8.01222E-03  7.61231E-03  3.81151E-04  1.87572E-05
  2236.00000  8.00178E-03  7.60239E-03  3.80668E-04  1.87249E-05
  2237.00000  7.99136E-03  7.59248E-03  3.80185E-04  1.86927E-05
  2238.00000  7.98096E-03  7.58260E-03  3.79703E-04  1.86605E-05
  2239.00000  7.97058E-03  7.57273E-03  3.79222E-04  1.86284E-05
  2240.00000  7.96021E-03  7.56288E-03  3.78742E-04  1.85963E-05
  2241.00000  7.94987E-03  7.55304E-03  3.78262E-04  1.85644E-05
  2242.00000  7.93954E-03  7.54322E-03  3.77783E-04  1.85325E-05
  2243.00000  7.92923E-03  7.53342E-03  3.77305E-04  1.85006E-05
  2244.00000  7.91893E-03  7.52364E-03  3.76828E-04  1.84689E-05
  2245.00000  7.90866E-03  7.51387E-03  3.76352E-04  1.84372E-05
  2246.00000  7.89840E-03  7.50412E-03  3.75876E-04  1.84056E-05
  2247.00000  7.88816E-03  7.49438E-03  3.75402E-04  1.83740E-05
  2248.00000  7.87793E-03  7.48466E-03  3.74928E-04  1.83426E-05
  2249.00000  7.86773E-03  7.47496E-03  3.74455E-04  1.83112E-05
  2250.00000  7.85754E-03  7.46528E-03  3.73982E-04  1.82798E-05
  2251.00000  7.84737E-03  7.45561E-03  3.73511E-04  1.82486E-05
  2252.00000  7.83721E-03  7.44596E-03  3.73040E-04  1.82174E-05
  2253.00000  7.82708E-03  7.43632E-03  3.72570E-04  1.81862E-05
  2254.00000  7.81696E-03  7.42670E-03  3.72101E-04  1.81551E-05
  2255.00000  7.80686E-03  7.41710E-03  3.71632E-04  1.81241E-05
  2256.00000  7.79677E-03  7.40751E-03  3.71164E-04  1.80932E-05
  2257.00000  7.78670E-03  7.39794E-03  3.70698E-04  1.80623E-05
  2258.00000  7.77665E-03  7.38839E-03  3.70231E-04  1.80315E-05
  2259.00000  7.76662E-03  7.37885E-03  3.69766E-04  1.80008E-05
  2260.00000  7.75660E-03  7.36933E-03  3.69302E-04  1.79701E-05
  2261.00000  7.74660E-03  7.35983E-03  3.68838E-04  1.79395E-05
  2262.00000  7.73662E-03  7.35034E-03  3.68375E-04  1.79089E-05
  2263.00000  7.72666E-03  7.34087E-03  3.67913E-04  1.78784E-05
  2264.00000  7.71671E-03  7.33141E-03  3.67451E-04  1.78480E-05
  2265.00000  7.70678E-03  7.32197E-03  3.66990E-04  1.78176E-05
  2266.00000  7.69686E-03  7.31254E-03  3.66530E-04  1.77873E-05
  2267.00000  7.68696E-03  7.30314E-03  3.66071E-04  1.77571E-05
  2268.00000  7.67708E-03  7.29374E-03  3.65613E-04  1.77269E-05
  2269.00000  7.66722E-03  7.28437E-03  3.65155E-04  1.76968E-05
  2270.00000  7.65737E-03  7.27501E-03  3.64698E-04  1.76667E-05
  2271.00000  7.64754E-03  7.26566E-03  3.64242E-04  1.76367E-05
  2272.00000  7.63772E-03  7.25633E-03  3.63787E-04  1.76068E-05
  2273.00000  7.62793E-03  7.24702E-03  3.63332E-04  1.75769E-05
  2274.00000  7.61815E-03  7.23772E-03  3.62878E-04  1.75471E-05
  2275.00000  7.60838E-03  7.22844E-03  3.62425E-04  1.75174E-05
  2276.00000  7.59863E-03  7.21917E-03  3.61973E-04  1.74877E-05
  2277.00000  7.58890E-03  7.20992E-03  3.61521E-04  1.74580E-05
  2278.00000  7.57918E-03  7.20069E-03  3.61070E-04  1.74285E-05
  2279.00000  7.56948E-03  7.19147E-03  3.60620E-04  1.73989E-05
  2280.00000  7.55980E-03  7.18226E-03  3.60171E-04  1.73695E-05
  2281.00000  7.55013E-03  7.17307E-03  3.59722E-04  1.73401E-05
  2282.00000  7.54048E-03  7.16390E-03  3.59274E-04  1.73107E-05
  2283.00000  7.53085E-03  7.15474E-03  3.58827E-04  1.72815E-05
  2284.00000  7.52123E-03  7.14560E-03  3.58380E-04  1.72522E-05
  2285.00000  7.51163E-03  7.13647E-03  3.57935E-04  1.72231E-05
  2286.00000  7.50204E-03  7.12736E-03  3.57490E-04  1.71939E-05
  2287.00000  7.49247E-03  7.11826E-03  3.57045E-04  1.71649E-05
  2288.00000  7.48292E-03  7.10918E-03  3.56602E-04  1.71359E-05
  2289.00000  7.47338E-03  7.10012E-03  3.56159E-04  1.71069E-05
  2290.00000  7.46386E-03  7.09107E-03  3.55717E-04  1.70781E-05
  2291.00000  7.45435E-03  7.08203E-03  3.55275E-04  1.70492E-05
  2292.00000  7.44487E-03  7.07301E-03  3.54835E-04  1.70205E-05
  2293.00000  7.43539E-03  7.06400E-03  3.54395E-04  1.69917E-05
  2294.00000  7.42593E-03  7.05501E-03  3.53956E-04  1.69631E-05
  2295.00000  7.41649E-03  7.04604E-03  3.53517E-04  1.69345E-05
  2296.00000  7.40706E-03  7.03708E-03  3.53079E-04  1.69059E-05
  2297.00000  7.39765E-03  7.02813E-03  3.52642E-04  1.68774E-05
  2298.00000  7.38826E-03  7.01920E-03  3.52206E-04  1.68490E-05
  2299.00000  7.37888E-03  7.01029E-03  3.51770E-04  1.68206E-05
  2300.00000  7.36952E-03  7.00139E-03  3.51335E-04  1.67922E-05
  2301.00000  7.36017E-03  6.99250E-03  3.50901E-04  1.67639E-05
  2302.00000  7.35083E-03  6.98363E-03  3.50467E-04  1.67357E-05
  2303.00000  7.34152E-03  6.97478E-03  3.50035E-04  1.67075E-05
  2304.00000  7.33222E-03  6.96593E-03  3.49602E-04  1.66794E-05
  2305.00000  7.32293E-03  6.95711E-03  3.49171E-04  1.66513E-05
  2306.00000  7.31366E-03  6.94830E-03  3.48740E-04  1.66233E-05
  2307.00000  7.30440E-03  6.93950E-03  3.48310E-04  1.65953E-05
  2308.00000  7.29516E-03  6.93072E-03  3.47881E-04  1.65674E-05
  2309.00000  7.28594E-03  6.92195E-03  3.47452E-04  1.65395E-05
  2310.00000  7.27673E-03  6.91319E-03  3.47024E-04  1.65117E-05
  2311.00000  7.26754E-03  6.90446E-03  3.46597E-04  1.64840E-05
  2312.00000  7.25836E-03  6.89573E-03  3.46170E-04  1.64562E-05
  2313.00000  7.24919E-03  6.88702E-03  3.45745E-04  1.64286E-05
  2314.00000  7.24005E-03  6.87833E-03  3.45319E-04  1.64010E-05
  2315.00000  7.23091E-03  6.86964E-03  3.44895E-04  1.63734E-05
  2316.00000  7.22179E-03  6.86098E-03  3.44471E-04  1.63459E-05
  2317.00000  7.21269E-03  6.85232E-03  3.44048E-04  1.63184E-05
  2318.00000  7.20360E-03  6.84369E-03  3.43625E-04  1.62910E-05
  2319.00000  7.19453E-03  6.83506E-03  3.43204E-04  1.62636E-05
  2320.00000  7.18547E-03  6.82645E-03  3.42782E-04  1.62363E-05
  2321.00000  7.17643E-03  6.81786E-03  3.42362E-04  1.62091E-05
  2322.00000  7.16740E-03  6.80928E-03  3.41942E-04  1.61818E-05
  2323.00000  7.15839E-03  6.80071E-03  3.41523E-04  1.61547E-05
  2324.00000  7.14939E-03  6.79216E-03  3.41105E-04  1.61276E-05
  2325.00000  7.14040E-03  6.78362E-03  3.40687E-04  1.61005E-05
  2326.00000  7.13143E-03  6.77509E-03  3.40270E-04  1.60735E-05
  2327.00000  7.12248E-03  6.76658E-03  3.39853E-04  1.60465E-05
  2328.00000  7.11354E-03  6.75808E-03  3.39437E-04  1.60195E-05
  2329.00000  7.10462E-03  6.74960E-03  3.39022E-04  1.59927E-05
  2330.00000  7.09571E-03  6.74113E-03  3.38608E-04  1.59658E-05
  2331.00000  7.08681E-03  6.73268E-03  3.38194E-04  1.59390E-05
  2332.00000  7.07793E-03  6.72424E-03  3.37781E-04  1.59123E-05
  2333.00000  7.06906E-03  6.71581E-03  3.37368E-04  1.58856E-05
  2334.00000  7.06021E-03  6.70740E-03  3.36956E-04  1.58590E-05
  2335.00000  7.05137E-03  6.69900E-03  3.36545E-04  1.58324E-05
  2336.00000  7.04255E-03  6.69061E-03  3.36135E-04  1.58058E-05
  2337.00000  7.03374E-03  6.68224E-03  3.35725E-04  1.57793E-05
  2338.00000  7.02495E-03  6.67388E-03  3.35316E-04  1.57529E-05
  2339.00000  7.01617E-03  6.66554E-03  3.34907E-04  1.57264E-05
  2340.00000  7.00740E-03  6.65721E-03  3.34499E-04  1.57001E-05
  2341.00000  6.99865E-03  6.64889E-03  3.34092E-04  1.56738E-05
  2342.00000  6.98992E-03  6.64059E-03  3.33685E-04  1.56475E-05
  2343.00000  6.98120E-03  6.63230E-03  3.33279E-04  1.56213E-05
  2344.00000  6.97249E-03  6.62402E-03  3.32874E-04  1.55951E-05
  2345.00000  6.96379E-03  6.61576E-03  3.32469E-04  1.55690E-05
  2346.00000  6.95511E-03  6.60751E-03  3.32065E-04  1.55429E-05
  2347.00000  6.94645E-03  6.59927E-03  3.31661E-04  1.55169E-05
  2348.00000  6.93780E-03  6.59105E-03  3.31258E-04  1.54909E-05
  2349.00000  6.92916E-03  6.58284E-03  3.30856E-04  1.54649E-05
  2350.00000  6.92054E-03  6.57464E-03  3.30454E-04  1.54391E-05
  2351.00000  6.91193E-03  6.56646E-03  3.30054E-04  1.54132E-05
  2352.00000  6.90333E-03  6.55829E-03  3.29653E-04  1.53874E-05
  2353.00000  6.89475E-03  6.55014E-03  3.29254E-04  1.53617E-05
  2354.00000  6.88618E-03  6.54199E-03  3.28854E-04  1.53360E-05
  2355.00000  6.87763E-03  6.53387E-03  3.28456E-04  1.53103E-05
  2356.00000  6.86909E-03  6.52575E-03  3.28058E-04  1.52847E-05
  2357.00000  6.86057E-03  6.51765E-03  3.27661E-04  1.52592E-05
  2358.00000  6.85205E-03  6.50956E-03  3.27264E-04  1.52337E-05
  2359.00000  6.84356E-03  6.50148E-03  3.26868E-04  1.52082E-05
  2360.00000  6.83507E-03  6.49342E-03  3.26473E-04  1.51828E-05
  2361.00000  6.82660E-03  6.48537E-03  3.26078E-04  1.51575E-05
  2362.00000  6.81815E-03  6.47733E-03  3.25684E-04  1.51322E-05
  2363.00000  6.80970E-03  6.46931E-03  3.25291E-04  1.51069E-05
  2364.00000  6.80127E-03  6.46129E-03  3.24898E-04  1.50817E-05
  2365.00000  6.79286E-03  6.45330E-03  3.24506E-04  1.50566E-05
  2366.00000  6.78446E-03  6.44531E-03  3.24114E-04  1.50315E-05
  2367.00000  6.77607E-03  6.43734E-03  3.23723E-04  1.50064E-05
  2368.00000  6.76769E-03  6.42938E-03  3.23332E-04  1.49814E-05
  2369.00000  6.75933E-03  6.42143E-03  3.22943E-04  1.49565E-05
  2370.00000  6.75098E-03  6.41350E-03  3.22553E-04  1.49316E-05
  2371.00000  6.74265E-03  6.40558E-03  3.22165E-04  1.49067E-05
  2372.00000  6.73433E-03  6.39767E-03  3.21777E-04  1.48819E-05
  2373.00000  6.72602E-03  6.38977E-03  3.21389E-04  1.48572E-05
  2374.00000  6.71773E-03  6.38189E-03  3.21003E-04  1.48325E-05
  2375.00000  6.70945E-03  6.37402E-03  3.20616E-04  1.48079E-05
  2376.00000  6.70118E-03  6.36616E-03  3.20231E-04  1.47833E-05
  2377.00000  6.69292E-03  6.35832E-03  3.19846E-04  1.47587E-05
  2378.00000  6.68468E-03  6.35049E-03  3.19461E-04  1.47343E-05
  2379.00000  6.67646E-03  6.34267E-03  3.19077E-04  1.47098E-05
  2380.00000  6.66824E-03  6.33486E-03  3.18694E-04  1.46855E-05
  2381.00000  6.66004E-03  6.32707E-03  3.18312E-04  1.46611E-05
  2382.00000  6.65185E-03  6.31929E-03  3.17929E-04  1.46369E-05
  2383.00000  6.64368E-03  6.31152E-03  3.17548E-04  1.46126E-05
  2384.00000  6.63552E-03  6.30376E-03  3.17167E-04  1.45885E-05
  2385.00000  6.62737E-03  6.29602E-03  3.16787E-04  1.45644E-05
  2386.00000  6.61923E-03  6.28829E-03  3.16407E-04  1.45403E-05
  2387.00000  6.61111E-03  6.28057E-03  3.16028E-04  1.45163E-05
  2388.00000  6.60300E-03  6.27286E-03  3.15650E-04  1.44924E-05
  2389.00000  6.59491E-03  6.26517E-03  3.15272E-04  1.44685E-05
  2390.00000  6.58682E-03  6.25748E-03  3.14894E-04  1.44446E-05
  2391.00000  6.57875E-03  6.24982E-03  3.14518E-04  1.44208E-05
  2392.00000  6.57070E-03  6.24216E-03  3.14141E-04  1.43971E-05
  2393.00000  6.56265E-03  6.23451E-03  3.13766E-04  1.43734E-05
  2394.00000  6.55462E-03  6.22688E-03  3.13391E-04  1.43498E-05
  2395.00000  6.54660E-03  6.21926E-03  3.13016E-04  1.43262E-05
  2396.00000  6.53860E-03  6.21165E-03  3.12643E-04  1.43027E-05
  2397.00000  6.53060E-03  6.20405E-03  3.12269E-04  1.42792E-05
  2398.00000  6.52262E-03  6.19647E-03  3.11897E-04  1.42558E-05
  2399.00000  6.51466E-03  6.18890E-03  3.11525E-04  1.42324E-05
  2400.00000  6.50670E-03  6.18134E-03  3.11153E-04  1.42091E-05
  2401.00000  6.49876E-03  6.17379E-03  3.10782E-04  1.41859E-05
  2402.00000  6.49083E-03  6.16625E-03  3.10412E-04  1.41627E-05
  2403.00000  6.48291E-03  6.15873E-03  3.10042E-04  1.41395E-05
  2404.00000  6.47501E-03  6.15122E-03  3.09673E-04  1.41165E-05
  2405.00000  6.46712E-03  6.14372E-03  3.09304E-04  1.40934E-05
  2406.00000  6.45924E-03  6.13623E-03  3.08936E-04  1.40704E-05
  2407.00000  6.45137E-03  6.12875E-03  3.08569E-04  1.40475E-05
  2408.00000  6.44352E-03  6.12129E-03  3.08202E-04  1.40246E-05
  2409.00000  6.43568E-03  6.11384E-03  3.07835E-04  1.40018E-05
  2410.00000  6.42785E-03  6.10640E-03  3.07470E-04  1.39790E-05
  2411.00000  6.42003E-03  6.09897E-03  3.07104E-04  1.39563E-05
  2412.00000  6.41223E-03  6.09155E-03  3.06740E-04  1.39336E-05
  2413.00000  6.40443E-03  6.08415E-03  3.06376E-04  1.39110E-05
  2414.00000  6.39666E-03  6.07675E-03  3.06012E-04  1.38885E-05
  2415.00000  6.38889E-03  6.06937E-03  3.05649E-04  1.38659E-05
  2416.00000  6.38113E-03  6.06200E-03  3.05287E-04  1.38435E-05
  2417.00000  6.37339E-03  6.05465E-03  3.04925E-04  1.38211E-05
  2418.00000  6.36566E-03  6.04730E-03  3.04563E-04  1.37987E-05
  2419.00000  6.35794E-03  6.03997E-03  3.04203E-04  1.37764E-05
  2420.00000  6.35024E-03  6.03264E-03  3.03843E-04  1.37542E-05
  2421.00000  6.34255E-03  6.02533E-03  3.03483E-04  1.37320E-05
  2422.00000  6.33487E-03  6.01803E-03  3.03124E-04  1.37098E-05
  2423.00000  6.32720E-03  6.01074E-03  3.02765E-04  1.36877E-05
  2424.00000  6.31954E-03  6.00347E-03  3.02407E-04  1.36657E-05
  2425.00000  6.31190E-03  5.99620E-03  3.02050E-04  1.36437E-05
  2426.00000  6.30426E-03  5.98895E-03  3.01693E-04  1.36217E-05
  2427.00000  6.29664E-03  5.98171E-03  3.01337E-04  1.35998E-05
  2428.00000  6.28904E-03  5.97448E-03  3.00981E-04  1.35780E-05
  2429.00000  6.28144E-03  5.96726E-03  3.00626E-04  1.35562E-05
  2430.00000  6.27386E-03  5.96005E-03  3.00271E-04  1.35345E-05
  2431.00000  6.26628E-03  5.95285E-03  2.99917E-04  1.35128E-05
  2432.00000  6.25872E-03  5.94567E-03  2.99564E-04  1.34911E-05
  2433.00000  6.25117E-03  5.93849E-03  2.99211E-04  1.34695E-05
  2434.00000  6.24364E-03  5.93133E-03  2.98858E-04  1.34480E-05
  2435.00000  6.23611E-03  5.92418E-03  2.98507E-04  1.34265E-05
  2436.00000  6.22860E-03  5.91704E-03  2.98155E-04  1.34050E-05
  2437.00000  6.22110E-03  5.90991E-03  2.97804E-04  1.33836E-05
  2438.00000  6.21361E-03  5.90280E-03  2.97454E-04  1.33623E-05
  2439.00000  6.20613E-03  5.89569E-03  2.97104E-04  1.33410E-05
  2440.00000  6.19867E-03  5.88859E-03  2.96755E-04  1.33197E-05
  2441.00000  6.19122E-03  5.88151E-03  2.96407E-04  1.32985E-05
  2442.00000  6.18377E-03  5.87444E-03  2.96059E-04  1.32774E-05
  2443.00000  6.17634E-03  5.86738E-03  2.95711E-04  1.32562E-05
  2444.00000  6.16893E-03  5.86033E-03  2.95364E-04  1.32352E-05
  2445.00000  6.16152E-03  5.85329E-03  2.95018E-04  1.32142E-05
  2446.00000  6.15412E-03  5.84626E-03  2.94672E-04  1.31932E-05
  2447.00000  6.14674E-03  5.83924E-03  2.94326E-04  1.31723E-05
  2448.00000  6.13937E-03  5.83223E-03  2.93982E-04  1.31514E-05
  2449.00000  6.13201E-03  5.82524E-03  2.93637E-04  1.31306E-05
  2450.00000  6.12466E-03  5.81826E-03  2.93294E-04  1.31098E-05
  2451.00000  6.11732E-03  5.81128E-03  2.92950E-04  1.30891E-05
  2452.00000  6.11000E-03  5.80432E-03  2.92608E-04  1.30684E-05
  2453.00000  6.10268E-03  5.79737E-03  2.92265E-04  1.30478E-05
  2454.00000  6.09538E-03  5.79043E-03  2.91924E-04  1.30272E-05
  2455.00000  6.08809E-03  5.78350E-03  2.91583E-04  1.30066E-05
  2456.00000  6.08081E-03  5.77658E-03  2.91242E-04  1.29861E-05
  2457.00000  6.07354E-03  5.76967E-03  2.90902E-04  1.29657E-05
  2458.00000  6.06628E-03  5.76277E-03  2.90563E-04  1.29453E-05
  2459.00000  6.05904E-03  5.75589E-03  2.90224E-04  1.29249E-05
  2460.00000  6.05180E-03  5.74901E-03  2.89885E-04  1.29046E-05
  2461.00000  6.04458E-03  5.74215E-03  2.89547E-04  1.28843E-05
  2462.00000  6.03737E-03  5.73529E-03  2.89210E-04  1.28641E-05
  2463.00000  6.03017E-03  5.72845E-03  2.88873E-04  1.28439E-05
  2464.00000  6.02298E-03  5.72162E-03  2.88537E-04  1.28238E-05
  2465.00000  6.01580E-03  5.71480E-03  2.88201E-04  1.28037E-05
  2466.00000  6.00863E-03  5.70798E-03  2.87865E-04  1.27837E-05
  2467.00000  6.00148E-03  5.70118E-03  2.87531E-04  1.27637E-05
  2468.00000  5.99433E-03  5.69439E-03  2.87196E-04  1.27437E-05
  2469.00000  5.98720E-03  5.68761E-03  2.86862E-04  1.27238E-05
  2470.00000  5.98008E-03  5.68085E-03  2.86529E-04  1.27039E-05
  2471.00000  5.97297E-03  5.67409E-03  2.86196E-04  1.26841E-05
  2472.00000  5.96587E-03  5.66734E-03  2.85864E-04  1.26643E-05
  2473.00000  5.95878E-03  5.66060E-03  2.85533E-04  1.26446E-05
  2474.00000  5.95170E-03  5.65388E-03  2.85201E-04  1.26249E-05
  2475.00000  5.94464E-03  5.64716E-03  2.84871E-04  1.26052E-05
  2476.00000  5.93758E-03  5.64045E-03  2.84540E-04  1.25856E-05
  2477.00000  5.93053E-03  5.63376E-03  2.84211E-04  1.25660E-05
  2478.00000  5.92350E-03  5.62707E-03  2.83882E-04  1.25465E-05
  2479.00000  5.91648E-03  5.62040E-03  2.83553E-04  1.25270E-05
  2480.00000  5.90947E-03  5.61373E-03  2.83225E-04  1.25076E-05
  2481.00000  5.90247E-03  5.60708E-03  2.82897E-04  1.24882E-05
  2482.00000  5.89548E-03  5.60044E-03  2.82570E-04  1.24688E-05
  2483.00000  5.88850E-03  5.59380E-03  2.82243E-04  1.24495E-05
  2484.00000  5.88153E-03  5.58718E-03  2.81917E-04  1.24302E-05
  2485.00000  5.87457E-03  5.58057E-03  2.81592E-04  1.24110E-05
  2486.00000  5.86762E-03  5.57396E-03  2.81267E-04  1.23918E-05
  2487.00000  5.86069E-03  5.56737E-03  2.80942E-04  1.23726E-05
  2488.00000  5.85376E-03  5.56079E-03  2.80618E-04  1.23535E-05
  2489.00000  5.84685E-03  5.55422E-03  2.80294E-04  1.23344E-05
  2490.00000  5.83994E-03  5.54766E-03  2.79971E-04  1.23153E-05
  2491.00000  5.83305E-03  5.54111E-03  2.79649E-04  1.22963E-05
  2492.00000  5.82617E-03  5.53456E-03  2.79327E-04  1.22773E-05
  2493.00000  5.81930E-03  5.52803E-03  2.79005E-04  1.22584E-05
  2494.00000  5.81243E-03  5.52151E-03  2.78684E-04  1.22395E-05
  2495.00000  5.80558E-03  5.51500E-03  2.78363E-04  1.22207E-05
  2496.00000  5.79874E-03  5.50850E-03  2.78043E-04  1.22018E-05
  2497.00000  5.79191E-03  5.50201E-03  2.77723E-04  1.21830E-05
  2498.00000  5.78510E-03  5.49553E-03  2.77404E-04  1.21643E-05
  2499.00000  5.77829E-03  5.48906E-03  2.77086E-04  1.21456E-05
  2500.00000  5.77149E-03  5.48260E-03  2.76767E-04  1.21269E-05
  2501.00000  5.76470E-03  5.47614E-03  2.76450E-04  1.21083E-05
  2502.00000  5.75793E-03  5.46970E-03  2.76133E-04  1.20896E-05
  2503.00000  5.75116E-03  5.46327E-03  2.75816E-04  1.20711E-05
  2504.00000  5.74440E-03  5.45685E-03  2.75500E-04  1.20525E-05
  2505.00000  5.73766E-03  5.45044E-03  2.75184E-04  1.20340E-05
  2506.00000  5.73092E-03  5.44404E-03  2.74869E-04  1.20155E-05
  2507.00000  5.72420E-03  5.43765E-03  2.74554E-04  1.19971E-05
  2508.00000  5.71748E-03  5.43127E-03  2.74240E-04  1.19787E-05
  2509.00000  5.71078E-03  5.42489E-03  2.73926E-04  1.19603E-05
  2510.00000  5.70409E-03  5.41853E-03  2.73612E-04  1.19420E-05
  2511.00000  5.69740E-03  5.41218E-03  2.73299E-04  1.19237E-05
  2512.00000  5.69073E-03  5.40584E-03  2.72987E-04  1.19054E-05
  2513.00000  5.68407E-03  5.39950E-03  2.72675E-04  1.18871E-05
  2514.00000  5.67741E-03  5.39318E-03  2.72364E-04  1.18689E-05
  2515.00000  5.67077E-03  5.38687E-03  2.72053E-04  1.18507E-05
  2516.00000  5.66414E-03  5.38057E-03  2.71742E-04  1.18326E-05
  2517.00000  5.65752E-03  5.37427E-03  2.71432E-04  1.18145E-05
  2518.00000  5.65091E-03  5.36799E-03  2.71123E-04  1.17964E-05
  2519.00000  5.64431E-03  5.36171E-03  2.70814E-04  1.17783E-05
  2520.00000  5.63771E-03  5.35545E-03  2.70505E-04  1.17603E-05
  2521.00000  5.63113E-03  5.34919E-03  2.70197E-04  1.17423E-05
  2522.00000  5.62456E-03  5.34295E-03  2.69889E-04  1.17243E-05
  2523.00000  5.61800E-03  5.33671E-03  2.69582E-04  1.17064E-05
  2524.00000  5.61145E-03  5.33049E-03  2.69275E-04  1.16885E-05
  2525.00000  5.60491E-03  5.32427E-03  2.68969E-04  1.16706E-05
  2526.00000  5.59838E-03  5.31806E-03  2.68663E-04  1.16527E-05
  2527.00000  5.59186E-03  5.31186E-03  2.68357E-04  1.16349E-05
  2528.00000  5.58534E-03  5.30567E-03  2.68053E-04  1.16171E-05
  2529.00000  5.57884E-03  5.29950E-03  2.67748E-04  1.15993E-05
  2530.00000  5.57235E-03  5.29333E-03  2.67444E-04  1.15816E-05
  2531.00000  5.56587E-03  5.28717E-03  2.67140E-04  1.15639E-05
  2532.00000  5.55940E-03  5.28101E-03  2.66837E-04  1.15462E-05
  2533.00000  5.55294E-03  5.27487E-03  2.66535E-04  1.15285E-05
  2534.00000  5.54648E-03  5.26874E-03  2.66233E-04  1.15109E-05
  2535.00000  5.54004E-03  5.26262E-03  2.65931E-04  1.14933E-05
  2536.00000  5.53361E-03  5.25651E-03  2.65629E-04  1.14757E-05
  2537.00000  5.52719E-03  5.25040E-03  2.65329E-04  1.14582E-05
  2538.00000  5.52078E-03  5.24431E-03  2.65028E-04  1.14406E-05
  2539.00000  5.51437E-03  5.23822E-03  2.64728E-04  1.14231E-05
  2540.00000  5.50798E-03  5.23215E-03  2.64429E-04  1.14057E-05
  2541.00000  5.50160E-03  5.22608E-03  2.64130E-04  1.13882E-05
  2542.00000  5.49522E-03  5.22002E-03  2.63831E-04  1.13708E-05
  2543.00000  5.48886E-03  5.21397E-03  2.63533E-04  1.13535E-05
  2544.00000  5.48250E-03  5.20793E-03  2.63235E-04  1.13361E-05
  2545.00000  5.47616E-03  5.20190E-03  2.62938E-04  1.13188E-05
  2546.00000  5.46983E-03  5.19588E-03  2.62641E-04  1.13015E-05
  2547.00000  5.46350E-03  5.18987E-03  2.62345E-04  1.12842E-05
  2548.00000  5.45718E-03  5.18387E-03  2.62049E-04  1.12670E-05
  2549.00000  5.45088E-03  5.17788E-03  2.61753E-04  1.12497E-05
  2550.00000  5.44458E-03  5.17189E-03  2.61458E-04  1.12325E-05
  2551.00000  5.43830E-03  5.16592E-03  2.61164E-04  1.12154E-05
  2552.00000  5.43202E-03  5.15995E-03  2.60869E-04  1.11982E-05
  2553.00000  5.42575E-03  5.15399E-03  2.60576E-04  1.11811E-05
  2554.00000  5.41949E-03  5.14805E-03  2.60282E-04  1.11641E-05
  2555.00000  5.41324E-03  5.14211E-03  2.59989E-04  1.11470E-05
  2556.00000  5.40700E-03  5.13618E-03  2.59697E-04  1.11300E-05
  2557.00000  5.40078E-03  5.13026E-03  2.59405E-04  1.11130E-05
  2558.00000  5.39455E-03  5.12435E-03  2.59113E-04  1.10960E-05
  2559.00000  5.38834E-03  5.11844E-03  2.58822E-04  1.10791E-05
  2560.00000  5.38214E-03  5.11255E-03  2.58531E-04  1.10622E-05
  2561.00000  5.37595E-03  5.10666E-03  2.58241E-04  1.10453E-05
  2562.00000  5.36977E-03  5.10079E-03  2.57951E-04  1.10284E-05
  2563.00000  5.36359E-03  5.09492E-03  2.57661E-04  1.10116E-05
  2564.00000  5.35743E-03  5.08906E-03  2.57372E-04  1.09948E-05
  2565.00000  5.35128E-03  5.08321E-03  2.57084E-04  1.09780E-05
  2566.00000  5.34513E-03  5.07737E-03  2.56795E-04  1.09613E-05
  2567.00000  5.33899E-03  5.07154E-03  2.56507E-04  1.09445E-05
  2568.00000  5.33287E-03  5.06572E-03  2.56220E-04  1.09278E-05
  2569.00000  5.32675E-03  5.05990E-03  2.55933E-04  1.09112E-05
  2570.00000  5.32064E-03  5.05410E-03  2.55646E-04  1.08946E-05
  2571.00000  5.31454E-03  5.04830E-03  2.55360E-04  1.08779E-05
  2572.00000  5.30845E-03  5.04252E-03  2.55075E-04  1.08614E-05
  2573.00000  5.30237E-03  5.03674E-03  2.54789E-04  1.08448E-05
  2574.00000  5.29630E-03  5.03097E-03  2.54504E-04  1.08283E-05
  2575.00000  5.29024E-03  5.02520E-03  2.54220E-04  1.08118E-05
  2576.00000  5.28418E-03  5.01945E-03  2.53936E-04  1.07953E-05
  2577.00000  5.27814E-03  5.01371E-03  2.53652E-04  1.07789E-05
  2578.00000  5.27210E-03  5.00797E-03  2.53369E-04  1.07625E-05
  2579.00000  5.26608E-03  5.00224E-03  2.53086E-04  1.07461E-05
  2580.00000  5.26006E-03  4.99653E-03  2.52804E-04  1.07298E-05
  2581.00000  5.25405E-03  4.99082E-03  2.52521E-04  1.07135E-05
  2582.00000  5.24805E-03  4.98511E-03  2.52240E-04  1.06972E-05
  2583.00000  5.24206E-03  4.97942E-03  2.51959E-04  1.06809E-05
  2584.00000  5.23608E-03  4.97374E-03  2.51678E-04  1.06647E-05
  2585.00000  5.23011E-03  4.96806E-03  2.51397E-04  1.06485E-05
  2586.00000  5.22415E-03  4.96240E-03  2.51117E-04  1.06323E-05
  2587.00000  5.21819E-03  4.95674E-03  2.50838E-04  1.06161E-05
  2588.00000  5.21225E-03  4.95109E-03  2.50559E-04  1.06000E-05
  2589.00000  5.20631E-03  4.94545E-03  2.50280E-04  1.05839E-05
  2590.00000  5.20038E-03  4.93981E-03  2.50001E-04  1.05679E-05
  2591.00000  5.19446E-03  4.93419E-03  2.49723E-04  1.05518E-05
  2592.00000  5.18855E-03  4.92857E-03  2.49446E-04  1.05358E-05
  2593.00000  5.18265E-03  4.92296E-03  2.49169E-04  1.05198E-05
  2594.00000  5.17676E-03  4.91737E-03  2.48892E-04  1.05039E-05
  2595.00000  5.17088E-03  4.91177E-03  2.48615E-04  1.04880E-05
  2596.00000  5.16500E-03  4.90619E-03  2.48339E-04  1.04721E-05
  2597.00000  5.15914E-03  4.90062E-03  2.48064E-04  1.04562E-05
  2598.00000  5.15328E-03  4.89505E-03  2.47789E-04  1.04404E-05
  2599.00000  5.14743E-03  4.88950E-03  2.47514E-04  1.04246E-05
  2600.00000  5.14159E-03  4.88395E-03  2.47239E-04  1.04088E-05
  2601.00000  5.13576E-03  4.87841E-03  2.46965E-04  1.03931E-05
  2602.00000  5.12994E-03  4.87287E-03  2.46692E-04  1.03774E-05
  2603.00000  5.12413E-03  4.86735E-03  2.46418E-04  1.03617E-05
  2604.00000  5.11833E-03  4.86183E-03  2.46146E-04  1.03460E-05
  2605.00000  5.11253E-03  4.85633E-03  2.45873E-04  1.03304E-05
  2606.00000  5.10674E-03  4.85083E-03  2.45601E-04  1.03148E-05
  2607.00000  5.10096E-03  4.84534E-03  2.45329E-04  1.02992E-05
  2608.00000  5.09519E-03  4.83985E-03  2.45058E-04  1.02836E-05
  2609.00000  5.08943E-03  4.83438E-03  2.44787E-04  1.02681E-05
  2610.00000  5.08368E-03  4.82891E-03  2.44517E-04  1.02526E-05
  2611.00000  5.07794E-03  4.82345E-03  2.44246E-04  1.02372E-05
  2612.00000  5.07220E-03  4.81800E-03  2.43977E-04  1.02218E-05
  2613.00000  5.06647E-03  4.81256E-03  2.43707E-04  1.02064E-05
  2614.00000  5.06076E-03  4.80713E-03  2.43438E-04  1.01910E-05
  2615.00000  5.05505E-03  4.80170E-03  2.43170E-04  1.01756E-05
  2616.00000  5.04934E-03  4.79628E-03  2.42902E-04  1.01603E-05
  2617.00000  5.04365E-03  4.79087E-03  2.42634E-04  1.01450E-05
  2618.00000  5.03797E-03  4.78547E-03  2.42366E-04  1.01298E-05
  2619.00000  5.03229E-03  4.78008E-03  2.42099E-04  1.01145E-05
  2620.00000  5.02662E-03  4.77469E-03  2.41832E-04  1.00993E-05
  2621.00000  5.02096E-03  4.76931E-03  2.41566E-04  1.00842E-05
  2622.00000  5.01531E-03  4.76394E-03  2.41300E-04  1.00690E-05
  2623.00000  5.00967E-03  4.75858E-03  2.41035E-04  1.00539E-05
  2624.00000  5.00403E-03  4.75323E-03  2.40769E-04  1.00388E-05
  2625.00000  4.99841E-03  4.74788E-03  2.40505E-04  1.00238E-05
  2626.00000  4.99279E-03  4.74254E-03  2.40240E-04  1.00088E-05
  2627.00000  4.98718E-03  4.73721E-03  2.39976E-04  9.99376E-06
  2628.00000  4.98158E-03  4.73189E-03  2.39713E-04  9.97880E-06
  2629.00000  4.97599E-03  4.72658E-03  2.39449E-04  9.96386E-06
  2630.00000  4.97040E-03  4.72127E-03  2.39186E-04  9.94895E-06
  2631.00000  4.96483E-03  4.71597E-03  2.38924E-04  9.93407E-06
  2632.00000  4.95926E-03  4.71068E-03  2.38662E-04  9.91922E-06
  2633.00000  4.95370E-03  4.70540E-03  2.38400E-04  9.90440E-06
  2634.00000  4.94815E-03  4.70012E-03  2.38138E-04  9.88961E-06
  2635.00000  4.94261E-03  4.69485E-03  2.37877E-04  9.87485E-06
  2636.00000  4.93707E-03  4.68959E-03  2.37617E-04  9.86012E-06
  2637.00000  4.93154E-03  4.68434E-03  2.37356E-04  9.84542E-06
  2638.00000  4.92603E-03  4.67910E-03  2.37097E-04  9.83075E-06
  2639.00000  4.92052E-03  4.67386E-03  2.36837E-04  9.81611E-06
  2640.00000  4.91501E-03  4.66863E-03  2.36578E-04  9.80150E-06
  2641.00000  4.90952E-03  4.66341E-03  2.36319E-04  9.78692E-06
  2642.00000  4.90403E-03  4.65820E-03  2.36061E-04  9.77237E-06
  2643.00000  4.89856E-03  4.65300E-03  2.35802E-04  9.75785E-06
  2644.00000  4.89309E-03  4.64780E-03  2.35545E-04  9.74336E-06
  2645.00000  4.88762E-03  4.64261E-03  2.35287E-04  9.72891E-06
  2646.00000  4.88217E-03  4.63743E-03  2.35030E-04  9.71448E-06
  2647.00000  4.87673E-03  4.63225E-03  2.34774E-04  9.70008E-06
  2648.00000  4.87129E-03  4.62708E-03  2.34518E-04  9.68571E-06
  2649.00000  4.86586E-03  4.62193E-03  2.34262E-04  9.67138E-06
  2650.00000  4.86044E-03  4.61677E-03  2.34006E-04  9.65707E-06
  2651.00000  4.85502E-03  4.61163E-03  2.33751E-04  9.64280E-06
  2652.00000  4.84962E-03  4.60649E-03  2.33496E-04  9.62856E-06
  2653.00000  4.84422E-03  4.60136E-03  2.33242E-04  9.61434E-06
  2654.00000  4.83883E-03  4.59624E-03  2.32988E-04  9.60016E-06
  2655.00000  4.83345E-03  4.59113E-03  2.32734E-04  9.58601E-06
  2656.00000  4.82807E-03  4.58602E-03  2.32481E-04  9.57189E-06
  2657.00000  4.82271E-03  4.58092E-03  2.32228E-04  9.55781E-06
  2658.00000  4.81735E-03  4.57583E-03  2.31975E-04  9.54375E-06
  2659.00000  4.81200E-03  4.57075E-03  2.31723E-04  9.52972E-06
  2660.00000  4.80666E-03  4.56567E-03  2.31471E-04  9.51573E-06
  2661.00000  4.80132E-03  4.56060E-03  2.31220E-04  9.50177E-06
  2662.00000  4.79600E-03  4.55554E-03  2.30969E-04  9.48783E-06
  2663.00000  4.79068E-03  4.55048E-03  2.30718E-04  9.47393E-06
  2664.00000  4.78536E-03  4.54544E-03  2.30467E-04  9.46006E-06
  2665.00000  4.78006E-03  4.54040E-03  2.30217E-04  9.44622E-06
  2666.00000  4.77477E-03  4.53537E-03  2.29968E-04  9.43242E-06
  2667.00000  4.76948E-03  4.53034E-03  2.29718E-04  9.41864E-06
  2668.00000  4.76420E-03  4.52532E-03  2.29469E-04  9.40490E-06
  2669.00000  4.75892E-03  4.52031E-03  2.29221E-04  9.39118E-06
  2670.00000  4.75366E-03  4.51531E-03  2.28972E-04  9.37750E-06
  2671.00000  4.74840E-03  4.51031E-03  2.28724E-04  9.36385E-06
  2672.00000  4.74315E-03  4.50533E-03  2.28477E-04  9.35022E-06
  2673.00000  4.73791E-03  4.50034E-03  2.28230E-04  9.33663E-06
  2674.00000  4.73268E-03  4.49537E-03  2.27983E-04  9.32307E-06
  2675.00000  4.72745E-03  4.49040E-03  2.27736E-04  9.30954E-06
  2676.00000  4.72223E-03  4.48545E-03  2.27490E-04  9.29605E-06
  2677.00000  4.71702E-03  4.48049E-03  2.27244E-04  9.28258E-06
  2678.00000  4.71182E-03  4.47555E-03  2.26999E-04  9.26914E-06
  2679.00000  4.70662E-03  4.47061E-03  2.26754E-04  9.25573E-06
  2680.00000  4.70143E-03  4.46568E-03  2.26509E-04  9.24235E-06
  2681.00000  4.69625E-03  4.46076E-03  2.26265E-04  9.22901E-06
  2682.00000  4.69108E-03  4.45584E-03  2.26021E-04  9.21569E-06
  2683.00000  4.68591E-03  4.45093E-03  2.25777E-04  9.20240E-06
  2684.00000  4.68075E-03  4.44603E-03  2.25534E-04  9.18914E-06
  2685.00000  4.67560E-03  4.44114E-03  2.25291E-04  9.17592E-06
  2686.00000  4.67046E-03  4.43625E-03  2.25048E-04  9.16272E-06
  2687.00000  4.66532E-03  4.43137E-03  2.24806E-04  9.14955E-06
  2688.00000  4.66020E-03  4.42650E-03  2.24564E-04  9.13641E-06
  2689.00000  4.65507E-03  4.42163E-03  2.24322E-04  9.12330E-06
  2690.00000  4.64996E-03  4.41677E-03  2.24081E-04  9.11021E-06
  2691.00000  4.64486E-03  4.41192E-03  2.23840E-04  9.09716E-06
  2692.00000  4.63976E-03  4.40707E-03  2.23600E-04  9.08413E-06
  2693.00000  4.63467E-03  4.40223E-03  2.23360E-04  9.07114E-06
  2694.00000  4.62958E-03  4.39740E-03  2.23120E-04  9.05817E-06
  2695.00000  4.62451E-03  4.39258E-03  2.22880E-04  9.04523E-06
  2696.00000  4.61944E-03  4.38776E-03  2.22641E-04  9.03231E-06
  2697.00000  4.61438E-03  4.38295E-03  2.22403E-04  9.01943E-06
  2698.00000  4.60932E-03  4.37815E-03  2.22164E-04  9.00657E-06
  2699.00000  4.60427E-03  4.37335E-03  2.21926E-04  8.99374E-06
  2700.00000  4.59923E-03  4.36856E-03  2.21688E-04  8.98093E-06
  2701.00000  4.59420E-03  4.36378E-03  2.21451E-04  8.96815E-06
  2702.00000  4.58918E-03  4.35901E-03  2.21214E-04  8.95540E-06
  2703.00000  4.58416E-03  4.35424E-03  2.20977E-04  8.94268E-06
  2704.00000  4.57915E-03  4.34948E-03  2.20741E-04  8.92998E-06
  2705.00000  4.57414E-03  4.34472E-03  2.20505E-04  8.91731E-06
  2706.00000  4.56915E-03  4.33997E-03  2.20269E-04  8.90466E-06
  2707.00000  4.56416E-03  4.33523E-03  2.20034E-04  8.89204E-06
  2708.00000  4.55918E-03  4.33050E-03  2.19799E-04  8.87944E-06
  2709.00000  4.55420E-03  4.32577E-03  2.19564E-04  8.86687E-06
  2710.00000  4.54923E-03  4.32105E-03  2.19330E-04  8.85433E-06
  2711.00000  4.54427E-03  4.31634E-03  2.19096E-04  8.84181E-06
  2712.00000  4.53932E-03  4.31163E-03  2.18862E-04  8.82931E-06
  2713.00000  4.53438E-03  4.30693E-03  2.18629E-04  8.81684E-06
  2714.00000  4.52944E-03  4.30224E-03  2.18396E-04  8.80439E-06
  2715.00000  4.52450E-03  4.29755E-03  2.18163E-04  8.79197E-06
  2716.00000  4.51958E-03  4.29287E-03  2.17931E-04  8.77957E-06
  2717.00000  4.51466E-03  4.28820E-03  2.17699E-04  8.76719E-06
  2718.00000  4.50975E-03  4.28353E-03  2.17467E-04  8.75484E-06
  2719.00000  4.50485E-03  4.27887E-03  2.17236E-04  8.74251E-06
  2720.00000  4.49995E-03  4.27422E-03  2.17005E-04  8.73020E-06
  2721.00000  4.49506E-03  4.26957E-03  2.16774E-04  8.71792E-06
  2722.00000  4.49018E-03  4.26493E-03  2.16544E-04  8.70566E-06
  2723.00000  4.48530E-03  4.26030E-03  2.16314E-04  8.69342E-06
  2724.00000  4.48044E-03  4.25567E-03  2.16084E-04  8.68120E-06
  2725.00000  4.47557E-03  4.25105E-03  2.15855E-04  8.66901E-06
  2726.00000  4.47072E-03  4.24644E-03  2.15626E-04  8.65684E-06
  2727.00000  4.46587E-03  4.24183E-03  2.15397E-04  8.64469E-06
  2728.00000  4.46103E-03  4.23723E-03  2.15169E-04  8.63256E-06
  2729.00000  4.45620E-03  4.23264E-03  2.14941E-04  8.62045E-06
  2730.00000  4.45137E-03  4.22805E-03  2.14713E-04  8.60837E-06
  2731.00000  4.44655E-03  4.22347E-03  2.14486E-04  8.59631E-06
  2732.00000  4.44174E-03  4.21890E-03  2.14259E-04  8.58426E-06
  2733.00000  4.43693E-03  4.21433E-03  2.14032E-04  8.57224E-06
  2734.00000  4.43213E-03  4.20977E-03  2.13806E-04  8.56024E-06
  2735.00000  4.42734E-03  4.20521E-03  2.13580E-04  8.54826E-06
  2736.00000  4.42256E-03  4.20067E-03  2.13354E-04  8.53631E-06
  2737.00000  4.41778E-03  4.19612E-03  2.13129E-04  8.52437E-06
  2738.00000  4.41301E-03  4.19159E-03  2.12904E-04  8.51245E-06
  2739.00000  4.40824E-03  4.18706E-03  2.12679E-04  8.50055E-06
  2740.00000  4.40348E-03  4.18254E-03  2.12454E-04  8.48868E-06
  2741.00000  4.39873E-03  4.17802E-03  2.12230E-04  8.47682E-06
  2742.00000  4.39399E-03  4.17351E-03  2.12007E-04  8.46499E-06
  2743.00000  4.38925E-03  4.16901E-03  2.11783E-04  8.45317E-06
  2744.00000  4.38452E-03  4.16452E-03  2.11560E-04  8.44137E-06
  2745.00000  4.37979E-03  4.16003E-03  2.11337E-04  8.42960E-06
  2746.00000  4.37508E-03  4.15554E-03  2.11115E-04  8.41784E-06
  2747.00000  4.37036E-03  4.15107E-03  2.10893E-04  8.40610E-06
  2748.00000  4.36566E-03  4.14659E-03  2.10671E-04  8.39439E-06
  2749.00000  4.36096E-03  4.14213E-03  2.10449E-04  8.38269E-06
  2750.00000  4.35627E-03  4.13767E-03  2.10228E-04  8.37101E-06
  2751.00000  4.35159E-03  4.13322E-03  2.10007E-04  8.35935E-06
  2752.00000  4.34691E-03  4.12878E-03  2.09786E-04  8.34771E-06
  2753.00000  4.34224E-03  4.12434E-03  2.09566E-04  8.33609E-06
  2754.00000  4.33757E-03  4.11990E-03  2.09346E-04  8.32448E-06
  2755.00000  4.33292E-03  4.11548E-03  2.09127E-04  8.31290E-06
  2756.00000  4.32826E-03  4.11106E-03  2.08907E-04  8.30133E-06
  2757.00000  4.32362E-03  4.10664E-03  2.08688E-04  8.28979E-06
  2758.00000  4.31898E-03  4.10223E-03  2.08469E-04  8.27826E-06
  2759.00000  4.31435E-03  4.09783E-03  2.08251E-04  8.26675E-06
  2760.00000  4.30973E-03  4.09344E-03  2.08033E-04  8.25526E-06
  2761.00000  4.30511E-03  4.08905E-03  2.07815E-04  8.24378E-06
  2762.00000  4.30049E-03  4.08466E-03  2.07598E-04  8.23233E-06
  2763.00000  4.29589E-03  4.08029E-03  2.07380E-04  8.22089E-06
  2764.00000  4.29129E-03  4.07592E-03  2.07164E-04  8.20947E-06
  2765.00000  4.28670E-03  4.07155E-03  2.06947E-04  8.19807E-06
  2766.00000  4.28211E-03  4.06719E-03  2.06731E-04  8.18668E-06
  2767.00000  4.27753E-03  4.06284E-03  2.06515E-04  8.17532E-06
  2768.00000  4.27296E-03  4.05850E-03  2.06299E-04  8.16397E-06
  2769.00000  4.26839E-03  4.05416E-03  2.06084E-04  8.15264E-06
  2770.00000  4.26383E-03  4.04982E-03  2.05869E-04  8.14132E-06
  2771.00000  4.25928E-03  4.04549E-03  2.05654E-04  8.13003E-06
  2772.00000  4.25473E-03  4.04117E-03  2.05439E-04  8.11875E-06
  2773.00000  4.25019E-03  4.03686E-03  2.05225E-04  8.10748E-06
  2774.00000  4.24566E-03  4.03255E-03  2.05011E-04  8.09624E-06
  2775.00000  4.24113E-03  4.02824E-03  2.04798E-04  8.08501E-06
  2776.00000  4.23661E-03  4.02395E-03  2.04585E-04  8.07380E-06
  2777.00000  4.23209E-03  4.01966E-03  2.04372E-04  8.06260E-06
  2778.00000  4.22758E-03  4.01537E-03  2.04159E-04  8.05142E-06
  2779.00000  4.22308E-03  4.01109E-03  2.03947E-04  8.04026E-06
  2780.00000  4.21858E-03  4.00682E-03  2.03735E-04  8.02911E-06
  2781.00000  4.21409E-03  4.00255E-03  2.03523E-04  8.01798E-06
  2782.00000  4.20961E-03  3.99829E-03  2.03311E-04  8.00687E-06
  2783.00000  4.20513E-03  3.99403E-03  2.03100E-04  7.99577E-06
  2784.00000  4.20066E-03  3.98978E-03  2.02889E-04  7.98469E-06
  2785.00000  4.19619E-03  3.98554E-03  2.02679E-04  7.97362E-06
  2786.00000  4.19174E-03  3.98130E-03  2.02469E-04  7.96257E-06
  2787.00000  4.18728E-03  3.97707E-03  2.02259E-04  7.95154E-06
  2788.00000  4.18284E-03  3.97285E-03  2.02049E-04  7.94052E-06
  2789.00000  4.17840E-03  3.96863E-03  2.01839E-04  7.92951E-06
  2790.00000  4.17396E-03  3.96441E-03  2.01630E-04  7.91853E-06
  2791.00000  4.16953E-03  3.96021E-03  2.01421E-04  7.90755E-06
  2792.00000  4.16511E-03  3.95600E-03  2.01213E-04  7.89659E-06
  2793.00000  4.16070E-03  3.95181E-03  2.01005E-04  7.88565E-06
  2794.00000  4.15629E-03  3.94762E-03  2.00797E-04  7.87472E-06
  2795.00000  4.15189E-03  3.94343E-03  2.00589E-04  7.86381E-06
  2796.00000  4.14749E-03  3.93925E-03  2.00382E-04  7.85291E-06
  2797.00000  4.14310E-03  3.93508E-03  2.00174E-04  7.84202E-06
  2798.00000  4.13871E-03  3.93091E-03  1.99968E-04  7.83116E-06
  2799.00000  4.13433E-03  3.92675E-03  1.99761E-04  7.82030E-06
  2800.00000  4.12996E-03  3.92260E-03  1.99555E-04  7.80946E-06
  2801.00000  4.12559E-03  3.91845E-03  1.99349E-04  7.79863E-06
  2802.00000  4.12123E-03  3.91430E-03  1.99143E-04  7.78782E-06
  2803.00000  4.11688E-03  3.91016E-03  1.98938E-04  7.77702E-06
  2804.00000  4.11253E-03  3.90603E-03  1.98732E-04  7.76624E-06
  2805.00000  4.10819E-03  3.90191E-03  1.98528E-04  7.75547E-06
  2806.00000  4.10385E-03  3.89778E-03  1.98323E-04  7.74471E-06
  2807.00000  4.09952E-03  3.89367E-03  1.98119E-04  7.73397E-06
  2808.00000  4.09520E-03  3.88956E-03  1.97915E-04  7.72324E-06
  2809.00000  4.09088E-03  3.88546E-03  1.97711E-04  7.71253E-06
  2810.00000  4.08657E-03  3.88136E-03  1.97507E-04  7.70183E-06
  2811.00000  4.08226E-03  3.87726E-03  1.97304E-04  7.69114E-06
  2812.00000  4.07796E-03  3.87318E-03  1.97101E-04  7.68047E-06
  2813.00000  4.07366E-03  3.86910E-03  1.96899E-04  7.66981E-06
  2814.00000  4.06938E-03  3.86502E-03  1.96696E-04  7.65916E-06
  2815.00000  4.06509E-03  3.86095E-03  1.96494E-04  7.64853E-06
  2816.00000  4.06082E-03  3.85689E-03  1.96292E-04  7.63791E-06
  2817.00000  4.05655E-03  3.85283E-03  1.96091E-04  7.62731E-06
  2818.00000  4.05228E-03  3.84878E-03  1.95889E-04  7.61672E-06
  2819.00000  4.04802E-03  3.84473E-03  1.95688E-04  7.60614E-06
  2820.00000  4.04377E-03  3.84069E-03  1.95488E-04  7.59557E-06
  2821.00000  4.03952E-03  3.83665E-03  1.95287E-04  7.58502E-06
  2822.00000  4.03528E-03  3.83262E-03  1.95087E-04  7.57449E-06
  2823.00000  4.03104E-03  3.82859E-03  1.94887E-04  7.56396E-06
  2824.00000  4.02681E-03  3.82457E-03  1.94687E-04  7.55345E-06
  2825.00000  4.02259E-03  3.82056E-03  1.94488E-04  7.54296E-06
  2826.00000  4.01837E-03  3.81655E-03  1.94289E-04  7.53248E-06
  2827.00000  4.01416E-03  3.81255E-03  1.94090E-04  7.52201E-06
  2828.00000  4.00995E-03  3.80855E-03  1.93891E-04  7.51156E-06
  2829.00000  4.00575E-03  3.80456E-03  1.93693E-04  7.50112E-06
  2830.00000  4.00156E-03  3.80057E-03  1.93495E-04  7.49069E-06
  2831.00000  3.99737E-03  3.79659E-03  1.93297E-04  7.48028E-06
  2832.00000  3.99319E-03  3.79262E-03  1.93099E-04  7.46988E-06
  2833.00000  3.98901E-03  3.78865E-03  1.92902E-04  7.45950E-06
  2834.00000  3.98484E-03  3.78468E-03  1.92705E-04  7.44913E-06
  2835.00000  3.98067E-03  3.78072E-03  1.92508E-04  7.43877E-06
  2836.00000  3.97651E-03  3.77677E-03  1.92312E-04  7.42843E-06
  2837.00000  3.97235E-03  3.77282E-03  1.92115E-04  7.41810E-06
  2838.00000  3.96821E-03  3.76888E-03  1.91919E-04  7.40779E-06
  2839.00000  3.96406E-03  3.76494E-03  1.91724E-04  7.39749E-06
  2840.00000  3.95992E-03  3.76101E-03  1.91528E-04  7.38721E-06
  2841.00000  3.95579E-03  3.75708E-03  1.91333E-04  7.37694E-06
  2842.00000  3.95167E-03  3.75316E-03  1.91138E-04  7.36669E-06
  2843.00000  3.94754E-03  3.74925E-03  1.90943E-04  7.35645E-06
  2844.00000  3.94343E-03  3.74533E-03  1.90749E-04  7.34623E-06
  2845.00000  3.93932E-03  3.74143E-03  1.90555E-04  7.33602E-06
  2846.00000  3.93522E-03  3.73753E-03  1.90361E-04  7.32583E-06
  2847.00000  3.93112E-03  3.73363E-03  1.90167E-04  7.31566E-06
  2848.00000  3.92702E-03  3.72975E-03  1.89974E-04  7.30550E-06
  2849.00000  3.92294E-03  3.72586E-03  1.89781E-04  7.29535E-06
  2850.00000  3.91886E-03  3.72198E-03  1.89588E-04  7.28522E-06
  2851.00000  3.91478E-03  3.71811E-03  1.89395E-04  7.27511E-06
  2852.00000  3.91071E-03  3.71424E-03  1.89203E-04  7.26501E-06
  2853.00000  3.90664E-03  3.71038E-03  1.89010E-04  7.25493E-06
  2854.00000  3.90258E-03  3.70652E-03  1.88818E-04  7.24486E-06
  2855.00000  3.89853E-03  3.70267E-03  1.88627E-04  7.23481E-06
  2856.00000  3.89448E-03  3.69882E-03  1.88435E-04  7.22478E-06
  2857.00000  3.89044E-03  3.69498E-03  1.88244E-04  7.21476E-06
  2858.00000  3.88640E-03  3.69114E-03  1.88053E-04  7.20476E-06
  2859.00000  3.88237E-03  3.68731E-03  1.87863E-04  7.19478E-06
  2860.00000  3.87834E-03  3.68349E-03  1.87672E-04  7.18481E-06
  2861.00000  3.87432E-03  3.67966E-03  1.87482E-04  7.17486E-06
  2862.00000  3.87031E-03  3.67585E-03  1.87292E-04  7.16492E-06
  2863.00000  3.86630E-03  3.67204E-03  1.87103E-04  7.15501E-06
  2864.00000  3.86229E-03  3.66823E-03  1.86913E-04  7.14511E-06
  2865.00000  3.85829E-03  3.66443E-03  1.86724E-04  7.13522E-06
  2866.00000  3.85430E-03  3.66064E-03  1.86535E-04  7.12536E-06
  2867.00000  3.85031E-03  3.65685E-03  1.86346E-04  7.11551E-06
  2868.00000  3.84633E-03  3.65306E-03  1.86158E-04  7.10567E-06
  2869.00000  3.84235E-03  3.64928E-03  1.85970E-04  7.09586E-06
  2870.00000  3.83838E-03  3.64551E-03  1.85782E-04  7.08606E-06
  2871.00000  3.83441E-03  3.64174E-03  1.85594E-04  7.07628E-06
  2872.00000  3.83045E-03  3.63797E-03  1.85407E-04  7.06652E-06
  2873.00000  3.82649E-03  3.63422E-03  1.85220E-04  7.05678E-06
  2874.00000  3.82254E-03  3.63046E-03  1.85033E-04  7.04705E-06
  2875.00000  3.81860E-03  3.62671E-03  1.84846E-04  7.03734E-06
  2876.00000  3.81466E-03  3.62297E-03  1.84660E-04  7.02765E-06
  2877.00000  3.81072E-03  3.61923E-03  1.84473E-04  7.01797E-06
  2878.00000  3.80679E-03  3.61550E-03  1.84287E-04  7.00832E-06
  2879.00000  3.80287E-03  3.61177E-03  1.84102E-04  6.99868E-06
  2880.00000  3.79895E-03  3.60804E-03  1.83916E-04  6.98906E-06
  2881.00000  3.79504E-03  3.60433E-03  1.83731E-04  6.97945E-06
  2882.00000  3.79113E-03  3.60061E-03  1.83546E-04  6.96987E-06
  2883.00000  3.78722E-03  3.59690E-03  1.83361E-04  6.96030E-06
  2884.00000  3.78333E-03  3.59320E-03  1.83177E-04  6.95075E-06
  2885.00000  3.77943E-03  3.58950E-03  1.82992E-04  6.94122E-06
  2886.00000  3.77555E-03  3.58581E-03  1.82808E-04  6.93170E-06
  2887.00000  3.77167E-03  3.58212E-03  1.82625E-04  6.92221E-06
  2888.00000  3.76779E-03  3.57843E-03  1.82441E-04  6.91273E-06
  2889.00000  3.76392E-03  3.57476E-03  1.82258E-04  6.90327E-06
  2890.00000  3.76005E-03  3.57108E-03  1.82075E-04  6.89383E-06
  2891.00000  3.75619E-03  3.56741E-03  1.81892E-04  6.88440E-06
  2892.00000  3.75233E-03  3.56375E-03  1.81709E-04  6.87500E-06
  2893.00000  3.74848E-03  3.56009E-03  1.81527E-04  6.86561E-06
  2894.00000  3.74464E-03  3.55644E-03  1.81345E-04  6.85624E-06
  2895.00000  3.74080E-03  3.55279E-03  1.81163E-04  6.84688E-06
  2896.00000  3.73696E-03  3.54914E-03  1.80981E-04  6.83755E-06
  2897.00000  3.73313E-03  3.54550E-03  1.80800E-04  6.82823E-06
  2898.00000  3.72931E-03  3.54187E-03  1.80619E-04  6.81893E-06
  2899.00000  3.72549E-03  3.53824E-03  1.80438E-04  6.80965E-06
  2900.00000  3.72167E-03  3.53461E-03  1.80257E-04  6.80038E-06
  2901.00000  3.71786E-03  3.53099E-03  1.80077E-04  6.79114E-06
  2902.00000  3.71406E-03  3.52738E-03  1.79896E-04  6.78191E-06
  2903.00000  3.71026E-03  3.52377E-03  1.79716E-04  6.77269E-06
  2904.00000  3.70646E-03  3.52016E-03  1.79537E-04  6.76350E-06
  2905.00000  3.70267E-03  3.51656E-03  1.79357E-04  6.75432E-06
  2906.00000  3.69889E-03  3.51297E-03  1.79178E-04  6.74516E-06
  2907.00000  3.69511E-03  3.50937E-03  1.78999E-04  6.73602E-06
  2908.00000  3.69134E-03  3.50579E-03  1.78820E-04  6.72690E-06
  2909.00000  3.68757E-03  3.50221E-03  1.78641E-04  6.71779E-06
  2910.00000  3.68380E-03  3.49863E-03  1.78463E-04  6.70870E-06
  2911.00000  3.68004E-03  3.49506E-03  1.78285E-04  6.69963E-06
  2912.00000  3.67629E-03  3.49149E-03  1.78107E-04  6.69058E-06
  2913.00000  3.67254E-03  3.48793E-03  1.77929E-04  6.68154E-06
  2914.00000  3.66880E-03  3.48437E-03  1.77752E-04  6.67252E-06
  2915.00000  3.66506E-03  3.48082E-03  1.77575E-04  6.66352E-06
  2916.00000  3.66132E-03  3.47727E-03  1.77398E-04  6.65453E-06
  2917.00000  3.65759E-03  3.47373E-03  1.77221E-04  6.64556E-06
  2918.00000  3.65387E-03  3.47019E-03  1.77045E-04  6.63661E-06
  2919.00000  3.65015E-03  3.46666E-03  1.76868E-04  6.62768E-06
  2920.00000  3.64644E-03  3.46313E-03  1.76692E-04  6.61876E-06
  2921.00000  3.64273E-03  3.45960E-03  1.76516E-04  6.60986E-06
  2922.00000  3.63902E-03  3.45608E-03  1.76341E-04  6.60098E-06
  2923.00000  3.63532E-03  3.45257E-03  1.76166E-04  6.59211E-06
  2924.00000  3.63163E-03  3.44906E-03  1.75990E-04  6.58326E-06
  2925.00000  3.62794E-03  3.44555E-03  1.75816E-04  6.57443E-06
  2926.00000  3.62426E-03  3.44205E-03  1.75641E-04  6.56562E-06
  2927.00000  3.62058E-03  3.43855E-03  1.75467E-04  6.55682E-06
  2928.00000  3.61690E-03  3.43506E-03  1.75292E-04  6.54804E-06
  2929.00000  3.61323E-03  3.43157E-03  1.75118E-04  6.53927E-06
  2930.00000  3.60957E-03  3.42809E-03  1.74945E-04  6.53053E-06
  2931.00000  3.60591E-03  3.42461E-03  1.74771E-04  6.52180E-06
  2932.00000  3.60225E-03  3.42114E-03  1.74598E-04  6.51308E-06
  2933.00000  3.59860E-03  3.41767E-03  1.74425E-04  6.50439E-06
  2934.00000  3.59496E-03  3.41421E-03  1.74252E-04  6.49571E-06
  2935.00000  3.59132E-03  3.41075E-03  1.74080E-04  6.48704E-06
  2936.00000  3.58768E-03  3.40729E-03  1.73907E-04  6.47840E-06
  2937.00000  3.58405E-03  3.40384E-03  1.73735E-04  6.46977E-06
  2938.00000  3.58042E-03  3.40040E-03  1.73563E-04  6.46116E-06
  2939.00000  3.57680E-03  3.39696E-03  1.73392E-04  6.45256E-06
  2940.00000  3.57318E-03  3.39352E-03  1.73220E-04  6.44398E-06
  2941.00000  3.56957E-03  3.39009E-03  1.73049E-04  6.43542E-06
  2942.00000  3.56597E-03  3.38666E-03  1.72878E-04  6.42688E-06
  2943.00000  3.56236E-03  3.38324E-03  1.72707E-04  6.41835E-06
  2944.00000  3.55877E-03  3.37982E-03  1.72537E-04  6.40984E-06
  2945.00000  3.55517E-03  3.37640E-03  1.72366E-04  6.40134E-06
  2946.00000  3.55158E-03  3.37300E-03  1.72196E-04  6.39287E-06
  2947.00000  3.54800E-03  3.36959E-03  1.72026E-04  6.38441E-06
  2948.00000  3.54442E-03  3.36619E-03  1.71857E-04  6.37596E-06
  2949.00000  3.54085E-03  3.36279E-03  1.71687E-04  6.36753E-06
  2950.00000  3.53728E-03  3.35940E-03  1.71518E-04  6.35912E-06
  2951.00000  3.53371E-03  3.35601E-03  1.71349E-04  6.35073E-06
  2952.00000  3.53015E-03  3.35263E-03  1.71180E-04  6.34235E-06
  2953.00000  3.52660E-03  3.34925E-03  1.71012E-04  6.33399E-06
  2954.00000  3.52305E-03  3.34588E-03  1.70844E-04  6.32565E-06
  2955.00000  3.51950E-03  3.34251E-03  1.70676E-04  6.31732E-06
  2956.00000  3.51596E-03  3.33915E-03  1.70508E-04  6.30901E-06
  2957.00000  3.51243E-03  3.33579E-03  1.70340E-04  6.30072E-06
  2958.00000  3.50889E-03  3.33243E-03  1.70173E-04  6.29244E-06
  2959.00000  3.50537E-03  3.32908E-03  1.70005E-04  6.28418E-06
  2960.00000  3.50185E-03  3.32573E-03  1.69839E-04  6.27593E-06
  2961.00000  3.49833E-03  3.32239E-03  1.69672E-04  6.26770E-06
  2962.00000  3.49481E-03  3.31905E-03  1.69505E-04  6.25949E-06
  2963.00000  3.49131E-03  3.31572E-03  1.69339E-04  6.25130E-06
  2964.00000  3.48780E-03  3.31239E-03  1.69173E-04  6.24312E-06
  2965.00000  3.48430E-03  3.30906E-03  1.69007E-04  6.23495E-06
  2966.00000  3.48081E-03  3.30574E-03  1.68841E-04  6.22681E-06
  2967.00000  3.47732E-03  3.30242E-03  1.68676E-04  6.21867E-06
  2968.00000  3.47383E-03  3.29911E-03  1.68511E-04  6.21056E-06
  2969.00000  3.47035E-03  3.29580E-03  1.68346E-04  6.20246E-06
  2970.00000  3.46688E-03  3.29250E-03  1.68181E-04  6.19438E-06
  2971.00000  3.46340E-03  3.28920E-03  1.68016E-04  6.18631E-06
  2972.00000  3.45994E-03  3.28591E-03  1.67852E-04  6.17826E-06
  2973.00000  3.45647E-03  3.28262E-03  1.67688E-04  6.17022E-06
  2974.00000  3.45302E-03  3.27933E-03  1.67524E-04  6.16220E-06
  2975.00000  3.44956E-03  3.27605E-03  1.67360E-04  6.15420E-06
  2976.00000  3.44611E-03  3.27277E-03  1.67197E-04  6.14621E-06
  2977.00000  3.44267E-03  3.26950E-03  1.67034E-04  6.13824E-06
  2978.00000  3.43923E-03  3.26623E-03  1.66871E-04  6.13028E-06
  2979.00000  3.43579E-03  3.26296E-03  1.66708E-04  6.12233E-06
  2980.00000  3.43236E-03  3.25970E-03  1.66545E-04  6.11441E-06
  2981.00000  3.42894E-03  3.25645E-03  1.66383E-04  6.10649E-06
  2982.00000  3.42552E-03  3.25320E-03  1.66221E-04  6.09859E-06
  2983.00000  3.42210E-03  3.24995E-03  1.66059E-04  6.09071E-06
  2984.00000  3.41868E-03  3.24670E-03  1.65897E-04  6.08284E-06
  2985.00000  3.41528E-03  3.24347E-03  1.65736E-04  6.07499E-06
  2986.00000  3.41187E-03  3.24023E-03  1.65574E-04  6.06715E-06
  2987.00000  3.40847E-03  3.23700E-03  1.65413E-04  6.05932E-06
  2988.00000  3.40508E-03  3.23377E-03  1.65252E-04  6.05151E-06
  2989.00000  3.40169E-03  3.23055E-03  1.65092E-04  6.04371E-06
  2990.00000  3.39830E-03  3.22733E-03  1.64931E-04  6.03593E-06
  2991.00000  3.39492E-03  3.22412E-03  1.64771E-04  6.02816E-06
  2992.00000  3.39154E-03  3.22091E-03  1.64611E-04  6.02040E-06
  2993.00000  3.38817E-03  3.21770E-03  1.64451E-04  6.01266E-06
  2994.00000  3.38480E-03  3.21450E-03  1.64292E-04  6.00493E-06
  2995.00000  3.38143E-03  3.21130E-03  1.64132E-04  5.99722E-06
  2996.00000  3.37807E-03  3.20811E-03  1.63973E-04  5.98952E-06
  2997.00000  3.37472E-03  3.20492E-03  1.63814E-04  5.98183E-06
  2998.00000  3.37137E-03  3.20174E-03  1.63656E-04  5.97415E-06
  2999.00000  3.36802E-03  3.19856E-03  1.63497E-04  5.96649E-06
  3000.00000  3.36468E-03  3.19538E-03  1.63339E-04  5.95884E-06


#
# Current date/time  : 15-Sep-2026 13:05:43
# elapsed real time  : 17.19 seconds on max-exfl-display002.desy.de
# Job time(CPU_time) : 24.06 seconds on max-exfl-display002.desy.de
