# ---------------------------------------------------------------------
# XATOM HFS : electronic structure of atoms and more, v2.0.0-15-g9da229
#
# Job started at  :  8-Aug-2024 17:33:59
# ---------------------------------------------------------------------
# Atom: Xe
#   nuclear charge:   54
#   total electrons:  54
#   total charge:     +0
#   configuration: 1s2_2s2_2p6_3s2_3p6_4s2_3d10_4p6_5s2_4d10_5p6
#
# Computational method:
#   exchange functional: Slater (Latter tail correction)
#   correlation functional: none
#
# Grid for the spherical coordinate:
#   N =  200
#   L parameter =      1.0
#   Rmax(a.u.)  =     50.0
#   lmax  =    2
#
# SCF converged after   27 iterations
#   energy convergence  = -6.146E-08
#   density convergence =  3.973E-09
#
# Energies: 
# - zeroth-order energy (a.u.):
#   SUM of E_orb   =   -4472.41193205  [   -121700.52 eV ]
#   (SUM of E_kin) =    7308.74200814
#   (Effec. pot E) =  -11781.15394019
#
# - first-order energy (a.u.): with DFT formula
#   Kinetic E      =    7308.74200814
#   E Latter corr  =      -0.03186153
#   Nuc-Elec pot E =  -17282.26547899    One-Elec E =   -9973.55533238
#
#   Hartree E      =    2922.88469410
#   Exchange E     =    -258.46949090
#   Correlation E  =       0.00000000    Two-Elec E =    2664.41520319
#   ---------------------------------
#   Total Energy   =   -7309.14012918  [   -198891.81 eV ]
#
#                E(0)        E(1)
# |E_TOT|  -121700.52  -198891.81
#
# Orbital energies: 
#        n_occ        E(a.u.)          E(eV)         KE(eV)
#   1s       2 -1217.19256680  -33121.493607   38993.008829
#   2s       2  -186.02006187   -5061.863224    8265.453797
#   2p       6  -175.52262903   -4776.213554    8312.175218
#   3s       2   -38.47349348   -1046.916982    2485.806082
#   3p       6   -33.95615843    -923.994046    2434.793869
#   4s       2    -7.09343736    -193.022244     729.017371
#   3d      10   -25.47861929    -693.308478    2325.953860
#   4p       6    -5.46288645    -148.652698     669.482516
#   5s       2    -0.80112475     -21.799713     135.777391
#   4d      10    -2.62990439     -71.563337     532.563966
#   5p       6    -0.41921389     -11.407390      96.494356
#
#              1s        2s        2p        3s        3p        4s        3d        4p        5s        4d        5p
# |SCF| -33121.49  -5061.86  -4776.21  -1046.92   -923.99   -193.02   -693.31   -148.65    -21.80    -71.56    -11.41
#
# Radial wavefunction information (a.u.): (r_m: r_max where |u(r)| >  1.0E-08)
#              <r>       <r^2>         r_m   norm. err
#   1s       0.028       0.001       0.465     3.4E-04
#   2s       0.121       0.017       1.235     3.6E-05
#   2p       0.103       0.013       1.240    -2.1E-07
#   3s       0.318       0.116       2.705     7.2E-06
#   3p       0.308       0.110       2.830    -1.0E-07
#   4s       0.738       0.614       6.115     1.5E-06
#   3d       0.278       0.091       3.125    -4.5E-08
#   4p       0.766       0.667       6.820    -9.2E-08
#   5s       1.877       3.985      17.770     8.9E-08
#   4d       0.848       0.837       9.310    -7.7E-08
#   5p       2.231       5.749      24.370    -1.3E-07
#
# Uniform grid parameters for continuum states:
#   N_uniform             =    4887
#   continuum_rmax(a.u.)  =      24.437 (internally determined)
#   dr(a.u.)              =   5.00E-03
#   threshold to determine r_m =   1.00E-08
#   continuum_rmax is just right next to r_m in radial grid.
#
# Photoabsorption cross section (in Mb):
P.E.(eV)        Total         1s           2s           2p           3s           3p           4s           3d           4p           5s           4d           5p  
     0.00000  0.00000E+00  0.00000E+00  0.00000E+00  0.00000E+00  0.00000E+00  0.00000E+00  0.00000E+00  0.00000E+00  0.00000E+00  0.00000E+00  0.00000E+00  0.00000E+00
     1.00000  0.00000E+00  0.00000E+00  0.00000E+00  0.00000E+00  0.00000E+00  0.00000E+00  0.00000E+00  0.00000E+00  0.00000E+00  0.00000E+00  0.00000E+00  0.00000E+00
     2.00000  0.00000E+00  0.00000E+00  0.00000E+00  0.00000E+00  0.00000E+00  0.00000E+00  0.00000E+00  0.00000E+00  0.00000E+00  0.00000E+00  0.00000E+00  0.00000E+00
     3.00000  0.00000E+00  0.00000E+00  0.00000E+00  0.00000E+00  0.00000E+00  0.00000E+00  0.00000E+00  0.00000E+00  0.00000E+00  0.00000E+00  0.00000E+00  0.00000E+00
     4.00000  0.00000E+00  0.00000E+00  0.00000E+00  0.00000E+00  0.00000E+00  0.00000E+00  0.00000E+00  0.00000E+00  0.00000E+00  0.00000E+00  0.00000E+00  0.00000E+00
     5.00000  0.00000E+00  0.00000E+00  0.00000E+00  0.00000E+00  0.00000E+00  0.00000E+00  0.00000E+00  0.00000E+00  0.00000E+00  0.00000E+00  0.00000E+00  0.00000E+00
     6.00000  0.00000E+00  0.00000E+00  0.00000E+00  0.00000E+00  0.00000E+00  0.00000E+00  0.00000E+00  0.00000E+00  0.00000E+00  0.00000E+00  0.00000E+00  0.00000E+00
     7.00000  0.00000E+00  0.00000E+00  0.00000E+00  0.00000E+00  0.00000E+00  0.00000E+00  0.00000E+00  0.00000E+00  0.00000E+00  0.00000E+00  0.00000E+00  0.00000E+00
     8.00000  0.00000E+00  0.00000E+00  0.00000E+00  0.00000E+00  0.00000E+00  0.00000E+00  0.00000E+00  0.00000E+00  0.00000E+00  0.00000E+00  0.00000E+00  0.00000E+00
     9.00000  0.00000E+00  0.00000E+00  0.00000E+00  0.00000E+00  0.00000E+00  0.00000E+00  0.00000E+00  0.00000E+00  0.00000E+00  0.00000E+00  0.00000E+00  0.00000E+00
    10.00000  0.00000E+00  0.00000E+00  0.00000E+00  0.00000E+00  0.00000E+00  0.00000E+00  0.00000E+00  0.00000E+00  0.00000E+00  0.00000E+00  0.00000E+00  0.00000E+00
    11.00000  0.00000E+00  0.00000E+00  0.00000E+00  0.00000E+00  0.00000E+00  0.00000E+00  0.00000E+00  0.00000E+00  0.00000E+00  0.00000E+00  0.00000E+00  0.00000E+00
    12.00000  1.18064E+02  0.00000E+00  0.00000E+00  0.00000E+00  0.00000E+00  0.00000E+00  0.00000E+00  0.00000E+00  0.00000E+00  0.00000E+00  0.00000E+00  1.18064E+02
    13.00000  9.41483E+01  0.00000E+00  0.00000E+00  0.00000E+00  0.00000E+00  0.00000E+00  0.00000E+00  0.00000E+00  0.00000E+00  0.00000E+00  0.00000E+00  9.41483E+01
    14.00000  7.21876E+01  0.00000E+00  0.00000E+00  0.00000E+00  0.00000E+00  0.00000E+00  0.00000E+00  0.00000E+00  0.00000E+00  0.00000E+00  0.00000E+00  7.21876E+01
    15.00000  5.48711E+01  0.00000E+00  0.00000E+00  0.00000E+00  0.00000E+00  0.00000E+00  0.00000E+00  0.00000E+00  0.00000E+00  0.00000E+00  0.00000E+00  5.48711E+01
    16.00000  4.19558E+01  0.00000E+00  0.00000E+00  0.00000E+00  0.00000E+00  0.00000E+00  0.00000E+00  0.00000E+00  0.00000E+00  0.00000E+00  0.00000E+00  4.19558E+01
    17.00000  3.24710E+01  0.00000E+00  0.00000E+00  0.00000E+00  0.00000E+00  0.00000E+00  0.00000E+00  0.00000E+00  0.00000E+00  0.00000E+00  0.00000E+00  3.24710E+01
    18.00000  2.54898E+01  0.00000E+00  0.00000E+00  0.00000E+00  0.00000E+00  0.00000E+00  0.00000E+00  0.00000E+00  0.00000E+00  0.00000E+00  0.00000E+00  2.54898E+01
    19.00000  2.03000E+01  0.00000E+00  0.00000E+00  0.00000E+00  0.00000E+00  0.00000E+00  0.00000E+00  0.00000E+00  0.00000E+00  0.00000E+00  0.00000E+00  2.03000E+01
    20.00000  1.63912E+01  0.00000E+00  0.00000E+00  0.00000E+00  0.00000E+00  0.00000E+00  0.00000E+00  0.00000E+00  0.00000E+00  0.00000E+00  0.00000E+00  1.63912E+01
    21.00000  1.34059E+01  0.00000E+00  0.00000E+00  0.00000E+00  0.00000E+00  0.00000E+00  0.00000E+00  0.00000E+00  0.00000E+00  0.00000E+00  0.00000E+00  1.34059E+01
    22.00000  1.10967E+01  0.00000E+00  0.00000E+00  0.00000E+00  0.00000E+00  0.00000E+00  0.00000E+00  0.00000E+00  0.00000E+00  2.54040E-03  0.00000E+00  1.10941E+01
    23.00000  9.29120E+00  0.00000E+00  0.00000E+00  0.00000E+00  0.00000E+00  0.00000E+00  0.00000E+00  0.00000E+00  0.00000E+00  1.09036E-02  0.00000E+00  9.28029E+00
    24.00000  7.86252E+00  0.00000E+00  0.00000E+00  0.00000E+00  0.00000E+00  0.00000E+00  0.00000E+00  0.00000E+00  0.00000E+00  2.31016E-02  0.00000E+00  7.83941E+00
    25.00000  6.71922E+00  0.00000E+00  0.00000E+00  0.00000E+00  0.00000E+00  0.00000E+00  0.00000E+00  0.00000E+00  0.00000E+00  3.75925E-02  0.00000E+00  6.68163E+00
    26.00000  5.79469E+00  0.00000E+00  0.00000E+00  0.00000E+00  0.00000E+00  0.00000E+00  0.00000E+00  0.00000E+00  0.00000E+00  5.32723E-02  0.00000E+00  5.74141E+00
    27.00000  5.03978E+00  0.00000E+00  0.00000E+00  0.00000E+00  0.00000E+00  0.00000E+00  0.00000E+00  0.00000E+00  0.00000E+00  6.93654E-02  0.00000E+00  4.97041E+00
    28.00000  4.41780E+00  0.00000E+00  0.00000E+00  0.00000E+00  0.00000E+00  0.00000E+00  0.00000E+00  0.00000E+00  0.00000E+00  8.53358E-02  0.00000E+00  4.33247E+00
    29.00000  3.90107E+00  0.00000E+00  0.00000E+00  0.00000E+00  0.00000E+00  0.00000E+00  0.00000E+00  0.00000E+00  0.00000E+00  1.00820E-01  0.00000E+00  3.80025E+00
    30.00000  3.46843E+00  0.00000E+00  0.00000E+00  0.00000E+00  0.00000E+00  0.00000E+00  0.00000E+00  0.00000E+00  0.00000E+00  1.15580E-01  0.00000E+00  3.35285E+00
    31.00000  3.10358E+00  0.00000E+00  0.00000E+00  0.00000E+00  0.00000E+00  0.00000E+00  0.00000E+00  0.00000E+00  0.00000E+00  1.29463E-01  0.00000E+00  2.97411E+00
    32.00000  2.79382E+00  0.00000E+00  0.00000E+00  0.00000E+00  0.00000E+00  0.00000E+00  0.00000E+00  0.00000E+00  0.00000E+00  1.42384E-01  0.00000E+00  2.65144E+00
    33.00000  2.52919E+00  0.00000E+00  0.00000E+00  0.00000E+00  0.00000E+00  0.00000E+00  0.00000E+00  0.00000E+00  0.00000E+00  1.54300E-01  0.00000E+00  2.37489E+00
    34.00000  2.30178E+00  0.00000E+00  0.00000E+00  0.00000E+00  0.00000E+00  0.00000E+00  0.00000E+00  0.00000E+00  0.00000E+00  1.65199E-01  0.00000E+00  2.13658E+00
    35.00000  2.10528E+00  0.00000E+00  0.00000E+00  0.00000E+00  0.00000E+00  0.00000E+00  0.00000E+00  0.00000E+00  0.00000E+00  1.75094E-01  0.00000E+00  1.93019E+00
    36.00000  1.93461E+00  0.00000E+00  0.00000E+00  0.00000E+00  0.00000E+00  0.00000E+00  0.00000E+00  0.00000E+00  0.00000E+00  1.84010E-01  0.00000E+00  1.75060E+00
    37.00000  1.78564E+00  0.00000E+00  0.00000E+00  0.00000E+00  0.00000E+00  0.00000E+00  0.00000E+00  0.00000E+00  0.00000E+00  1.91984E-01  0.00000E+00  1.59366E+00
    38.00000  1.65503E+00  0.00000E+00  0.00000E+00  0.00000E+00  0.00000E+00  0.00000E+00  0.00000E+00  0.00000E+00  0.00000E+00  1.99062E-01  0.00000E+00  1.45597E+00
    39.00000  1.54000E+00  0.00000E+00  0.00000E+00  0.00000E+00  0.00000E+00  0.00000E+00  0.00000E+00  0.00000E+00  0.00000E+00  2.05290E-01  0.00000E+00  1.33472E+00
    40.00000  1.43829E+00  0.00000E+00  0.00000E+00  0.00000E+00  0.00000E+00  0.00000E+00  0.00000E+00  0.00000E+00  0.00000E+00  2.10719E-01  0.00000E+00  1.22757E+00
    41.00000  1.34800E+00  0.00000E+00  0.00000E+00  0.00000E+00  0.00000E+00  0.00000E+00  0.00000E+00  0.00000E+00  0.00000E+00  2.15400E-01  0.00000E+00  1.13260E+00
    42.00000  1.26754E+00  0.00000E+00  0.00000E+00  0.00000E+00  0.00000E+00  0.00000E+00  0.00000E+00  0.00000E+00  0.00000E+00  2.19385E-01  0.00000E+00  1.04816E+00
    43.00000  1.19560E+00  0.00000E+00  0.00000E+00  0.00000E+00  0.00000E+00  0.00000E+00  0.00000E+00  0.00000E+00  0.00000E+00  2.22723E-01  0.00000E+00  9.72873E-01
    44.00000  1.13105E+00  0.00000E+00  0.00000E+00  0.00000E+00  0.00000E+00  0.00000E+00  0.00000E+00  0.00000E+00  0.00000E+00  2.25465E-01  0.00000E+00  9.05581E-01
    45.00000  1.07294E+00  0.00000E+00  0.00000E+00  0.00000E+00  0.00000E+00  0.00000E+00  0.00000E+00  0.00000E+00  0.00000E+00  2.27656E-01  0.00000E+00  8.45284E-01
    46.00000  1.02047E+00  0.00000E+00  0.00000E+00  0.00000E+00  0.00000E+00  0.00000E+00  0.00000E+00  0.00000E+00  0.00000E+00  2.29343E-01  0.00000E+00  7.91131E-01
    47.00000  9.72957E-01  0.00000E+00  0.00000E+00  0.00000E+00  0.00000E+00  0.00000E+00  0.00000E+00  0.00000E+00  0.00000E+00  2.30568E-01  0.00000E+00  7.42389E-01
    48.00000  9.29800E-01  0.00000E+00  0.00000E+00  0.00000E+00  0.00000E+00  0.00000E+00  0.00000E+00  0.00000E+00  0.00000E+00  2.31372E-01  0.00000E+00  6.98428E-01
    49.00000  8.90493E-01  0.00000E+00  0.00000E+00  0.00000E+00  0.00000E+00  0.00000E+00  0.00000E+00  0.00000E+00  0.00000E+00  2.31795E-01  0.00000E+00  6.58698E-01
    50.00000  8.54596E-01  0.00000E+00  0.00000E+00  0.00000E+00  0.00000E+00  0.00000E+00  0.00000E+00  0.00000E+00  0.00000E+00  2.31871E-01  0.00000E+00  6.22725E-01
    51.00000  8.21727E-01  0.00000E+00  0.00000E+00  0.00000E+00  0.00000E+00  0.00000E+00  0.00000E+00  0.00000E+00  0.00000E+00  2.31635E-01  0.00000E+00  5.90092E-01
    52.00000  7.91555E-01  0.00000E+00  0.00000E+00  0.00000E+00  0.00000E+00  0.00000E+00  0.00000E+00  0.00000E+00  0.00000E+00  2.31118E-01  0.00000E+00  5.60438E-01
    53.00000  7.63791E-01  0.00000E+00  0.00000E+00  0.00000E+00  0.00000E+00  0.00000E+00  0.00000E+00  0.00000E+00  0.00000E+00  2.30350E-01  0.00000E+00  5.33442E-01
    54.00000  7.38181E-01  0.00000E+00  0.00000E+00  0.00000E+00  0.00000E+00  0.00000E+00  0.00000E+00  0.00000E+00  0.00000E+00  2.29358E-01  0.00000E+00  5.08824E-01
    55.00000  7.14503E-01  0.00000E+00  0.00000E+00  0.00000E+00  0.00000E+00  0.00000E+00  0.00000E+00  0.00000E+00  0.00000E+00  2.28166E-01  0.00000E+00  4.86336E-01
    56.00000  6.92561E-01  0.00000E+00  0.00000E+00  0.00000E+00  0.00000E+00  0.00000E+00  0.00000E+00  0.00000E+00  0.00000E+00  2.26800E-01  0.00000E+00  4.65761E-01
    57.00000  6.72182E-01  0.00000E+00  0.00000E+00  0.00000E+00  0.00000E+00  0.00000E+00  0.00000E+00  0.00000E+00  0.00000E+00  2.25278E-01  0.00000E+00  4.46903E-01
    58.00000  6.53214E-01  0.00000E+00  0.00000E+00  0.00000E+00  0.00000E+00  0.00000E+00  0.00000E+00  0.00000E+00  0.00000E+00  2.23622E-01  0.00000E+00  4.29591E-01
    59.00000  6.35521E-01  0.00000E+00  0.00000E+00  0.00000E+00  0.00000E+00  0.00000E+00  0.00000E+00  0.00000E+00  0.00000E+00  2.21849E-01  0.00000E+00  4.13672E-01
    60.00000  6.18984E-01  0.00000E+00  0.00000E+00  0.00000E+00  0.00000E+00  0.00000E+00  0.00000E+00  0.00000E+00  0.00000E+00  2.19976E-01  0.00000E+00  3.99008E-01
    61.00000  6.03495E-01  0.00000E+00  0.00000E+00  0.00000E+00  0.00000E+00  0.00000E+00  0.00000E+00  0.00000E+00  0.00000E+00  2.18016E-01  0.00000E+00  3.85479E-01
    62.00000  5.88959E-01  0.00000E+00  0.00000E+00  0.00000E+00  0.00000E+00  0.00000E+00  0.00000E+00  0.00000E+00  0.00000E+00  2.15985E-01  0.00000E+00  3.72974E-01
    63.00000  5.75290E-01  0.00000E+00  0.00000E+00  0.00000E+00  0.00000E+00  0.00000E+00  0.00000E+00  0.00000E+00  0.00000E+00  2.13893E-01  0.00000E+00  3.61397E-01
    64.00000  5.62412E-01  0.00000E+00  0.00000E+00  0.00000E+00  0.00000E+00  0.00000E+00  0.00000E+00  0.00000E+00  0.00000E+00  2.11752E-01  0.00000E+00  3.50660E-01
    65.00000  5.50257E-01  0.00000E+00  0.00000E+00  0.00000E+00  0.00000E+00  0.00000E+00  0.00000E+00  0.00000E+00  0.00000E+00  2.09571E-01  0.00000E+00  3.40686E-01
    66.00000  5.38763E-01  0.00000E+00  0.00000E+00  0.00000E+00  0.00000E+00  0.00000E+00  0.00000E+00  0.00000E+00  0.00000E+00  2.07361E-01  0.00000E+00  3.31402E-01
    67.00000  5.27876E-01  0.00000E+00  0.00000E+00  0.00000E+00  0.00000E+00  0.00000E+00  0.00000E+00  0.00000E+00  0.00000E+00  2.05128E-01  0.00000E+00  3.22747E-01
    68.00000  5.17544E-01  0.00000E+00  0.00000E+00  0.00000E+00  0.00000E+00  0.00000E+00  0.00000E+00  0.00000E+00  0.00000E+00  2.02880E-01  0.00000E+00  3.14664E-01
    69.00000  5.07724E-01  0.00000E+00  0.00000E+00  0.00000E+00  0.00000E+00  0.00000E+00  0.00000E+00  0.00000E+00  0.00000E+00  2.00623E-01  0.00000E+00  3.07101E-01
    70.00000  4.98376E-01  0.00000E+00  0.00000E+00  0.00000E+00  0.00000E+00  0.00000E+00  0.00000E+00  0.00000E+00  0.00000E+00  1.98363E-01  0.00000E+00  3.00012E-01
    71.00000  4.89461E-01  0.00000E+00  0.00000E+00  0.00000E+00  0.00000E+00  0.00000E+00  0.00000E+00  0.00000E+00  0.00000E+00  1.96105E-01  0.00000E+00  2.93356E-01
    72.00000  2.16805E+00  0.00000E+00  0.00000E+00  0.00000E+00  0.00000E+00  0.00000E+00  0.00000E+00  0.00000E+00  0.00000E+00  1.93853E-01  1.68711E+00  2.87095E-01
    73.00000  2.69125E+00  0.00000E+00  0.00000E+00  0.00000E+00  0.00000E+00  0.00000E+00  0.00000E+00  0.00000E+00  0.00000E+00  1.91611E-01  2.21844E+00  2.81196E-01
    74.00000  3.69805E+00  0.00000E+00  0.00000E+00  0.00000E+00  0.00000E+00  0.00000E+00  0.00000E+00  0.00000E+00  0.00000E+00  1.89382E-01  3.23304E+00  2.75627E-01
    75.00000  5.61118E+00  0.00000E+00  0.00000E+00  0.00000E+00  0.00000E+00  0.00000E+00  0.00000E+00  0.00000E+00  0.00000E+00  1.87169E-01  5.15365E+00  2.70361E-01
    76.00000  9.30076E+00  0.00000E+00  0.00000E+00  0.00000E+00  0.00000E+00  0.00000E+00  0.00000E+00  0.00000E+00  0.00000E+00  1.84975E-01  8.85041E+00  2.65374E-01
    77.00000  1.66739E+01  0.00000E+00  0.00000E+00  0.00000E+00  0.00000E+00  0.00000E+00  0.00000E+00  0.00000E+00  0.00000E+00  1.82802E-01  1.62305E+01  2.60643E-01
    78.00000  3.20796E+01  0.00000E+00  0.00000E+00  0.00000E+00  0.00000E+00  0.00000E+00  0.00000E+00  0.00000E+00  0.00000E+00  1.80651E-01  3.16428E+01  2.56147E-01
    79.00000  6.45355E+01  0.00000E+00  0.00000E+00  0.00000E+00  0.00000E+00  0.00000E+00  0.00000E+00  0.00000E+00  0.00000E+00  1.78524E-01  6.41052E+01  2.51867E-01
    80.00000  1.20321E+02  0.00000E+00  0.00000E+00  0.00000E+00  0.00000E+00  0.00000E+00  0.00000E+00  0.00000E+00  0.00000E+00  1.76423E-01  1.19897E+02  2.47787E-01
    81.00000  1.56726E+02  0.00000E+00  0.00000E+00  0.00000E+00  0.00000E+00  0.00000E+00  0.00000E+00  0.00000E+00  0.00000E+00  1.74348E-01  1.56308E+02  2.43892E-01
    82.00000  1.31457E+02  0.00000E+00  0.00000E+00  0.00000E+00  0.00000E+00  0.00000E+00  0.00000E+00  0.00000E+00  0.00000E+00  1.72300E-01  1.31044E+02  2.40168E-01
    83.00000  9.35707E+01  0.00000E+00  0.00000E+00  0.00000E+00  0.00000E+00  0.00000E+00  0.00000E+00  0.00000E+00  0.00000E+00  1.70280E-01  9.31638E+01  2.36602E-01
    84.00000  6.74278E+01  0.00000E+00  0.00000E+00  0.00000E+00  0.00000E+00  0.00000E+00  0.00000E+00  0.00000E+00  0.00000E+00  1.68288E-01  6.70263E+01  2.33182E-01
    85.00000  5.10983E+01  0.00000E+00  0.00000E+00  0.00000E+00  0.00000E+00  0.00000E+00  0.00000E+00  0.00000E+00  0.00000E+00  1.66324E-01  5.07021E+01  2.29899E-01
    86.00000  4.05878E+01  0.00000E+00  0.00000E+00  0.00000E+00  0.00000E+00  0.00000E+00  0.00000E+00  0.00000E+00  0.00000E+00  1.64389E-01  4.01966E+01  2.26743E-01
    87.00000  3.34553E+01  0.00000E+00  0.00000E+00  0.00000E+00  0.00000E+00  0.00000E+00  0.00000E+00  0.00000E+00  0.00000E+00  1.62483E-01  3.30691E+01  2.23705E-01
    88.00000  2.83594E+01  0.00000E+00  0.00000E+00  0.00000E+00  0.00000E+00  0.00000E+00  0.00000E+00  0.00000E+00  0.00000E+00  1.60605E-01  2.79780E+01  2.20778E-01
    89.00000  2.45505E+01  0.00000E+00  0.00000E+00  0.00000E+00  0.00000E+00  0.00000E+00  0.00000E+00  0.00000E+00  0.00000E+00  1.58756E-01  2.41738E+01  2.17954E-01
    90.00000  2.15917E+01  0.00000E+00  0.00000E+00  0.00000E+00  0.00000E+00  0.00000E+00  0.00000E+00  0.00000E+00  0.00000E+00  1.56936E-01  2.12195E+01  2.15227E-01
    91.00000  1.92172E+01  0.00000E+00  0.00000E+00  0.00000E+00  0.00000E+00  0.00000E+00  0.00000E+00  0.00000E+00  0.00000E+00  1.55143E-01  1.88494E+01  2.12590E-01
    92.00000  1.72586E+01  0.00000E+00  0.00000E+00  0.00000E+00  0.00000E+00  0.00000E+00  0.00000E+00  0.00000E+00  0.00000E+00  1.53379E-01  1.68952E+01  2.10039E-01
    93.00000  1.56057E+01  0.00000E+00  0.00000E+00  0.00000E+00  0.00000E+00  0.00000E+00  0.00000E+00  0.00000E+00  0.00000E+00  1.51642E-01  1.52465E+01  2.07568E-01
    94.00000  1.41842E+01  0.00000E+00  0.00000E+00  0.00000E+00  0.00000E+00  0.00000E+00  0.00000E+00  0.00000E+00  0.00000E+00  1.49931E-01  1.38291E+01  2.05172E-01
    95.00000  1.29427E+01  0.00000E+00  0.00000E+00  0.00000E+00  0.00000E+00  0.00000E+00  0.00000E+00  0.00000E+00  0.00000E+00  1.48248E-01  1.25916E+01  2.02848E-01
    96.00000  1.18450E+01  0.00000E+00  0.00000E+00  0.00000E+00  0.00000E+00  0.00000E+00  0.00000E+00  0.00000E+00  0.00000E+00  1.46591E-01  1.14978E+01  2.00591E-01
    97.00000  1.08648E+01  0.00000E+00  0.00000E+00  0.00000E+00  0.00000E+00  0.00000E+00  0.00000E+00  0.00000E+00  0.00000E+00  1.44959E-01  1.05215E+01  1.98398E-01
    98.00000  9.98299E+00  0.00000E+00  0.00000E+00  0.00000E+00  0.00000E+00  0.00000E+00  0.00000E+00  0.00000E+00  0.00000E+00  1.43353E-01  9.64337E+00  1.96266E-01
    99.00000  9.18501E+00  0.00000E+00  0.00000E+00  0.00000E+00  0.00000E+00  0.00000E+00  0.00000E+00  0.00000E+00  0.00000E+00  1.41772E-01  8.84905E+00  1.94191E-01
   100.00000  8.45982E+00  0.00000E+00  0.00000E+00  0.00000E+00  0.00000E+00  0.00000E+00  0.00000E+00  0.00000E+00  0.00000E+00  1.40215E-01  8.12744E+00  1.92171E-01
   101.00000  7.79872E+00  0.00000E+00  0.00000E+00  0.00000E+00  0.00000E+00  0.00000E+00  0.00000E+00  0.00000E+00  0.00000E+00  1.38682E-01  7.46984E+00  1.90203E-01
   102.00000  7.19469E+00  0.00000E+00  0.00000E+00  0.00000E+00  0.00000E+00  0.00000E+00  0.00000E+00  0.00000E+00  0.00000E+00  1.37172E-01  6.86923E+00  1.88284E-01
   103.00000  6.64195E+00  0.00000E+00  0.00000E+00  0.00000E+00  0.00000E+00  0.00000E+00  0.00000E+00  0.00000E+00  0.00000E+00  1.35685E-01  6.31986E+00  1.86412E-01
   104.00000  6.13563E+00  0.00000E+00  0.00000E+00  0.00000E+00  0.00000E+00  0.00000E+00  0.00000E+00  0.00000E+00  0.00000E+00  1.34221E-01  5.81683E+00  1.84586E-01
   105.00000  5.67151E+00  0.00000E+00  0.00000E+00  0.00000E+00  0.00000E+00  0.00000E+00  0.00000E+00  0.00000E+00  0.00000E+00  1.32778E-01  5.35593E+00  1.82802E-01
   106.00000  5.24589E+00  0.00000E+00  0.00000E+00  0.00000E+00  0.00000E+00  0.00000E+00  0.00000E+00  0.00000E+00  0.00000E+00  1.31357E-01  4.93347E+00  1.81060E-01
   107.00000  4.85547E+00  0.00000E+00  0.00000E+00  0.00000E+00  0.00000E+00  0.00000E+00  0.00000E+00  0.00000E+00  0.00000E+00  1.29957E-01  4.54616E+00  1.79357E-01
   108.00000  4.49728E+00  0.00000E+00  0.00000E+00  0.00000E+00  0.00000E+00  0.00000E+00  0.00000E+00  0.00000E+00  0.00000E+00  1.28577E-01  4.19101E+00  1.77692E-01
   109.00000  4.16862E+00  0.00000E+00  0.00000E+00  0.00000E+00  0.00000E+00  0.00000E+00  0.00000E+00  0.00000E+00  0.00000E+00  1.27218E-01  3.86534E+00  1.76064E-01
   110.00000  3.86702E+00  0.00000E+00  0.00000E+00  0.00000E+00  0.00000E+00  0.00000E+00  0.00000E+00  0.00000E+00  0.00000E+00  1.25878E-01  3.56667E+00  1.74470E-01
   111.00000  3.59021E+00  0.00000E+00  0.00000E+00  0.00000E+00  0.00000E+00  0.00000E+00  0.00000E+00  0.00000E+00  0.00000E+00  1.24558E-01  3.29274E+00  1.72911E-01
   112.00000  3.33614E+00  0.00000E+00  0.00000E+00  0.00000E+00  0.00000E+00  0.00000E+00  0.00000E+00  0.00000E+00  0.00000E+00  1.23257E-01  3.04150E+00  1.71383E-01
   113.00000  3.10289E+00  0.00000E+00  0.00000E+00  0.00000E+00  0.00000E+00  0.00000E+00  0.00000E+00  0.00000E+00  0.00000E+00  1.21974E-01  2.81103E+00  1.69887E-01
   114.00000  2.88872E+00  0.00000E+00  0.00000E+00  0.00000E+00  0.00000E+00  0.00000E+00  0.00000E+00  0.00000E+00  0.00000E+00  1.20709E-01  2.59959E+00  1.68420E-01
   115.00000  2.69203E+00  0.00000E+00  0.00000E+00  0.00000E+00  0.00000E+00  0.00000E+00  0.00000E+00  0.00000E+00  0.00000E+00  1.19462E-01  2.40558E+00  1.66983E-01
   116.00000  2.51135E+00  0.00000E+00  0.00000E+00  0.00000E+00  0.00000E+00  0.00000E+00  0.00000E+00  0.00000E+00  0.00000E+00  1.18233E-01  2.22754E+00  1.65574E-01
   117.00000  2.34534E+00  0.00000E+00  0.00000E+00  0.00000E+00  0.00000E+00  0.00000E+00  0.00000E+00  0.00000E+00  0.00000E+00  1.17021E-01  2.06413E+00  1.64191E-01
   118.00000  2.19278E+00  0.00000E+00  0.00000E+00  0.00000E+00  0.00000E+00  0.00000E+00  0.00000E+00  0.00000E+00  0.00000E+00  1.15826E-01  1.91412E+00  1.62835E-01
   119.00000  2.05254E+00  0.00000E+00  0.00000E+00  0.00000E+00  0.00000E+00  0.00000E+00  0.00000E+00  0.00000E+00  0.00000E+00  1.14647E-01  1.77639E+00  1.61504E-01
   120.00000  1.92361E+00  0.00000E+00  0.00000E+00  0.00000E+00  0.00000E+00  0.00000E+00  0.00000E+00  0.00000E+00  0.00000E+00  1.13484E-01  1.64993E+00  1.60197E-01
   121.00000  1.80505E+00  0.00000E+00  0.00000E+00  0.00000E+00  0.00000E+00  0.00000E+00  0.00000E+00  0.00000E+00  0.00000E+00  1.12338E-01  1.53380E+00  1.58913E-01
   122.00000  1.69601E+00  0.00000E+00  0.00000E+00  0.00000E+00  0.00000E+00  0.00000E+00  0.00000E+00  0.00000E+00  0.00000E+00  1.11207E-01  1.42715E+00  1.57653E-01
   123.00000  1.59573E+00  0.00000E+00  0.00000E+00  0.00000E+00  0.00000E+00  0.00000E+00  0.00000E+00  0.00000E+00  0.00000E+00  1.10092E-01  1.32922E+00  1.56414E-01
   124.00000  1.50349E+00  0.00000E+00  0.00000E+00  0.00000E+00  0.00000E+00  0.00000E+00  0.00000E+00  0.00000E+00  0.00000E+00  1.08991E-01  1.23930E+00  1.55197E-01
   125.00000  1.41866E+00  0.00000E+00  0.00000E+00  0.00000E+00  0.00000E+00  0.00000E+00  0.00000E+00  0.00000E+00  0.00000E+00  1.07906E-01  1.15676E+00  1.54001E-01
   126.00000  1.34065E+00  0.00000E+00  0.00000E+00  0.00000E+00  0.00000E+00  0.00000E+00  0.00000E+00  0.00000E+00  0.00000E+00  1.06836E-01  1.08099E+00  1.52824E-01
   127.00000  1.26894E+00  0.00000E+00  0.00000E+00  0.00000E+00  0.00000E+00  0.00000E+00  0.00000E+00  0.00000E+00  0.00000E+00  1.05779E-01  1.01149E+00  1.51667E-01
   128.00000  1.20303E+00  0.00000E+00  0.00000E+00  0.00000E+00  0.00000E+00  0.00000E+00  0.00000E+00  0.00000E+00  0.00000E+00  1.04738E-01  9.47761E-01  1.50529E-01
   129.00000  1.14248E+00  0.00000E+00  0.00000E+00  0.00000E+00  0.00000E+00  0.00000E+00  0.00000E+00  0.00000E+00  0.00000E+00  1.03710E-01  8.89362E-01  1.49409E-01
   130.00000  1.08690E+00  0.00000E+00  0.00000E+00  0.00000E+00  0.00000E+00  0.00000E+00  0.00000E+00  0.00000E+00  0.00000E+00  1.02696E-01  8.35892E-01  1.48308E-01
   131.00000  1.03590E+00  0.00000E+00  0.00000E+00  0.00000E+00  0.00000E+00  0.00000E+00  0.00000E+00  0.00000E+00  0.00000E+00  1.01696E-01  7.86981E-01  1.47223E-01
   132.00000  9.89157E-01  0.00000E+00  0.00000E+00  0.00000E+00  0.00000E+00  0.00000E+00  0.00000E+00  0.00000E+00  0.00000E+00  1.00710E-01  7.42292E-01  1.46155E-01
   133.00000  9.46357E-01  0.00000E+00  0.00000E+00  0.00000E+00  0.00000E+00  0.00000E+00  0.00000E+00  0.00000E+00  0.00000E+00  9.97367E-02  7.01517E-01  1.45104E-01
   134.00000  9.07217E-01  0.00000E+00  0.00000E+00  0.00000E+00  0.00000E+00  0.00000E+00  0.00000E+00  0.00000E+00  0.00000E+00  9.87766E-02  6.64372E-01  1.44068E-01
   135.00000  8.71474E-01  0.00000E+00  0.00000E+00  0.00000E+00  0.00000E+00  0.00000E+00  0.00000E+00  0.00000E+00  0.00000E+00  9.78296E-02  6.30596E-01  1.43048E-01
   136.00000  8.38889E-01  0.00000E+00  0.00000E+00  0.00000E+00  0.00000E+00  0.00000E+00  0.00000E+00  0.00000E+00  0.00000E+00  9.68954E-02  5.99951E-01  1.42043E-01
   137.00000  8.09241E-01  0.00000E+00  0.00000E+00  0.00000E+00  0.00000E+00  0.00000E+00  0.00000E+00  0.00000E+00  0.00000E+00  9.59738E-02  5.72214E-01  1.41053E-01
   138.00000  7.82324E-01  0.00000E+00  0.00000E+00  0.00000E+00  0.00000E+00  0.00000E+00  0.00000E+00  0.00000E+00  0.00000E+00  9.50647E-02  5.47183E-01  1.40077E-01
   139.00000  7.57951E-01  0.00000E+00  0.00000E+00  0.00000E+00  0.00000E+00  0.00000E+00  0.00000E+00  0.00000E+00  0.00000E+00  9.41680E-02  5.24668E-01  1.39115E-01
   140.00000  7.35946E-01  0.00000E+00  0.00000E+00  0.00000E+00  0.00000E+00  0.00000E+00  0.00000E+00  0.00000E+00  0.00000E+00  9.32834E-02  5.04496E-01  1.38166E-01
   141.00000  7.16146E-01  0.00000E+00  0.00000E+00  0.00000E+00  0.00000E+00  0.00000E+00  0.00000E+00  0.00000E+00  0.00000E+00  9.24109E-02  4.86504E-01  1.37231E-01
   142.00000  6.98402E-01  0.00000E+00  0.00000E+00  0.00000E+00  0.00000E+00  0.00000E+00  0.00000E+00  0.00000E+00  0.00000E+00  9.15502E-02  4.70543E-01  1.36309E-01
   143.00000  6.82571E-01  0.00000E+00  0.00000E+00  0.00000E+00  0.00000E+00  0.00000E+00  0.00000E+00  0.00000E+00  0.00000E+00  9.07013E-02  4.56471E-01  1.35399E-01
   144.00000  6.68524E-01  0.00000E+00  0.00000E+00  0.00000E+00  0.00000E+00  0.00000E+00  0.00000E+00  0.00000E+00  0.00000E+00  8.98639E-02  4.44159E-01  1.34502E-01
   145.00000  6.56139E-01  0.00000E+00  0.00000E+00  0.00000E+00  0.00000E+00  0.00000E+00  0.00000E+00  0.00000E+00  0.00000E+00  8.90380E-02  4.33484E-01  1.33616E-01
   146.00000  6.45300E-01  0.00000E+00  0.00000E+00  0.00000E+00  0.00000E+00  0.00000E+00  0.00000E+00  0.00000E+00  0.00000E+00  8.82234E-02  4.24334E-01  1.32743E-01
   147.00000  6.35902E-01  0.00000E+00  0.00000E+00  0.00000E+00  0.00000E+00  0.00000E+00  0.00000E+00  0.00000E+00  0.00000E+00  8.74200E-02  4.16602E-01  1.31880E-01
   148.00000  6.27845E-01  0.00000E+00  0.00000E+00  0.00000E+00  0.00000E+00  0.00000E+00  0.00000E+00  0.00000E+00  0.00000E+00  8.66276E-02  4.10188E-01  1.31029E-01
   149.00000  1.12336E+00  0.00000E+00  0.00000E+00  0.00000E+00  0.00000E+00  0.00000E+00  0.00000E+00  0.00000E+00  5.02324E-01  8.58461E-02  4.05000E-01  1.30189E-01
   150.00000  1.13397E+00  0.00000E+00  0.00000E+00  0.00000E+00  0.00000E+00  0.00000E+00  0.00000E+00  0.00000E+00  5.18582E-01  8.50753E-02  4.00948E-01  1.29360E-01
   151.00000  1.13843E+00  0.00000E+00  0.00000E+00  0.00000E+00  0.00000E+00  0.00000E+00  0.00000E+00  0.00000E+00  5.27619E-01  8.43151E-02  3.97953E-01  1.28541E-01
   152.00000  1.13949E+00  0.00000E+00  0.00000E+00  0.00000E+00  0.00000E+00  0.00000E+00  0.00000E+00  0.00000E+00  5.32258E-01  8.35654E-02  3.95936E-01  1.27733E-01
   153.00000  1.13904E+00  0.00000E+00  0.00000E+00  0.00000E+00  0.00000E+00  0.00000E+00  0.00000E+00  0.00000E+00  5.34450E-01  8.28261E-02  3.94826E-01  1.26935E-01
   154.00000  1.13809E+00  0.00000E+00  0.00000E+00  0.00000E+00  0.00000E+00  0.00000E+00  0.00000E+00  0.00000E+00  5.35296E-01  8.20969E-02  3.94554E-01  1.26146E-01
   155.00000  1.13717E+00  0.00000E+00  0.00000E+00  0.00000E+00  0.00000E+00  0.00000E+00  0.00000E+00  0.00000E+00  5.35369E-01  8.13778E-02  3.95056E-01  1.25367E-01
   156.00000  1.13651E+00  0.00000E+00  0.00000E+00  0.00000E+00  0.00000E+00  0.00000E+00  0.00000E+00  0.00000E+00  5.34975E-01  8.06687E-02  3.96273E-01  1.24598E-01
   157.00000  1.13623E+00  0.00000E+00  0.00000E+00  0.00000E+00  0.00000E+00  0.00000E+00  0.00000E+00  0.00000E+00  5.34274E-01  7.99693E-02  3.98149E-01  1.23838E-01
   158.00000  1.13636E+00  0.00000E+00  0.00000E+00  0.00000E+00  0.00000E+00  0.00000E+00  0.00000E+00  0.00000E+00  5.33359E-01  7.92796E-02  4.00631E-01  1.23087E-01
   159.00000  1.13690E+00  0.00000E+00  0.00000E+00  0.00000E+00  0.00000E+00  0.00000E+00  0.00000E+00  0.00000E+00  5.32288E-01  7.85994E-02  4.03669E-01  1.22345E-01
   160.00000  1.13786E+00  0.00000E+00  0.00000E+00  0.00000E+00  0.00000E+00  0.00000E+00  0.00000E+00  0.00000E+00  5.31102E-01  7.79287E-02  4.07217E-01  1.21612E-01
   161.00000  1.13922E+00  0.00000E+00  0.00000E+00  0.00000E+00  0.00000E+00  0.00000E+00  0.00000E+00  0.00000E+00  5.29829E-01  7.72671E-02  4.11232E-01  1.20887E-01
   162.00000  1.14095E+00  0.00000E+00  0.00000E+00  0.00000E+00  0.00000E+00  0.00000E+00  0.00000E+00  0.00000E+00  5.28494E-01  7.66147E-02  4.15672E-01  1.20171E-01
   163.00000  1.14305E+00  0.00000E+00  0.00000E+00  0.00000E+00  0.00000E+00  0.00000E+00  0.00000E+00  0.00000E+00  5.27117E-01  7.59713E-02  4.20500E-01  1.19463E-01
   164.00000  1.14550E+00  0.00000E+00  0.00000E+00  0.00000E+00  0.00000E+00  0.00000E+00  0.00000E+00  0.00000E+00  5.25717E-01  7.53367E-02  4.25680E-01  1.18764E-01
   165.00000  1.14827E+00  0.00000E+00  0.00000E+00  0.00000E+00  0.00000E+00  0.00000E+00  0.00000E+00  0.00000E+00  5.24309E-01  7.47108E-02  4.31178E-01  1.18072E-01
   166.00000  1.15135E+00  0.00000E+00  0.00000E+00  0.00000E+00  0.00000E+00  0.00000E+00  0.00000E+00  0.00000E+00  5.22908E-01  7.40935E-02  4.36964E-01  1.17388E-01
   167.00000  1.15473E+00  0.00000E+00  0.00000E+00  0.00000E+00  0.00000E+00  0.00000E+00  0.00000E+00  0.00000E+00  5.21526E-01  7.34847E-02  4.43009E-01  1.16712E-01
   168.00000  1.15839E+00  0.00000E+00  0.00000E+00  0.00000E+00  0.00000E+00  0.00000E+00  0.00000E+00  0.00000E+00  5.20173E-01  7.28842E-02  4.49285E-01  1.16044E-01
   169.00000  1.16230E+00  0.00000E+00  0.00000E+00  0.00000E+00  0.00000E+00  0.00000E+00  0.00000E+00  0.00000E+00  5.18858E-01  7.22918E-02  4.55767E-01  1.15383E-01
   170.00000  1.16646E+00  0.00000E+00  0.00000E+00  0.00000E+00  0.00000E+00  0.00000E+00  0.00000E+00  0.00000E+00  5.17590E-01  7.17075E-02  4.62433E-01  1.14729E-01
   171.00000  1.17085E+00  0.00000E+00  0.00000E+00  0.00000E+00  0.00000E+00  0.00000E+00  0.00000E+00  0.00000E+00  5.16373E-01  7.11312E-02  4.69259E-01  1.14082E-01
   172.00000  1.17544E+00  0.00000E+00  0.00000E+00  0.00000E+00  0.00000E+00  0.00000E+00  0.00000E+00  0.00000E+00  5.15213E-01  7.05626E-02  4.76227E-01  1.13443E-01
   173.00000  1.18024E+00  0.00000E+00  0.00000E+00  0.00000E+00  0.00000E+00  0.00000E+00  0.00000E+00  0.00000E+00  5.14112E-01  7.00017E-02  4.83316E-01  1.12810E-01
   174.00000  1.18522E+00  0.00000E+00  0.00000E+00  0.00000E+00  0.00000E+00  0.00000E+00  0.00000E+00  0.00000E+00  5.13073E-01  6.94484E-02  4.90511E-01  1.12184E-01
   175.00000  1.19036E+00  0.00000E+00  0.00000E+00  0.00000E+00  0.00000E+00  0.00000E+00  0.00000E+00  0.00000E+00  5.12096E-01  6.89024E-02  4.97794E-01  1.11565E-01
   176.00000  1.19565E+00  0.00000E+00  0.00000E+00  0.00000E+00  0.00000E+00  0.00000E+00  0.00000E+00  0.00000E+00  5.11182E-01  6.83638E-02  5.05150E-01  1.10953E-01
   177.00000  1.20108E+00  0.00000E+00  0.00000E+00  0.00000E+00  0.00000E+00  0.00000E+00  0.00000E+00  0.00000E+00  5.10330E-01  6.78323E-02  5.12567E-01  1.10347E-01
   178.00000  1.20662E+00  0.00000E+00  0.00000E+00  0.00000E+00  0.00000E+00  0.00000E+00  0.00000E+00  0.00000E+00  5.09537E-01  6.73078E-02  5.20031E-01  1.09747E-01
   179.00000  1.21228E+00  0.00000E+00  0.00000E+00  0.00000E+00  0.00000E+00  0.00000E+00  0.00000E+00  0.00000E+00  5.08802E-01  6.67902E-02  5.27531E-01  1.09154E-01
   180.00000  1.21802E+00  0.00000E+00  0.00000E+00  0.00000E+00  0.00000E+00  0.00000E+00  0.00000E+00  0.00000E+00  5.08121E-01  6.62795E-02  5.35055E-01  1.08567E-01
   181.00000  1.22385E+00  0.00000E+00  0.00000E+00  0.00000E+00  0.00000E+00  0.00000E+00  0.00000E+00  0.00000E+00  5.07491E-01  6.57754E-02  5.42594E-01  1.07986E-01
   182.00000  1.22974E+00  0.00000E+00  0.00000E+00  0.00000E+00  0.00000E+00  0.00000E+00  0.00000E+00  0.00000E+00  5.06909E-01  6.52779E-02  5.50138E-01  1.07411E-01
   183.00000  1.23568E+00  0.00000E+00  0.00000E+00  0.00000E+00  0.00000E+00  0.00000E+00  0.00000E+00  0.00000E+00  5.06370E-01  6.47868E-02  5.57679E-01  1.06841E-01
   184.00000  1.24166E+00  0.00000E+00  0.00000E+00  0.00000E+00  0.00000E+00  0.00000E+00  0.00000E+00  0.00000E+00  5.05871E-01  6.43020E-02  5.65208E-01  1.06278E-01
   185.00000  1.24767E+00  0.00000E+00  0.00000E+00  0.00000E+00  0.00000E+00  0.00000E+00  0.00000E+00  0.00000E+00  5.05406E-01  6.38234E-02  5.72720E-01  1.05720E-01
   186.00000  1.25370E+00  0.00000E+00  0.00000E+00  0.00000E+00  0.00000E+00  0.00000E+00  0.00000E+00  0.00000E+00  5.04973E-01  6.33509E-02  5.80206E-01  1.05168E-01
   187.00000  1.25973E+00  0.00000E+00  0.00000E+00  0.00000E+00  0.00000E+00  0.00000E+00  0.00000E+00  0.00000E+00  5.04567E-01  6.28844E-02  5.87662E-01  1.04621E-01
   188.00000  1.26577E+00  0.00000E+00  0.00000E+00  0.00000E+00  0.00000E+00  0.00000E+00  0.00000E+00  0.00000E+00  5.04183E-01  6.24237E-02  5.95080E-01  1.04080E-01
   189.00000  1.27179E+00  0.00000E+00  0.00000E+00  0.00000E+00  0.00000E+00  0.00000E+00  0.00000E+00  0.00000E+00  5.03818E-01  6.19688E-02  6.02457E-01  1.03544E-01
   190.00000  1.27779E+00  0.00000E+00  0.00000E+00  0.00000E+00  0.00000E+00  0.00000E+00  0.00000E+00  0.00000E+00  5.03468E-01  6.15196E-02  6.09787E-01  1.03013E-01
   191.00000  1.28376E+00  0.00000E+00  0.00000E+00  0.00000E+00  0.00000E+00  0.00000E+00  0.00000E+00  0.00000E+00  5.03130E-01  6.10759E-02  6.17065E-01  1.02488E-01
   192.00000  1.28969E+00  0.00000E+00  0.00000E+00  0.00000E+00  0.00000E+00  0.00000E+00  0.00000E+00  0.00000E+00  5.02800E-01  6.06376E-02  6.24288E-01  1.01967E-01
   193.00000  1.29558E+00  0.00000E+00  0.00000E+00  0.00000E+00  0.00000E+00  0.00000E+00  0.00000E+00  0.00000E+00  5.02475E-01  6.02046E-02  6.31451E-01  1.01451E-01
   194.00000  1.49741E+00  0.00000E+00  0.00000E+00  0.00000E+00  0.00000E+00  0.00000E+00  1.95988E-01  0.00000E+00  5.02152E-01  5.97769E-02  6.38552E-01  1.00940E-01
   195.00000  1.50707E+00  0.00000E+00  0.00000E+00  0.00000E+00  0.00000E+00  0.00000E+00  1.99869E-01  0.00000E+00  5.01829E-01  5.93543E-02  6.45587E-01  1.00434E-01
   196.00000  1.51609E+00  0.00000E+00  0.00000E+00  0.00000E+00  0.00000E+00  0.00000E+00  2.03168E-01  0.00000E+00  5.01503E-01  5.89368E-02  6.52553E-01  9.99325E-02
   197.00000  1.52460E+00  0.00000E+00  0.00000E+00  0.00000E+00  0.00000E+00  0.00000E+00  2.06019E-01  0.00000E+00  5.01172E-01  5.85242E-02  6.59447E-01  9.94356E-02
   198.00000  1.53267E+00  0.00000E+00  0.00000E+00  0.00000E+00  0.00000E+00  0.00000E+00  2.08513E-01  0.00000E+00  5.00836E-01  5.81164E-02  6.66266E-01  9.89432E-02
   199.00000  1.54038E+00  0.00000E+00  0.00000E+00  0.00000E+00  0.00000E+00  0.00000E+00  2.10717E-01  0.00000E+00  5.00491E-01  5.77134E-02  6.73009E-01  9.84553E-02
   200.00000  1.54777E+00  0.00000E+00  0.00000E+00  0.00000E+00  0.00000E+00  0.00000E+00  2.12675E-01  0.00000E+00  5.00137E-01  5.73150E-02  6.79672E-01  9.79716E-02
   201.00000  1.55486E+00  0.00000E+00  0.00000E+00  0.00000E+00  0.00000E+00  0.00000E+00  2.14418E-01  0.00000E+00  4.99772E-01  5.69213E-02  6.86254E-01  9.74923E-02
   202.00000  1.56167E+00  0.00000E+00  0.00000E+00  0.00000E+00  0.00000E+00  0.00000E+00  2.15970E-01  0.00000E+00  4.99397E-01  5.65320E-02  6.92753E-01  9.70171E-02
   203.00000  1.56821E+00  0.00000E+00  0.00000E+00  0.00000E+00  0.00000E+00  0.00000E+00  2.17345E-01  0.00000E+00  4.99009E-01  5.61471E-02  6.99167E-01  9.65461E-02
   204.00000  1.57451E+00  0.00000E+00  0.00000E+00  0.00000E+00  0.00000E+00  0.00000E+00  2.18557E-01  0.00000E+00  4.98609E-01  5.57665E-02  7.05495E-01  9.60791E-02
   205.00000  1.58055E+00  0.00000E+00  0.00000E+00  0.00000E+00  0.00000E+00  0.00000E+00  2.19614E-01  0.00000E+00  4.98196E-01  5.53901E-02  7.11734E-01  9.56162E-02
   206.00000  1.58635E+00  0.00000E+00  0.00000E+00  0.00000E+00  0.00000E+00  0.00000E+00  2.20524E-01  0.00000E+00  4.97771E-01  5.50179E-02  7.17884E-01  9.51571E-02
   207.00000  1.59192E+00  0.00000E+00  0.00000E+00  0.00000E+00  0.00000E+00  0.00000E+00  2.21294E-01  0.00000E+00  4.97332E-01  5.46498E-02  7.23942E-01  9.47019E-02
   208.00000  1.59725E+00  0.00000E+00  0.00000E+00  0.00000E+00  0.00000E+00  0.00000E+00  2.21928E-01  0.00000E+00  4.96880E-01  5.42857E-02  7.29909E-01  9.42505E-02
   209.00000  1.60236E+00  0.00000E+00  0.00000E+00  0.00000E+00  0.00000E+00  0.00000E+00  2.22434E-01  0.00000E+00  4.96416E-01  5.39255E-02  7.35782E-01  9.38027E-02
   210.00000  1.60724E+00  0.00000E+00  0.00000E+00  0.00000E+00  0.00000E+00  0.00000E+00  2.22815E-01  0.00000E+00  4.95939E-01  5.35691E-02  7.41561E-01  9.33587E-02
   211.00000  1.61191E+00  0.00000E+00  0.00000E+00  0.00000E+00  0.00000E+00  0.00000E+00  2.23078E-01  0.00000E+00  4.95449E-01  5.32166E-02  7.47244E-01  9.29182E-02
   212.00000  1.61636E+00  0.00000E+00  0.00000E+00  0.00000E+00  0.00000E+00  0.00000E+00  2.23228E-01  0.00000E+00  4.94948E-01  5.28677E-02  7.52831E-01  9.24813E-02
   213.00000  1.62060E+00  0.00000E+00  0.00000E+00  0.00000E+00  0.00000E+00  0.00000E+00  2.23270E-01  0.00000E+00  4.94435E-01  5.25225E-02  7.58320E-01  9.20478E-02
   214.00000  1.62463E+00  0.00000E+00  0.00000E+00  0.00000E+00  0.00000E+00  0.00000E+00  2.23211E-01  0.00000E+00  4.93911E-01  5.21809E-02  7.63712E-01  9.16177E-02
   215.00000  1.62847E+00  0.00000E+00  0.00000E+00  0.00000E+00  0.00000E+00  0.00000E+00  2.23056E-01  0.00000E+00  4.93377E-01  5.18428E-02  7.69006E-01  9.11909E-02
   216.00000  1.63212E+00  0.00000E+00  0.00000E+00  0.00000E+00  0.00000E+00  0.00000E+00  2.22811E-01  0.00000E+00  4.92832E-01  5.15081E-02  7.74200E-01  9.07674E-02
   217.00000  1.63558E+00  0.00000E+00  0.00000E+00  0.00000E+00  0.00000E+00  0.00000E+00  2.22483E-01  0.00000E+00  4.92277E-01  5.11768E-02  7.79295E-01  9.03472E-02
   218.00000  1.63886E+00  0.00000E+00  0.00000E+00  0.00000E+00  0.00000E+00  0.00000E+00  2.22077E-01  0.00000E+00  4.91714E-01  5.08489E-02  7.84290E-01  8.99301E-02
   219.00000  1.64197E+00  0.00000E+00  0.00000E+00  0.00000E+00  0.00000E+00  0.00000E+00  2.21599E-01  0.00000E+00  4.91141E-01  5.05242E-02  7.89185E-01  8.95161E-02
   220.00000  1.64490E+00  0.00000E+00  0.00000E+00  0.00000E+00  0.00000E+00  0.00000E+00  2.21055E-01  0.00000E+00  4.90561E-01  5.02028E-02  7.93979E-01  8.91052E-02
   221.00000  1.64768E+00  0.00000E+00  0.00000E+00  0.00000E+00  0.00000E+00  0.00000E+00  2.20452E-01  0.00000E+00  4.89973E-01  4.98845E-02  7.98673E-01  8.86973E-02
   222.00000  1.65030E+00  0.00000E+00  0.00000E+00  0.00000E+00  0.00000E+00  0.00000E+00  2.19794E-01  0.00000E+00  4.89377E-01  4.95693E-02  8.03265E-01  8.82924E-02
   223.00000  1.65277E+00  0.00000E+00  0.00000E+00  0.00000E+00  0.00000E+00  0.00000E+00  2.19087E-01  0.00000E+00  4.88774E-01  4.92572E-02  8.07757E-01  8.78903E-02
   224.00000  1.65509E+00  0.00000E+00  0.00000E+00  0.00000E+00  0.00000E+00  0.00000E+00  2.18337E-01  0.00000E+00  4.88165E-01  4.89481E-02  8.12147E-01  8.74911E-02
   225.00000  1.65727E+00  0.00000E+00  0.00000E+00  0.00000E+00  0.00000E+00  0.00000E+00  2.17549E-01  0.00000E+00  4.87550E-01  4.86419E-02  8.16437E-01  8.70948E-02
   226.00000  1.65932E+00  0.00000E+00  0.00000E+00  0.00000E+00  0.00000E+00  0.00000E+00  2.16727E-01  0.00000E+00  4.86929E-01  4.83387E-02  8.20627E-01  8.67012E-02
   227.00000  1.66124E+00  0.00000E+00  0.00000E+00  0.00000E+00  0.00000E+00  0.00000E+00  2.15876E-01  0.00000E+00  4.86303E-01  4.80383E-02  8.24715E-01  8.63103E-02
   228.00000  1.66304E+00  0.00000E+00  0.00000E+00  0.00000E+00  0.00000E+00  0.00000E+00  2.15001E-01  0.00000E+00  4.85671E-01  4.77408E-02  8.28704E-01  8.59221E-02
   229.00000  1.66472E+00  0.00000E+00  0.00000E+00  0.00000E+00  0.00000E+00  0.00000E+00  2.14105E-01  0.00000E+00  4.85035E-01  4.74460E-02  8.32593E-01  8.55365E-02
   230.00000  1.66628E+00  0.00000E+00  0.00000E+00  0.00000E+00  0.00000E+00  0.00000E+00  2.13193E-01  0.00000E+00  4.84394E-01  4.71540E-02  8.36383E-01  8.51536E-02
   231.00000  1.66773E+00  0.00000E+00  0.00000E+00  0.00000E+00  0.00000E+00  0.00000E+00  2.12267E-01  0.00000E+00  4.83748E-01  4.68647E-02  8.40074E-01  8.47732E-02
   232.00000  1.66907E+00  0.00000E+00  0.00000E+00  0.00000E+00  0.00000E+00  0.00000E+00  2.11331E-01  0.00000E+00  4.83098E-01  4.65780E-02  8.43666E-01  8.43953E-02
   233.00000  1.67031E+00  0.00000E+00  0.00000E+00  0.00000E+00  0.00000E+00  0.00000E+00  2.10389E-01  0.00000E+00  4.82444E-01  4.62940E-02  8.47161E-01  8.40199E-02
   234.00000  1.67145E+00  0.00000E+00  0.00000E+00  0.00000E+00  0.00000E+00  0.00000E+00  2.09442E-01  0.00000E+00  4.81785E-01  4.60126E-02  8.50559E-01  8.36470E-02
   235.00000  1.67249E+00  0.00000E+00  0.00000E+00  0.00000E+00  0.00000E+00  0.00000E+00  2.08493E-01  0.00000E+00  4.81123E-01  4.57337E-02  8.53860E-01  8.32765E-02
   236.00000  1.67343E+00  0.00000E+00  0.00000E+00  0.00000E+00  0.00000E+00  0.00000E+00  2.07545E-01  0.00000E+00  4.80457E-01  4.54573E-02  8.57066E-01  8.29084E-02
   237.00000  1.67429E+00  0.00000E+00  0.00000E+00  0.00000E+00  0.00000E+00  0.00000E+00  2.06599E-01  0.00000E+00  4.79787E-01  4.51834E-02  8.60177E-01  8.25427E-02
   238.00000  1.67506E+00  0.00000E+00  0.00000E+00  0.00000E+00  0.00000E+00  0.00000E+00  2.05658E-01  0.00000E+00  4.79113E-01  4.49119E-02  8.63195E-01  8.21793E-02
   239.00000  1.67574E+00  0.00000E+00  0.00000E+00  0.00000E+00  0.00000E+00  0.00000E+00  2.04722E-01  0.00000E+00  4.78435E-01  4.46428E-02  8.66120E-01  8.18182E-02
   240.00000  1.67633E+00  0.00000E+00  0.00000E+00  0.00000E+00  0.00000E+00  0.00000E+00  2.03794E-01  0.00000E+00  4.77753E-01  4.43762E-02  8.68952E-01  8.14593E-02
   241.00000  1.67685E+00  0.00000E+00  0.00000E+00  0.00000E+00  0.00000E+00  0.00000E+00  2.02873E-01  0.00000E+00  4.77067E-01  4.41119E-02  8.71694E-01  8.11027E-02
   242.00000  1.67728E+00  0.00000E+00  0.00000E+00  0.00000E+00  0.00000E+00  0.00000E+00  2.01962E-01  0.00000E+00  4.76378E-01  4.38499E-02  8.74346E-01  8.07483E-02
   243.00000  1.67764E+00  0.00000E+00  0.00000E+00  0.00000E+00  0.00000E+00  0.00000E+00  2.01062E-01  0.00000E+00  4.75684E-01  4.35902E-02  8.76909E-01  8.03961E-02
   244.00000  1.67792E+00  0.00000E+00  0.00000E+00  0.00000E+00  0.00000E+00  0.00000E+00  2.00172E-01  0.00000E+00  4.74986E-01  4.33327E-02  8.79385E-01  8.00461E-02
   245.00000  1.67813E+00  0.00000E+00  0.00000E+00  0.00000E+00  0.00000E+00  0.00000E+00  1.99294E-01  0.00000E+00  4.74283E-01  4.30775E-02  8.81774E-01  7.96982E-02
   246.00000  1.67826E+00  0.00000E+00  0.00000E+00  0.00000E+00  0.00000E+00  0.00000E+00  1.98428E-01  0.00000E+00  4.73577E-01  4.28246E-02  8.84078E-01  7.93524E-02
   247.00000  1.67832E+00  0.00000E+00  0.00000E+00  0.00000E+00  0.00000E+00  0.00000E+00  1.97574E-01  0.00000E+00  4.72866E-01  4.25738E-02  8.86297E-01  7.90086E-02
   248.00000  1.67831E+00  0.00000E+00  0.00000E+00  0.00000E+00  0.00000E+00  0.00000E+00  1.96733E-01  0.00000E+00  4.72150E-01  4.23251E-02  8.88434E-01  7.86670E-02
   249.00000  1.67823E+00  0.00000E+00  0.00000E+00  0.00000E+00  0.00000E+00  0.00000E+00  1.95904E-01  0.00000E+00  4.71430E-01  4.20787E-02  8.90490E-01  7.83274E-02
   250.00000  1.67808E+00  0.00000E+00  0.00000E+00  0.00000E+00  0.00000E+00  0.00000E+00  1.95088E-01  0.00000E+00  4.70704E-01  4.18343E-02  8.92465E-01  7.79898E-02
   251.00000  1.67787E+00  0.00000E+00  0.00000E+00  0.00000E+00  0.00000E+00  0.00000E+00  1.94285E-01  0.00000E+00  4.69974E-01  4.15920E-02  8.94361E-01  7.76542E-02
   252.00000  1.67758E+00  0.00000E+00  0.00000E+00  0.00000E+00  0.00000E+00  0.00000E+00  1.93494E-01  0.00000E+00  4.69239E-01  4.13518E-02  8.96179E-01  7.73205E-02
   253.00000  1.67724E+00  0.00000E+00  0.00000E+00  0.00000E+00  0.00000E+00  0.00000E+00  1.92716E-01  0.00000E+00  4.68498E-01  4.11136E-02  8.97921E-01  7.69889E-02
   254.00000  1.67683E+00  0.00000E+00  0.00000E+00  0.00000E+00  0.00000E+00  0.00000E+00  1.91949E-01  0.00000E+00  4.67752E-01  4.08775E-02  8.99587E-01  7.66592E-02
   255.00000  1.67635E+00  0.00000E+00  0.00000E+00  0.00000E+00  0.00000E+00  0.00000E+00  1.91195E-01  0.00000E+00  4.67000E-01  4.06433E-02  9.01180E-01  7.63314E-02
   256.00000  1.67581E+00  0.00000E+00  0.00000E+00  0.00000E+00  0.00000E+00  0.00000E+00  1.90452E-01  0.00000E+00  4.66243E-01  4.04112E-02  9.02701E-01  7.60055E-02
   257.00000  1.67521E+00  0.00000E+00  0.00000E+00  0.00000E+00  0.00000E+00  0.00000E+00  1.89721E-01  0.00000E+00  4.65481E-01  4.01810E-02  9.04150E-01  7.56815E-02
   258.00000  1.67455E+00  0.00000E+00  0.00000E+00  0.00000E+00  0.00000E+00  0.00000E+00  1.89001E-01  0.00000E+00  4.64712E-01  3.99528E-02  9.05530E-01  7.53595E-02
   259.00000  1.67383E+00  0.00000E+00  0.00000E+00  0.00000E+00  0.00000E+00  0.00000E+00  1.88290E-01  0.00000E+00  4.63937E-01  3.97264E-02  9.06841E-01  7.50392E-02
   260.00000  1.67305E+00  0.00000E+00  0.00000E+00  0.00000E+00  0.00000E+00  0.00000E+00  1.87590E-01  0.00000E+00  4.63157E-01  3.95020E-02  9.08085E-01  7.47209E-02
   261.00000  1.67222E+00  0.00000E+00  0.00000E+00  0.00000E+00  0.00000E+00  0.00000E+00  1.86900E-01  0.00000E+00  4.62370E-01  3.92795E-02  9.09262E-01  7.44044E-02
   262.00000  1.67132E+00  0.00000E+00  0.00000E+00  0.00000E+00  0.00000E+00  0.00000E+00  1.86219E-01  0.00000E+00  4.61578E-01  3.90589E-02  9.10376E-01  7.40897E-02
   263.00000  1.67037E+00  0.00000E+00  0.00000E+00  0.00000E+00  0.00000E+00  0.00000E+00  1.85546E-01  0.00000E+00  4.60779E-01  3.88401E-02  9.11426E-01  7.37769E-02
   264.00000  1.66936E+00  0.00000E+00  0.00000E+00  0.00000E+00  0.00000E+00  0.00000E+00  1.84882E-01  0.00000E+00  4.59974E-01  3.86231E-02  9.12414E-01  7.34658E-02
   265.00000  1.66829E+00  0.00000E+00  0.00000E+00  0.00000E+00  0.00000E+00  0.00000E+00  1.84225E-01  0.00000E+00  4.59162E-01  3.84080E-02  9.13341E-01  7.31566E-02
   266.00000  1.66717E+00  0.00000E+00  0.00000E+00  0.00000E+00  0.00000E+00  0.00000E+00  1.83575E-01  0.00000E+00  4.58344E-01  3.81947E-02  9.14209E-01  7.28492E-02
   267.00000  1.66600E+00  0.00000E+00  0.00000E+00  0.00000E+00  0.00000E+00  0.00000E+00  1.82933E-01  0.00000E+00  4.57520E-01  3.79831E-02  9.15018E-01  7.25435E-02
   268.00000  1.66477E+00  0.00000E+00  0.00000E+00  0.00000E+00  0.00000E+00  0.00000E+00  1.82296E-01  0.00000E+00  4.56690E-01  3.77733E-02  9.15770E-01  7.22397E-02
   269.00000  1.66349E+00  0.00000E+00  0.00000E+00  0.00000E+00  0.00000E+00  0.00000E+00  1.81666E-01  0.00000E+00  4.55854E-01  3.75653E-02  9.16467E-01  7.19376E-02
   270.00000  1.66216E+00  0.00000E+00  0.00000E+00  0.00000E+00  0.00000E+00  0.00000E+00  1.81041E-01  0.00000E+00  4.55011E-01  3.73590E-02  9.17108E-01  7.16372E-02
   271.00000  1.66077E+00  0.00000E+00  0.00000E+00  0.00000E+00  0.00000E+00  0.00000E+00  1.80421E-01  0.00000E+00  4.54162E-01  3.71544E-02  9.17696E-01  7.13386E-02
   272.00000  1.65934E+00  0.00000E+00  0.00000E+00  0.00000E+00  0.00000E+00  0.00000E+00  1.79806E-01  0.00000E+00  4.53307E-01  3.69516E-02  9.18231E-01  7.10417E-02
   273.00000  1.65785E+00  0.00000E+00  0.00000E+00  0.00000E+00  0.00000E+00  0.00000E+00  1.79194E-01  0.00000E+00  4.52445E-01  3.67504E-02  9.18715E-01  7.07466E-02
   274.00000  1.65632E+00  0.00000E+00  0.00000E+00  0.00000E+00  0.00000E+00  0.00000E+00  1.78587E-01  0.00000E+00  4.51578E-01  3.65509E-02  9.19148E-01  7.04531E-02
   275.00000  1.65473E+00  0.00000E+00  0.00000E+00  0.00000E+00  0.00000E+00  0.00000E+00  1.77983E-01  0.00000E+00  4.50705E-01  3.63530E-02  9.19532E-01  7.01614E-02
   276.00000  1.65310E+00  0.00000E+00  0.00000E+00  0.00000E+00  0.00000E+00  0.00000E+00  1.77382E-01  0.00000E+00  4.49826E-01  3.61568E-02  9.19868E-01  6.98714E-02
   277.00000  1.65143E+00  0.00000E+00  0.00000E+00  0.00000E+00  0.00000E+00  0.00000E+00  1.76784E-01  0.00000E+00  4.48941E-01  3.59622E-02  9.20156E-01  6.95831E-02
   278.00000  1.64970E+00  0.00000E+00  0.00000E+00  0.00000E+00  0.00000E+00  0.00000E+00  1.76188E-01  0.00000E+00  4.48051E-01  3.57693E-02  9.20398E-01  6.92964E-02
   279.00000  1.64793E+00  0.00000E+00  0.00000E+00  0.00000E+00  0.00000E+00  0.00000E+00  1.75594E-01  0.00000E+00  4.47156E-01  3.55779E-02  9.20595E-01  6.90114E-02
   280.00000  1.64612E+00  0.00000E+00  0.00000E+00  0.00000E+00  0.00000E+00  0.00000E+00  1.75002E-01  0.00000E+00  4.46255E-01  3.53882E-02  9.20747E-01  6.87281E-02
   281.00000  1.64426E+00  0.00000E+00  0.00000E+00  0.00000E+00  0.00000E+00  0.00000E+00  1.74412E-01  0.00000E+00  4.45349E-01  3.51999E-02  9.20856E-01  6.84465E-02
   282.00000  1.64236E+00  0.00000E+00  0.00000E+00  0.00000E+00  0.00000E+00  0.00000E+00  1.73823E-01  0.00000E+00  4.44438E-01  3.50133E-02  9.20921E-01  6.81664E-02
   283.00000  1.64042E+00  0.00000E+00  0.00000E+00  0.00000E+00  0.00000E+00  0.00000E+00  1.73235E-01  0.00000E+00  4.43522E-01  3.48282E-02  9.20945E-01  6.78881E-02
   284.00000  1.63843E+00  0.00000E+00  0.00000E+00  0.00000E+00  0.00000E+00  0.00000E+00  1.72648E-01  0.00000E+00  4.42601E-01  3.46446E-02  9.20928E-01  6.76113E-02
   285.00000  1.63641E+00  0.00000E+00  0.00000E+00  0.00000E+00  0.00000E+00  0.00000E+00  1.72062E-01  0.00000E+00  4.41676E-01  3.44626E-02  9.20871E-01  6.73362E-02
   286.00000  1.63434E+00  0.00000E+00  0.00000E+00  0.00000E+00  0.00000E+00  0.00000E+00  1.71477E-01  0.00000E+00  4.40747E-01  3.42820E-02  9.20774E-01  6.70627E-02
   287.00000  1.63224E+00  0.00000E+00  0.00000E+00  0.00000E+00  0.00000E+00  0.00000E+00  1.70891E-01  0.00000E+00  4.39814E-01  3.41029E-02  9.20638E-01  6.67908E-02
   288.00000  1.63009E+00  0.00000E+00  0.00000E+00  0.00000E+00  0.00000E+00  0.00000E+00  1.70307E-01  0.00000E+00  4.38877E-01  3.39253E-02  9.20464E-01  6.65205E-02
   289.00000  1.62791E+00  0.00000E+00  0.00000E+00  0.00000E+00  0.00000E+00  0.00000E+00  1.69722E-01  0.00000E+00  4.37936E-01  3.37492E-02  9.20253E-01  6.62518E-02
   290.00000  1.62569E+00  0.00000E+00  0.00000E+00  0.00000E+00  0.00000E+00  0.00000E+00  1.69138E-01  0.00000E+00  4.36992E-01  3.35744E-02  9.20005E-01  6.59847E-02
   291.00000  1.62344E+00  0.00000E+00  0.00000E+00  0.00000E+00  0.00000E+00  0.00000E+00  1.68553E-01  0.00000E+00  4.36045E-01  3.34012E-02  9.19721E-01  6.57191E-02
   292.00000  1.62115E+00  0.00000E+00  0.00000E+00  0.00000E+00  0.00000E+00  0.00000E+00  1.67969E-01  0.00000E+00  4.35094E-01  3.32293E-02  9.19402E-01  6.54552E-02
   293.00000  1.61882E+00  0.00000E+00  0.00000E+00  0.00000E+00  0.00000E+00  0.00000E+00  1.67384E-01  0.00000E+00  4.34141E-01  3.30589E-02  9.19048E-01  6.51928E-02
   294.00000  1.61647E+00  0.00000E+00  0.00000E+00  0.00000E+00  0.00000E+00  0.00000E+00  1.66800E-01  0.00000E+00  4.33185E-01  3.28898E-02  9.18660E-01  6.49319E-02
   295.00000  1.61407E+00  0.00000E+00  0.00000E+00  0.00000E+00  0.00000E+00  0.00000E+00  1.66215E-01  0.00000E+00  4.32226E-01  3.27221E-02  9.18238E-01  6.46726E-02
   296.00000  1.61165E+00  0.00000E+00  0.00000E+00  0.00000E+00  0.00000E+00  0.00000E+00  1.65630E-01  0.00000E+00  4.31266E-01  3.25558E-02  9.17784E-01  6.44149E-02
   297.00000  1.60919E+00  0.00000E+00  0.00000E+00  0.00000E+00  0.00000E+00  0.00000E+00  1.65046E-01  0.00000E+00  4.30303E-01  3.23908E-02  9.17296E-01  6.41587E-02
   298.00000  1.60671E+00  0.00000E+00  0.00000E+00  0.00000E+00  0.00000E+00  0.00000E+00  1.64461E-01  0.00000E+00  4.29339E-01  3.22271E-02  9.16777E-01  6.39040E-02
   299.00000  1.60419E+00  0.00000E+00  0.00000E+00  0.00000E+00  0.00000E+00  0.00000E+00  1.63876E-01  0.00000E+00  4.28373E-01  3.20648E-02  9.16227E-01  6.36508E-02
   300.00000  1.60165E+00  0.00000E+00  0.00000E+00  0.00000E+00  0.00000E+00  0.00000E+00  1.63291E-01  0.00000E+00  4.27405E-01  3.19038E-02  9.15646E-01  6.33992E-02
   301.00000  1.59907E+00  0.00000E+00  0.00000E+00  0.00000E+00  0.00000E+00  0.00000E+00  1.62707E-01  0.00000E+00  4.26437E-01  3.17441E-02  9.15034E-01  6.31490E-02
   302.00000  1.59647E+00  0.00000E+00  0.00000E+00  0.00000E+00  0.00000E+00  0.00000E+00  1.62122E-01  0.00000E+00  4.25467E-01  3.15856E-02  9.14392E-01  6.29004E-02
   303.00000  1.59384E+00  0.00000E+00  0.00000E+00  0.00000E+00  0.00000E+00  0.00000E+00  1.61538E-01  0.00000E+00  4.24497E-01  3.14285E-02  9.13721E-01  6.26532E-02
   304.00000  1.59118E+00  0.00000E+00  0.00000E+00  0.00000E+00  0.00000E+00  0.00000E+00  1.60954E-01  0.00000E+00  4.23526E-01  3.12726E-02  9.13021E-01  6.24075E-02
   305.00000  1.58850E+00  0.00000E+00  0.00000E+00  0.00000E+00  0.00000E+00  0.00000E+00  1.60371E-01  0.00000E+00  4.22554E-01  3.11179E-02  9.12292E-01  6.21633E-02
   306.00000  1.58579E+00  0.00000E+00  0.00000E+00  0.00000E+00  0.00000E+00  0.00000E+00  1.59788E-01  0.00000E+00  4.21582E-01  3.09645E-02  9.11535E-01  6.19205E-02
   307.00000  1.58306E+00  0.00000E+00  0.00000E+00  0.00000E+00  0.00000E+00  0.00000E+00  1.59205E-01  0.00000E+00  4.20610E-01  3.08122E-02  9.10750E-01  6.16792E-02
   308.00000  1.58030E+00  0.00000E+00  0.00000E+00  0.00000E+00  0.00000E+00  0.00000E+00  1.58624E-01  0.00000E+00  4.19638E-01  3.06612E-02  9.09938E-01  6.14394E-02
   309.00000  1.57752E+00  0.00000E+00  0.00000E+00  0.00000E+00  0.00000E+00  0.00000E+00  1.58043E-01  0.00000E+00  4.18667E-01  3.05114E-02  9.09099E-01  6.12009E-02
   310.00000  1.57472E+00  0.00000E+00  0.00000E+00  0.00000E+00  0.00000E+00  0.00000E+00  1.57463E-01  0.00000E+00  4.17695E-01  3.03627E-02  9.08234E-01  6.09639E-02
   311.00000  1.57189E+00  0.00000E+00  0.00000E+00  0.00000E+00  0.00000E+00  0.00000E+00  1.56884E-01  0.00000E+00  4.16725E-01  3.02153E-02  9.07342E-01  6.07283E-02
   312.00000  1.56905E+00  0.00000E+00  0.00000E+00  0.00000E+00  0.00000E+00  0.00000E+00  1.56306E-01  0.00000E+00  4.15754E-01  3.00689E-02  9.06425E-01  6.04941E-02
   313.00000  1.56618E+00  0.00000E+00  0.00000E+00  0.00000E+00  0.00000E+00  0.00000E+00  1.55729E-01  0.00000E+00  4.14785E-01  2.99237E-02  9.05482E-01  6.02612E-02
   314.00000  1.56329E+00  0.00000E+00  0.00000E+00  0.00000E+00  0.00000E+00  0.00000E+00  1.55154E-01  0.00000E+00  4.13816E-01  2.97797E-02  9.04514E-01  6.00298E-02
   315.00000  1.56039E+00  0.00000E+00  0.00000E+00  0.00000E+00  0.00000E+00  0.00000E+00  1.54580E-01  0.00000E+00  4.12849E-01  2.96367E-02  9.03521E-01  5.97997E-02
   316.00000  1.55746E+00  0.00000E+00  0.00000E+00  0.00000E+00  0.00000E+00  0.00000E+00  1.54007E-01  0.00000E+00  4.11882E-01  2.94949E-02  9.02504E-01  5.95710E-02
   317.00000  1.55452E+00  0.00000E+00  0.00000E+00  0.00000E+00  0.00000E+00  0.00000E+00  1.53437E-01  0.00000E+00  4.10917E-01  2.93542E-02  9.01464E-01  5.93437E-02
   318.00000  1.55155E+00  0.00000E+00  0.00000E+00  0.00000E+00  0.00000E+00  0.00000E+00  1.52868E-01  0.00000E+00  4.09953E-01  2.92145E-02  9.00399E-01  5.91177E-02
   319.00000  1.54857E+00  0.00000E+00  0.00000E+00  0.00000E+00  0.00000E+00  0.00000E+00  1.52301E-01  0.00000E+00  4.08991E-01  2.90759E-02  8.99312E-01  5.88930E-02
   320.00000  1.54557E+00  0.00000E+00  0.00000E+00  0.00000E+00  0.00000E+00  0.00000E+00  1.51735E-01  0.00000E+00  4.08030E-01  2.89384E-02  8.98201E-01  5.86696E-02
   321.00000  1.54256E+00  0.00000E+00  0.00000E+00  0.00000E+00  0.00000E+00  0.00000E+00  1.51172E-01  0.00000E+00  4.07070E-01  2.88019E-02  8.97068E-01  5.84476E-02
   322.00000  1.53953E+00  0.00000E+00  0.00000E+00  0.00000E+00  0.00000E+00  0.00000E+00  1.50611E-01  0.00000E+00  4.06113E-01  2.86664E-02  8.95913E-01  5.82269E-02
   323.00000  1.53648E+00  0.00000E+00  0.00000E+00  0.00000E+00  0.00000E+00  0.00000E+00  1.50052E-01  0.00000E+00  4.05156E-01  2.85320E-02  8.94736E-01  5.80074E-02
   324.00000  1.53342E+00  0.00000E+00  0.00000E+00  0.00000E+00  0.00000E+00  0.00000E+00  1.49496E-01  0.00000E+00  4.04202E-01  2.83986E-02  8.93538E-01  5.77893E-02
   325.00000  1.53035E+00  0.00000E+00  0.00000E+00  0.00000E+00  0.00000E+00  0.00000E+00  1.48942E-01  0.00000E+00  4.03250E-01  2.82662E-02  8.92318E-01  5.75724E-02
   326.00000  1.52726E+00  0.00000E+00  0.00000E+00  0.00000E+00  0.00000E+00  0.00000E+00  1.48390E-01  0.00000E+00  4.02299E-01  2.81348E-02  8.91078E-01  5.73568E-02
   327.00000  1.52416E+00  0.00000E+00  0.00000E+00  0.00000E+00  0.00000E+00  0.00000E+00  1.47841E-01  0.00000E+00  4.01350E-01  2.80043E-02  8.89817E-01  5.71424E-02
   328.00000  1.52104E+00  0.00000E+00  0.00000E+00  0.00000E+00  0.00000E+00  0.00000E+00  1.47295E-01  0.00000E+00  4.00403E-01  2.78748E-02  8.88536E-01  5.69293E-02
   329.00000  1.51791E+00  0.00000E+00  0.00000E+00  0.00000E+00  0.00000E+00  0.00000E+00  1.46751E-01  0.00000E+00  3.99458E-01  2.77463E-02  8.87236E-01  5.67175E-02
   330.00000  1.51477E+00  0.00000E+00  0.00000E+00  0.00000E+00  0.00000E+00  0.00000E+00  1.46211E-01  0.00000E+00  3.98515E-01  2.76187E-02  8.85916E-01  5.65069E-02
   331.00000  1.51161E+00  0.00000E+00  0.00000E+00  0.00000E+00  0.00000E+00  0.00000E+00  1.45672E-01  0.00000E+00  3.97574E-01  2.74921E-02  8.84577E-01  5.62975E-02
   332.00000  1.50845E+00  0.00000E+00  0.00000E+00  0.00000E+00  0.00000E+00  0.00000E+00  1.45137E-01  0.00000E+00  3.96635E-01  2.73663E-02  8.83219E-01  5.60893E-02
   333.00000  1.50527E+00  0.00000E+00  0.00000E+00  0.00000E+00  0.00000E+00  0.00000E+00  1.44605E-01  0.00000E+00  3.95698E-01  2.72415E-02  8.81843E-01  5.58823E-02
   334.00000  1.50208E+00  0.00000E+00  0.00000E+00  0.00000E+00  0.00000E+00  0.00000E+00  1.44076E-01  0.00000E+00  3.94763E-01  2.71176E-02  8.80449E-01  5.56765E-02
   335.00000  1.49888E+00  0.00000E+00  0.00000E+00  0.00000E+00  0.00000E+00  0.00000E+00  1.43549E-01  0.00000E+00  3.93831E-01  2.69946E-02  8.79037E-01  5.54719E-02
   336.00000  1.49568E+00  0.00000E+00  0.00000E+00  0.00000E+00  0.00000E+00  0.00000E+00  1.43026E-01  0.00000E+00  3.92900E-01  2.68725E-02  8.77608E-01  5.52684E-02
   337.00000  1.49246E+00  0.00000E+00  0.00000E+00  0.00000E+00  0.00000E+00  0.00000E+00  1.42506E-01  0.00000E+00  3.91971E-01  2.67513E-02  8.76163E-01  5.50661E-02
   338.00000  1.48923E+00  0.00000E+00  0.00000E+00  0.00000E+00  0.00000E+00  0.00000E+00  1.41989E-01  0.00000E+00  3.91044E-01  2.66309E-02  8.74700E-01  5.48650E-02
   339.00000  1.48599E+00  0.00000E+00  0.00000E+00  0.00000E+00  0.00000E+00  0.00000E+00  1.41475E-01  0.00000E+00  3.90119E-01  2.65114E-02  8.73222E-01  5.46650E-02
   340.00000  1.48275E+00  0.00000E+00  0.00000E+00  0.00000E+00  0.00000E+00  0.00000E+00  1.40964E-01  0.00000E+00  3.89196E-01  2.63927E-02  8.71727E-01  5.44662E-02
   341.00000  1.47949E+00  0.00000E+00  0.00000E+00  0.00000E+00  0.00000E+00  0.00000E+00  1.40456E-01  0.00000E+00  3.88275E-01  2.62748E-02  8.70217E-01  5.42685E-02
   342.00000  1.47623E+00  0.00000E+00  0.00000E+00  0.00000E+00  0.00000E+00  0.00000E+00  1.39951E-01  0.00000E+00  3.87357E-01  2.61578E-02  8.68692E-01  5.40719E-02
   343.00000  1.47296E+00  0.00000E+00  0.00000E+00  0.00000E+00  0.00000E+00  0.00000E+00  1.39450E-01  0.00000E+00  3.86439E-01  2.60416E-02  8.67152E-01  5.38763E-02
   344.00000  1.46968E+00  0.00000E+00  0.00000E+00  0.00000E+00  0.00000E+00  0.00000E+00  1.38952E-01  0.00000E+00  3.85524E-01  2.59262E-02  8.65598E-01  5.36819E-02
   345.00000  1.46640E+00  0.00000E+00  0.00000E+00  0.00000E+00  0.00000E+00  0.00000E+00  1.38456E-01  0.00000E+00  3.84611E-01  2.58116E-02  8.64029E-01  5.34886E-02
   346.00000  1.46311E+00  0.00000E+00  0.00000E+00  0.00000E+00  0.00000E+00  0.00000E+00  1.37964E-01  0.00000E+00  3.83700E-01  2.56978E-02  8.62447E-01  5.32964E-02
   347.00000  1.45981E+00  0.00000E+00  0.00000E+00  0.00000E+00  0.00000E+00  0.00000E+00  1.37476E-01  0.00000E+00  3.82790E-01  2.55848E-02  8.60852E-01  5.31052E-02
   348.00000  1.45650E+00  0.00000E+00  0.00000E+00  0.00000E+00  0.00000E+00  0.00000E+00  1.36990E-01  0.00000E+00  3.81882E-01  2.54726E-02  8.59243E-01  5.29150E-02
   349.00000  1.45319E+00  0.00000E+00  0.00000E+00  0.00000E+00  0.00000E+00  0.00000E+00  1.36507E-01  0.00000E+00  3.80976E-01  2.53611E-02  8.57622E-01  5.27260E-02
   350.00000  1.44988E+00  0.00000E+00  0.00000E+00  0.00000E+00  0.00000E+00  0.00000E+00  1.36028E-01  0.00000E+00  3.80072E-01  2.52504E-02  8.55989E-01  5.25379E-02
   351.00000  1.44656E+00  0.00000E+00  0.00000E+00  0.00000E+00  0.00000E+00  0.00000E+00  1.35552E-01  0.00000E+00  3.79169E-01  2.51405E-02  8.54343E-01  5.23509E-02
   352.00000  1.44323E+00  0.00000E+00  0.00000E+00  0.00000E+00  0.00000E+00  0.00000E+00  1.35078E-01  0.00000E+00  3.78268E-01  2.50312E-02  8.52686E-01  5.21649E-02
   353.00000  1.43990E+00  0.00000E+00  0.00000E+00  0.00000E+00  0.00000E+00  0.00000E+00  1.34608E-01  0.00000E+00  3.77368E-01  2.49228E-02  8.51018E-01  5.19799E-02
   354.00000  1.43656E+00  0.00000E+00  0.00000E+00  0.00000E+00  0.00000E+00  0.00000E+00  1.34141E-01  0.00000E+00  3.76470E-01  2.48150E-02  8.49339E-01  5.17959E-02
   355.00000  1.43322E+00  0.00000E+00  0.00000E+00  0.00000E+00  0.00000E+00  0.00000E+00  1.33677E-01  0.00000E+00  3.75574E-01  2.47080E-02  8.47649E-01  5.16129E-02
   356.00000  1.42988E+00  0.00000E+00  0.00000E+00  0.00000E+00  0.00000E+00  0.00000E+00  1.33215E-01  0.00000E+00  3.74679E-01  2.46017E-02  8.45949E-01  5.14309E-02
   357.00000  1.42653E+00  0.00000E+00  0.00000E+00  0.00000E+00  0.00000E+00  0.00000E+00  1.32757E-01  0.00000E+00  3.73786E-01  2.44961E-02  8.44240E-01  5.12499E-02
   358.00000  1.42318E+00  0.00000E+00  0.00000E+00  0.00000E+00  0.00000E+00  0.00000E+00  1.32301E-01  0.00000E+00  3.72894E-01  2.43911E-02  8.42520E-01  5.10699E-02
   359.00000  1.41982E+00  0.00000E+00  0.00000E+00  0.00000E+00  0.00000E+00  0.00000E+00  1.31848E-01  0.00000E+00  3.72004E-01  2.42869E-02  8.40792E-01  5.08908E-02
   360.00000  1.41646E+00  0.00000E+00  0.00000E+00  0.00000E+00  0.00000E+00  0.00000E+00  1.31399E-01  0.00000E+00  3.71114E-01  2.41834E-02  8.39055E-01  5.07126E-02
   361.00000  1.41310E+00  0.00000E+00  0.00000E+00  0.00000E+00  0.00000E+00  0.00000E+00  1.30951E-01  0.00000E+00  3.70227E-01  2.40805E-02  8.37309E-01  5.05354E-02
   362.00000  1.40974E+00  0.00000E+00  0.00000E+00  0.00000E+00  0.00000E+00  0.00000E+00  1.30507E-01  0.00000E+00  3.69340E-01  2.39783E-02  8.35555E-01  5.03592E-02
   363.00000  1.40637E+00  0.00000E+00  0.00000E+00  0.00000E+00  0.00000E+00  0.00000E+00  1.30065E-01  0.00000E+00  3.68455E-01  2.38768E-02  8.33793E-01  5.01839E-02
   364.00000  1.40301E+00  0.00000E+00  0.00000E+00  0.00000E+00  0.00000E+00  0.00000E+00  1.29626E-01  0.00000E+00  3.67571E-01  2.37759E-02  8.32023E-01  5.00095E-02
   365.00000  1.39964E+00  0.00000E+00  0.00000E+00  0.00000E+00  0.00000E+00  0.00000E+00  1.29190E-01  0.00000E+00  3.66689E-01  2.36757E-02  8.30246E-01  4.98360E-02
   366.00000  1.39627E+00  0.00000E+00  0.00000E+00  0.00000E+00  0.00000E+00  0.00000E+00  1.28756E-01  0.00000E+00  3.65808E-01  2.35762E-02  8.28463E-01  4.96635E-02
   367.00000  1.39289E+00  0.00000E+00  0.00000E+00  0.00000E+00  0.00000E+00  0.00000E+00  1.28324E-01  0.00000E+00  3.64928E-01  2.34772E-02  8.26672E-01  4.94918E-02
   368.00000  1.38952E+00  0.00000E+00  0.00000E+00  0.00000E+00  0.00000E+00  0.00000E+00  1.27895E-01  0.00000E+00  3.64049E-01  2.33789E-02  8.24876E-01  4.93210E-02
   369.00000  1.38614E+00  0.00000E+00  0.00000E+00  0.00000E+00  0.00000E+00  0.00000E+00  1.27468E-01  0.00000E+00  3.63171E-01  2.32813E-02  8.23073E-01  4.91512E-02
   370.00000  1.38277E+00  0.00000E+00  0.00000E+00  0.00000E+00  0.00000E+00  0.00000E+00  1.27044E-01  0.00000E+00  3.62295E-01  2.31842E-02  8.21264E-01  4.89822E-02
   371.00000  1.37939E+00  0.00000E+00  0.00000E+00  0.00000E+00  0.00000E+00  0.00000E+00  1.26622E-01  0.00000E+00  3.61419E-01  2.30878E-02  8.19450E-01  4.88141E-02
   372.00000  1.37602E+00  0.00000E+00  0.00000E+00  0.00000E+00  0.00000E+00  0.00000E+00  1.26203E-01  0.00000E+00  3.60545E-01  2.29920E-02  8.17631E-01  4.86469E-02
   373.00000  1.37264E+00  0.00000E+00  0.00000E+00  0.00000E+00  0.00000E+00  0.00000E+00  1.25785E-01  0.00000E+00  3.59672E-01  2.28967E-02  8.15807E-01  4.84805E-02
   374.00000  1.36926E+00  0.00000E+00  0.00000E+00  0.00000E+00  0.00000E+00  0.00000E+00  1.25370E-01  0.00000E+00  3.58800E-01  2.28021E-02  8.13978E-01  4.83150E-02
   375.00000  1.36589E+00  0.00000E+00  0.00000E+00  0.00000E+00  0.00000E+00  0.00000E+00  1.24957E-01  0.00000E+00  3.57929E-01  2.27081E-02  8.12145E-01  4.81503E-02
   376.00000  1.36251E+00  0.00000E+00  0.00000E+00  0.00000E+00  0.00000E+00  0.00000E+00  1.24546E-01  0.00000E+00  3.57059E-01  2.26147E-02  8.10307E-01  4.79865E-02
   377.00000  1.35914E+00  0.00000E+00  0.00000E+00  0.00000E+00  0.00000E+00  0.00000E+00  1.24137E-01  0.00000E+00  3.56191E-01  2.25218E-02  8.08466E-01  4.78235E-02
   378.00000  1.35577E+00  0.00000E+00  0.00000E+00  0.00000E+00  0.00000E+00  0.00000E+00  1.23730E-01  0.00000E+00  3.55323E-01  2.24296E-02  8.06621E-01  4.76614E-02
   379.00000  1.35239E+00  0.00000E+00  0.00000E+00  0.00000E+00  0.00000E+00  0.00000E+00  1.23325E-01  0.00000E+00  3.54457E-01  2.23379E-02  8.04773E-01  4.75000E-02
   380.00000  1.34902E+00  0.00000E+00  0.00000E+00  0.00000E+00  0.00000E+00  0.00000E+00  1.22922E-01  0.00000E+00  3.53592E-01  2.22468E-02  8.02921E-01  4.73395E-02
   381.00000  1.34565E+00  0.00000E+00  0.00000E+00  0.00000E+00  0.00000E+00  0.00000E+00  1.22521E-01  0.00000E+00  3.52728E-01  2.21562E-02  8.01067E-01  4.71799E-02
   382.00000  1.34228E+00  0.00000E+00  0.00000E+00  0.00000E+00  0.00000E+00  0.00000E+00  1.22122E-01  0.00000E+00  3.51865E-01  2.20662E-02  7.99209E-01  4.70210E-02
   383.00000  1.33892E+00  0.00000E+00  0.00000E+00  0.00000E+00  0.00000E+00  0.00000E+00  1.21725E-01  0.00000E+00  3.51003E-01  2.19768E-02  7.97350E-01  4.68629E-02
   384.00000  1.33555E+00  0.00000E+00  0.00000E+00  0.00000E+00  0.00000E+00  0.00000E+00  1.21329E-01  0.00000E+00  3.50142E-01  2.18879E-02  7.95488E-01  4.67056E-02
   385.00000  1.33219E+00  0.00000E+00  0.00000E+00  0.00000E+00  0.00000E+00  0.00000E+00  1.20935E-01  0.00000E+00  3.49283E-01  2.17995E-02  7.93624E-01  4.65491E-02
   386.00000  1.32883E+00  0.00000E+00  0.00000E+00  0.00000E+00  0.00000E+00  0.00000E+00  1.20543E-01  0.00000E+00  3.48425E-01  2.17117E-02  7.91758E-01  4.63934E-02
   387.00000  1.32547E+00  0.00000E+00  0.00000E+00  0.00000E+00  0.00000E+00  0.00000E+00  1.20153E-01  0.00000E+00  3.47567E-01  2.16245E-02  7.89890E-01  4.62385E-02
   388.00000  1.32212E+00  0.00000E+00  0.00000E+00  0.00000E+00  0.00000E+00  0.00000E+00  1.19764E-01  0.00000E+00  3.46712E-01  2.15377E-02  7.88021E-01  4.60843E-02
   389.00000  1.31877E+00  0.00000E+00  0.00000E+00  0.00000E+00  0.00000E+00  0.00000E+00  1.19377E-01  0.00000E+00  3.45857E-01  2.14515E-02  7.86150E-01  4.59309E-02
   390.00000  1.31542E+00  0.00000E+00  0.00000E+00  0.00000E+00  0.00000E+00  0.00000E+00  1.18992E-01  0.00000E+00  3.45004E-01  2.13659E-02  7.84278E-01  4.57783E-02
   391.00000  1.31207E+00  0.00000E+00  0.00000E+00  0.00000E+00  0.00000E+00  0.00000E+00  1.18608E-01  0.00000E+00  3.44151E-01  2.12807E-02  7.82406E-01  4.56264E-02
   392.00000  1.30873E+00  0.00000E+00  0.00000E+00  0.00000E+00  0.00000E+00  0.00000E+00  1.18225E-01  0.00000E+00  3.43301E-01  2.11961E-02  7.80532E-01  4.54753E-02
   393.00000  1.30539E+00  0.00000E+00  0.00000E+00  0.00000E+00  0.00000E+00  0.00000E+00  1.17845E-01  0.00000E+00  3.42451E-01  2.11120E-02  7.78658E-01  4.53250E-02
   394.00000  1.30206E+00  0.00000E+00  0.00000E+00  0.00000E+00  0.00000E+00  0.00000E+00  1.17465E-01  0.00000E+00  3.41603E-01  2.10284E-02  7.76783E-01  4.51754E-02
   395.00000  1.29872E+00  0.00000E+00  0.00000E+00  0.00000E+00  0.00000E+00  0.00000E+00  1.17088E-01  0.00000E+00  3.40756E-01  2.09453E-02  7.74908E-01  4.50265E-02
   396.00000  1.29540E+00  0.00000E+00  0.00000E+00  0.00000E+00  0.00000E+00  0.00000E+00  1.16711E-01  0.00000E+00  3.39911E-01  2.08627E-02  7.73032E-01  4.48784E-02
   397.00000  1.29207E+00  0.00000E+00  0.00000E+00  0.00000E+00  0.00000E+00  0.00000E+00  1.16336E-01  0.00000E+00  3.39067E-01  2.07806E-02  7.71157E-01  4.47310E-02
   398.00000  1.28875E+00  0.00000E+00  0.00000E+00  0.00000E+00  0.00000E+00  0.00000E+00  1.15963E-01  0.00000E+00  3.38225E-01  2.06990E-02  7.69281E-01  4.45844E-02
   399.00000  1.28544E+00  0.00000E+00  0.00000E+00  0.00000E+00  0.00000E+00  0.00000E+00  1.15591E-01  0.00000E+00  3.37384E-01  2.06179E-02  7.67405E-01  4.44385E-02
   400.00000  1.28212E+00  0.00000E+00  0.00000E+00  0.00000E+00  0.00000E+00  0.00000E+00  1.15220E-01  0.00000E+00  3.36544E-01  2.05372E-02  7.65530E-01  4.42933E-02
   401.00000  1.27882E+00  0.00000E+00  0.00000E+00  0.00000E+00  0.00000E+00  0.00000E+00  1.14851E-01  0.00000E+00  3.35706E-01  2.04571E-02  7.63655E-01  4.41488E-02
   402.00000  1.27552E+00  0.00000E+00  0.00000E+00  0.00000E+00  0.00000E+00  0.00000E+00  1.14483E-01  0.00000E+00  3.34870E-01  2.03774E-02  7.61781E-01  4.40050E-02
   403.00000  1.27222E+00  0.00000E+00  0.00000E+00  0.00000E+00  0.00000E+00  0.00000E+00  1.14116E-01  0.00000E+00  3.34035E-01  2.02983E-02  7.59907E-01  4.38620E-02
   404.00000  1.26893E+00  0.00000E+00  0.00000E+00  0.00000E+00  0.00000E+00  0.00000E+00  1.13751E-01  0.00000E+00  3.33202E-01  2.02196E-02  7.58034E-01  4.37197E-02
   405.00000  1.26564E+00  0.00000E+00  0.00000E+00  0.00000E+00  0.00000E+00  0.00000E+00  1.13387E-01  0.00000E+00  3.32371E-01  2.01413E-02  7.56161E-01  4.35780E-02
   406.00000  1.26236E+00  0.00000E+00  0.00000E+00  0.00000E+00  0.00000E+00  0.00000E+00  1.13024E-01  0.00000E+00  3.31541E-01  2.00636E-02  7.54290E-01  4.34371E-02
   407.00000  1.25908E+00  0.00000E+00  0.00000E+00  0.00000E+00  0.00000E+00  0.00000E+00  1.12663E-01  0.00000E+00  3.30713E-01  1.99863E-02  7.52419E-01  4.32969E-02
   408.00000  1.25581E+00  0.00000E+00  0.00000E+00  0.00000E+00  0.00000E+00  0.00000E+00  1.12303E-01  0.00000E+00  3.29887E-01  1.99095E-02  7.50549E-01  4.31574E-02
   409.00000  1.25254E+00  0.00000E+00  0.00000E+00  0.00000E+00  0.00000E+00  0.00000E+00  1.11944E-01  0.00000E+00  3.29063E-01  1.98331E-02  7.48681E-01  4.30185E-02
   410.00000  1.24928E+00  0.00000E+00  0.00000E+00  0.00000E+00  0.00000E+00  0.00000E+00  1.11586E-01  0.00000E+00  3.28240E-01  1.97572E-02  7.46813E-01  4.28804E-02
   411.00000  1.24602E+00  0.00000E+00  0.00000E+00  0.00000E+00  0.00000E+00  0.00000E+00  1.11230E-01  0.00000E+00  3.27420E-01  1.96817E-02  7.44947E-01  4.27429E-02
   412.00000  1.24277E+00  0.00000E+00  0.00000E+00  0.00000E+00  0.00000E+00  0.00000E+00  1.10875E-01  0.00000E+00  3.26601E-01  1.96067E-02  7.43082E-01  4.26061E-02
   413.00000  1.23953E+00  0.00000E+00  0.00000E+00  0.00000E+00  0.00000E+00  0.00000E+00  1.10522E-01  0.00000E+00  3.25784E-01  1.95321E-02  7.41219E-01  4.24700E-02
   414.00000  1.23629E+00  0.00000E+00  0.00000E+00  0.00000E+00  0.00000E+00  0.00000E+00  1.10169E-01  0.00000E+00  3.24969E-01  1.94580E-02  7.39357E-01  4.23346E-02
   415.00000  1.23306E+00  0.00000E+00  0.00000E+00  0.00000E+00  0.00000E+00  0.00000E+00  1.09818E-01  0.00000E+00  3.24157E-01  1.93843E-02  7.37496E-01  4.21998E-02
   416.00000  1.22983E+00  0.00000E+00  0.00000E+00  0.00000E+00  0.00000E+00  0.00000E+00  1.09468E-01  0.00000E+00  3.23346E-01  1.93111E-02  7.35637E-01  4.20657E-02
   417.00000  1.22661E+00  0.00000E+00  0.00000E+00  0.00000E+00  0.00000E+00  0.00000E+00  1.09120E-01  0.00000E+00  3.22537E-01  1.92383E-02  7.33779E-01  4.19323E-02
   418.00000  1.22339E+00  0.00000E+00  0.00000E+00  0.00000E+00  0.00000E+00  0.00000E+00  1.08773E-01  0.00000E+00  3.21730E-01  1.91659E-02  7.31923E-01  4.17995E-02
   419.00000  1.22018E+00  0.00000E+00  0.00000E+00  0.00000E+00  0.00000E+00  0.00000E+00  1.08427E-01  0.00000E+00  3.20926E-01  1.90939E-02  7.30069E-01  4.16674E-02
   420.00000  1.21698E+00  0.00000E+00  0.00000E+00  0.00000E+00  0.00000E+00  0.00000E+00  1.08082E-01  0.00000E+00  3.20123E-01  1.90224E-02  7.28217E-01  4.15359E-02
   421.00000  1.21378E+00  0.00000E+00  0.00000E+00  0.00000E+00  0.00000E+00  0.00000E+00  1.07739E-01  0.00000E+00  3.19323E-01  1.89513E-02  7.26366E-01  4.14051E-02
   422.00000  1.21059E+00  0.00000E+00  0.00000E+00  0.00000E+00  0.00000E+00  0.00000E+00  1.07396E-01  0.00000E+00  3.18525E-01  1.88806E-02  7.24517E-01  4.12749E-02
   423.00000  1.20741E+00  0.00000E+00  0.00000E+00  0.00000E+00  0.00000E+00  0.00000E+00  1.07056E-01  0.00000E+00  3.17729E-01  1.88104E-02  7.22669E-01  4.11453E-02
   424.00000  1.20423E+00  0.00000E+00  0.00000E+00  0.00000E+00  0.00000E+00  0.00000E+00  1.06716E-01  0.00000E+00  3.16936E-01  1.87405E-02  7.20824E-01  4.10164E-02
   425.00000  1.20106E+00  0.00000E+00  0.00000E+00  0.00000E+00  0.00000E+00  0.00000E+00  1.06378E-01  0.00000E+00  3.16144E-01  1.86711E-02  7.18980E-01  4.08881E-02
   426.00000  1.19790E+00  0.00000E+00  0.00000E+00  0.00000E+00  0.00000E+00  0.00000E+00  1.06041E-01  0.00000E+00  3.15355E-01  1.86021E-02  7.17139E-01  4.07605E-02
   427.00000  1.19474E+00  0.00000E+00  0.00000E+00  0.00000E+00  0.00000E+00  0.00000E+00  1.05705E-01  0.00000E+00  3.14568E-01  1.85335E-02  7.15299E-01  4.06335E-02
   428.00000  1.19159E+00  0.00000E+00  0.00000E+00  0.00000E+00  0.00000E+00  0.00000E+00  1.05371E-01  0.00000E+00  3.13784E-01  1.84652E-02  7.13461E-01  4.05071E-02
   429.00000  1.18844E+00  0.00000E+00  0.00000E+00  0.00000E+00  0.00000E+00  0.00000E+00  1.05038E-01  0.00000E+00  3.13002E-01  1.83974E-02  7.11625E-01  4.03813E-02
   430.00000  1.18531E+00  0.00000E+00  0.00000E+00  0.00000E+00  0.00000E+00  0.00000E+00  1.04706E-01  0.00000E+00  3.12222E-01  1.83300E-02  7.09792E-01  4.02561E-02
   431.00000  1.18217E+00  0.00000E+00  0.00000E+00  0.00000E+00  0.00000E+00  0.00000E+00  1.04376E-01  0.00000E+00  3.11445E-01  1.82630E-02  7.07960E-01  4.01316E-02
   432.00000  1.17905E+00  0.00000E+00  0.00000E+00  0.00000E+00  0.00000E+00  0.00000E+00  1.04047E-01  0.00000E+00  3.10670E-01  1.81964E-02  7.06130E-01  4.00076E-02
   433.00000  1.17593E+00  0.00000E+00  0.00000E+00  0.00000E+00  0.00000E+00  0.00000E+00  1.03719E-01  0.00000E+00  3.09897E-01  1.81301E-02  7.04302E-01  3.98843E-02
   434.00000  1.17282E+00  0.00000E+00  0.00000E+00  0.00000E+00  0.00000E+00  0.00000E+00  1.03392E-01  0.00000E+00  3.09127E-01  1.80643E-02  7.02477E-01  3.97615E-02
   435.00000  1.16972E+00  0.00000E+00  0.00000E+00  0.00000E+00  0.00000E+00  0.00000E+00  1.03067E-01  0.00000E+00  3.08359E-01  1.79988E-02  7.00653E-01  3.96394E-02
   436.00000  1.16662E+00  0.00000E+00  0.00000E+00  0.00000E+00  0.00000E+00  0.00000E+00  1.02744E-01  0.00000E+00  3.07594E-01  1.79337E-02  6.98832E-01  3.95179E-02
   437.00000  1.16353E+00  0.00000E+00  0.00000E+00  0.00000E+00  0.00000E+00  0.00000E+00  1.02421E-01  0.00000E+00  3.06831E-01  1.78690E-02  6.97013E-01  3.93969E-02
   438.00000  1.16045E+00  0.00000E+00  0.00000E+00  0.00000E+00  0.00000E+00  0.00000E+00  1.02100E-01  0.00000E+00  3.06071E-01  1.78047E-02  6.95196E-01  3.92766E-02
   439.00000  1.15737E+00  0.00000E+00  0.00000E+00  0.00000E+00  0.00000E+00  0.00000E+00  1.01781E-01  0.00000E+00  3.05313E-01  1.77407E-02  6.93381E-01  3.91568E-02
   440.00000  1.15430E+00  0.00000E+00  0.00000E+00  0.00000E+00  0.00000E+00  0.00000E+00  1.01462E-01  0.00000E+00  3.04558E-01  1.76772E-02  6.91568E-01  3.90377E-02
   441.00000  1.15124E+00  0.00000E+00  0.00000E+00  0.00000E+00  0.00000E+00  0.00000E+00  1.01145E-01  0.00000E+00  3.03805E-01  1.76139E-02  6.89758E-01  3.89191E-02
   442.00000  1.14819E+00  0.00000E+00  0.00000E+00  0.00000E+00  0.00000E+00  0.00000E+00  1.00830E-01  0.00000E+00  3.03055E-01  1.75511E-02  6.87950E-01  3.88011E-02
   443.00000  1.14514E+00  0.00000E+00  0.00000E+00  0.00000E+00  0.00000E+00  0.00000E+00  1.00516E-01  0.00000E+00  3.02307E-01  1.74886E-02  6.86144E-01  3.86837E-02
   444.00000  1.14210E+00  0.00000E+00  0.00000E+00  0.00000E+00  0.00000E+00  0.00000E+00  1.00203E-01  0.00000E+00  3.01561E-01  1.74265E-02  6.84340E-01  3.85668E-02
   445.00000  1.13906E+00  0.00000E+00  0.00000E+00  0.00000E+00  0.00000E+00  0.00000E+00  9.98915E-02  0.00000E+00  3.00818E-01  1.73647E-02  6.82539E-01  3.84505E-02
   446.00000  1.13604E+00  0.00000E+00  0.00000E+00  0.00000E+00  0.00000E+00  0.00000E+00  9.95815E-02  0.00000E+00  3.00078E-01  1.73033E-02  6.80740E-01  3.83348E-02
   447.00000  1.13302E+00  0.00000E+00  0.00000E+00  0.00000E+00  0.00000E+00  0.00000E+00  9.92728E-02  0.00000E+00  2.99340E-01  1.72422E-02  6.78943E-01  3.82197E-02
   448.00000  1.13001E+00  0.00000E+00  0.00000E+00  0.00000E+00  0.00000E+00  0.00000E+00  9.89656E-02  0.00000E+00  2.98605E-01  1.71815E-02  6.77148E-01  3.81051E-02
   449.00000  1.12700E+00  0.00000E+00  0.00000E+00  0.00000E+00  0.00000E+00  0.00000E+00  9.86598E-02  0.00000E+00  2.97872E-01  1.71211E-02  6.75356E-01  3.79910E-02
   450.00000  1.12400E+00  0.00000E+00  0.00000E+00  0.00000E+00  0.00000E+00  0.00000E+00  9.83553E-02  0.00000E+00  2.97142E-01  1.70611E-02  6.73567E-01  3.78776E-02
   451.00000  1.12101E+00  0.00000E+00  0.00000E+00  0.00000E+00  0.00000E+00  0.00000E+00  9.80523E-02  0.00000E+00  2.96414E-01  1.70014E-02  6.71779E-01  3.77646E-02
   452.00000  1.11803E+00  0.00000E+00  0.00000E+00  0.00000E+00  0.00000E+00  0.00000E+00  9.77506E-02  0.00000E+00  2.95688E-01  1.69421E-02  6.69994E-01  3.76523E-02
   453.00000  1.11505E+00  0.00000E+00  0.00000E+00  0.00000E+00  0.00000E+00  0.00000E+00  9.74504E-02  0.00000E+00  2.94965E-01  1.68831E-02  6.68212E-01  3.75404E-02
   454.00000  1.11208E+00  0.00000E+00  0.00000E+00  0.00000E+00  0.00000E+00  0.00000E+00  9.71515E-02  0.00000E+00  2.94245E-01  1.68244E-02  6.66432E-01  3.74291E-02
   455.00000  1.10912E+00  0.00000E+00  0.00000E+00  0.00000E+00  0.00000E+00  0.00000E+00  9.68541E-02  0.00000E+00  2.93527E-01  1.67661E-02  6.64654E-01  3.73184E-02
   456.00000  1.10617E+00  0.00000E+00  0.00000E+00  0.00000E+00  0.00000E+00  0.00000E+00  9.65580E-02  0.00000E+00  2.92811E-01  1.67081E-02  6.62879E-01  3.72081E-02
   457.00000  1.10322E+00  0.00000E+00  0.00000E+00  0.00000E+00  0.00000E+00  0.00000E+00  9.62634E-02  0.00000E+00  2.92098E-01  1.66504E-02  6.61107E-01  3.70984E-02
   458.00000  1.10028E+00  0.00000E+00  0.00000E+00  0.00000E+00  0.00000E+00  0.00000E+00  9.59701E-02  0.00000E+00  2.91388E-01  1.65930E-02  6.59337E-01  3.69892E-02
   459.00000  1.09734E+00  0.00000E+00  0.00000E+00  0.00000E+00  0.00000E+00  0.00000E+00  9.56783E-02  0.00000E+00  2.90680E-01  1.65360E-02  6.57569E-01  3.68806E-02
   460.00000  1.09442E+00  0.00000E+00  0.00000E+00  0.00000E+00  0.00000E+00  0.00000E+00  9.53878E-02  0.00000E+00  2.89974E-01  1.64793E-02  6.55805E-01  3.67724E-02
   461.00000  1.09150E+00  0.00000E+00  0.00000E+00  0.00000E+00  0.00000E+00  0.00000E+00  9.50987E-02  0.00000E+00  2.89270E-01  1.64229E-02  6.54042E-01  3.66648E-02
   462.00000  1.08859E+00  0.00000E+00  0.00000E+00  0.00000E+00  0.00000E+00  0.00000E+00  9.48110E-02  0.00000E+00  2.88569E-01  1.63668E-02  6.52283E-01  3.65576E-02
   463.00000  1.08568E+00  0.00000E+00  0.00000E+00  0.00000E+00  0.00000E+00  0.00000E+00  9.45247E-02  0.00000E+00  2.87871E-01  1.63110E-02  6.50526E-01  3.64510E-02
   464.00000  1.08279E+00  0.00000E+00  0.00000E+00  0.00000E+00  0.00000E+00  0.00000E+00  9.42398E-02  0.00000E+00  2.87174E-01  1.62555E-02  6.48772E-01  3.63449E-02
   465.00000  1.07990E+00  0.00000E+00  0.00000E+00  0.00000E+00  0.00000E+00  0.00000E+00  9.39563E-02  0.00000E+00  2.86480E-01  1.62004E-02  6.47020E-01  3.62393E-02
   466.00000  1.07701E+00  0.00000E+00  0.00000E+00  0.00000E+00  0.00000E+00  0.00000E+00  9.36741E-02  0.00000E+00  2.85789E-01  1.61455E-02  6.45272E-01  3.61341E-02
   467.00000  1.07414E+00  0.00000E+00  0.00000E+00  0.00000E+00  0.00000E+00  0.00000E+00  9.33933E-02  0.00000E+00  2.85100E-01  1.60910E-02  6.43526E-01  3.60295E-02
   468.00000  1.07127E+00  0.00000E+00  0.00000E+00  0.00000E+00  0.00000E+00  0.00000E+00  9.31139E-02  0.00000E+00  2.84413E-01  1.60367E-02  6.41783E-01  3.59253E-02
   469.00000  1.06841E+00  0.00000E+00  0.00000E+00  0.00000E+00  0.00000E+00  0.00000E+00  9.28358E-02  0.00000E+00  2.83728E-01  1.59827E-02  6.40043E-01  3.58216E-02
   470.00000  1.06556E+00  0.00000E+00  0.00000E+00  0.00000E+00  0.00000E+00  0.00000E+00  9.25591E-02  0.00000E+00  2.83045E-01  1.59291E-02  6.38305E-01  3.57184E-02
   471.00000  1.06271E+00  0.00000E+00  0.00000E+00  0.00000E+00  0.00000E+00  0.00000E+00  9.22837E-02  0.00000E+00  2.82365E-01  1.58757E-02  6.36571E-01  3.56157E-02
   472.00000  1.05987E+00  0.00000E+00  0.00000E+00  0.00000E+00  0.00000E+00  0.00000E+00  9.20097E-02  0.00000E+00  2.81687E-01  1.58226E-02  6.34839E-01  3.55134E-02
   473.00000  1.05704E+00  0.00000E+00  0.00000E+00  0.00000E+00  0.00000E+00  0.00000E+00  9.17370E-02  0.00000E+00  2.81012E-01  1.57698E-02  6.33111E-01  3.54116E-02
   474.00000  1.05422E+00  0.00000E+00  0.00000E+00  0.00000E+00  0.00000E+00  0.00000E+00  9.14656E-02  0.00000E+00  2.80338E-01  1.57173E-02  6.31385E-01  3.53103E-02
   475.00000  1.05140E+00  0.00000E+00  0.00000E+00  0.00000E+00  0.00000E+00  0.00000E+00  9.11955E-02  0.00000E+00  2.79667E-01  1.56651E-02  6.29662E-01  3.52094E-02
   476.00000  1.04859E+00  0.00000E+00  0.00000E+00  0.00000E+00  0.00000E+00  0.00000E+00  9.09268E-02  0.00000E+00  2.78997E-01  1.56131E-02  6.27943E-01  3.51090E-02
   477.00000  1.04579E+00  0.00000E+00  0.00000E+00  0.00000E+00  0.00000E+00  0.00000E+00  9.06594E-02  0.00000E+00  2.78330E-01  1.55614E-02  6.26227E-01  3.50091E-02
   478.00000  1.04299E+00  0.00000E+00  0.00000E+00  0.00000E+00  0.00000E+00  0.00000E+00  9.03932E-02  0.00000E+00  2.77665E-01  1.55100E-02  6.24513E-01  3.49096E-02
   479.00000  1.04020E+00  0.00000E+00  0.00000E+00  0.00000E+00  0.00000E+00  0.00000E+00  9.01284E-02  0.00000E+00  2.77003E-01  1.54589E-02  6.22803E-01  3.48105E-02
   480.00000  1.03742E+00  0.00000E+00  0.00000E+00  0.00000E+00  0.00000E+00  0.00000E+00  8.98648E-02  0.00000E+00  2.76342E-01  1.54080E-02  6.21096E-01  3.47119E-02
   481.00000  1.03465E+00  0.00000E+00  0.00000E+00  0.00000E+00  0.00000E+00  0.00000E+00  8.96025E-02  0.00000E+00  2.75683E-01  1.53574E-02  6.19393E-01  3.46138E-02
   482.00000  1.03188E+00  0.00000E+00  0.00000E+00  0.00000E+00  0.00000E+00  0.00000E+00  8.93415E-02  0.00000E+00  2.75027E-01  1.53071E-02  6.17692E-01  3.45161E-02
   483.00000  1.02912E+00  0.00000E+00  0.00000E+00  0.00000E+00  0.00000E+00  0.00000E+00  8.90817E-02  0.00000E+00  2.74372E-01  1.52570E-02  6.15995E-01  3.44188E-02
   484.00000  1.02637E+00  0.00000E+00  0.00000E+00  0.00000E+00  0.00000E+00  0.00000E+00  8.88232E-02  0.00000E+00  2.73720E-01  1.52072E-02  6.14301E-01  3.43219E-02
   485.00000  1.02363E+00  0.00000E+00  0.00000E+00  0.00000E+00  0.00000E+00  0.00000E+00  8.85659E-02  0.00000E+00  2.73069E-01  1.51577E-02  6.12611E-01  3.42255E-02
   486.00000  1.02089E+00  0.00000E+00  0.00000E+00  0.00000E+00  0.00000E+00  0.00000E+00  8.83098E-02  0.00000E+00  2.72421E-01  1.51084E-02  6.10924E-01  3.41295E-02
   487.00000  1.01816E+00  0.00000E+00  0.00000E+00  0.00000E+00  0.00000E+00  0.00000E+00  8.80549E-02  0.00000E+00  2.71774E-01  1.50594E-02  6.09240E-01  3.40339E-02
   488.00000  1.01544E+00  0.00000E+00  0.00000E+00  0.00000E+00  0.00000E+00  0.00000E+00  8.78012E-02  0.00000E+00  2.71129E-01  1.50106E-02  6.07560E-01  3.39388E-02
   489.00000  1.01273E+00  0.00000E+00  0.00000E+00  0.00000E+00  0.00000E+00  0.00000E+00  8.75488E-02  0.00000E+00  2.70487E-01  1.49621E-02  6.05884E-01  3.38440E-02
   490.00000  1.01002E+00  0.00000E+00  0.00000E+00  0.00000E+00  0.00000E+00  0.00000E+00  8.72975E-02  0.00000E+00  2.69846E-01  1.49138E-02  6.04211E-01  3.37497E-02
   491.00000  1.00732E+00  0.00000E+00  0.00000E+00  0.00000E+00  0.00000E+00  0.00000E+00  8.70474E-02  0.00000E+00  2.69207E-01  1.48658E-02  6.02541E-01  3.36558E-02
   492.00000  1.00462E+00  0.00000E+00  0.00000E+00  0.00000E+00  0.00000E+00  0.00000E+00  8.67984E-02  0.00000E+00  2.68570E-01  1.48180E-02  6.00876E-01  3.35623E-02
   493.00000  1.00194E+00  0.00000E+00  0.00000E+00  0.00000E+00  0.00000E+00  0.00000E+00  8.65506E-02  0.00000E+00  2.67935E-01  1.47704E-02  5.99213E-01  3.34692E-02
   494.00000  9.99260E-01  0.00000E+00  0.00000E+00  0.00000E+00  0.00000E+00  0.00000E+00  8.63040E-02  0.00000E+00  2.67302E-01  1.47231E-02  5.97555E-01  3.33765E-02
   495.00000  9.96589E-01  0.00000E+00  0.00000E+00  0.00000E+00  0.00000E+00  0.00000E+00  8.60585E-02  0.00000E+00  2.66670E-01  1.46761E-02  5.95900E-01  3.32842E-02
   496.00000  9.93925E-01  0.00000E+00  0.00000E+00  0.00000E+00  0.00000E+00  0.00000E+00  8.58141E-02  0.00000E+00  2.66040E-01  1.46292E-02  5.94249E-01  3.31923E-02
   497.00000  9.91269E-01  0.00000E+00  0.00000E+00  0.00000E+00  0.00000E+00  0.00000E+00  8.55708E-02  0.00000E+00  2.65413E-01  1.45826E-02  5.92602E-01  3.31008E-02
   498.00000  9.88620E-01  0.00000E+00  0.00000E+00  0.00000E+00  0.00000E+00  0.00000E+00  8.53286E-02  0.00000E+00  2.64787E-01  1.45363E-02  5.90958E-01  3.30097E-02
   499.00000  9.85978E-01  0.00000E+00  0.00000E+00  0.00000E+00  0.00000E+00  0.00000E+00  8.50875E-02  0.00000E+00  2.64162E-01  1.44901E-02  5.89319E-01  3.29189E-02
   500.00000  9.83343E-01  0.00000E+00  0.00000E+00  0.00000E+00  0.00000E+00  0.00000E+00  8.48474E-02  0.00000E+00  2.63540E-01  1.44442E-02  5.87683E-01  3.28286E-02
   501.00000  9.80716E-01  0.00000E+00  0.00000E+00  0.00000E+00  0.00000E+00  0.00000E+00  8.46085E-02  0.00000E+00  2.62919E-01  1.43985E-02  5.86051E-01  3.27386E-02
   502.00000  9.78096E-01  0.00000E+00  0.00000E+00  0.00000E+00  0.00000E+00  0.00000E+00  8.43706E-02  0.00000E+00  2.62300E-01  1.43531E-02  5.84423E-01  3.26490E-02
   503.00000  9.75484E-01  0.00000E+00  0.00000E+00  0.00000E+00  0.00000E+00  0.00000E+00  8.41337E-02  0.00000E+00  2.61683E-01  1.43078E-02  5.82799E-01  3.25598E-02
   504.00000  9.72878E-01  0.00000E+00  0.00000E+00  0.00000E+00  0.00000E+00  0.00000E+00  8.38979E-02  0.00000E+00  2.61067E-01  1.42628E-02  5.81180E-01  3.24709E-02
   505.00000  9.70280E-01  0.00000E+00  0.00000E+00  0.00000E+00  0.00000E+00  0.00000E+00  8.36631E-02  0.00000E+00  2.60453E-01  1.42180E-02  5.79564E-01  3.23824E-02
   506.00000  9.67690E-01  0.00000E+00  0.00000E+00  0.00000E+00  0.00000E+00  0.00000E+00  8.34293E-02  0.00000E+00  2.59841E-01  1.41734E-02  5.77952E-01  3.22942E-02
   507.00000  9.65107E-01  0.00000E+00  0.00000E+00  0.00000E+00  0.00000E+00  0.00000E+00  8.31966E-02  0.00000E+00  2.59231E-01  1.41291E-02  5.76344E-01  3.22065E-02
   508.00000  9.62531E-01  0.00000E+00  0.00000E+00  0.00000E+00  0.00000E+00  0.00000E+00  8.29648E-02  0.00000E+00  2.58622E-01  1.40849E-02  5.74740E-01  3.21190E-02
   509.00000  9.59962E-01  0.00000E+00  0.00000E+00  0.00000E+00  0.00000E+00  0.00000E+00  8.27340E-02  0.00000E+00  2.58014E-01  1.40410E-02  5.73141E-01  3.20320E-02
   510.00000  9.57401E-01  0.00000E+00  0.00000E+00  0.00000E+00  0.00000E+00  0.00000E+00  8.25042E-02  0.00000E+00  2.57409E-01  1.39973E-02  5.71545E-01  3.19452E-02
   511.00000  9.54847E-01  0.00000E+00  0.00000E+00  0.00000E+00  0.00000E+00  0.00000E+00  8.22753E-02  0.00000E+00  2.56805E-01  1.39537E-02  5.69954E-01  3.18588E-02
   512.00000  9.52300E-01  0.00000E+00  0.00000E+00  0.00000E+00  0.00000E+00  0.00000E+00  8.20474E-02  0.00000E+00  2.56203E-01  1.39104E-02  5.68367E-01  3.17728E-02
   513.00000  9.49761E-01  0.00000E+00  0.00000E+00  0.00000E+00  0.00000E+00  0.00000E+00  8.18204E-02  0.00000E+00  2.55602E-01  1.38673E-02  5.66784E-01  3.16871E-02
   514.00000  9.47229E-01  0.00000E+00  0.00000E+00  0.00000E+00  0.00000E+00  0.00000E+00  8.15944E-02  0.00000E+00  2.55003E-01  1.38244E-02  5.65205E-01  3.16018E-02
   515.00000  9.44704E-01  0.00000E+00  0.00000E+00  0.00000E+00  0.00000E+00  0.00000E+00  8.13693E-02  0.00000E+00  2.54405E-01  1.37817E-02  5.63631E-01  3.15167E-02
   516.00000  9.42187E-01  0.00000E+00  0.00000E+00  0.00000E+00  0.00000E+00  0.00000E+00  8.11451E-02  0.00000E+00  2.53810E-01  1.37392E-02  5.62061E-01  3.14320E-02
   517.00000  9.39677E-01  0.00000E+00  0.00000E+00  0.00000E+00  0.00000E+00  0.00000E+00  8.09218E-02  0.00000E+00  2.53215E-01  1.36969E-02  5.60495E-01  3.13477E-02
   518.00000  9.37174E-01  0.00000E+00  0.00000E+00  0.00000E+00  0.00000E+00  0.00000E+00  8.06994E-02  0.00000E+00  2.52623E-01  1.36548E-02  5.58934E-01  3.12636E-02
   519.00000  9.34679E-01  0.00000E+00  0.00000E+00  0.00000E+00  0.00000E+00  0.00000E+00  8.04779E-02  0.00000E+00  2.52032E-01  1.36129E-02  5.57377E-01  3.11799E-02
   520.00000  9.32191E-01  0.00000E+00  0.00000E+00  0.00000E+00  0.00000E+00  0.00000E+00  8.02573E-02  0.00000E+00  2.51442E-01  1.35712E-02  5.55824E-01  3.10966E-02
   521.00000  9.29710E-01  0.00000E+00  0.00000E+00  0.00000E+00  0.00000E+00  0.00000E+00  8.00375E-02  0.00000E+00  2.50854E-01  1.35296E-02  5.54275E-01  3.10135E-02
   522.00000  9.27237E-01  0.00000E+00  0.00000E+00  0.00000E+00  0.00000E+00  0.00000E+00  7.98187E-02  0.00000E+00  2.50268E-01  1.34883E-02  5.52731E-01  3.09308E-02
   523.00000  9.24771E-01  0.00000E+00  0.00000E+00  0.00000E+00  0.00000E+00  0.00000E+00  7.96006E-02  0.00000E+00  2.49683E-01  1.34472E-02  5.51192E-01  3.08483E-02
   524.00000  9.22312E-01  0.00000E+00  0.00000E+00  0.00000E+00  0.00000E+00  0.00000E+00  7.93834E-02  0.00000E+00  2.49100E-01  1.34062E-02  5.49656E-01  3.07662E-02
   525.00000  9.19860E-01  0.00000E+00  0.00000E+00  0.00000E+00  0.00000E+00  0.00000E+00  7.91671E-02  0.00000E+00  2.48518E-01  1.33654E-02  5.48125E-01  3.06844E-02
   526.00000  9.17416E-01  0.00000E+00  0.00000E+00  0.00000E+00  0.00000E+00  0.00000E+00  7.89516E-02  0.00000E+00  2.47938E-01  1.33249E-02  5.46599E-01  3.06029E-02
   527.00000  9.14979E-01  0.00000E+00  0.00000E+00  0.00000E+00  0.00000E+00  0.00000E+00  7.87369E-02  0.00000E+00  2.47359E-01  1.32845E-02  5.45077E-01  3.05217E-02
   528.00000  9.12550E-01  0.00000E+00  0.00000E+00  0.00000E+00  0.00000E+00  0.00000E+00  7.85230E-02  0.00000E+00  2.46782E-01  1.32442E-02  5.43559E-01  3.04409E-02
   529.00000  9.10127E-01  0.00000E+00  0.00000E+00  0.00000E+00  0.00000E+00  0.00000E+00  7.83100E-02  0.00000E+00  2.46206E-01  1.32042E-02  5.42046E-01  3.03603E-02
   530.00000  9.07712E-01  0.00000E+00  0.00000E+00  0.00000E+00  0.00000E+00  0.00000E+00  7.80977E-02  0.00000E+00  2.45632E-01  1.31643E-02  5.40538E-01  3.02800E-02
   531.00000  9.05304E-01  0.00000E+00  0.00000E+00  0.00000E+00  0.00000E+00  0.00000E+00  7.78862E-02  0.00000E+00  2.45060E-01  1.31247E-02  5.39033E-01  3.02000E-02
   532.00000  9.02904E-01  0.00000E+00  0.00000E+00  0.00000E+00  0.00000E+00  0.00000E+00  7.76756E-02  0.00000E+00  2.44489E-01  1.30852E-02  5.37534E-01  3.01204E-02
   533.00000  9.00511E-01  0.00000E+00  0.00000E+00  0.00000E+00  0.00000E+00  0.00000E+00  7.74657E-02  0.00000E+00  2.43920E-01  1.30458E-02  5.36038E-01  3.00410E-02
   534.00000  8.98125E-01  0.00000E+00  0.00000E+00  0.00000E+00  0.00000E+00  0.00000E+00  7.72565E-02  0.00000E+00  2.43352E-01  1.30067E-02  5.34548E-01  2.99619E-02
   535.00000  8.95746E-01  0.00000E+00  0.00000E+00  0.00000E+00  0.00000E+00  0.00000E+00  7.70482E-02  0.00000E+00  2.42786E-01  1.29677E-02  5.33061E-01  2.98831E-02
   536.00000  8.93374E-01  0.00000E+00  0.00000E+00  0.00000E+00  0.00000E+00  0.00000E+00  7.68406E-02  0.00000E+00  2.42221E-01  1.29289E-02  5.31579E-01  2.98046E-02
   537.00000  8.91010E-01  0.00000E+00  0.00000E+00  0.00000E+00  0.00000E+00  0.00000E+00  7.66338E-02  0.00000E+00  2.41658E-01  1.28903E-02  5.30102E-01  2.97264E-02
   538.00000  8.88653E-01  0.00000E+00  0.00000E+00  0.00000E+00  0.00000E+00  0.00000E+00  7.64277E-02  0.00000E+00  2.41096E-01  1.28518E-02  5.28629E-01  2.96485E-02
   539.00000  8.86303E-01  0.00000E+00  0.00000E+00  0.00000E+00  0.00000E+00  0.00000E+00  7.62224E-02  0.00000E+00  2.40536E-01  1.28135E-02  5.27161E-01  2.95708E-02
   540.00000  8.83960E-01  0.00000E+00  0.00000E+00  0.00000E+00  0.00000E+00  0.00000E+00  7.60178E-02  0.00000E+00  2.39977E-01  1.27754E-02  5.25697E-01  2.94935E-02
   541.00000  8.81625E-01  0.00000E+00  0.00000E+00  0.00000E+00  0.00000E+00  0.00000E+00  7.58140E-02  0.00000E+00  2.39420E-01  1.27375E-02  5.24237E-01  2.94164E-02
   542.00000  8.79297E-01  0.00000E+00  0.00000E+00  0.00000E+00  0.00000E+00  0.00000E+00  7.56109E-02  0.00000E+00  2.38864E-01  1.26997E-02  5.22782E-01  2.93396E-02
   543.00000  8.76975E-01  0.00000E+00  0.00000E+00  0.00000E+00  0.00000E+00  0.00000E+00  7.54085E-02  0.00000E+00  2.38310E-01  1.26620E-02  5.21331E-01  2.92630E-02
   544.00000  8.74661E-01  0.00000E+00  0.00000E+00  0.00000E+00  0.00000E+00  0.00000E+00  7.52069E-02  0.00000E+00  2.37758E-01  1.26246E-02  5.19885E-01  2.91868E-02
   545.00000  8.72355E-01  0.00000E+00  0.00000E+00  0.00000E+00  0.00000E+00  0.00000E+00  7.50059E-02  0.00000E+00  2.37207E-01  1.25873E-02  5.18444E-01  2.91108E-02
   546.00000  8.70055E-01  0.00000E+00  0.00000E+00  0.00000E+00  0.00000E+00  0.00000E+00  7.48057E-02  0.00000E+00  2.36658E-01  1.25501E-02  5.17006E-01  2.90351E-02
   547.00000  8.67762E-01  0.00000E+00  0.00000E+00  0.00000E+00  0.00000E+00  0.00000E+00  7.46062E-02  0.00000E+00  2.36110E-01  1.25132E-02  5.15573E-01  2.89597E-02
   548.00000  8.65477E-01  0.00000E+00  0.00000E+00  0.00000E+00  0.00000E+00  0.00000E+00  7.44075E-02  0.00000E+00  2.35564E-01  1.24763E-02  5.14145E-01  2.88845E-02
   549.00000  8.63199E-01  0.00000E+00  0.00000E+00  0.00000E+00  0.00000E+00  0.00000E+00  7.42094E-02  0.00000E+00  2.35019E-01  1.24397E-02  5.12721E-01  2.88096E-02
   550.00000  8.60927E-01  0.00000E+00  0.00000E+00  0.00000E+00  0.00000E+00  0.00000E+00  7.40120E-02  0.00000E+00  2.34476E-01  1.24032E-02  5.11302E-01  2.87350E-02
   551.00000  8.58663E-01  0.00000E+00  0.00000E+00  0.00000E+00  0.00000E+00  0.00000E+00  7.38153E-02  0.00000E+00  2.33934E-01  1.23668E-02  5.09886E-01  2.86606E-02
   552.00000  8.56406E-01  0.00000E+00  0.00000E+00  0.00000E+00  0.00000E+00  0.00000E+00  7.36194E-02  0.00000E+00  2.33394E-01  1.23306E-02  5.08476E-01  2.85865E-02
   553.00000  8.54156E-01  0.00000E+00  0.00000E+00  0.00000E+00  0.00000E+00  0.00000E+00  7.34241E-02  0.00000E+00  2.32855E-01  1.22946E-02  5.07069E-01  2.85126E-02
   554.00000  8.51913E-01  0.00000E+00  0.00000E+00  0.00000E+00  0.00000E+00  0.00000E+00  7.32295E-02  0.00000E+00  2.32318E-01  1.22587E-02  5.05667E-01  2.84391E-02
   555.00000  8.49677E-01  0.00000E+00  0.00000E+00  0.00000E+00  0.00000E+00  0.00000E+00  7.30356E-02  0.00000E+00  2.31783E-01  1.22230E-02  5.04269E-01  2.83657E-02
   556.00000  8.47448E-01  0.00000E+00  0.00000E+00  0.00000E+00  0.00000E+00  0.00000E+00  7.28424E-02  0.00000E+00  2.31249E-01  1.21874E-02  5.02876E-01  2.82927E-02
   557.00000  8.45226E-01  0.00000E+00  0.00000E+00  0.00000E+00  0.00000E+00  0.00000E+00  7.26498E-02  0.00000E+00  2.30717E-01  1.21520E-02  5.01487E-01  2.82198E-02
   558.00000  8.43011E-01  0.00000E+00  0.00000E+00  0.00000E+00  0.00000E+00  0.00000E+00  7.24580E-02  0.00000E+00  2.30186E-01  1.21167E-02  5.00102E-01  2.81473E-02
   559.00000  8.40802E-01  0.00000E+00  0.00000E+00  0.00000E+00  0.00000E+00  0.00000E+00  7.22668E-02  0.00000E+00  2.29657E-01  1.20816E-02  4.98722E-01  2.80750E-02
   560.00000  8.38601E-01  0.00000E+00  0.00000E+00  0.00000E+00  0.00000E+00  0.00000E+00  7.20763E-02  0.00000E+00  2.29130E-01  1.20466E-02  4.97346E-01  2.80029E-02
   561.00000  8.36407E-01  0.00000E+00  0.00000E+00  0.00000E+00  0.00000E+00  0.00000E+00  7.18865E-02  0.00000E+00  2.28604E-01  1.20118E-02  4.95974E-01  2.79311E-02
   562.00000  8.34220E-01  0.00000E+00  0.00000E+00  0.00000E+00  0.00000E+00  0.00000E+00  7.16974E-02  0.00000E+00  2.28079E-01  1.19771E-02  4.94606E-01  2.78596E-02
   563.00000  8.32039E-01  0.00000E+00  0.00000E+00  0.00000E+00  0.00000E+00  0.00000E+00  7.15089E-02  0.00000E+00  2.27556E-01  1.19426E-02  4.93243E-01  2.77883E-02
   564.00000  8.29865E-01  0.00000E+00  0.00000E+00  0.00000E+00  0.00000E+00  0.00000E+00  7.13211E-02  0.00000E+00  2.27035E-01  1.19082E-02  4.91884E-01  2.77172E-02
   565.00000  8.27699E-01  0.00000E+00  0.00000E+00  0.00000E+00  0.00000E+00  0.00000E+00  7.11340E-02  0.00000E+00  2.26515E-01  1.18739E-02  4.90529E-01  2.76464E-02
   566.00000  8.25539E-01  0.00000E+00  0.00000E+00  0.00000E+00  0.00000E+00  0.00000E+00  7.09475E-02  0.00000E+00  2.25997E-01  1.18398E-02  4.89178E-01  2.75759E-02
   567.00000  8.23385E-01  0.00000E+00  0.00000E+00  0.00000E+00  0.00000E+00  0.00000E+00  7.07617E-02  0.00000E+00  2.25481E-01  1.18059E-02  4.87832E-01  2.75056E-02
   568.00000  8.21239E-01  0.00000E+00  0.00000E+00  0.00000E+00  0.00000E+00  0.00000E+00  7.05765E-02  0.00000E+00  2.24966E-01  1.17721E-02  4.86489E-01  2.74355E-02
   569.00000  8.19100E-01  0.00000E+00  0.00000E+00  0.00000E+00  0.00000E+00  0.00000E+00  7.03921E-02  0.00000E+00  2.24452E-01  1.17384E-02  4.85151E-01  2.73657E-02
   570.00000  8.16967E-01  0.00000E+00  0.00000E+00  0.00000E+00  0.00000E+00  0.00000E+00  7.02083E-02  0.00000E+00  2.23941E-01  1.17049E-02  4.83817E-01  2.72961E-02
   571.00000  8.14841E-01  0.00000E+00  0.00000E+00  0.00000E+00  0.00000E+00  0.00000E+00  7.00251E-02  0.00000E+00  2.23430E-01  1.16715E-02  4.82487E-01  2.72268E-02
   572.00000  8.12721E-01  0.00000E+00  0.00000E+00  0.00000E+00  0.00000E+00  0.00000E+00  6.98426E-02  0.00000E+00  2.22922E-01  1.16382E-02  4.81161E-01  2.71577E-02
   573.00000  8.10608E-01  0.00000E+00  0.00000E+00  0.00000E+00  0.00000E+00  0.00000E+00  6.96608E-02  0.00000E+00  2.22415E-01  1.16051E-02  4.79839E-01  2.70889E-02
   574.00000  8.08502E-01  0.00000E+00  0.00000E+00  0.00000E+00  0.00000E+00  0.00000E+00  6.94796E-02  0.00000E+00  2.21909E-01  1.15722E-02  4.78521E-01  2.70202E-02
   575.00000  8.06403E-01  0.00000E+00  0.00000E+00  0.00000E+00  0.00000E+00  0.00000E+00  6.92991E-02  0.00000E+00  2.21405E-01  1.15393E-02  4.77207E-01  2.69519E-02
   576.00000  8.04310E-01  0.00000E+00  0.00000E+00  0.00000E+00  0.00000E+00  0.00000E+00  6.91192E-02  0.00000E+00  2.20903E-01  1.15066E-02  4.75897E-01  2.68837E-02
   577.00000  8.02224E-01  0.00000E+00  0.00000E+00  0.00000E+00  0.00000E+00  0.00000E+00  6.89400E-02  0.00000E+00  2.20402E-01  1.14741E-02  4.74592E-01  2.68158E-02
   578.00000  8.00144E-01  0.00000E+00  0.00000E+00  0.00000E+00  0.00000E+00  0.00000E+00  6.87614E-02  0.00000E+00  2.19903E-01  1.14416E-02  4.73290E-01  2.67482E-02
   579.00000  7.98071E-01  0.00000E+00  0.00000E+00  0.00000E+00  0.00000E+00  0.00000E+00  6.85835E-02  0.00000E+00  2.19406E-01  1.14093E-02  4.71992E-01  2.66807E-02
   580.00000  7.96005E-01  0.00000E+00  0.00000E+00  0.00000E+00  0.00000E+00  0.00000E+00  6.84063E-02  0.00000E+00  2.18910E-01  1.13772E-02  4.70698E-01  2.66135E-02
   581.00000  7.93945E-01  0.00000E+00  0.00000E+00  0.00000E+00  0.00000E+00  0.00000E+00  6.82297E-02  0.00000E+00  2.18415E-01  1.13452E-02  4.69408E-01  2.65466E-02
   582.00000  7.91891E-01  0.00000E+00  0.00000E+00  0.00000E+00  0.00000E+00  0.00000E+00  6.80537E-02  0.00000E+00  2.17923E-01  1.13133E-02  4.68122E-01  2.64798E-02
   583.00000  7.89844E-01  0.00000E+00  0.00000E+00  0.00000E+00  0.00000E+00  0.00000E+00  6.78784E-02  0.00000E+00  2.17431E-01  1.12815E-02  4.66840E-01  2.64133E-02
   584.00000  7.87804E-01  0.00000E+00  0.00000E+00  0.00000E+00  0.00000E+00  0.00000E+00  6.77037E-02  0.00000E+00  2.16942E-01  1.12499E-02  4.65562E-01  2.63470E-02
   585.00000  7.85770E-01  0.00000E+00  0.00000E+00  0.00000E+00  0.00000E+00  0.00000E+00  6.75297E-02  0.00000E+00  2.16454E-01  1.12184E-02  4.64287E-01  2.62810E-02
   586.00000  7.83742E-01  0.00000E+00  0.00000E+00  0.00000E+00  0.00000E+00  0.00000E+00  6.73564E-02  0.00000E+00  2.15967E-01  1.11870E-02  4.63017E-01  2.62152E-02
   587.00000  7.81721E-01  0.00000E+00  0.00000E+00  0.00000E+00  0.00000E+00  0.00000E+00  6.71836E-02  0.00000E+00  2.15482E-01  1.11558E-02  4.61750E-01  2.61496E-02
   588.00000  7.79706E-01  0.00000E+00  0.00000E+00  0.00000E+00  0.00000E+00  0.00000E+00  6.70115E-02  0.00000E+00  2.14999E-01  1.11247E-02  4.60487E-01  2.60842E-02
   589.00000  7.77697E-01  0.00000E+00  0.00000E+00  0.00000E+00  0.00000E+00  0.00000E+00  6.68401E-02  0.00000E+00  2.14517E-01  1.10937E-02  4.59228E-01  2.60191E-02
   590.00000  7.75695E-01  0.00000E+00  0.00000E+00  0.00000E+00  0.00000E+00  0.00000E+00  6.66693E-02  0.00000E+00  2.14036E-01  1.10629E-02  4.57972E-01  2.59541E-02
   591.00000  7.73699E-01  0.00000E+00  0.00000E+00  0.00000E+00  0.00000E+00  0.00000E+00  6.64992E-02  0.00000E+00  2.13558E-01  1.10322E-02  4.56720E-01  2.58894E-02
   592.00000  7.71709E-01  0.00000E+00  0.00000E+00  0.00000E+00  0.00000E+00  0.00000E+00  6.63296E-02  0.00000E+00  2.13081E-01  1.10016E-02  4.55472E-01  2.58250E-02
   593.00000  7.69726E-01  0.00000E+00  0.00000E+00  0.00000E+00  0.00000E+00  0.00000E+00  6.61608E-02  0.00000E+00  2.12605E-01  1.09711E-02  4.54228E-01  2.57607E-02
   594.00000  7.67748E-01  0.00000E+00  0.00000E+00  0.00000E+00  0.00000E+00  0.00000E+00  6.59925E-02  0.00000E+00  2.12131E-01  1.09408E-02  4.52988E-01  2.56967E-02
   595.00000  7.65777E-01  0.00000E+00  0.00000E+00  0.00000E+00  0.00000E+00  0.00000E+00  6.58249E-02  0.00000E+00  2.11658E-01  1.09106E-02  4.51751E-01  2.56329E-02
   596.00000  7.63813E-01  0.00000E+00  0.00000E+00  0.00000E+00  0.00000E+00  0.00000E+00  6.56580E-02  0.00000E+00  2.11187E-01  1.08805E-02  4.50518E-01  2.55693E-02
   597.00000  7.61854E-01  0.00000E+00  0.00000E+00  0.00000E+00  0.00000E+00  0.00000E+00  6.54916E-02  0.00000E+00  2.10718E-01  1.08505E-02  4.49288E-01  2.55059E-02
   598.00000  7.59901E-01  0.00000E+00  0.00000E+00  0.00000E+00  0.00000E+00  0.00000E+00  6.53259E-02  0.00000E+00  2.10250E-01  1.08207E-02  4.48062E-01  2.54427E-02
   599.00000  7.57955E-01  0.00000E+00  0.00000E+00  0.00000E+00  0.00000E+00  0.00000E+00  6.51609E-02  0.00000E+00  2.09783E-01  1.07909E-02  4.46840E-01  2.53798E-02
   600.00000  7.56014E-01  0.00000E+00  0.00000E+00  0.00000E+00  0.00000E+00  0.00000E+00  6.49964E-02  0.00000E+00  2.09318E-01  1.07614E-02  4.45621E-01  2.53170E-02
   601.00000  7.54080E-01  0.00000E+00  0.00000E+00  0.00000E+00  0.00000E+00  0.00000E+00  6.48326E-02  0.00000E+00  2.08855E-01  1.07319E-02  4.44406E-01  2.52545E-02
   602.00000  7.52152E-01  0.00000E+00  0.00000E+00  0.00000E+00  0.00000E+00  0.00000E+00  6.46694E-02  0.00000E+00  2.08393E-01  1.07025E-02  4.43195E-01  2.51922E-02
   603.00000  7.50230E-01  0.00000E+00  0.00000E+00  0.00000E+00  0.00000E+00  0.00000E+00  6.45069E-02  0.00000E+00  2.07933E-01  1.06733E-02  4.41987E-01  2.51301E-02
   604.00000  7.48314E-01  0.00000E+00  0.00000E+00  0.00000E+00  0.00000E+00  0.00000E+00  6.43449E-02  0.00000E+00  2.07474E-01  1.06442E-02  4.40782E-01  2.50683E-02
   605.00000  7.46403E-01  0.00000E+00  0.00000E+00  0.00000E+00  0.00000E+00  0.00000E+00  6.41836E-02  0.00000E+00  2.07016E-01  1.06152E-02  4.39582E-01  2.50066E-02
   606.00000  7.44499E-01  0.00000E+00  0.00000E+00  0.00000E+00  0.00000E+00  0.00000E+00  6.40230E-02  0.00000E+00  2.06560E-01  1.05863E-02  4.38384E-01  2.49452E-02
   607.00000  7.42601E-01  0.00000E+00  0.00000E+00  0.00000E+00  0.00000E+00  0.00000E+00  6.38629E-02  0.00000E+00  2.06106E-01  1.05576E-02  4.37190E-01  2.48839E-02
   608.00000  7.40708E-01  0.00000E+00  0.00000E+00  0.00000E+00  0.00000E+00  0.00000E+00  6.37034E-02  0.00000E+00  2.05653E-01  1.05289E-02  4.36000E-01  2.48229E-02
   609.00000  7.38822E-01  0.00000E+00  0.00000E+00  0.00000E+00  0.00000E+00  0.00000E+00  6.35446E-02  0.00000E+00  2.05201E-01  1.05004E-02  4.34813E-01  2.47621E-02
   610.00000  7.36941E-01  0.00000E+00  0.00000E+00  0.00000E+00  0.00000E+00  0.00000E+00  6.33864E-02  0.00000E+00  2.04751E-01  1.04720E-02  4.33630E-01  2.47015E-02
   611.00000  7.35066E-01  0.00000E+00  0.00000E+00  0.00000E+00  0.00000E+00  0.00000E+00  6.32288E-02  0.00000E+00  2.04303E-01  1.04437E-02  4.32450E-01  2.46411E-02
   612.00000  7.33197E-01  0.00000E+00  0.00000E+00  0.00000E+00  0.00000E+00  0.00000E+00  6.30718E-02  0.00000E+00  2.03855E-01  1.04156E-02  4.31274E-01  2.45810E-02
   613.00000  7.31334E-01  0.00000E+00  0.00000E+00  0.00000E+00  0.00000E+00  0.00000E+00  6.29154E-02  0.00000E+00  2.03410E-01  1.03875E-02  4.30101E-01  2.45210E-02
   614.00000  7.29477E-01  0.00000E+00  0.00000E+00  0.00000E+00  0.00000E+00  0.00000E+00  6.27596E-02  0.00000E+00  2.02965E-01  1.03596E-02  4.28931E-01  2.44613E-02
   615.00000  7.27625E-01  0.00000E+00  0.00000E+00  0.00000E+00  0.00000E+00  0.00000E+00  6.26044E-02  0.00000E+00  2.02522E-01  1.03318E-02  4.27765E-01  2.44017E-02
   616.00000  7.25779E-01  0.00000E+00  0.00000E+00  0.00000E+00  0.00000E+00  0.00000E+00  6.24499E-02  0.00000E+00  2.02081E-01  1.03040E-02  4.26602E-01  2.43424E-02
   617.00000  7.23939E-01  0.00000E+00  0.00000E+00  0.00000E+00  0.00000E+00  0.00000E+00  6.22959E-02  0.00000E+00  2.01641E-01  1.02764E-02  4.25443E-01  2.42833E-02
   618.00000  7.22105E-01  0.00000E+00  0.00000E+00  0.00000E+00  0.00000E+00  0.00000E+00  6.21425E-02  0.00000E+00  2.01202E-01  1.02490E-02  4.24287E-01  2.42243E-02
   619.00000  7.20276E-01  0.00000E+00  0.00000E+00  0.00000E+00  0.00000E+00  0.00000E+00  6.19897E-02  0.00000E+00  2.00765E-01  1.02216E-02  4.23135E-01  2.41656E-02
   620.00000  7.18453E-01  0.00000E+00  0.00000E+00  0.00000E+00  0.00000E+00  0.00000E+00  6.18376E-02  0.00000E+00  2.00329E-01  1.01943E-02  4.21985E-01  2.41071E-02
   621.00000  7.16636E-01  0.00000E+00  0.00000E+00  0.00000E+00  0.00000E+00  0.00000E+00  6.16860E-02  0.00000E+00  1.99894E-01  1.01672E-02  4.20839E-01  2.40488E-02
   622.00000  7.14824E-01  0.00000E+00  0.00000E+00  0.00000E+00  0.00000E+00  0.00000E+00  6.15350E-02  0.00000E+00  1.99461E-01  1.01401E-02  4.19697E-01  2.39907E-02
   623.00000  7.13018E-01  0.00000E+00  0.00000E+00  0.00000E+00  0.00000E+00  0.00000E+00  6.13845E-02  0.00000E+00  1.99029E-01  1.01132E-02  4.18558E-01  2.39328E-02
   624.00000  7.11217E-01  0.00000E+00  0.00000E+00  0.00000E+00  0.00000E+00  0.00000E+00  6.12347E-02  0.00000E+00  1.98599E-01  1.00864E-02  4.17422E-01  2.38752E-02
   625.00000  7.09422E-01  0.00000E+00  0.00000E+00  0.00000E+00  0.00000E+00  0.00000E+00  6.10854E-02  0.00000E+00  1.98170E-01  1.00597E-02  4.16290E-01  2.38177E-02
   626.00000  7.07633E-01  0.00000E+00  0.00000E+00  0.00000E+00  0.00000E+00  0.00000E+00  6.09368E-02  0.00000E+00  1.97742E-01  1.00331E-02  4.15160E-01  2.37604E-02
   627.00000  7.05849E-01  0.00000E+00  0.00000E+00  0.00000E+00  0.00000E+00  0.00000E+00  6.07887E-02  0.00000E+00  1.97316E-01  1.00066E-02  4.14035E-01  2.37033E-02
   628.00000  7.04070E-01  0.00000E+00  0.00000E+00  0.00000E+00  0.00000E+00  0.00000E+00  6.06411E-02  0.00000E+00  1.96890E-01  9.98021E-03  4.12912E-01  2.36464E-02
   629.00000  7.02297E-01  0.00000E+00  0.00000E+00  0.00000E+00  0.00000E+00  0.00000E+00  6.04942E-02  0.00000E+00  1.96467E-01  9.95393E-03  4.11793E-01  2.35898E-02
   630.00000  7.00530E-01  0.00000E+00  0.00000E+00  0.00000E+00  0.00000E+00  0.00000E+00  6.03478E-02  0.00000E+00  1.96044E-01  9.92776E-03  4.10677E-01  2.35333E-02
   631.00000  6.98768E-01  0.00000E+00  0.00000E+00  0.00000E+00  0.00000E+00  0.00000E+00  6.02019E-02  0.00000E+00  1.95623E-01  9.90169E-03  4.09564E-01  2.34770E-02
   632.00000  6.97011E-01  0.00000E+00  0.00000E+00  0.00000E+00  0.00000E+00  0.00000E+00  6.00567E-02  0.00000E+00  1.95203E-01  9.87573E-03  4.08455E-01  2.34209E-02
   633.00000  6.95260E-01  0.00000E+00  0.00000E+00  0.00000E+00  0.00000E+00  0.00000E+00  5.99120E-02  0.00000E+00  1.94784E-01  9.84987E-03  4.07349E-01  2.33650E-02
   634.00000  6.93514E-01  0.00000E+00  0.00000E+00  0.00000E+00  0.00000E+00  0.00000E+00  5.97678E-02  0.00000E+00  1.94367E-01  9.82412E-03  4.06246E-01  2.33093E-02
   635.00000  6.91774E-01  0.00000E+00  0.00000E+00  0.00000E+00  0.00000E+00  0.00000E+00  5.96242E-02  0.00000E+00  1.93951E-01  9.79847E-03  4.05146E-01  2.32539E-02
   636.00000  6.90039E-01  0.00000E+00  0.00000E+00  0.00000E+00  0.00000E+00  0.00000E+00  5.94811E-02  0.00000E+00  1.93536E-01  9.77292E-03  4.04050E-01  2.31985E-02
   637.00000  6.88309E-01  0.00000E+00  0.00000E+00  0.00000E+00  0.00000E+00  0.00000E+00  5.93386E-02  0.00000E+00  1.93123E-01  9.74747E-03  4.02957E-01  2.31434E-02
   638.00000  6.86585E-01  0.00000E+00  0.00000E+00  0.00000E+00  0.00000E+00  0.00000E+00  5.91967E-02  0.00000E+00  1.92710E-01  9.72213E-03  4.01867E-01  2.30885E-02
   639.00000  6.84866E-01  0.00000E+00  0.00000E+00  0.00000E+00  0.00000E+00  0.00000E+00  5.90553E-02  0.00000E+00  1.92299E-01  9.69689E-03  4.00781E-01  2.30338E-02
   640.00000  6.83152E-01  0.00000E+00  0.00000E+00  0.00000E+00  0.00000E+00  0.00000E+00  5.89144E-02  0.00000E+00  1.91889E-01  9.67175E-03  3.99697E-01  2.29792E-02
   641.00000  6.81443E-01  0.00000E+00  0.00000E+00  0.00000E+00  0.00000E+00  0.00000E+00  5.87740E-02  0.00000E+00  1.91481E-01  9.64671E-03  3.98617E-01  2.29249E-02
   642.00000  6.79740E-01  0.00000E+00  0.00000E+00  0.00000E+00  0.00000E+00  0.00000E+00  5.86342E-02  0.00000E+00  1.91073E-01  9.62177E-03  3.97540E-01  2.28707E-02
   643.00000  6.78042E-01  0.00000E+00  0.00000E+00  0.00000E+00  0.00000E+00  0.00000E+00  5.84949E-02  0.00000E+00  1.90667E-01  9.59693E-03  3.96467E-01  2.28168E-02
   644.00000  6.76349E-01  0.00000E+00  0.00000E+00  0.00000E+00  0.00000E+00  0.00000E+00  5.83561E-02  0.00000E+00  1.90262E-01  9.57219E-03  3.95396E-01  2.27630E-02
   645.00000  6.74662E-01  0.00000E+00  0.00000E+00  0.00000E+00  0.00000E+00  0.00000E+00  5.82179E-02  0.00000E+00  1.89858E-01  9.54755E-03  3.94329E-01  2.27094E-02
   646.00000  6.72979E-01  0.00000E+00  0.00000E+00  0.00000E+00  0.00000E+00  0.00000E+00  5.80802E-02  0.00000E+00  1.89455E-01  9.52300E-03  3.93265E-01  2.26559E-02
   647.00000  6.71302E-01  0.00000E+00  0.00000E+00  0.00000E+00  0.00000E+00  0.00000E+00  5.79429E-02  0.00000E+00  1.89054E-01  9.49855E-03  3.92204E-01  2.26027E-02
   648.00000  6.69630E-01  0.00000E+00  0.00000E+00  0.00000E+00  0.00000E+00  0.00000E+00  5.78062E-02  0.00000E+00  1.88654E-01  9.47420E-03  3.91146E-01  2.25496E-02
   649.00000  6.67963E-01  0.00000E+00  0.00000E+00  0.00000E+00  0.00000E+00  0.00000E+00  5.76700E-02  0.00000E+00  1.88254E-01  9.44995E-03  3.90092E-01  2.24967E-02
   650.00000  6.66301E-01  0.00000E+00  0.00000E+00  0.00000E+00  0.00000E+00  0.00000E+00  5.75344E-02  0.00000E+00  1.87856E-01  9.42579E-03  3.89041E-01  2.24440E-02
   651.00000  6.64645E-01  0.00000E+00  0.00000E+00  0.00000E+00  0.00000E+00  0.00000E+00  5.73992E-02  0.00000E+00  1.87460E-01  9.40172E-03  3.87993E-01  2.23915E-02
   652.00000  6.62993E-01  0.00000E+00  0.00000E+00  0.00000E+00  0.00000E+00  0.00000E+00  5.72645E-02  0.00000E+00  1.87064E-01  9.37775E-03  3.86948E-01  2.23392E-02
   653.00000  6.61346E-01  0.00000E+00  0.00000E+00  0.00000E+00  0.00000E+00  0.00000E+00  5.71303E-02  0.00000E+00  1.86669E-01  9.35388E-03  3.85906E-01  2.22870E-02
   654.00000  6.59705E-01  0.00000E+00  0.00000E+00  0.00000E+00  0.00000E+00  0.00000E+00  5.69966E-02  0.00000E+00  1.86276E-01  9.33009E-03  3.84868E-01  2.22350E-02
   655.00000  6.58069E-01  0.00000E+00  0.00000E+00  0.00000E+00  0.00000E+00  0.00000E+00  5.68634E-02  0.00000E+00  1.85883E-01  9.30641E-03  3.83832E-01  2.21832E-02
   656.00000  6.56437E-01  0.00000E+00  0.00000E+00  0.00000E+00  0.00000E+00  0.00000E+00  5.67306E-02  0.00000E+00  1.85492E-01  9.28281E-03  3.82800E-01  2.21316E-02
   657.00000  6.54811E-01  0.00000E+00  0.00000E+00  0.00000E+00  0.00000E+00  0.00000E+00  5.65984E-02  0.00000E+00  1.85102E-01  9.25930E-03  3.81771E-01  2.20801E-02
   658.00000  6.53189E-01  0.00000E+00  0.00000E+00  0.00000E+00  0.00000E+00  0.00000E+00  5.64666E-02  0.00000E+00  1.84713E-01  9.23589E-03  3.80745E-01  2.20288E-02
   659.00000  6.51573E-01  0.00000E+00  0.00000E+00  0.00000E+00  0.00000E+00  0.00000E+00  5.63353E-02  0.00000E+00  1.84325E-01  9.21257E-03  3.79723E-01  2.19777E-02
   660.00000  6.49962E-01  0.00000E+00  0.00000E+00  0.00000E+00  0.00000E+00  0.00000E+00  5.62045E-02  0.00000E+00  1.83938E-01  9.18934E-03  3.78703E-01  2.19268E-02
   661.00000  6.48355E-01  0.00000E+00  0.00000E+00  0.00000E+00  0.00000E+00  0.00000E+00  5.60741E-02  0.00000E+00  1.83552E-01  9.16620E-03  3.77687E-01  2.18760E-02
   662.00000  6.46754E-01  0.00000E+00  0.00000E+00  0.00000E+00  0.00000E+00  0.00000E+00  5.59442E-02  0.00000E+00  1.83167E-01  9.14315E-03  3.76673E-01  2.18254E-02
   663.00000  6.45157E-01  0.00000E+00  0.00000E+00  0.00000E+00  0.00000E+00  0.00000E+00  5.58148E-02  0.00000E+00  1.82784E-01  9.12018E-03  3.75663E-01  2.17749E-02
   664.00000  6.43565E-01  0.00000E+00  0.00000E+00  0.00000E+00  0.00000E+00  0.00000E+00  5.56858E-02  0.00000E+00  1.82401E-01  9.09731E-03  3.74656E-01  2.17247E-02
   665.00000  6.41978E-01  0.00000E+00  0.00000E+00  0.00000E+00  0.00000E+00  0.00000E+00  5.55573E-02  0.00000E+00  1.82019E-01  9.07452E-03  3.73653E-01  2.16746E-02
   666.00000  6.40397E-01  0.00000E+00  0.00000E+00  0.00000E+00  0.00000E+00  0.00000E+00  5.54292E-02  0.00000E+00  1.81639E-01  9.05183E-03  3.72652E-01  2.16247E-02
   667.00000  6.38820E-01  0.00000E+00  0.00000E+00  0.00000E+00  0.00000E+00  0.00000E+00  5.53016E-02  0.00000E+00  1.81259E-01  9.02921E-03  3.71654E-01  2.15749E-02
   668.00000  6.37247E-01  0.00000E+00  0.00000E+00  0.00000E+00  0.00000E+00  0.00000E+00  5.51745E-02  0.00000E+00  1.80881E-01  9.00669E-03  3.70660E-01  2.15253E-02
   669.00000  6.35680E-01  0.00000E+00  0.00000E+00  0.00000E+00  0.00000E+00  0.00000E+00  5.50477E-02  0.00000E+00  1.80504E-01  8.98425E-03  3.69669E-01  2.14759E-02
   670.00000  6.34118E-01  0.00000E+00  0.00000E+00  0.00000E+00  0.00000E+00  0.00000E+00  5.49214E-02  0.00000E+00  1.80127E-01  8.96190E-03  3.68680E-01  2.14266E-02
   671.00000  6.32560E-01  0.00000E+00  0.00000E+00  0.00000E+00  0.00000E+00  0.00000E+00  5.47956E-02  0.00000E+00  1.79752E-01  8.93963E-03  3.67695E-01  2.13775E-02
   672.00000  6.31007E-01  0.00000E+00  0.00000E+00  0.00000E+00  0.00000E+00  0.00000E+00  5.46702E-02  0.00000E+00  1.79377E-01  8.91744E-03  3.66713E-01  2.13286E-02
   673.00000  6.29459E-01  0.00000E+00  0.00000E+00  0.00000E+00  0.00000E+00  0.00000E+00  5.45452E-02  0.00000E+00  1.79004E-01  8.89534E-03  3.65734E-01  2.12799E-02
   674.00000  6.27916E-01  0.00000E+00  0.00000E+00  0.00000E+00  0.00000E+00  0.00000E+00  5.44206E-02  0.00000E+00  1.78632E-01  8.87333E-03  3.64759E-01  2.12313E-02
   675.00000  6.26377E-01  0.00000E+00  0.00000E+00  0.00000E+00  0.00000E+00  0.00000E+00  5.42965E-02  0.00000E+00  1.78260E-01  8.85140E-03  3.63786E-01  2.11828E-02
   676.00000  6.24843E-01  0.00000E+00  0.00000E+00  0.00000E+00  0.00000E+00  0.00000E+00  5.41728E-02  0.00000E+00  1.77890E-01  8.82955E-03  3.62816E-01  2.11345E-02
   677.00000  6.23314E-01  0.00000E+00  0.00000E+00  0.00000E+00  0.00000E+00  0.00000E+00  5.40495E-02  0.00000E+00  1.77521E-01  8.80778E-03  3.61850E-01  2.10864E-02
   678.00000  6.21790E-01  0.00000E+00  0.00000E+00  0.00000E+00  0.00000E+00  0.00000E+00  5.39266E-02  0.00000E+00  1.77152E-01  8.78609E-03  3.60886E-01  2.10385E-02
   679.00000  6.20270E-01  0.00000E+00  0.00000E+00  0.00000E+00  0.00000E+00  0.00000E+00  5.38042E-02  0.00000E+00  1.76785E-01  8.76449E-03  3.59926E-01  2.09907E-02
   680.00000  6.18755E-01  0.00000E+00  0.00000E+00  0.00000E+00  0.00000E+00  0.00000E+00  5.36821E-02  0.00000E+00  1.76419E-01  8.74296E-03  3.58969E-01  2.09430E-02
   681.00000  6.17245E-01  0.00000E+00  0.00000E+00  0.00000E+00  0.00000E+00  0.00000E+00  5.35605E-02  0.00000E+00  1.76053E-01  8.72152E-03  3.58014E-01  2.08956E-02
   682.00000  6.15740E-01  0.00000E+00  0.00000E+00  0.00000E+00  0.00000E+00  0.00000E+00  5.34392E-02  0.00000E+00  1.75689E-01  8.70015E-03  3.57063E-01  2.08482E-02
   683.00000  6.14239E-01  0.00000E+00  0.00000E+00  0.00000E+00  0.00000E+00  0.00000E+00  5.33184E-02  0.00000E+00  1.75325E-01  8.67887E-03  3.56115E-01  2.08011E-02
   684.00000  6.12743E-01  0.00000E+00  0.00000E+00  0.00000E+00  0.00000E+00  0.00000E+00  5.31979E-02  0.00000E+00  1.74963E-01  8.65766E-03  3.55170E-01  2.07541E-02
   685.00000  6.11251E-01  0.00000E+00  0.00000E+00  0.00000E+00  0.00000E+00  0.00000E+00  5.30779E-02  0.00000E+00  1.74601E-01  8.63653E-03  3.54228E-01  2.07072E-02
   686.00000  6.09764E-01  0.00000E+00  0.00000E+00  0.00000E+00  0.00000E+00  0.00000E+00  5.29582E-02  0.00000E+00  1.74241E-01  8.61549E-03  3.53289E-01  2.06605E-02
   687.00000  6.08281E-01  0.00000E+00  0.00000E+00  0.00000E+00  0.00000E+00  0.00000E+00  5.28390E-02  0.00000E+00  1.73881E-01  8.59451E-03  3.52353E-01  2.06140E-02
   688.00000  6.06804E-01  0.00000E+00  0.00000E+00  0.00000E+00  0.00000E+00  0.00000E+00  5.27201E-02  0.00000E+00  1.73522E-01  8.57362E-03  3.51420E-01  2.05676E-02
   689.00000  6.05330E-01  0.00000E+00  0.00000E+00  0.00000E+00  0.00000E+00  0.00000E+00  5.26016E-02  0.00000E+00  1.73165E-01  8.55280E-03  3.50490E-01  2.05213E-02
   690.00000  6.03862E-01  0.00000E+00  0.00000E+00  0.00000E+00  0.00000E+00  0.00000E+00  5.24835E-02  0.00000E+00  1.72808E-01  8.53206E-03  3.49563E-01  2.04752E-02
   691.00000  6.02398E-01  0.00000E+00  0.00000E+00  0.00000E+00  0.00000E+00  0.00000E+00  5.23658E-02  0.00000E+00  1.72452E-01  8.51139E-03  3.48639E-01  2.04293E-02
   692.00000  6.00938E-01  0.00000E+00  0.00000E+00  0.00000E+00  0.00000E+00  0.00000E+00  5.22485E-02  0.00000E+00  1.72097E-01  8.49081E-03  3.47718E-01  2.03835E-02
   693.00000  5.99483E-01  0.00000E+00  0.00000E+00  0.00000E+00  0.00000E+00  0.00000E+00  5.21315E-02  0.00000E+00  1.71743E-01  8.47029E-03  3.46800E-01  2.03379E-02
   694.00000  6.80410E-01  0.00000E+00  0.00000E+00  0.00000E+00  0.00000E+00  0.00000E+00  5.20149E-02  8.23774E-02  1.71390E-01  8.44985E-03  3.45885E-01  2.02924E-02
   695.00000  7.35326E-01  0.00000E+00  0.00000E+00  0.00000E+00  0.00000E+00  0.00000E+00  5.18987E-02  1.38740E-01  1.71038E-01  8.42948E-03  3.44973E-01  2.02470E-02
   696.00000  8.49069E-01  0.00000E+00  0.00000E+00  0.00000E+00  0.00000E+00  0.00000E+00  5.17829E-02  2.53924E-01  1.70687E-01  8.40919E-03  3.44064E-01  2.02018E-02
   697.00000  1.08220E+00  0.00000E+00  0.00000E+00  0.00000E+00  0.00000E+00  0.00000E+00  5.16674E-02  4.88495E-01  1.70337E-01  8.38897E-03  3.43158E-01  2.01568E-02
   698.00000  1.56812E+00  0.00000E+00  0.00000E+00  0.00000E+00  0.00000E+00  0.00000E+00  5.15523E-02  9.75841E-01  1.69987E-01  8.36883E-03  3.42255E-01  2.01119E-02
   699.00000  2.61859E+00  0.00000E+00  0.00000E+00  0.00000E+00  0.00000E+00  0.00000E+00  5.14376E-02  2.02774E+00  1.69639E-01  8.34876E-03  3.41354E-01  2.00671E-02
   700.00000  4.98427E+00  0.00000E+00  0.00000E+00  0.00000E+00  0.00000E+00  0.00000E+00  5.13232E-02  4.39485E+00  1.69292E-01  8.32876E-03  3.40457E-01  2.00225E-02
   701.00000  1.02241E+01  0.00000E+00  0.00000E+00  0.00000E+00  0.00000E+00  0.00000E+00  5.12092E-02  9.63612E+00  1.68945E-01  8.30883E-03  3.39563E-01  1.99780E-02
   702.00000  1.88400E+01  0.00000E+00  0.00000E+00  0.00000E+00  0.00000E+00  0.00000E+00  5.10955E-02  1.82534E+01  1.68600E-01  8.28897E-03  3.38671E-01  1.99337E-02
   703.00000  2.31153E+01  0.00000E+00  0.00000E+00  0.00000E+00  0.00000E+00  0.00000E+00  5.09822E-02  2.25301E+01  1.68255E-01  8.26918E-03  3.37783E-01  1.98895E-02
   704.00000  1.94409E+01  0.00000E+00  0.00000E+00  0.00000E+00  0.00000E+00  0.00000E+00  5.08693E-02  1.88572E+01  1.67911E-01  8.24947E-03  3.36897E-01  1.98454E-02
   705.00000  1.48314E+01  0.00000E+00  0.00000E+00  0.00000E+00  0.00000E+00  0.00000E+00  5.07567E-02  1.42491E+01  1.67568E-01  8.22982E-03  3.36014E-01  1.98015E-02
   706.00000  1.16646E+01  0.00000E+00  0.00000E+00  0.00000E+00  0.00000E+00  0.00000E+00  5.06444E-02  1.10836E+01  1.67226E-01  8.21025E-03  3.35134E-01  1.97577E-02
   707.00000  9.64849E+00  0.00000E+00  0.00000E+00  0.00000E+00  0.00000E+00  0.00000E+00  5.05325E-02  9.06891E+00  1.66885E-01  8.19074E-03  3.34257E-01  1.97141E-02
   708.00000  8.33476E+00  0.00000E+00  0.00000E+00  0.00000E+00  0.00000E+00  0.00000E+00  5.04210E-02  7.75657E+00  1.66545E-01  8.17131E-03  3.33383E-01  1.96706E-02
   709.00000  7.44355E+00  0.00000E+00  0.00000E+00  0.00000E+00  0.00000E+00  0.00000E+00  5.03098E-02  6.86674E+00  1.66206E-01  8.15194E-03  3.32512E-01  1.96273E-02
   710.00000  6.81492E+00  0.00000E+00  0.00000E+00  0.00000E+00  0.00000E+00  0.00000E+00  5.01989E-02  6.23949E+00  1.65867E-01  8.13264E-03  3.31643E-01  1.95840E-02
   711.00000  6.35591E+00  0.00000E+00  0.00000E+00  0.00000E+00  0.00000E+00  0.00000E+00  5.00884E-02  5.78186E+00  1.65530E-01  8.11341E-03  3.30778E-01  1.95410E-02
   712.00000  6.01033E+00  0.00000E+00  0.00000E+00  0.00000E+00  0.00000E+00  0.00000E+00  4.99782E-02  5.43765E+00  1.65194E-01  8.09425E-03  3.29915E-01  1.94980E-02
   713.00000  5.74275E+00  0.00000E+00  0.00000E+00  0.00000E+00  0.00000E+00  0.00000E+00  4.98684E-02  5.17144E+00  1.64858E-01  8.07515E-03  3.29055E-01  1.94552E-02
   714.00000  5.53000E+00  0.00000E+00  0.00000E+00  0.00000E+00  0.00000E+00  0.00000E+00  4.97589E-02  4.96005E+00  1.64523E-01  8.05612E-03  3.28198E-01  1.94125E-02
   715.00000  5.35644E+00  0.00000E+00  0.00000E+00  0.00000E+00  0.00000E+00  0.00000E+00  4.96497E-02  4.78785E+00  1.64189E-01  8.03716E-03  3.27343E-01  1.93700E-02
   716.00000  5.21123E+00  0.00000E+00  0.00000E+00  0.00000E+00  0.00000E+00  0.00000E+00  4.95409E-02  4.64400E+00  1.63856E-01  8.01826E-03  3.26492E-01  1.93276E-02
   717.00000  5.08673E+00  0.00000E+00  0.00000E+00  0.00000E+00  0.00000E+00  0.00000E+00  4.94324E-02  4.52084E+00  1.63524E-01  7.99943E-03  3.25643E-01  1.92853E-02
   718.00000  4.97747E+00  0.00000E+00  0.00000E+00  0.00000E+00  0.00000E+00  0.00000E+00  4.93242E-02  4.41293E+00  1.63193E-01  7.98067E-03  3.24797E-01  1.92432E-02
   719.00000  4.87952E+00  0.00000E+00  0.00000E+00  0.00000E+00  0.00000E+00  0.00000E+00  4.92164E-02  4.31633E+00  1.62863E-01  7.96197E-03  3.23953E-01  1.92012E-02
   720.00000  4.79007E+00  0.00000E+00  0.00000E+00  0.00000E+00  0.00000E+00  0.00000E+00  4.91089E-02  4.22821E+00  1.62534E-01  7.94334E-03  3.23113E-01  1.91593E-02
   721.00000  4.70708E+00  0.00000E+00  0.00000E+00  0.00000E+00  0.00000E+00  0.00000E+00  4.90017E-02  4.14656E+00  1.62205E-01  7.92477E-03  3.22275E-01  1.91175E-02
   722.00000  4.62913E+00  0.00000E+00  0.00000E+00  0.00000E+00  0.00000E+00  0.00000E+00  4.88949E-02  4.06993E+00  1.61878E-01  7.90626E-03  3.21440E-01  1.90759E-02
   723.00000  4.55520E+00  0.00000E+00  0.00000E+00  0.00000E+00  0.00000E+00  0.00000E+00  4.87884E-02  3.99733E+00  1.61551E-01  7.88782E-03  3.20607E-01  1.90344E-02
   724.00000  4.48462E+00  0.00000E+00  0.00000E+00  0.00000E+00  0.00000E+00  0.00000E+00  4.86822E-02  3.92807E+00  1.61225E-01  7.86945E-03  3.19778E-01  1.89931E-02
   725.00000  4.41691E+00  0.00000E+00  0.00000E+00  0.00000E+00  0.00000E+00  0.00000E+00  4.85763E-02  3.86168E+00  1.60900E-01  7.85113E-03  3.18950E-01  1.89518E-02
   726.00000  4.35180E+00  0.00000E+00  0.00000E+00  0.00000E+00  0.00000E+00  0.00000E+00  4.84708E-02  3.79789E+00  1.60576E-01  7.83288E-03  3.18126E-01  1.89107E-02
   727.00000  4.28910E+00  0.00000E+00  0.00000E+00  0.00000E+00  0.00000E+00  0.00000E+00  4.83655E-02  3.73650E+00  1.60253E-01  7.81470E-03  3.17304E-01  1.88697E-02
   728.00000  4.22871E+00  0.00000E+00  0.00000E+00  0.00000E+00  0.00000E+00  0.00000E+00  4.82606E-02  3.67741E+00  1.59931E-01  7.79657E-03  3.16485E-01  1.88289E-02
   729.00000  4.17057E+00  0.00000E+00  0.00000E+00  0.00000E+00  0.00000E+00  0.00000E+00  4.81561E-02  3.62057E+00  1.59610E-01  7.77851E-03  3.15669E-01  1.87882E-02
   730.00000  4.11465E+00  0.00000E+00  0.00000E+00  0.00000E+00  0.00000E+00  0.00000E+00  4.80518E-02  3.56595E+00  1.59289E-01  7.76051E-03  3.14855E-01  1.87475E-02
   731.00000  4.06095E+00  0.00000E+00  0.00000E+00  0.00000E+00  0.00000E+00  0.00000E+00  4.79479E-02  3.51354E+00  1.58969E-01  7.74257E-03  3.14044E-01  1.87071E-02
   732.00000  4.00945E+00  0.00000E+00  0.00000E+00  0.00000E+00  0.00000E+00  0.00000E+00  4.78442E-02  3.46333E+00  1.58651E-01  7.72469E-03  3.13236E-01  1.86667E-02
   733.00000  3.96015E+00  0.00000E+00  0.00000E+00  0.00000E+00  0.00000E+00  0.00000E+00  4.77409E-02  3.41531E+00  1.58333E-01  7.70688E-03  3.12430E-01  1.86265E-02
   734.00000  3.91302E+00  0.00000E+00  0.00000E+00  0.00000E+00  0.00000E+00  0.00000E+00  4.76379E-02  3.36946E+00  1.58016E-01  7.68912E-03  3.11626E-01  1.85864E-02
   735.00000  3.86804E+00  0.00000E+00  0.00000E+00  0.00000E+00  0.00000E+00  0.00000E+00  4.75352E-02  3.32576E+00  1.57700E-01  7.67143E-03  3.10826E-01  1.85464E-02
   736.00000  3.82518E+00  0.00000E+00  0.00000E+00  0.00000E+00  0.00000E+00  0.00000E+00  4.74329E-02  3.28418E+00  1.57385E-01  7.65379E-03  3.10027E-01  1.85065E-02
   737.00000  3.78439E+00  0.00000E+00  0.00000E+00  0.00000E+00  0.00000E+00  0.00000E+00  4.73308E-02  3.24466E+00  1.57070E-01  7.63622E-03  3.09232E-01  1.84667E-02
   738.00000  3.74562E+00  0.00000E+00  0.00000E+00  0.00000E+00  0.00000E+00  0.00000E+00  4.72291E-02  3.20715E+00  1.56757E-01  7.61870E-03  3.08439E-01  1.84271E-02
   739.00000  3.70881E+00  0.00000E+00  0.00000E+00  0.00000E+00  0.00000E+00  0.00000E+00  4.71276E-02  3.17160E+00  1.56444E-01  7.60125E-03  3.07648E-01  1.83876E-02
   740.00000  3.67389E+00  0.00000E+00  0.00000E+00  0.00000E+00  0.00000E+00  0.00000E+00  4.70265E-02  3.13794E+00  1.56132E-01  7.58385E-03  3.06860E-01  1.83482E-02
   741.00000  3.64078E+00  0.00000E+00  0.00000E+00  0.00000E+00  0.00000E+00  0.00000E+00  4.69257E-02  3.10609E+00  1.55822E-01  7.56651E-03  3.06075E-01  1.83089E-02
   742.00000  3.60942E+00  0.00000E+00  0.00000E+00  0.00000E+00  0.00000E+00  0.00000E+00  4.68252E-02  3.07597E+00  1.55512E-01  7.54924E-03  3.05292E-01  1.82698E-02
   743.00000  3.57971E+00  0.00000E+00  0.00000E+00  0.00000E+00  0.00000E+00  0.00000E+00  4.67250E-02  3.04751E+00  1.55203E-01  7.53202E-03  3.04511E-01  1.82307E-02
   744.00000  3.55157E+00  0.00000E+00  0.00000E+00  0.00000E+00  0.00000E+00  0.00000E+00  4.66251E-02  3.02061E+00  1.54894E-01  7.51485E-03  3.03733E-01  1.81918E-02
   745.00000  3.52492E+00  0.00000E+00  0.00000E+00  0.00000E+00  0.00000E+00  0.00000E+00  4.65255E-02  2.99520E+00  1.54587E-01  7.49775E-03  3.02957E-01  1.81530E-02
   746.00000  3.49968E+00  0.00000E+00  0.00000E+00  0.00000E+00  0.00000E+00  0.00000E+00  4.64262E-02  2.97120E+00  1.54280E-01  7.48071E-03  3.02184E-01  1.81143E-02
   747.00000  3.47576E+00  0.00000E+00  0.00000E+00  0.00000E+00  0.00000E+00  0.00000E+00  4.63272E-02  2.94850E+00  1.53975E-01  7.46372E-03  3.01413E-01  1.80758E-02
   748.00000  3.45307E+00  0.00000E+00  0.00000E+00  0.00000E+00  0.00000E+00  0.00000E+00  4.62286E-02  2.92704E+00  1.53670E-01  7.44679E-03  3.00645E-01  1.80373E-02
   749.00000  3.43154E+00  0.00000E+00  0.00000E+00  0.00000E+00  0.00000E+00  0.00000E+00  4.61302E-02  2.90673E+00  1.53366E-01  7.42991E-03  2.99879E-01  1.79990E-02
   750.00000  3.41107E+00  0.00000E+00  0.00000E+00  0.00000E+00  0.00000E+00  0.00000E+00  4.60321E-02  2.88749E+00  1.53063E-01  7.41309E-03  2.99116E-01  1.79607E-02
   751.00000  3.39160E+00  0.00000E+00  0.00000E+00  0.00000E+00  0.00000E+00  0.00000E+00  4.59344E-02  2.86923E+00  1.52761E-01  7.39633E-03  2.98355E-01  1.79226E-02
   752.00000  3.37305E+00  0.00000E+00  0.00000E+00  0.00000E+00  0.00000E+00  0.00000E+00  4.58369E-02  2.85189E+00  1.52459E-01  7.37963E-03  2.97596E-01  1.78846E-02
   753.00000  3.35534E+00  0.00000E+00  0.00000E+00  0.00000E+00  0.00000E+00  0.00000E+00  4.57397E-02  2.83539E+00  1.52159E-01  7.36298E-03  2.96840E-01  1.78467E-02
   754.00000  3.33840E+00  0.00000E+00  0.00000E+00  0.00000E+00  0.00000E+00  0.00000E+00  4.56429E-02  2.81966E+00  1.51859E-01  7.34639E-03  2.96086E-01  1.78090E-02
   755.00000  3.32218E+00  0.00000E+00  0.00000E+00  0.00000E+00  0.00000E+00  0.00000E+00  4.55463E-02  2.80463E+00  1.51560E-01  7.32985E-03  2.95335E-01  1.77713E-02
   756.00000  3.30659E+00  0.00000E+00  0.00000E+00  0.00000E+00  0.00000E+00  0.00000E+00  4.54500E-02  2.79025E+00  1.51262E-01  7.31337E-03  2.94585E-01  1.77338E-02
   757.00000  3.29159E+00  0.00000E+00  0.00000E+00  0.00000E+00  0.00000E+00  0.00000E+00  4.53541E-02  2.77644E+00  1.50965E-01  7.29694E-03  2.93838E-01  1.76964E-02
   758.00000  3.27712E+00  0.00000E+00  0.00000E+00  0.00000E+00  0.00000E+00  0.00000E+00  4.52584E-02  2.76316E+00  1.50669E-01  7.28057E-03  2.93094E-01  1.76590E-02
   759.00000  3.26312E+00  0.00000E+00  0.00000E+00  0.00000E+00  0.00000E+00  0.00000E+00  4.51630E-02  2.75035E+00  1.50373E-01  7.26426E-03  2.92352E-01  1.76218E-02
   760.00000  3.24954E+00  0.00000E+00  0.00000E+00  0.00000E+00  0.00000E+00  0.00000E+00  4.50679E-02  2.73795E+00  1.50079E-01  7.24799E-03  2.91612E-01  1.75848E-02
   761.00000  3.23635E+00  0.00000E+00  0.00000E+00  0.00000E+00  0.00000E+00  0.00000E+00  4.49732E-02  2.72594E+00  1.49785E-01  7.23179E-03  2.90874E-01  1.75478E-02
   762.00000  3.22349E+00  0.00000E+00  0.00000E+00  0.00000E+00  0.00000E+00  0.00000E+00  4.48787E-02  2.71425E+00  1.49492E-01  7.21563E-03  2.90139E-01  1.75109E-02
   763.00000  3.21092E+00  0.00000E+00  0.00000E+00  0.00000E+00  0.00000E+00  0.00000E+00  4.47845E-02  2.70286E+00  1.49200E-01  7.19953E-03  2.89406E-01  1.74742E-02
   764.00000  3.19862E+00  0.00000E+00  0.00000E+00  0.00000E+00  0.00000E+00  0.00000E+00  4.46906E-02  2.69173E+00  1.48908E-01  7.18349E-03  2.88675E-01  1.74375E-02
   765.00000  3.18655E+00  0.00000E+00  0.00000E+00  0.00000E+00  0.00000E+00  0.00000E+00  4.45970E-02  2.68082E+00  1.48618E-01  7.16750E-03  2.87946E-01  1.74010E-02
   766.00000  3.17467E+00  0.00000E+00  0.00000E+00  0.00000E+00  0.00000E+00  0.00000E+00  4.45037E-02  2.67010E+00  1.48328E-01  7.15156E-03  2.87220E-01  1.73646E-02
   767.00000  3.16297E+00  0.00000E+00  0.00000E+00  0.00000E+00  0.00000E+00  0.00000E+00  4.44106E-02  2.65956E+00  1.48040E-01  7.13567E-03  2.86496E-01  1.73283E-02
   768.00000  3.15142E+00  0.00000E+00  0.00000E+00  0.00000E+00  0.00000E+00  0.00000E+00  4.43179E-02  2.64916E+00  1.47752E-01  7.11984E-03  2.85774E-01  1.72921E-02
   769.00000  3.13999E+00  0.00000E+00  0.00000E+00  0.00000E+00  0.00000E+00  0.00000E+00  4.42255E-02  2.63889E+00  1.47464E-01  7.10406E-03  2.85054E-01  1.72560E-02
   770.00000  3.12868E+00  0.00000E+00  0.00000E+00  0.00000E+00  0.00000E+00  0.00000E+00  4.41333E-02  2.62872E+00  1.47178E-01  7.08833E-03  2.84336E-01  1.72200E-02
   771.00000  3.11746E+00  0.00000E+00  0.00000E+00  0.00000E+00  0.00000E+00  0.00000E+00  4.40414E-02  2.61865E+00  1.46893E-01  7.07266E-03  2.83621E-01  1.71842E-02
   772.00000  3.10632E+00  0.00000E+00  0.00000E+00  0.00000E+00  0.00000E+00  0.00000E+00  4.39499E-02  2.60865E+00  1.46608E-01  7.05703E-03  2.82908E-01  1.71484E-02
   773.00000  3.09526E+00  0.00000E+00  0.00000E+00  0.00000E+00  0.00000E+00  0.00000E+00  4.38586E-02  2.59873E+00  1.46324E-01  7.04146E-03  2.82197E-01  1.71128E-02
   774.00000  3.08426E+00  0.00000E+00  0.00000E+00  0.00000E+00  0.00000E+00  0.00000E+00  4.37676E-02  2.58886E+00  1.46041E-01  7.02594E-03  2.81488E-01  1.70773E-02
   775.00000  3.07331E+00  0.00000E+00  0.00000E+00  0.00000E+00  0.00000E+00  0.00000E+00  4.36769E-02  2.57904E+00  1.45758E-01  7.01048E-03  2.80782E-01  1.70419E-02
   776.00000  3.06241E+00  0.00000E+00  0.00000E+00  0.00000E+00  0.00000E+00  0.00000E+00  4.35864E-02  2.56927E+00  1.45477E-01  6.99506E-03  2.80077E-01  1.70066E-02
   777.00000  3.05155E+00  0.00000E+00  0.00000E+00  0.00000E+00  0.00000E+00  0.00000E+00  4.34963E-02  2.55954E+00  1.45196E-01  6.97970E-03  2.79375E-01  1.69714E-02
   778.00000  3.04074E+00  0.00000E+00  0.00000E+00  0.00000E+00  0.00000E+00  0.00000E+00  4.34064E-02  2.54985E+00  1.44916E-01  6.96438E-03  2.78674E-01  1.69363E-02
   779.00000  3.02997E+00  0.00000E+00  0.00000E+00  0.00000E+00  0.00000E+00  0.00000E+00  4.33168E-02  2.54019E+00  1.44637E-01  6.94912E-03  2.77976E-01  1.69013E-02
   780.00000  3.01925E+00  0.00000E+00  0.00000E+00  0.00000E+00  0.00000E+00  0.00000E+00  4.32275E-02  2.53058E+00  1.44359E-01  6.93391E-03  2.77280E-01  1.68664E-02
   781.00000  3.00856E+00  0.00000E+00  0.00000E+00  0.00000E+00  0.00000E+00  0.00000E+00  4.31385E-02  2.52101E+00  1.44081E-01  6.91874E-03  2.76586E-01  1.68316E-02
   782.00000  2.99792E+00  0.00000E+00  0.00000E+00  0.00000E+00  0.00000E+00  0.00000E+00  4.30498E-02  2.51147E+00  1.43805E-01  6.90363E-03  2.75894E-01  1.67970E-02
   783.00000  2.98733E+00  0.00000E+00  0.00000E+00  0.00000E+00  0.00000E+00  0.00000E+00  4.29613E-02  2.50198E+00  1.43529E-01  6.88857E-03  2.75205E-01  1.67624E-02
   784.00000  2.97678E+00  0.00000E+00  0.00000E+00  0.00000E+00  0.00000E+00  0.00000E+00  4.28731E-02  2.49254E+00  1.43253E-01  6.87356E-03  2.74517E-01  1.67280E-02
   785.00000  2.96629E+00  0.00000E+00  0.00000E+00  0.00000E+00  0.00000E+00  0.00000E+00  4.27852E-02  2.48315E+00  1.42979E-01  6.85859E-03  2.73831E-01  1.66936E-02
   786.00000  2.95586E+00  0.00000E+00  0.00000E+00  0.00000E+00  0.00000E+00  0.00000E+00  4.26976E-02  2.47380E+00  1.42705E-01  6.84368E-03  2.73148E-01  1.66594E-02
   787.00000  2.94548E+00  0.00000E+00  0.00000E+00  0.00000E+00  0.00000E+00  0.00000E+00  4.26103E-02  2.46452E+00  1.42433E-01  6.82882E-03  2.72466E-01  1.66253E-02
   788.00000  2.93517E+00  0.00000E+00  0.00000E+00  0.00000E+00  0.00000E+00  0.00000E+00  4.25232E-02  2.45530E+00  1.42160E-01  6.81400E-03  2.71787E-01  1.65912E-02
   789.00000  2.92493E+00  0.00000E+00  0.00000E+00  0.00000E+00  0.00000E+00  0.00000E+00  4.24364E-02  2.44614E+00  1.41889E-01  6.79924E-03  2.71109E-01  1.65573E-02
   790.00000  2.91476E+00  0.00000E+00  0.00000E+00  0.00000E+00  0.00000E+00  0.00000E+00  4.23499E-02  2.43705E+00  1.41619E-01  6.78452E-03  2.70434E-01  1.65235E-02
   791.00000  2.90467E+00  0.00000E+00  0.00000E+00  0.00000E+00  0.00000E+00  0.00000E+00  4.22636E-02  2.42804E+00  1.41349E-01  6.76985E-03  2.69760E-01  1.64898E-02
   792.00000  2.89466E+00  0.00000E+00  0.00000E+00  0.00000E+00  0.00000E+00  0.00000E+00  4.21777E-02  2.41911E+00  1.41080E-01  6.75523E-03  2.69089E-01  1.64561E-02
   793.00000  2.88474E+00  0.00000E+00  0.00000E+00  0.00000E+00  0.00000E+00  0.00000E+00  4.20920E-02  2.41025E+00  1.40811E-01  6.74066E-03  2.68419E-01  1.64226E-02
   794.00000  2.87490E+00  0.00000E+00  0.00000E+00  0.00000E+00  0.00000E+00  0.00000E+00  4.20065E-02  2.40149E+00  1.40544E-01  6.72614E-03  2.67752E-01  1.63892E-02
   795.00000  2.86516E+00  0.00000E+00  0.00000E+00  0.00000E+00  0.00000E+00  0.00000E+00  4.19214E-02  2.39281E+00  1.40277E-01  6.71166E-03  2.67086E-01  1.63559E-02
   796.00000  2.85551E+00  0.00000E+00  0.00000E+00  0.00000E+00  0.00000E+00  0.00000E+00  4.18365E-02  2.38422E+00  1.40011E-01  6.69724E-03  2.66423E-01  1.63227E-02
   797.00000  2.84597E+00  0.00000E+00  0.00000E+00  0.00000E+00  0.00000E+00  0.00000E+00  4.17518E-02  2.37574E+00  1.39746E-01  6.68286E-03  2.65761E-01  1.62896E-02
   798.00000  2.83652E+00  0.00000E+00  0.00000E+00  0.00000E+00  0.00000E+00  0.00000E+00  4.16675E-02  2.36734E+00  1.39481E-01  6.66852E-03  2.65102E-01  1.62566E-02
   799.00000  2.82718E+00  0.00000E+00  0.00000E+00  0.00000E+00  0.00000E+00  0.00000E+00  4.15834E-02  2.35905E+00  1.39217E-01  6.65424E-03  2.64444E-01  1.62236E-02
   800.00000  2.81794E+00  0.00000E+00  0.00000E+00  0.00000E+00  0.00000E+00  0.00000E+00  4.14996E-02  2.35087E+00  1.38954E-01  6.64000E-03  2.63789E-01  1.61908E-02
   801.00000  2.80881E+00  0.00000E+00  0.00000E+00  0.00000E+00  0.00000E+00  0.00000E+00  4.14160E-02  2.34278E+00  1.38692E-01  6.62581E-03  2.63135E-01  1.61581E-02
   802.00000  2.79979E+00  0.00000E+00  0.00000E+00  0.00000E+00  0.00000E+00  0.00000E+00  4.13327E-02  2.33480E+00  1.38430E-01  6.61166E-03  2.62483E-01  1.61255E-02
   803.00000  2.79087E+00  0.00000E+00  0.00000E+00  0.00000E+00  0.00000E+00  0.00000E+00  4.12497E-02  2.32693E+00  1.38169E-01  6.59757E-03  2.61833E-01  1.60930E-02
   804.00000  2.78207E+00  0.00000E+00  0.00000E+00  0.00000E+00  0.00000E+00  0.00000E+00  4.11669E-02  2.31917E+00  1.37909E-01  6.58351E-03  2.61185E-01  1.60605E-02
   805.00000  2.77338E+00  0.00000E+00  0.00000E+00  0.00000E+00  0.00000E+00  0.00000E+00  4.10844E-02  2.31151E+00  1.37649E-01  6.56951E-03  2.60539E-01  1.60282E-02
   806.00000  2.76480E+00  0.00000E+00  0.00000E+00  0.00000E+00  0.00000E+00  0.00000E+00  4.10021E-02  2.30396E+00  1.37390E-01  6.55555E-03  2.59895E-01  1.59960E-02
   807.00000  2.75632E+00  0.00000E+00  0.00000E+00  0.00000E+00  0.00000E+00  0.00000E+00  4.09201E-02  2.29651E+00  1.37132E-01  6.54163E-03  2.59253E-01  1.59638E-02
   808.00000  2.74796E+00  0.00000E+00  0.00000E+00  0.00000E+00  0.00000E+00  0.00000E+00  4.08384E-02  2.28917E+00  1.36875E-01  6.52777E-03  2.58613E-01  1.59318E-02
   809.00000  2.73970E+00  0.00000E+00  0.00000E+00  0.00000E+00  0.00000E+00  0.00000E+00  4.07569E-02  2.28194E+00  1.36618E-01  6.51394E-03  2.57975E-01  1.58999E-02
   810.00000  2.73155E+00  0.00000E+00  0.00000E+00  0.00000E+00  0.00000E+00  0.00000E+00  4.06756E-02  2.27481E+00  1.36362E-01  6.50016E-03  2.57338E-01  1.58680E-02
   811.00000  2.72351E+00  0.00000E+00  0.00000E+00  0.00000E+00  0.00000E+00  0.00000E+00  4.05947E-02  2.26778E+00  1.36107E-01  6.48643E-03  2.56703E-01  1.58362E-02
   812.00000  2.71556E+00  0.00000E+00  0.00000E+00  0.00000E+00  0.00000E+00  0.00000E+00  4.05139E-02  2.26085E+00  1.35852E-01  6.47274E-03  2.56071E-01  1.58046E-02
   813.00000  2.70772E+00  0.00000E+00  0.00000E+00  0.00000E+00  0.00000E+00  0.00000E+00  4.04334E-02  2.25402E+00  1.35598E-01  6.45910E-03  2.55440E-01  1.57730E-02
   814.00000  2.69998E+00  0.00000E+00  0.00000E+00  0.00000E+00  0.00000E+00  0.00000E+00  4.03532E-02  2.24729E+00  1.35345E-01  6.44550E-03  2.54811E-01  1.57415E-02
   815.00000  2.69233E+00  0.00000E+00  0.00000E+00  0.00000E+00  0.00000E+00  0.00000E+00  4.02732E-02  2.24064E+00  1.35092E-01  6.43195E-03  2.54184E-01  1.57101E-02
   816.00000  2.68478E+00  0.00000E+00  0.00000E+00  0.00000E+00  0.00000E+00  0.00000E+00  4.01935E-02  2.23409E+00  1.34840E-01  6.41844E-03  2.53558E-01  1.56788E-02
   817.00000  2.67732E+00  0.00000E+00  0.00000E+00  0.00000E+00  0.00000E+00  0.00000E+00  4.01140E-02  2.22763E+00  1.34589E-01  6.40497E-03  2.52935E-01  1.56476E-02
   818.00000  2.66995E+00  0.00000E+00  0.00000E+00  0.00000E+00  0.00000E+00  0.00000E+00  4.00348E-02  2.22125E+00  1.34338E-01  6.39155E-03  2.52313E-01  1.56165E-02
   819.00000  2.66266E+00  0.00000E+00  0.00000E+00  0.00000E+00  0.00000E+00  0.00000E+00  3.99558E-02  2.21496E+00  1.34088E-01  6.37817E-03  2.51693E-01  1.55855E-02
   820.00000  2.65545E+00  0.00000E+00  0.00000E+00  0.00000E+00  0.00000E+00  0.00000E+00  3.98771E-02  2.20874E+00  1.33839E-01  6.36484E-03  2.51075E-01  1.55546E-02
   821.00000  2.64833E+00  0.00000E+00  0.00000E+00  0.00000E+00  0.00000E+00  0.00000E+00  3.97986E-02  2.20260E+00  1.33591E-01  6.35155E-03  2.50459E-01  1.55238E-02
   822.00000  2.64128E+00  0.00000E+00  0.00000E+00  0.00000E+00  0.00000E+00  0.00000E+00  3.97203E-02  2.19654E+00  1.33343E-01  6.33830E-03  2.49845E-01  1.54930E-02
   823.00000  2.63430E+00  0.00000E+00  0.00000E+00  0.00000E+00  0.00000E+00  0.00000E+00  3.96423E-02  2.19054E+00  1.33095E-01  6.32510E-03  2.49233E-01  1.54624E-02
   824.00000  2.62739E+00  0.00000E+00  0.00000E+00  0.00000E+00  0.00000E+00  0.00000E+00  3.95645E-02  2.18461E+00  1.32849E-01  6.31193E-03  2.48622E-01  1.54318E-02
   825.00000  2.62054E+00  0.00000E+00  0.00000E+00  0.00000E+00  0.00000E+00  0.00000E+00  3.94870E-02  2.17874E+00  1.32603E-01  6.29881E-03  2.48013E-01  1.54013E-02
   826.00000  2.61376E+00  0.00000E+00  0.00000E+00  0.00000E+00  0.00000E+00  0.00000E+00  3.94097E-02  2.17293E+00  1.32357E-01  6.28574E-03  2.47406E-01  1.53710E-02
   827.00000  2.60704E+00  0.00000E+00  0.00000E+00  0.00000E+00  0.00000E+00  0.00000E+00  3.93326E-02  2.16718E+00  1.32113E-01  6.27270E-03  2.46801E-01  1.53407E-02
   828.00000  2.60037E+00  0.00000E+00  0.00000E+00  0.00000E+00  0.00000E+00  0.00000E+00  3.92558E-02  2.16148E+00  1.31869E-01  6.25971E-03  2.46197E-01  1.53105E-02
   829.00000  2.59376E+00  0.00000E+00  0.00000E+00  0.00000E+00  0.00000E+00  0.00000E+00  3.91792E-02  2.15583E+00  1.31625E-01  6.24676E-03  2.45595E-01  1.52803E-02
   830.00000  2.58719E+00  0.00000E+00  0.00000E+00  0.00000E+00  0.00000E+00  0.00000E+00  3.91028E-02  2.15023E+00  1.31382E-01  6.23385E-03  2.44995E-01  1.52503E-02
   831.00000  2.58067E+00  0.00000E+00  0.00000E+00  0.00000E+00  0.00000E+00  0.00000E+00  3.90267E-02  2.14467E+00  1.31140E-01  6.22098E-03  2.44397E-01  1.52204E-02
   832.00000  2.57420E+00  0.00000E+00  0.00000E+00  0.00000E+00  0.00000E+00  0.00000E+00  3.89508E-02  2.13915E+00  1.30898E-01  6.20816E-03  2.43801E-01  1.51905E-02
   833.00000  2.56776E+00  0.00000E+00  0.00000E+00  0.00000E+00  0.00000E+00  0.00000E+00  3.88751E-02  2.13367E+00  1.30658E-01  6.19537E-03  2.43206E-01  1.51608E-02
   834.00000  2.56136E+00  0.00000E+00  0.00000E+00  0.00000E+00  0.00000E+00  0.00000E+00  3.87997E-02  2.12822E+00  1.30417E-01  6.18263E-03  2.42614E-01  1.51311E-02
   835.00000  2.55500E+00  0.00000E+00  0.00000E+00  0.00000E+00  0.00000E+00  0.00000E+00  3.87244E-02  2.12280E+00  1.30178E-01  6.16993E-03  2.42022E-01  1.51015E-02
   836.00000  2.54867E+00  0.00000E+00  0.00000E+00  0.00000E+00  0.00000E+00  0.00000E+00  3.86494E-02  2.11742E+00  1.29938E-01  6.15727E-03  2.41433E-01  1.50720E-02
   837.00000  2.54237E+00  0.00000E+00  0.00000E+00  0.00000E+00  0.00000E+00  0.00000E+00  3.85747E-02  2.11206E+00  1.29700E-01  6.14465E-03  2.40846E-01  1.50426E-02
   838.00000  2.53609E+00  0.00000E+00  0.00000E+00  0.00000E+00  0.00000E+00  0.00000E+00  3.85001E-02  2.10672E+00  1.29462E-01  6.13207E-03  2.40260E-01  1.50133E-02
   839.00000  2.52984E+00  0.00000E+00  0.00000E+00  0.00000E+00  0.00000E+00  0.00000E+00  3.84258E-02  2.10141E+00  1.29225E-01  6.11952E-03  2.39676E-01  1.49841E-02
   840.00000  2.52361E+00  0.00000E+00  0.00000E+00  0.00000E+00  0.00000E+00  0.00000E+00  3.83517E-02  2.09612E+00  1.28988E-01  6.10702E-03  2.39093E-01  1.49549E-02
   841.00000  2.51741E+00  0.00000E+00  0.00000E+00  0.00000E+00  0.00000E+00  0.00000E+00  3.82778E-02  2.09084E+00  1.28752E-01  6.09456E-03  2.38513E-01  1.49258E-02
   842.00000  2.51122E+00  0.00000E+00  0.00000E+00  0.00000E+00  0.00000E+00  0.00000E+00  3.82042E-02  2.08558E+00  1.28516E-01  6.08214E-03  2.37934E-01  1.48968E-02
   843.00000  2.50504E+00  0.00000E+00  0.00000E+00  0.00000E+00  0.00000E+00  0.00000E+00  3.81307E-02  2.08034E+00  1.28282E-01  6.06976E-03  2.37357E-01  1.48680E-02
   844.00000  2.49889E+00  0.00000E+00  0.00000E+00  0.00000E+00  0.00000E+00  0.00000E+00  3.80575E-02  2.07510E+00  1.28047E-01  6.05742E-03  2.36781E-01  1.48391E-02
   845.00000  2.49274E+00  0.00000E+00  0.00000E+00  0.00000E+00  0.00000E+00  0.00000E+00  3.79845E-02  2.06988E+00  1.27814E-01  6.04512E-03  2.36207E-01  1.48104E-02
   846.00000  2.48661E+00  0.00000E+00  0.00000E+00  0.00000E+00  0.00000E+00  0.00000E+00  3.79117E-02  2.06467E+00  1.27580E-01  6.03285E-03  2.35635E-01  1.47818E-02
   847.00000  2.48049E+00  0.00000E+00  0.00000E+00  0.00000E+00  0.00000E+00  0.00000E+00  3.78391E-02  2.05947E+00  1.27348E-01  6.02063E-03  2.35065E-01  1.47532E-02
   848.00000  2.47438E+00  0.00000E+00  0.00000E+00  0.00000E+00  0.00000E+00  0.00000E+00  3.77667E-02  2.05427E+00  1.27116E-01  6.00844E-03  2.34496E-01  1.47247E-02
   849.00000  2.46828E+00  0.00000E+00  0.00000E+00  0.00000E+00  0.00000E+00  0.00000E+00  3.76946E-02  2.04908E+00  1.26884E-01  5.99630E-03  2.33929E-01  1.46963E-02
   850.00000  2.46219E+00  0.00000E+00  0.00000E+00  0.00000E+00  0.00000E+00  0.00000E+00  3.76226E-02  2.04389E+00  1.26654E-01  5.98419E-03  2.33364E-01  1.46680E-02
   851.00000  2.45610E+00  0.00000E+00  0.00000E+00  0.00000E+00  0.00000E+00  0.00000E+00  3.75509E-02  2.03871E+00  1.26423E-01  5.97212E-03  2.32801E-01  1.46398E-02
   852.00000  2.45002E+00  0.00000E+00  0.00000E+00  0.00000E+00  0.00000E+00  0.00000E+00  3.74793E-02  2.03354E+00  1.26194E-01  5.96008E-03  2.32239E-01  1.46117E-02
   853.00000  2.44395E+00  0.00000E+00  0.00000E+00  0.00000E+00  0.00000E+00  0.00000E+00  3.74080E-02  2.02836E+00  1.25964E-01  5.94809E-03  2.31679E-01  1.45836E-02
   854.00000  2.43788E+00  0.00000E+00  0.00000E+00  0.00000E+00  0.00000E+00  0.00000E+00  3.73369E-02  2.02319E+00  1.25736E-01  5.93613E-03  2.31120E-01  1.45556E-02
   855.00000  2.43181E+00  0.00000E+00  0.00000E+00  0.00000E+00  0.00000E+00  0.00000E+00  3.72660E-02  2.01803E+00  1.25508E-01  5.92421E-03  2.30563E-01  1.45277E-02
   856.00000  2.42576E+00  0.00000E+00  0.00000E+00  0.00000E+00  0.00000E+00  0.00000E+00  3.71953E-02  2.01286E+00  1.25280E-01  5.91233E-03  2.30008E-01  1.44999E-02
   857.00000  2.41970E+00  0.00000E+00  0.00000E+00  0.00000E+00  0.00000E+00  0.00000E+00  3.71247E-02  2.00770E+00  1.25054E-01  5.90049E-03  2.29455E-01  1.44721E-02
   858.00000  2.41366E+00  0.00000E+00  0.00000E+00  0.00000E+00  0.00000E+00  0.00000E+00  3.70544E-02  2.00254E+00  1.24827E-01  5.88868E-03  2.28903E-01  1.44445E-02
   859.00000  2.40761E+00  0.00000E+00  0.00000E+00  0.00000E+00  0.00000E+00  0.00000E+00  3.69843E-02  1.99738E+00  1.24601E-01  5.87691E-03  2.28353E-01  1.44169E-02
   860.00000  2.40158E+00  0.00000E+00  0.00000E+00  0.00000E+00  0.00000E+00  0.00000E+00  3.69144E-02  1.99223E+00  1.24376E-01  5.86517E-03  2.27804E-01  1.43894E-02
   861.00000  2.39554E+00  0.00000E+00  0.00000E+00  0.00000E+00  0.00000E+00  0.00000E+00  3.68447E-02  1.98707E+00  1.24151E-01  5.85347E-03  2.27257E-01  1.43620E-02
   862.00000  2.38952E+00  0.00000E+00  0.00000E+00  0.00000E+00  0.00000E+00  0.00000E+00  3.67752E-02  1.98193E+00  1.23927E-01  5.84181E-03  2.26712E-01  1.43346E-02
   863.00000  2.38350E+00  0.00000E+00  0.00000E+00  0.00000E+00  0.00000E+00  0.00000E+00  3.67058E-02  1.97678E+00  1.23704E-01  5.83019E-03  2.26169E-01  1.43074E-02
   864.00000  2.37748E+00  0.00000E+00  0.00000E+00  0.00000E+00  0.00000E+00  0.00000E+00  3.66367E-02  1.97164E+00  1.23481E-01  5.81860E-03  2.25627E-01  1.42802E-02
   865.00000  2.37148E+00  0.00000E+00  0.00000E+00  0.00000E+00  0.00000E+00  0.00000E+00  3.65678E-02  1.96650E+00  1.23258E-01  5.80704E-03  2.25086E-01  1.42531E-02
   866.00000  2.36548E+00  0.00000E+00  0.00000E+00  0.00000E+00  0.00000E+00  0.00000E+00  3.64990E-02  1.96137E+00  1.23036E-01  5.79553E-03  2.24548E-01  1.42261E-02
   867.00000  2.35949E+00  0.00000E+00  0.00000E+00  0.00000E+00  0.00000E+00  0.00000E+00  3.64305E-02  1.95625E+00  1.22815E-01  5.78404E-03  2.24011E-01  1.41991E-02
   868.00000  2.35350E+00  0.00000E+00  0.00000E+00  0.00000E+00  0.00000E+00  0.00000E+00  3.63621E-02  1.95113E+00  1.22594E-01  5.77260E-03  2.23475E-01  1.41722E-02
   869.00000  2.34753E+00  0.00000E+00  0.00000E+00  0.00000E+00  0.00000E+00  0.00000E+00  3.62940E-02  1.94602E+00  1.22373E-01  5.76118E-03  2.22941E-01  1.41455E-02
   870.00000  2.34157E+00  0.00000E+00  0.00000E+00  0.00000E+00  0.00000E+00  0.00000E+00  3.62260E-02  1.94091E+00  1.22154E-01  5.74981E-03  2.22409E-01  1.41187E-02
   871.00000  2.33562E+00  0.00000E+00  0.00000E+00  0.00000E+00  0.00000E+00  0.00000E+00  3.61582E-02  1.93582E+00  1.21934E-01  5.73846E-03  2.21878E-01  1.40921E-02
   872.00000  2.32968E+00  0.00000E+00  0.00000E+00  0.00000E+00  0.00000E+00  0.00000E+00  3.60906E-02  1.93073E+00  1.21715E-01  5.72716E-03  2.21349E-01  1.40655E-02
   873.00000  2.32375E+00  0.00000E+00  0.00000E+00  0.00000E+00  0.00000E+00  0.00000E+00  3.60232E-02  1.92565E+00  1.21497E-01  5.71588E-03  2.20822E-01  1.40390E-02
   874.00000  2.31783E+00  0.00000E+00  0.00000E+00  0.00000E+00  0.00000E+00  0.00000E+00  3.59559E-02  1.92058E+00  1.21279E-01  5.70465E-03  2.20296E-01  1.40126E-02
   875.00000  2.31193E+00  0.00000E+00  0.00000E+00  0.00000E+00  0.00000E+00  0.00000E+00  3.58889E-02  1.91553E+00  1.21062E-01  5.69344E-03  2.19772E-01  1.39863E-02
   876.00000  2.30604E+00  0.00000E+00  0.00000E+00  0.00000E+00  0.00000E+00  0.00000E+00  3.58220E-02  1.91048E+00  1.20845E-01  5.68227E-03  2.19249E-01  1.39600E-02
   877.00000  2.30017E+00  0.00000E+00  0.00000E+00  0.00000E+00  0.00000E+00  0.00000E+00  3.57553E-02  1.90545E+00  1.20629E-01  5.67113E-03  2.18728E-01  1.39338E-02
   878.00000  2.29431E+00  0.00000E+00  0.00000E+00  0.00000E+00  0.00000E+00  0.00000E+00  3.56888E-02  1.90043E+00  1.20414E-01  5.66003E-03  2.18209E-01  1.39077E-02
   879.00000  2.28847E+00  0.00000E+00  0.00000E+00  0.00000E+00  0.00000E+00  0.00000E+00  3.56225E-02  1.89543E+00  1.20198E-01  5.64896E-03  2.17691E-01  1.38817E-02
   880.00000  2.28265E+00  0.00000E+00  0.00000E+00  0.00000E+00  0.00000E+00  0.00000E+00  3.55564E-02  1.89044E+00  1.19984E-01  5.63793E-03  2.17174E-01  1.38557E-02
   881.00000  2.27684E+00  0.00000E+00  0.00000E+00  0.00000E+00  0.00000E+00  0.00000E+00  3.54904E-02  1.88547E+00  1.19770E-01  5.62692E-03  2.16660E-01  1.38298E-02
   882.00000  2.27105E+00  0.00000E+00  0.00000E+00  0.00000E+00  0.00000E+00  0.00000E+00  3.54246E-02  1.88051E+00  1.19556E-01  5.61595E-03  2.16146E-01  1.38040E-02
   883.00000  2.26529E+00  0.00000E+00  0.00000E+00  0.00000E+00  0.00000E+00  0.00000E+00  3.53590E-02  1.87557E+00  1.19343E-01  5.60502E-03  2.15635E-01  1.37783E-02
   884.00000  2.25954E+00  0.00000E+00  0.00000E+00  0.00000E+00  0.00000E+00  0.00000E+00  3.52936E-02  1.87064E+00  1.19130E-01  5.59411E-03  2.15124E-01  1.37526E-02
   885.00000  2.25381E+00  0.00000E+00  0.00000E+00  0.00000E+00  0.00000E+00  0.00000E+00  3.52283E-02  1.86574E+00  1.18918E-01  5.58324E-03  2.14616E-01  1.37270E-02
   886.00000  2.24810E+00  0.00000E+00  0.00000E+00  0.00000E+00  0.00000E+00  0.00000E+00  3.51633E-02  1.86085E+00  1.18706E-01  5.57240E-03  2.14109E-01  1.37014E-02
   887.00000  2.24241E+00  0.00000E+00  0.00000E+00  0.00000E+00  0.00000E+00  0.00000E+00  3.50984E-02  1.85598E+00  1.18495E-01  5.56159E-03  2.13603E-01  1.36760E-02
   888.00000  2.23675E+00  0.00000E+00  0.00000E+00  0.00000E+00  0.00000E+00  0.00000E+00  3.50336E-02  1.85113E+00  1.18285E-01  5.55082E-03  2.13099E-01  1.36506E-02
   889.00000  2.23111E+00  0.00000E+00  0.00000E+00  0.00000E+00  0.00000E+00  0.00000E+00  3.49691E-02  1.84630E+00  1.18075E-01  5.54008E-03  2.12597E-01  1.36252E-02
   890.00000  2.22548E+00  0.00000E+00  0.00000E+00  0.00000E+00  0.00000E+00  0.00000E+00  3.49047E-02  1.84149E+00  1.17865E-01  5.52936E-03  2.12096E-01  1.36000E-02
   891.00000  2.21989E+00  0.00000E+00  0.00000E+00  0.00000E+00  0.00000E+00  0.00000E+00  3.48405E-02  1.83670E+00  1.17656E-01  5.51868E-03  2.11596E-01  1.35748E-02
   892.00000  2.21431E+00  0.00000E+00  0.00000E+00  0.00000E+00  0.00000E+00  0.00000E+00  3.47764E-02  1.83193E+00  1.17447E-01  5.50804E-03  2.11098E-01  1.35497E-02
   893.00000  2.20876E+00  0.00000E+00  0.00000E+00  0.00000E+00  0.00000E+00  0.00000E+00  3.47125E-02  1.82718E+00  1.17239E-01  5.49742E-03  2.10602E-01  1.35246E-02
   894.00000  2.20323E+00  0.00000E+00  0.00000E+00  0.00000E+00  0.00000E+00  0.00000E+00  3.46488E-02  1.82246E+00  1.17032E-01  5.48683E-03  2.10107E-01  1.34996E-02
   895.00000  2.19773E+00  0.00000E+00  0.00000E+00  0.00000E+00  0.00000E+00  0.00000E+00  3.45853E-02  1.81776E+00  1.16824E-01  5.47628E-03  2.09613E-01  1.34747E-02
   896.00000  2.19225E+00  0.00000E+00  0.00000E+00  0.00000E+00  0.00000E+00  0.00000E+00  3.45219E-02  1.81307E+00  1.16618E-01  5.46575E-03  2.09121E-01  1.34499E-02
   897.00000  2.18679E+00  0.00000E+00  0.00000E+00  0.00000E+00  0.00000E+00  0.00000E+00  3.44587E-02  1.80841E+00  1.16412E-01  5.45526E-03  2.08631E-01  1.34251E-02
   898.00000  2.18136E+00  0.00000E+00  0.00000E+00  0.00000E+00  0.00000E+00  0.00000E+00  3.43957E-02  1.80378E+00  1.16206E-01  5.44480E-03  2.08142E-01  1.34004E-02
   899.00000  2.17596E+00  0.00000E+00  0.00000E+00  0.00000E+00  0.00000E+00  0.00000E+00  3.43328E-02  1.79916E+00  1.16001E-01  5.43437E-03  2.07654E-01  1.33757E-02
   900.00000  2.17058E+00  0.00000E+00  0.00000E+00  0.00000E+00  0.00000E+00  0.00000E+00  3.42701E-02  1.79457E+00  1.15796E-01  5.42396E-03  2.07168E-01  1.33511E-02
   901.00000  2.16522E+00  0.00000E+00  0.00000E+00  0.00000E+00  0.00000E+00  0.00000E+00  3.42075E-02  1.79000E+00  1.15592E-01  5.41359E-03  2.06684E-01  1.33266E-02
   902.00000  2.15989E+00  0.00000E+00  0.00000E+00  0.00000E+00  0.00000E+00  0.00000E+00  3.41451E-02  1.78545E+00  1.15388E-01  5.40325E-03  2.06201E-01  1.33021E-02
   903.00000  2.15458E+00  0.00000E+00  0.00000E+00  0.00000E+00  0.00000E+00  0.00000E+00  3.40829E-02  1.78092E+00  1.15185E-01  5.39294E-03  2.05719E-01  1.32777E-02
   904.00000  2.14929E+00  0.00000E+00  0.00000E+00  0.00000E+00  0.00000E+00  0.00000E+00  3.40209E-02  1.77642E+00  1.14982E-01  5.38265E-03  2.05239E-01  1.32534E-02
   905.00000  2.14404E+00  0.00000E+00  0.00000E+00  0.00000E+00  0.00000E+00  0.00000E+00  3.39590E-02  1.77193E+00  1.14780E-01  5.37240E-03  2.04760E-01  1.32291E-02
   906.00000  2.13880E+00  0.00000E+00  0.00000E+00  0.00000E+00  0.00000E+00  0.00000E+00  3.38972E-02  1.76747E+00  1.14578E-01  5.36218E-03  2.04283E-01  1.32049E-02
   907.00000  2.13359E+00  0.00000E+00  0.00000E+00  0.00000E+00  0.00000E+00  0.00000E+00  3.38357E-02  1.76304E+00  1.14377E-01  5.35198E-03  2.03807E-01  1.31807E-02
   908.00000  2.12840E+00  0.00000E+00  0.00000E+00  0.00000E+00  0.00000E+00  0.00000E+00  3.37742E-02  1.75862E+00  1.14176E-01  5.34182E-03  2.03332E-01  1.31566E-02
   909.00000  2.12324E+00  0.00000E+00  0.00000E+00  0.00000E+00  0.00000E+00  0.00000E+00  3.37130E-02  1.75422E+00  1.13976E-01  5.33168E-03  2.02859E-01  1.31326E-02
   910.00000  2.11810E+00  0.00000E+00  0.00000E+00  0.00000E+00  0.00000E+00  0.00000E+00  3.36519E-02  1.74985E+00  1.13776E-01  5.32157E-03  2.02388E-01  1.31086E-02
   911.00000  2.11298E+00  0.00000E+00  0.00000E+00  0.00000E+00  0.00000E+00  0.00000E+00  3.35910E-02  1.74550E+00  1.13577E-01  5.31150E-03  2.01917E-01  1.30847E-02
   912.00000  2.10788E+00  0.00000E+00  0.00000E+00  0.00000E+00  0.00000E+00  0.00000E+00  3.35302E-02  1.74116E+00  1.13378E-01  5.30145E-03  2.01448E-01  1.30609E-02
   913.00000  2.10281E+00  0.00000E+00  0.00000E+00  0.00000E+00  0.00000E+00  0.00000E+00  3.34696E-02  1.73685E+00  1.13179E-01  5.29142E-03  2.00981E-01  1.30371E-02
   914.00000  2.09776E+00  0.00000E+00  0.00000E+00  0.00000E+00  0.00000E+00  0.00000E+00  3.34091E-02  1.73256E+00  1.12982E-01  5.28143E-03  2.00515E-01  1.30134E-02
   915.00000  2.09273E+00  0.00000E+00  0.00000E+00  0.00000E+00  0.00000E+00  0.00000E+00  3.33488E-02  1.72829E+00  1.12784E-01  5.27147E-03  2.00050E-01  1.29897E-02
   916.00000  2.08772E+00  0.00000E+00  0.00000E+00  0.00000E+00  0.00000E+00  0.00000E+00  3.32886E-02  1.72403E+00  1.12587E-01  5.26153E-03  1.99587E-01  1.29661E-02
   917.00000  2.08274E+00  0.00000E+00  0.00000E+00  0.00000E+00  0.00000E+00  0.00000E+00  3.32286E-02  1.71980E+00  1.12391E-01  5.25162E-03  1.99125E-01  1.29425E-02
   918.00000  2.07777E+00  0.00000E+00  0.00000E+00  0.00000E+00  0.00000E+00  0.00000E+00  3.31688E-02  1.71558E+00  1.12195E-01  5.24174E-03  1.98665E-01  1.29190E-02
   919.00000  2.07283E+00  0.00000E+00  0.00000E+00  0.00000E+00  0.00000E+00  0.00000E+00  3.31091E-02  1.71139E+00  1.11999E-01  5.23188E-03  1.98206E-01  1.28956E-02
   920.00000  2.06790E+00  0.00000E+00  0.00000E+00  0.00000E+00  0.00000E+00  0.00000E+00  3.30496E-02  1.70721E+00  1.11804E-01  5.22206E-03  1.97748E-01  1.28722E-02
   921.00000  2.06300E+00  0.00000E+00  0.00000E+00  0.00000E+00  0.00000E+00  0.00000E+00  3.29902E-02  1.70304E+00  1.11609E-01  5.21226E-03  1.97292E-01  1.28489E-02
   922.00000  2.05811E+00  0.00000E+00  0.00000E+00  0.00000E+00  0.00000E+00  0.00000E+00  3.29309E-02  1.69890E+00  1.11415E-01  5.20249E-03  1.96837E-01  1.28256E-02
   923.00000  2.05324E+00  0.00000E+00  0.00000E+00  0.00000E+00  0.00000E+00  0.00000E+00  3.28719E-02  1.69477E+00  1.11221E-01  5.19274E-03  1.96383E-01  1.28024E-02
   924.00000  2.55139E+00  0.00000E+00  0.00000E+00  0.00000E+00  0.00000E+00  5.02995E-01  3.28129E-02  1.69066E+00  1.11028E-01  5.18303E-03  1.95931E-01  1.27793E-02
   925.00000  2.60750E+00  0.00000E+00  0.00000E+00  0.00000E+00  0.00000E+00  5.63941E-01  3.27542E-02  1.68656E+00  1.10835E-01  5.17334E-03  1.95480E-01  1.27562E-02
   926.00000  2.61809E+00  0.00000E+00  0.00000E+00  0.00000E+00  0.00000E+00  5.79341E-01  3.26955E-02  1.68248E+00  1.10643E-01  5.16367E-03  1.95030E-01  1.27331E-02
   927.00000  2.60476E+00  0.00000E+00  0.00000E+00  0.00000E+00  0.00000E+00  5.70809E-01  3.26371E-02  1.67841E+00  1.10451E-01  5.15404E-03  1.94582E-01  1.27102E-02
   928.00000  2.58184E+00  0.00000E+00  0.00000E+00  0.00000E+00  0.00000E+00  5.52674E-01  3.25787E-02  1.67436E+00  1.10260E-01  5.14443E-03  1.94135E-01  1.26873E-02
   929.00000  2.55660E+00  0.00000E+00  0.00000E+00  0.00000E+00  0.00000E+00  5.32194E-01  3.25206E-02  1.67032E+00  1.10069E-01  5.13484E-03  1.93689E-01  1.26644E-02
   930.00000  2.53218E+00  0.00000E+00  0.00000E+00  0.00000E+00  0.00000E+00  5.12523E-01  3.24625E-02  1.66630E+00  1.09878E-01  5.12529E-03  1.93244E-01  1.26416E-02
   931.00000  2.50975E+00  0.00000E+00  0.00000E+00  0.00000E+00  0.00000E+00  4.94830E-01  3.24047E-02  1.66229E+00  1.09688E-01  5.11575E-03  1.92801E-01  1.26188E-02
   932.00000  2.48960E+00  0.00000E+00  0.00000E+00  0.00000E+00  0.00000E+00  4.79399E-01  3.23469E-02  1.65829E+00  1.09499E-01  5.10625E-03  1.92360E-01  1.25961E-02
   933.00000  2.47164E+00  0.00000E+00  0.00000E+00  0.00000E+00  0.00000E+00  4.66146E-01  3.22894E-02  1.65431E+00  1.09310E-01  5.09677E-03  1.91919E-01  1.25735E-02
   934.00000  2.45566E+00  0.00000E+00  0.00000E+00  0.00000E+00  0.00000E+00  4.54854E-01  3.22319E-02  1.65033E+00  1.09121E-01  5.08732E-03  1.91480E-01  1.25509E-02
   935.00000  2.44141E+00  0.00000E+00  0.00000E+00  0.00000E+00  0.00000E+00  4.45279E-01  3.21747E-02  1.64637E+00  1.08933E-01  5.07789E-03  1.91042E-01  1.25284E-02
   936.00000  2.42865E+00  0.00000E+00  0.00000E+00  0.00000E+00  0.00000E+00  4.37183E-01  3.21175E-02  1.64242E+00  1.08745E-01  5.06849E-03  1.90606E-01  1.25059E-02
   937.00000  2.41717E+00  0.00000E+00  0.00000E+00  0.00000E+00  0.00000E+00  4.30355E-01  3.20605E-02  1.63849E+00  1.08558E-01  5.05911E-03  1.90170E-01  1.24835E-02
   938.00000  2.40679E+00  0.00000E+00  0.00000E+00  0.00000E+00  0.00000E+00  4.24613E-01  3.20037E-02  1.63456E+00  1.08371E-01  5.04976E-03  1.89736E-01  1.24612E-02
   939.00000  2.39736E+00  0.00000E+00  0.00000E+00  0.00000E+00  0.00000E+00  4.19801E-01  3.19470E-02  1.63064E+00  1.08185E-01  5.04044E-03  1.89303E-01  1.24389E-02
   940.00000  2.38873E+00  0.00000E+00  0.00000E+00  0.00000E+00  0.00000E+00  4.15785E-01  3.18905E-02  1.62673E+00  1.07999E-01  5.03114E-03  1.88872E-01  1.24166E-02
   941.00000  2.38080E+00  0.00000E+00  0.00000E+00  0.00000E+00  0.00000E+00  4.12453E-01  3.18341E-02  1.62284E+00  1.07814E-01  5.02187E-03  1.88442E-01  1.23944E-02
   942.00000  2.37346E+00  0.00000E+00  0.00000E+00  0.00000E+00  0.00000E+00  4.09709E-01  3.17778E-02  1.61895E+00  1.07629E-01  5.01262E-03  1.88013E-01  1.23723E-02
   943.00000  2.36665E+00  0.00000E+00  0.00000E+00  0.00000E+00  0.00000E+00  4.07471E-01  3.17217E-02  1.61507E+00  1.07444E-01  5.00339E-03  1.87585E-01  1.23502E-02
   944.00000  2.36028E+00  0.00000E+00  0.00000E+00  0.00000E+00  0.00000E+00  4.05667E-01  3.16657E-02  1.61120E+00  1.07260E-01  4.99419E-03  1.87158E-01  1.23282E-02
   945.00000  2.35429E+00  0.00000E+00  0.00000E+00  0.00000E+00  0.00000E+00  4.04238E-01  3.16099E-02  1.60734E+00  1.07077E-01  4.98502E-03  1.86733E-01  1.23062E-02
   946.00000  2.34864E+00  0.00000E+00  0.00000E+00  0.00000E+00  0.00000E+00  4.03130E-01  3.15542E-02  1.60349E+00  1.06894E-01  4.97587E-03  1.86309E-01  1.22843E-02
   947.00000  2.34327E+00  0.00000E+00  0.00000E+00  0.00000E+00  0.00000E+00  4.02297E-01  3.14987E-02  1.59965E+00  1.06711E-01  4.96674E-03  1.85886E-01  1.22624E-02
   948.00000  2.33814E+00  0.00000E+00  0.00000E+00  0.00000E+00  0.00000E+00  4.01698E-01  3.14433E-02  1.59581E+00  1.06529E-01  4.95764E-03  1.85465E-01  1.22406E-02
   949.00000  2.33323E+00  0.00000E+00  0.00000E+00  0.00000E+00  0.00000E+00  4.01298E-01  3.13880E-02  1.59198E+00  1.06347E-01  4.94856E-03  1.85044E-01  1.22189E-02
   950.00000  2.32849E+00  0.00000E+00  0.00000E+00  0.00000E+00  0.00000E+00  4.01065E-01  3.13329E-02  1.58816E+00  1.06165E-01  4.93951E-03  1.84625E-01  1.21972E-02
   951.00000  2.32390E+00  0.00000E+00  0.00000E+00  0.00000E+00  0.00000E+00  4.00972E-01  3.12780E-02  1.58435E+00  1.05984E-01  4.93048E-03  1.84207E-01  1.21755E-02
   952.00000  2.31943E+00  0.00000E+00  0.00000E+00  0.00000E+00  0.00000E+00  4.00993E-01  3.12231E-02  1.58055E+00  1.05804E-01  4.92148E-03  1.83790E-01  1.21540E-02
   953.00000  2.31507E+00  0.00000E+00  0.00000E+00  0.00000E+00  0.00000E+00  4.01106E-01  3.11685E-02  1.57675E+00  1.05624E-01  4.91250E-03  1.83375E-01  1.21324E-02
   954.00000  2.31079E+00  0.00000E+00  0.00000E+00  0.00000E+00  0.00000E+00  4.01292E-01  3.11139E-02  1.57296E+00  1.05444E-01  4.90354E-03  1.82960E-01  1.21109E-02
   955.00000  2.30657E+00  0.00000E+00  0.00000E+00  0.00000E+00  0.00000E+00  4.01533E-01  3.10595E-02  1.56918E+00  1.05265E-01  4.89461E-03  1.82547E-01  1.20895E-02
   956.00000  2.30240E+00  0.00000E+00  0.00000E+00  0.00000E+00  0.00000E+00  4.01814E-01  3.10053E-02  1.56540E+00  1.05086E-01  4.88570E-03  1.82135E-01  1.20681E-02
   957.00000  2.29826E+00  0.00000E+00  0.00000E+00  0.00000E+00  0.00000E+00  4.02121E-01  3.09511E-02  1.56163E+00  1.04908E-01  4.87682E-03  1.81724E-01  1.20468E-02
   958.00000  2.29415E+00  0.00000E+00  0.00000E+00  0.00000E+00  0.00000E+00  4.02442E-01  3.08972E-02  1.55787E+00  1.04730E-01  4.86796E-03  1.81315E-01  1.20255E-02
   959.00000  2.29005E+00  0.00000E+00  0.00000E+00  0.00000E+00  0.00000E+00  4.02767E-01  3.08433E-02  1.55412E+00  1.04553E-01  4.85912E-03  1.80906E-01  1.20043E-02
   960.00000  2.28595E+00  0.00000E+00  0.00000E+00  0.00000E+00  0.00000E+00  4.03085E-01  3.07896E-02  1.55037E+00  1.04376E-01  4.85030E-03  1.80499E-01  1.19832E-02
   961.00000  2.28185E+00  0.00000E+00  0.00000E+00  0.00000E+00  0.00000E+00  4.03390E-01  3.07361E-02  1.54663E+00  1.04199E-01  4.84151E-03  1.80093E-01  1.19621E-02
   962.00000  2.27774E+00  0.00000E+00  0.00000E+00  0.00000E+00  0.00000E+00  4.03674E-01  3.06826E-02  1.54290E+00  1.04023E-01  4.83274E-03  1.79687E-01  1.19410E-02
   963.00000  2.27361E+00  0.00000E+00  0.00000E+00  0.00000E+00  0.00000E+00  4.03932E-01  3.06293E-02  1.53917E+00  1.03848E-01  4.82400E-03  1.79284E-01  1.19200E-02
   964.00000  2.26945E+00  0.00000E+00  0.00000E+00  0.00000E+00  0.00000E+00  4.04159E-01  3.05762E-02  1.53545E+00  1.03672E-01  4.81528E-03  1.78881E-01  1.18990E-02
   965.00000  2.26527E+00  0.00000E+00  0.00000E+00  0.00000E+00  0.00000E+00  4.04351E-01  3.05232E-02  1.53174E+00  1.03498E-01  4.80658E-03  1.78479E-01  1.18781E-02
   966.00000  2.26106E+00  0.00000E+00  0.00000E+00  0.00000E+00  0.00000E+00  4.04505E-01  3.04703E-02  1.52803E+00  1.03323E-01  4.79790E-03  1.78079E-01  1.18573E-02
   967.00000  2.25682E+00  0.00000E+00  0.00000E+00  0.00000E+00  0.00000E+00  4.04620E-01  3.04176E-02  1.52433E+00  1.03149E-01  4.78925E-03  1.77679E-01  1.18365E-02
   968.00000  2.25255E+00  0.00000E+00  0.00000E+00  0.00000E+00  0.00000E+00  4.04693E-01  3.03650E-02  1.52064E+00  1.02976E-01  4.78062E-03  1.77281E-01  1.18157E-02
   969.00000  2.24824E+00  0.00000E+00  0.00000E+00  0.00000E+00  0.00000E+00  4.04723E-01  3.03125E-02  1.51695E+00  1.02803E-01  4.77201E-03  1.76884E-01  1.17950E-02
   970.00000  2.24390E+00  0.00000E+00  0.00000E+00  0.00000E+00  0.00000E+00  4.04710E-01  3.02602E-02  1.51328E+00  1.02630E-01  4.76343E-03  1.76488E-01  1.17744E-02
   971.00000  2.23953E+00  0.00000E+00  0.00000E+00  0.00000E+00  0.00000E+00  4.04655E-01  3.02080E-02  1.50961E+00  1.02458E-01  4.75487E-03  1.76093E-01  1.17538E-02
   972.00000  2.23512E+00  0.00000E+00  0.00000E+00  0.00000E+00  0.00000E+00  4.04558E-01  3.01560E-02  1.50594E+00  1.02286E-01  4.74633E-03  1.75700E-01  1.17332E-02
   973.00000  2.23068E+00  0.00000E+00  0.00000E+00  0.00000E+00  0.00000E+00  4.04420E-01  3.01041E-02  1.50229E+00  1.02114E-01  4.73781E-03  1.75307E-01  1.17127E-02
   974.00000  2.22622E+00  0.00000E+00  0.00000E+00  0.00000E+00  0.00000E+00  4.04241E-01  3.00523E-02  1.49864E+00  1.01943E-01  4.72932E-03  1.74915E-01  1.16923E-02
   975.00000  2.22172E+00  0.00000E+00  0.00000E+00  0.00000E+00  0.00000E+00  4.04025E-01  3.00006E-02  1.49500E+00  1.01773E-01  4.72084E-03  1.74525E-01  1.16719E-02
   976.00000  2.21719E+00  0.00000E+00  0.00000E+00  0.00000E+00  0.00000E+00  4.03772E-01  2.99491E-02  1.49137E+00  1.01603E-01  4.71239E-03  1.74135E-01  1.16515E-02
   977.00000  2.21264E+00  0.00000E+00  0.00000E+00  0.00000E+00  0.00000E+00  4.03485E-01  2.98977E-02  1.48775E+00  1.01433E-01  4.70396E-03  1.73747E-01  1.16312E-02
   978.00000  2.20807E+00  0.00000E+00  0.00000E+00  0.00000E+00  0.00000E+00  4.03165E-01  2.98465E-02  1.48413E+00  1.01263E-01  4.69556E-03  1.73360E-01  1.16110E-02
   979.00000  2.20348E+00  0.00000E+00  0.00000E+00  0.00000E+00  0.00000E+00  4.02815E-01  2.97954E-02  1.48052E+00  1.01095E-01  4.68717E-03  1.72974E-01  1.15908E-02
   980.00000  2.19887E+00  0.00000E+00  0.00000E+00  0.00000E+00  0.00000E+00  4.02437E-01  2.97444E-02  1.47692E+00  1.00926E-01  4.67881E-03  1.72589E-01  1.15706E-02
   981.00000  2.19424E+00  0.00000E+00  0.00000E+00  0.00000E+00  0.00000E+00  4.02034E-01  2.96936E-02  1.47333E+00  1.00758E-01  4.67047E-03  1.72205E-01  1.15505E-02
   982.00000  2.18960E+00  0.00000E+00  0.00000E+00  0.00000E+00  0.00000E+00  4.01608E-01  2.96429E-02  1.46975E+00  1.00590E-01  4.66215E-03  1.71822E-01  1.15304E-02
   983.00000  2.18496E+00  0.00000E+00  0.00000E+00  0.00000E+00  0.00000E+00  4.01161E-01  2.95923E-02  1.46618E+00  1.00423E-01  4.65385E-03  1.71440E-01  1.15104E-02
   984.00000  2.18030E+00  0.00000E+00  0.00000E+00  0.00000E+00  0.00000E+00  4.00695E-01  2.95418E-02  1.46261E+00  1.00256E-01  4.64558E-03  1.71059E-01  1.14905E-02
   985.00000  2.17564E+00  0.00000E+00  0.00000E+00  0.00000E+00  0.00000E+00  4.00214E-01  2.94915E-02  1.45905E+00  1.00090E-01  4.63732E-03  1.70679E-01  1.14706E-02
   986.00000  2.17097E+00  0.00000E+00  0.00000E+00  0.00000E+00  0.00000E+00  3.99718E-01  2.94413E-02  1.45551E+00  9.99236E-02  4.62909E-03  1.70301E-01  1.14507E-02
   987.00000  2.16631E+00  0.00000E+00  0.00000E+00  0.00000E+00  0.00000E+00  3.99211E-01  2.93913E-02  1.45197E+00  9.97579E-02  4.62088E-03  1.69923E-01  1.14309E-02
   988.00000  2.16164E+00  0.00000E+00  0.00000E+00  0.00000E+00  0.00000E+00  3.98695E-01  2.93414E-02  1.44844E+00  9.95926E-02  4.61269E-03  1.69546E-01  1.14111E-02
   989.00000  2.15698E+00  0.00000E+00  0.00000E+00  0.00000E+00  0.00000E+00  3.98170E-01  2.92916E-02  1.44492E+00  9.94278E-02  4.60452E-03  1.69171E-01  1.13914E-02
   990.00000  2.15232E+00  0.00000E+00  0.00000E+00  0.00000E+00  0.00000E+00  3.97640E-01  2.92419E-02  1.44141E+00  9.92633E-02  4.59637E-03  1.68796E-01  1.13717E-02
   991.00000  2.14768E+00  0.00000E+00  0.00000E+00  0.00000E+00  0.00000E+00  3.97106E-01  2.91924E-02  1.43792E+00  9.90993E-02  4.58824E-03  1.68423E-01  1.13521E-02
   992.00000  2.14304E+00  0.00000E+00  0.00000E+00  0.00000E+00  0.00000E+00  3.96569E-01  2.91430E-02  1.43443E+00  9.89356E-02  4.58014E-03  1.68050E-01  1.13325E-02
   993.00000  2.13841E+00  0.00000E+00  0.00000E+00  0.00000E+00  0.00000E+00  3.96032E-01  2.90937E-02  1.43095E+00  9.87723E-02  4.57205E-03  1.67679E-01  1.13130E-02
   994.00000  2.13379E+00  0.00000E+00  0.00000E+00  0.00000E+00  0.00000E+00  3.95495E-01  2.90445E-02  1.42748E+00  9.86094E-02  4.56399E-03  1.67308E-01  1.12935E-02
   995.00000  2.12919E+00  0.00000E+00  0.00000E+00  0.00000E+00  0.00000E+00  3.94959E-01  2.89955E-02  1.42402E+00  9.84470E-02  4.55595E-03  1.66939E-01  1.12740E-02
   996.00000  2.12460E+00  0.00000E+00  0.00000E+00  0.00000E+00  0.00000E+00  3.94427E-01  2.89466E-02  1.42057E+00  9.82849E-02  4.54793E-03  1.66570E-01  1.12546E-02
   997.00000  2.12003E+00  0.00000E+00  0.00000E+00  0.00000E+00  0.00000E+00  3.93898E-01  2.88979E-02  1.41713E+00  9.81232E-02  4.53993E-03  1.66203E-01  1.12353E-02
   998.00000  2.11548E+00  0.00000E+00  0.00000E+00  0.00000E+00  0.00000E+00  3.93375E-01  2.88492E-02  1.41370E+00  9.79618E-02  4.53194E-03  1.65837E-01  1.12160E-02
   999.00000  2.11094E+00  0.00000E+00  0.00000E+00  0.00000E+00  0.00000E+00  3.92857E-01  2.88007E-02  1.41029E+00  9.78009E-02  4.52398E-03  1.65471E-01  1.11967E-02
  1000.00000  2.10642E+00  0.00000E+00  0.00000E+00  0.00000E+00  0.00000E+00  3.92345E-01  2.87523E-02  1.40688E+00  9.76404E-02  4.51605E-03  1.65107E-01  1.11775E-02
  1001.00000  2.10192E+00  0.00000E+00  0.00000E+00  0.00000E+00  0.00000E+00  3.91841E-01  2.87041E-02  1.40349E+00  9.74802E-02  4.50813E-03  1.64743E-01  1.11583E-02
  1002.00000  2.09744E+00  0.00000E+00  0.00000E+00  0.00000E+00  0.00000E+00  3.91343E-01  2.86559E-02  1.40010E+00  9.73204E-02  4.50023E-03  1.64381E-01  1.11392E-02
  1003.00000  2.09298E+00  0.00000E+00  0.00000E+00  0.00000E+00  0.00000E+00  3.90854E-01  2.86079E-02  1.39673E+00  9.71610E-02  4.49235E-03  1.64020E-01  1.11201E-02
  1004.00000  2.08855E+00  0.00000E+00  0.00000E+00  0.00000E+00  0.00000E+00  3.90373E-01  2.85601E-02  1.39337E+00  9.70020E-02  4.48449E-03  1.63659E-01  1.11011E-02
  1005.00000  2.08413E+00  0.00000E+00  0.00000E+00  0.00000E+00  0.00000E+00  3.89901E-01  2.85123E-02  1.39002E+00  9.68434E-02  4.47665E-03  1.63300E-01  1.10821E-02
  1006.00000  2.07974E+00  0.00000E+00  0.00000E+00  0.00000E+00  0.00000E+00  3.89437E-01  2.84647E-02  1.38668E+00  9.66851E-02  4.46884E-03  1.62941E-01  1.10631E-02
  1007.00000  2.07536E+00  0.00000E+00  0.00000E+00  0.00000E+00  0.00000E+00  3.88982E-01  2.84171E-02  1.38335E+00  9.65272E-02  4.46104E-03  1.62584E-01  1.10442E-02
  1008.00000  2.07101E+00  0.00000E+00  0.00000E+00  0.00000E+00  0.00000E+00  3.88536E-01  2.83698E-02  1.38003E+00  9.63697E-02  4.45326E-03  1.62227E-01  1.10254E-02
  1009.00000  2.06668E+00  0.00000E+00  0.00000E+00  0.00000E+00  0.00000E+00  3.88098E-01  2.83225E-02  1.37672E+00  9.62125E-02  4.44550E-03  1.61871E-01  1.10066E-02
  1010.00000  2.06237E+00  0.00000E+00  0.00000E+00  0.00000E+00  0.00000E+00  3.87669E-01  2.82754E-02  1.37343E+00  9.60558E-02  4.43777E-03  1.61517E-01  1.09878E-02
  1011.00000  2.05808E+00  0.00000E+00  0.00000E+00  0.00000E+00  0.00000E+00  3.87248E-01  2.82283E-02  1.37014E+00  9.58994E-02  4.43005E-03  1.61163E-01  1.09691E-02
  1012.00000  2.05382E+00  0.00000E+00  0.00000E+00  0.00000E+00  0.00000E+00  3.86835E-01  2.81814E-02  1.36687E+00  9.57433E-02  4.42235E-03  1.60810E-01  1.09504E-02
  1013.00000  2.04957E+00  0.00000E+00  0.00000E+00  0.00000E+00  0.00000E+00  3.86431E-01  2.81347E-02  1.36361E+00  9.55877E-02  4.41467E-03  1.60459E-01  1.09317E-02
  1014.00000  2.04534E+00  0.00000E+00  0.00000E+00  0.00000E+00  0.00000E+00  3.86034E-01  2.80880E-02  1.36036E+00  9.54324E-02  4.40702E-03  1.60108E-01  1.09131E-02
  1015.00000  2.04114E+00  0.00000E+00  0.00000E+00  0.00000E+00  0.00000E+00  3.85644E-01  2.80415E-02  1.35713E+00  9.52774E-02  4.39938E-03  1.59758E-01  1.08946E-02
  1016.00000  2.03695E+00  0.00000E+00  0.00000E+00  0.00000E+00  0.00000E+00  3.85261E-01  2.79950E-02  1.35390E+00  9.51228E-02  4.39176E-03  1.59409E-01  1.08761E-02
  1017.00000  2.03279E+00  0.00000E+00  0.00000E+00  0.00000E+00  0.00000E+00  3.84885E-01  2.79487E-02  1.35068E+00  9.49686E-02  4.38416E-03  1.59061E-01  1.08576E-02
  1018.00000  2.02864E+00  0.00000E+00  0.00000E+00  0.00000E+00  0.00000E+00  3.84515E-01  2.79026E-02  1.34748E+00  9.48148E-02  4.37658E-03  1.58714E-01  1.08392E-02
  1019.00000  2.02451E+00  0.00000E+00  0.00000E+00  0.00000E+00  0.00000E+00  3.84150E-01  2.78565E-02  1.34429E+00  9.46613E-02  4.36902E-03  1.58368E-01  1.08208E-02
  1020.00000  2.02040E+00  0.00000E+00  0.00000E+00  0.00000E+00  0.00000E+00  3.83791E-01  2.78106E-02  1.34111E+00  9.45081E-02  4.36148E-03  1.58023E-01  1.08025E-02
  1021.00000  2.01631E+00  0.00000E+00  0.00000E+00  0.00000E+00  0.00000E+00  3.83437E-01  2.77647E-02  1.33794E+00  9.43553E-02  4.35396E-03  1.57679E-01  1.07842E-02
  1022.00000  2.01224E+00  0.00000E+00  0.00000E+00  0.00000E+00  0.00000E+00  3.83086E-01  2.77190E-02  1.33478E+00  9.42029E-02  4.34645E-03  1.57336E-01  1.07659E-02
  1023.00000  2.00818E+00  0.00000E+00  0.00000E+00  0.00000E+00  0.00000E+00  3.82740E-01  2.76734E-02  1.33163E+00  9.40508E-02  4.33897E-03  1.56993E-01  1.07477E-02
  1024.00000  2.00414E+00  0.00000E+00  0.00000E+00  0.00000E+00  0.00000E+00  3.82397E-01  2.76280E-02  1.32850E+00  9.38991E-02  4.33151E-03  1.56652E-01  1.07295E-02
  1025.00000  2.00011E+00  0.00000E+00  0.00000E+00  0.00000E+00  0.00000E+00  3.82058E-01  2.75826E-02  1.32537E+00  9.37477E-02  4.32406E-03  1.56311E-01  1.07114E-02
  1026.00000  1.99610E+00  0.00000E+00  0.00000E+00  0.00000E+00  0.00000E+00  3.81720E-01  2.75374E-02  1.32226E+00  9.35967E-02  4.31664E-03  1.55972E-01  1.06933E-02
  1027.00000  1.99210E+00  0.00000E+00  0.00000E+00  0.00000E+00  0.00000E+00  3.81385E-01  2.74922E-02  1.31916E+00  9.34460E-02  4.30923E-03  1.55633E-01  1.06752E-02
  1028.00000  1.98811E+00  0.00000E+00  0.00000E+00  0.00000E+00  0.00000E+00  3.81051E-01  2.74472E-02  1.31607E+00  9.32957E-02  4.30184E-03  1.55295E-01  1.06572E-02
  1029.00000  1.98414E+00  0.00000E+00  0.00000E+00  0.00000E+00  0.00000E+00  3.80718E-01  2.74023E-02  1.31299E+00  9.31457E-02  4.29447E-03  1.54959E-01  1.06392E-02
  1030.00000  1.98019E+00  0.00000E+00  0.00000E+00  0.00000E+00  0.00000E+00  3.80386E-01  2.73575E-02  1.30992E+00  9.29960E-02  4.28712E-03  1.54623E-01  1.06213E-02
  1031.00000  1.97624E+00  0.00000E+00  0.00000E+00  0.00000E+00  0.00000E+00  3.80054E-01  2.73129E-02  1.30686E+00  9.28467E-02  4.27979E-03  1.54288E-01  1.06034E-02
  1032.00000  1.97231E+00  0.00000E+00  0.00000E+00  0.00000E+00  0.00000E+00  3.79722E-01  2.72683E-02  1.30381E+00  9.26977E-02  4.27248E-03  1.53953E-01  1.05856E-02
  1033.00000  1.96839E+00  0.00000E+00  0.00000E+00  0.00000E+00  0.00000E+00  3.79389E-01  2.72239E-02  1.30077E+00  9.25491E-02  4.26519E-03  1.53620E-01  1.05678E-02
  1034.00000  1.96448E+00  0.00000E+00  0.00000E+00  0.00000E+00  0.00000E+00  3.79055E-01  2.71795E-02  1.29775E+00  9.24008E-02  4.25791E-03  1.53288E-01  1.05500E-02
  1035.00000  1.96058E+00  0.00000E+00  0.00000E+00  0.00000E+00  0.00000E+00  3.78720E-01  2.71353E-02  1.29473E+00  9.22528E-02  4.25065E-03  1.52957E-01  1.05323E-02
  1036.00000  1.95669E+00  0.00000E+00  0.00000E+00  0.00000E+00  0.00000E+00  3.78384E-01  2.70912E-02  1.29172E+00  9.21052E-02  4.24342E-03  1.52626E-01  1.05146E-02
  1037.00000  1.95281E+00  0.00000E+00  0.00000E+00  0.00000E+00  0.00000E+00  3.78045E-01  2.70472E-02  1.28873E+00  9.19579E-02  4.23620E-03  1.52296E-01  1.04970E-02
  1038.00000  1.94894E+00  0.00000E+00  0.00000E+00  0.00000E+00  0.00000E+00  3.77705E-01  2.70033E-02  1.28574E+00  9.18109E-02  4.22900E-03  1.51968E-01  1.04794E-02
  1039.00000  1.94508E+00  0.00000E+00  0.00000E+00  0.00000E+00  0.00000E+00  3.77361E-01  2.69595E-02  1.28277E+00  9.16643E-02  4.22181E-03  1.51640E-01  1.04618E-02
  1040.00000  1.94122E+00  0.00000E+00  0.00000E+00  0.00000E+00  0.00000E+00  3.77015E-01  2.69159E-02  1.27980E+00  9.15180E-02  4.21465E-03  1.51313E-01  1.04443E-02
  1041.00000  1.93738E+00  0.00000E+00  0.00000E+00  0.00000E+00  0.00000E+00  3.76667E-01  2.68723E-02  1.27685E+00  9.13720E-02  4.20750E-03  1.50987E-01  1.04268E-02
  1042.00000  1.93354E+00  0.00000E+00  0.00000E+00  0.00000E+00  0.00000E+00  3.76314E-01  2.68289E-02  1.27390E+00  9.12263E-02  4.20038E-03  1.50661E-01  1.04094E-02
  1043.00000  1.92971E+00  0.00000E+00  0.00000E+00  0.00000E+00  0.00000E+00  3.75959E-01  2.67855E-02  1.27097E+00  9.10810E-02  4.19327E-03  1.50337E-01  1.03920E-02
  1044.00000  1.92589E+00  0.00000E+00  0.00000E+00  0.00000E+00  0.00000E+00  3.75600E-01  2.67423E-02  1.26804E+00  9.09360E-02  4.18618E-03  1.50014E-01  1.03746E-02
  1045.00000  1.92208E+00  0.00000E+00  0.00000E+00  0.00000E+00  0.00000E+00  3.75237E-01  2.66992E-02  1.26512E+00  9.07913E-02  4.17910E-03  1.49691E-01  1.03573E-02
  1046.00000  1.91827E+00  0.00000E+00  0.00000E+00  0.00000E+00  0.00000E+00  3.74871E-01  2.66562E-02  1.26222E+00  9.06470E-02  4.17205E-03  1.49369E-01  1.03401E-02
  1047.00000  1.98724E+00  0.00000E+00  0.00000E+00  0.00000E+00  7.27708E-02  3.74501E-01  2.66132E-02  1.25932E+00  9.05029E-02  4.16501E-03  1.49048E-01  1.03228E-02
  1048.00000  1.98532E+00  0.00000E+00  0.00000E+00  0.00000E+00  7.46424E-02  3.74127E-01  2.65704E-02  1.25643E+00  9.03592E-02  4.15799E-03  1.48728E-01  1.03056E-02
  1049.00000  1.98313E+00  0.00000E+00  0.00000E+00  0.00000E+00  7.62365E-02  3.73749E-01  2.65277E-02  1.25355E+00  9.02158E-02  4.15099E-03  1.48409E-01  1.02885E-02
  1050.00000  1.98073E+00  0.00000E+00  0.00000E+00  0.00000E+00  7.76231E-02  3.73366E-01  2.64851E-02  1.25068E+00  9.00727E-02  4.14401E-03  1.48091E-01  1.02714E-02
  1051.00000  1.97818E+00  0.00000E+00  0.00000E+00  0.00000E+00  7.88489E-02  3.72980E-01  2.64426E-02  1.24781E+00  8.99299E-02  4.13704E-03  1.47774E-01  1.02543E-02
  1052.00000  1.97551E+00  0.00000E+00  0.00000E+00  0.00000E+00  7.99478E-02  3.72590E-01  2.64003E-02  1.24496E+00  8.97875E-02  4.13009E-03  1.47457E-01  1.02373E-02
  1053.00000  1.97274E+00  0.00000E+00  0.00000E+00  0.00000E+00  8.09431E-02  3.72196E-01  2.63580E-02  1.24212E+00  8.96453E-02  4.12316E-03  1.47141E-01  1.02203E-02
  1054.00000  1.96989E+00  0.00000E+00  0.00000E+00  0.00000E+00  8.18506E-02  3.71798E-01  2.63158E-02  1.23928E+00  8.95035E-02  4.11625E-03  1.46826E-01  1.02034E-02
  1055.00000  1.96697E+00  0.00000E+00  0.00000E+00  0.00000E+00  8.26815E-02  3.71396E-01  2.62737E-02  1.23645E+00  8.93620E-02  4.10935E-03  1.46512E-01  1.01865E-02
  1056.00000  1.96399E+00  0.00000E+00  0.00000E+00  0.00000E+00  8.34436E-02  3.70990E-01  2.62317E-02  1.23363E+00  8.92208E-02  4.10248E-03  1.46199E-01  1.01696E-02
  1057.00000  1.96095E+00  0.00000E+00  0.00000E+00  0.00000E+00  8.41426E-02  3.70580E-01  2.61899E-02  1.23082E+00  8.90799E-02  4.09562E-03  1.45887E-01  1.01528E-02
  1058.00000  1.95785E+00  0.00000E+00  0.00000E+00  0.00000E+00  8.47825E-02  3.70167E-01  2.61481E-02  1.22802E+00  8.89393E-02  4.08877E-03  1.45576E-01  1.01360E-02
  1059.00000  1.95471E+00  0.00000E+00  0.00000E+00  0.00000E+00  8.53664E-02  3.69750E-01  2.61064E-02  1.22522E+00  8.87990E-02  4.08195E-03  1.45265E-01  1.01193E-02
  1060.00000  1.95152E+00  0.00000E+00  0.00000E+00  0.00000E+00  8.58969E-02  3.69330E-01  2.60649E-02  1.22244E+00  8.86590E-02  4.07514E-03  1.44955E-01  1.01026E-02
  1061.00000  1.94828E+00  0.00000E+00  0.00000E+00  0.00000E+00  8.63760E-02  3.68906E-01  2.60234E-02  1.21966E+00  8.85193E-02  4.06835E-03  1.44646E-01  1.00859E-02
  1062.00000  1.94500E+00  0.00000E+00  0.00000E+00  0.00000E+00  8.68056E-02  3.68479E-01  2.59820E-02  1.21688E+00  8.83799E-02  4.06158E-03  1.44338E-01  1.00693E-02
  1063.00000  1.94168E+00  0.00000E+00  0.00000E+00  0.00000E+00  8.71875E-02  3.68050E-01  2.59408E-02  1.21412E+00  8.82408E-02  4.05482E-03  1.44031E-01  1.00527E-02
  1064.00000  1.93831E+00  0.00000E+00  0.00000E+00  0.00000E+00  8.75235E-02  3.67617E-01  2.58996E-02  1.21136E+00  8.81020E-02  4.04808E-03  1.43724E-01  1.00362E-02
  1065.00000  1.93491E+00  0.00000E+00  0.00000E+00  0.00000E+00  8.78153E-02  3.67182E-01  2.58585E-02  1.20861E+00  8.79635E-02  4.04136E-03  1.43419E-01  1.00197E-02
  1066.00000  1.93148E+00  0.00000E+00  0.00000E+00  0.00000E+00  8.80647E-02  3.66744E-01  2.58176E-02  1.20587E+00  8.78253E-02  4.03465E-03  1.43114E-01  1.00033E-02
  1067.00000  1.92800E+00  0.00000E+00  0.00000E+00  0.00000E+00  8.82738E-02  3.66304E-01  2.57767E-02  1.20314E+00  8.76875E-02  4.02797E-03  1.42810E-01  9.98685E-03
  1068.00000  1.92450E+00  0.00000E+00  0.00000E+00  0.00000E+00  8.84445E-02  3.65862E-01  2.57359E-02  1.20041E+00  8.75499E-02  4.02129E-03  1.42507E-01  9.97048E-03
  1069.00000  1.92097E+00  0.00000E+00  0.00000E+00  0.00000E+00  8.85788E-02  3.65417E-01  2.56952E-02  1.19769E+00  8.74126E-02  4.01464E-03  1.42204E-01  9.95415E-03
  1070.00000  1.91741E+00  0.00000E+00  0.00000E+00  0.00000E+00  8.86788E-02  3.64971E-01  2.56547E-02  1.19498E+00  8.72755E-02  4.00800E-03  1.41903E-01  9.93786E-03
  1071.00000  1.91382E+00  0.00000E+00  0.00000E+00  0.00000E+00  8.87466E-02  3.64524E-01  2.56142E-02  1.19227E+00  8.71388E-02  4.00138E-03  1.41602E-01  9.92161E-03
  1072.00000  1.91021E+00  0.00000E+00  0.00000E+00  0.00000E+00  8.87844E-02  3.64075E-01  2.55738E-02  1.18957E+00  8.70024E-02  3.99478E-03  1.41302E-01  9.90540E-03
  1073.00000  1.90658E+00  0.00000E+00  0.00000E+00  0.00000E+00  8.87943E-02  3.63624E-01  2.55335E-02  1.18688E+00  8.68663E-02  3.98819E-03  1.41003E-01  9.88923E-03
  1074.00000  1.90293E+00  0.00000E+00  0.00000E+00  0.00000E+00  8.87786E-02  3.63173E-01  2.54933E-02  1.18419E+00  8.67304E-02  3.98162E-03  1.40705E-01  9.87310E-03
  1075.00000  1.89926E+00  0.00000E+00  0.00000E+00  0.00000E+00  8.87392E-02  3.62720E-01  2.54532E-02  1.18152E+00  8.65949E-02  3.97507E-03  1.40407E-01  9.85700E-03
  1076.00000  1.89558E+00  0.00000E+00  0.00000E+00  0.00000E+00  8.86784E-02  3.62267E-01  2.54132E-02  1.17884E+00  8.64596E-02  3.96853E-03  1.40111E-01  9.84095E-03
  1077.00000  1.89189E+00  0.00000E+00  0.00000E+00  0.00000E+00  8.85981E-02  3.61814E-01  2.53733E-02  1.17618E+00  8.63247E-02  3.96201E-03  1.39815E-01  9.82494E-03
  1078.00000  1.88819E+00  0.00000E+00  0.00000E+00  0.00000E+00  8.85003E-02  3.61360E-01  2.53334E-02  1.17352E+00  8.61900E-02  3.95550E-03  1.39520E-01  9.80896E-03
  1079.00000  1.88448E+00  0.00000E+00  0.00000E+00  0.00000E+00  8.83870E-02  3.60906E-01  2.52937E-02  1.17087E+00  8.60556E-02  3.94901E-03  1.39225E-01  9.79302E-03
  1080.00000  1.88076E+00  0.00000E+00  0.00000E+00  0.00000E+00  8.82599E-02  3.60452E-01  2.52541E-02  1.16822E+00  8.59214E-02  3.94254E-03  1.38932E-01  9.77713E-03
  1081.00000  1.87704E+00  0.00000E+00  0.00000E+00  0.00000E+00  8.81207E-02  3.59998E-01  2.52145E-02  1.16558E+00  8.57876E-02  3.93608E-03  1.38639E-01  9.76127E-03
  1082.00000  1.87331E+00  0.00000E+00  0.00000E+00  0.00000E+00  8.79712E-02  3.59544E-01  2.51751E-02  1.16295E+00  8.56540E-02  3.92964E-03  1.38347E-01  9.74545E-03
  1083.00000  1.86959E+00  0.00000E+00  0.00000E+00  0.00000E+00  8.78129E-02  3.59090E-01  2.51357E-02  1.16032E+00  8.55208E-02  3.92322E-03  1.38056E-01  9.72966E-03
  1084.00000  1.86587E+00  0.00000E+00  0.00000E+00  0.00000E+00  8.76471E-02  3.58638E-01  2.50964E-02  1.15770E+00  8.53878E-02  3.91681E-03  1.37766E-01  9.71392E-03
  1085.00000  1.86214E+00  0.00000E+00  0.00000E+00  0.00000E+00  8.74754E-02  3.58186E-01  2.50573E-02  1.15508E+00  8.52551E-02  3.91042E-03  1.37476E-01  9.69821E-03
  1086.00000  1.85842E+00  0.00000E+00  0.00000E+00  0.00000E+00  8.72989E-02  3.57734E-01  2.50182E-02  1.15248E+00  8.51226E-02  3.90404E-03  1.37187E-01  9.68254E-03
  1087.00000  1.85471E+00  0.00000E+00  0.00000E+00  0.00000E+00  8.71188E-02  3.57284E-01  2.49792E-02  1.14987E+00  8.49905E-02  3.89768E-03  1.36900E-01  9.66690E-03
  1088.00000  1.85100E+00  0.00000E+00  0.00000E+00  0.00000E+00  8.69361E-02  3.56835E-01  2.49403E-02  1.14728E+00  8.48586E-02  3.89134E-03  1.36612E-01  9.65131E-03
  1089.00000  1.84730E+00  0.00000E+00  0.00000E+00  0.00000E+00  8.67519E-02  3.56387E-01  2.49014E-02  1.14469E+00  8.47270E-02  3.88501E-03  1.36326E-01  9.63575E-03
  1090.00000  1.84361E+00  0.00000E+00  0.00000E+00  0.00000E+00  8.65670E-02  3.55940E-01  2.48627E-02  1.14210E+00  8.45957E-02  3.87870E-03  1.36040E-01  9.62023E-03
  1091.00000  1.83993E+00  0.00000E+00  0.00000E+00  0.00000E+00  8.63822E-02  3.55495E-01  2.48241E-02  1.13953E+00  8.44646E-02  3.87240E-03  1.35755E-01  9.60474E-03
  1092.00000  1.83625E+00  0.00000E+00  0.00000E+00  0.00000E+00  8.61983E-02  3.55051E-01  2.47855E-02  1.13696E+00  8.43339E-02  3.86612E-03  1.35471E-01  9.58929E-03
  1093.00000  1.83259E+00  0.00000E+00  0.00000E+00  0.00000E+00  8.60158E-02  3.54609E-01  2.47471E-02  1.13439E+00  8.42034E-02  3.85985E-03  1.35188E-01  9.57388E-03
  1094.00000  1.82893E+00  0.00000E+00  0.00000E+00  0.00000E+00  8.58354E-02  3.54169E-01  2.47087E-02  1.13183E+00  8.40732E-02  3.85360E-03  1.34905E-01  9.55850E-03
  1095.00000  1.82529E+00  0.00000E+00  0.00000E+00  0.00000E+00  8.56575E-02  3.53730E-01  2.46704E-02  1.12928E+00  8.39432E-02  3.84737E-03  1.34623E-01  9.54316E-03
  1096.00000  1.82166E+00  0.00000E+00  0.00000E+00  0.00000E+00  8.54825E-02  3.53292E-01  2.46322E-02  1.12673E+00  8.38135E-02  3.84115E-03  1.34342E-01  9.52785E-03
  1097.00000  1.81804E+00  0.00000E+00  0.00000E+00  0.00000E+00  8.53109E-02  3.52857E-01  2.45941E-02  1.12419E+00  8.36841E-02  3.83494E-03  1.34062E-01  9.51258E-03
  1098.00000  1.81444E+00  0.00000E+00  0.00000E+00  0.00000E+00  8.51429E-02  3.52424E-01  2.45560E-02  1.12165E+00  8.35550E-02  3.82876E-03  1.33782E-01  9.49734E-03
  1099.00000  1.81085E+00  0.00000E+00  0.00000E+00  0.00000E+00  8.49787E-02  3.51992E-01  2.45181E-02  1.11912E+00  8.34261E-02  3.82258E-03  1.33504E-01  9.48214E-03
  1100.00000  1.80727E+00  0.00000E+00  0.00000E+00  0.00000E+00  8.48187E-02  3.51562E-01  2.44802E-02  1.11660E+00  8.32975E-02  3.81642E-03  1.33226E-01  9.46698E-03
  1101.00000  1.80370E+00  0.00000E+00  0.00000E+00  0.00000E+00  8.46628E-02  3.51135E-01  2.44425E-02  1.11408E+00  8.31692E-02  3.81028E-03  1.32948E-01  9.45185E-03
  1102.00000  1.80015E+00  0.00000E+00  0.00000E+00  0.00000E+00  8.45113E-02  3.50709E-01  2.44048E-02  1.11157E+00  8.30411E-02  3.80415E-03  1.32672E-01  9.43675E-03
  1103.00000  1.79661E+00  0.00000E+00  0.00000E+00  0.00000E+00  8.43642E-02  3.50285E-01  2.43672E-02  1.10907E+00  8.29133E-02  3.79804E-03  1.32396E-01  9.42169E-03
  1104.00000  1.79309E+00  0.00000E+00  0.00000E+00  0.00000E+00  8.42215E-02  3.49864E-01  2.43297E-02  1.10657E+00  8.27858E-02  3.79194E-03  1.32121E-01  9.40666E-03
  1105.00000  1.78957E+00  0.00000E+00  0.00000E+00  0.00000E+00  8.40833E-02  3.49444E-01  2.42922E-02  1.10407E+00  8.26586E-02  3.78586E-03  1.31847E-01  9.39167E-03
  1106.00000  1.78608E+00  0.00000E+00  0.00000E+00  0.00000E+00  8.39494E-02  3.49026E-01  2.42549E-02  1.10158E+00  8.25316E-02  3.77979E-03  1.31573E-01  9.37671E-03
  1107.00000  1.78259E+00  0.00000E+00  0.00000E+00  0.00000E+00  8.38200E-02  3.48610E-01  2.42176E-02  1.09910E+00  8.24048E-02  3.77374E-03  1.31300E-01  9.36178E-03
  1108.00000  1.77912E+00  0.00000E+00  0.00000E+00  0.00000E+00  8.36948E-02  3.48196E-01  2.41804E-02  1.09663E+00  8.22784E-02  3.76770E-03  1.31028E-01  9.34689E-03
  1109.00000  1.77566E+00  0.00000E+00  0.00000E+00  0.00000E+00  8.35738E-02  3.47785E-01  2.41433E-02  1.09416E+00  8.21522E-02  3.76167E-03  1.30757E-01  9.33203E-03
  1110.00000  1.77222E+00  0.00000E+00  0.00000E+00  0.00000E+00  8.34569E-02  3.47375E-01  2.41063E-02  1.09170E+00  8.20262E-02  3.75567E-03  1.30486E-01  9.31721E-03
  1111.00000  1.76879E+00  0.00000E+00  0.00000E+00  0.00000E+00  8.33439E-02  3.46967E-01  2.40694E-02  1.08924E+00  8.19005E-02  3.74967E-03  1.30216E-01  9.30242E-03
  1112.00000  1.76537E+00  0.00000E+00  0.00000E+00  0.00000E+00  8.32346E-02  3.46560E-01  2.40325E-02  1.08679E+00  8.17751E-02  3.74369E-03  1.29947E-01  9.28766E-03
  1113.00000  1.76196E+00  0.00000E+00  0.00000E+00  0.00000E+00  8.31291E-02  3.46156E-01  2.39957E-02  1.08434E+00  8.16500E-02  3.73772E-03  1.29678E-01  9.27293E-03
  1114.00000  1.75857E+00  0.00000E+00  0.00000E+00  0.00000E+00  8.30269E-02  3.45754E-01  2.39591E-02  1.08190E+00  8.15251E-02  3.73177E-03  1.29411E-01  9.25824E-03
  1115.00000  1.75519E+00  0.00000E+00  0.00000E+00  0.00000E+00  8.29280E-02  3.45353E-01  2.39225E-02  1.07947E+00  8.14004E-02  3.72584E-03  1.29144E-01  9.24358E-03
  1116.00000  1.75182E+00  0.00000E+00  0.00000E+00  0.00000E+00  8.28322E-02  3.44954E-01  2.38859E-02  1.07705E+00  8.12761E-02  3.71991E-03  1.28877E-01  9.22895E-03
  1117.00000  1.74846E+00  0.00000E+00  0.00000E+00  0.00000E+00  8.27394E-02  3.44556E-01  2.38495E-02  1.07463E+00  8.11520E-02  3.71401E-03  1.28612E-01  9.21436E-03
  1118.00000  1.74512E+00  0.00000E+00  0.00000E+00  0.00000E+00  8.26492E-02  3.44160E-01  2.38131E-02  1.07221E+00  8.10281E-02  3.70811E-03  1.28347E-01  9.19980E-03
  1119.00000  1.74178E+00  0.00000E+00  0.00000E+00  0.00000E+00  8.25615E-02  3.43766E-01  2.37768E-02  1.06980E+00  8.09045E-02  3.70223E-03  1.28082E-01  9.18527E-03
  1120.00000  1.73846E+00  0.00000E+00  0.00000E+00  0.00000E+00  8.24761E-02  3.43373E-01  2.37406E-02  1.06740E+00  8.07812E-02  3.69637E-03  1.27819E-01  9.17077E-03
  1121.00000  1.73515E+00  0.00000E+00  0.00000E+00  0.00000E+00  8.23928E-02  3.42981E-01  2.37045E-02  1.06501E+00  8.06581E-02  3.69051E-03  1.27556E-01  9.15630E-03
  1122.00000  1.73185E+00  0.00000E+00  0.00000E+00  0.00000E+00  8.23114E-02  3.42591E-01  2.36684E-02  1.06262E+00  8.05353E-02  3.68468E-03  1.27294E-01  9.14187E-03
  1123.00000  1.72855E+00  0.00000E+00  0.00000E+00  0.00000E+00  8.22317E-02  3.42202E-01  2.36325E-02  1.06024E+00  8.04127E-02  3.67885E-03  1.27033E-01  9.12747E-03
  1124.00000  1.72527E+00  0.00000E+00  0.00000E+00  0.00000E+00  8.21535E-02  3.41815E-01  2.35966E-02  1.05786E+00  8.02904E-02  3.67304E-03  1.26772E-01  9.11310E-03
  1125.00000  1.72200E+00  0.00000E+00  0.00000E+00  0.00000E+00  8.20766E-02  3.41428E-01  2.35608E-02  1.05549E+00  8.01683E-02  3.66725E-03  1.26512E-01  9.09876E-03
  1126.00000  1.71874E+00  0.00000E+00  0.00000E+00  0.00000E+00  8.20009E-02  3.41043E-01  2.35250E-02  1.05313E+00  8.00465E-02  3.66147E-03  1.26253E-01  9.08445E-03
  1127.00000  1.71549E+00  0.00000E+00  0.00000E+00  0.00000E+00  8.19261E-02  3.40658E-01  2.34894E-02  1.05077E+00  7.99250E-02  3.65570E-03  1.25994E-01  9.07017E-03
  1128.00000  1.71224E+00  0.00000E+00  0.00000E+00  0.00000E+00  8.18521E-02  3.40275E-01  2.34538E-02  1.04842E+00  7.98037E-02  3.64994E-03  1.25736E-01  9.05593E-03
  1129.00000  1.70901E+00  0.00000E+00  0.00000E+00  0.00000E+00  8.17788E-02  3.39893E-01  2.34183E-02  1.04607E+00  7.96826E-02  3.64420E-03  1.25479E-01  9.04171E-03
  1130.00000  1.70578E+00  0.00000E+00  0.00000E+00  0.00000E+00  8.17059E-02  3.39511E-01  2.33829E-02  1.04373E+00  7.95618E-02  3.63847E-03  1.25222E-01  9.02753E-03
  1131.00000  1.70257E+00  0.00000E+00  0.00000E+00  0.00000E+00  8.16332E-02  3.39130E-01  2.33476E-02  1.04140E+00  7.94413E-02  3.63276E-03  1.24967E-01  9.01338E-03
  1132.00000  1.69936E+00  0.00000E+00  0.00000E+00  0.00000E+00  8.15608E-02  3.38750E-01  2.33123E-02  1.03908E+00  7.93210E-02  3.62706E-03  1.24711E-01  8.99926E-03
  1133.00000  1.69616E+00  0.00000E+00  0.00000E+00  0.00000E+00  8.14883E-02  3.38371E-01  2.32771E-02  1.03676E+00  7.92010E-02  3.62137E-03  1.24457E-01  8.98517E-03
  1134.00000  1.69297E+00  0.00000E+00  0.00000E+00  0.00000E+00  8.14157E-02  3.37992E-01  2.32420E-02  1.03445E+00  7.90812E-02  3.61570E-03  1.24203E-01  8.97110E-03
  1135.00000  1.68978E+00  0.00000E+00  0.00000E+00  0.00000E+00  8.13429E-02  3.37613E-01  2.32070E-02  1.03214E+00  7.89617E-02  3.61004E-03  1.23950E-01  8.95707E-03
  1136.00000  1.68661E+00  0.00000E+00  0.00000E+00  0.00000E+00  8.12697E-02  3.37236E-01  2.31720E-02  1.02984E+00  7.88424E-02  3.60439E-03  1.23697E-01  8.94307E-03
  1137.00000  1.68344E+00  0.00000E+00  0.00000E+00  0.00000E+00  8.11961E-02  3.36858E-01  2.31371E-02  1.02755E+00  7.87233E-02  3.59876E-03  1.23446E-01  8.92910E-03
  1138.00000  1.68028E+00  0.00000E+00  0.00000E+00  0.00000E+00  8.11218E-02  3.36481E-01  2.31023E-02  1.02526E+00  7.86045E-02  3.59314E-03  1.23194E-01  8.91516E-03
  1139.00000  1.67712E+00  0.00000E+00  0.00000E+00  0.00000E+00  8.10470E-02  3.36104E-01  2.30676E-02  1.02298E+00  7.84860E-02  3.58753E-03  1.22944E-01  8.90125E-03
  1140.00000  1.67397E+00  0.00000E+00  0.00000E+00  0.00000E+00  8.09714E-02  3.35727E-01  2.30329E-02  1.02071E+00  7.83677E-02  3.58194E-03  1.22694E-01  8.88737E-03
  1141.00000  1.67083E+00  0.00000E+00  0.00000E+00  0.00000E+00  8.08950E-02  3.35351E-01  2.29984E-02  1.01844E+00  7.82497E-02  3.57636E-03  1.22445E-01  8.87352E-03
  1142.00000  1.66770E+00  0.00000E+00  0.00000E+00  0.00000E+00  8.08177E-02  3.34975E-01  2.29638E-02  1.01618E+00  7.81319E-02  3.57079E-03  1.22196E-01  8.85970E-03
  1143.00000  1.66457E+00  0.00000E+00  0.00000E+00  0.00000E+00  8.07395E-02  3.34599E-01  2.29294E-02  1.01393E+00  7.80143E-02  3.56524E-03  1.21948E-01  8.84591E-03
  1144.00000  1.66145E+00  0.00000E+00  0.00000E+00  0.00000E+00  8.06603E-02  3.34223E-01  2.28951E-02  1.01168E+00  7.78970E-02  3.55969E-03  1.21701E-01  8.83215E-03
  1145.00000  1.65834E+00  0.00000E+00  0.00000E+00  0.00000E+00  8.05801E-02  3.33846E-01  2.28608E-02  1.00944E+00  7.77800E-02  3.55416E-03  1.21455E-01  8.81841E-03
  1146.00000  1.65523E+00  0.00000E+00  0.00000E+00  0.00000E+00  8.04989E-02  3.33470E-01  2.28266E-02  1.00721E+00  7.76632E-02  3.54865E-03  1.21209E-01  8.80471E-03
  1147.00000  1.65213E+00  0.00000E+00  0.00000E+00  0.00000E+00  8.04165E-02  3.33094E-01  2.27924E-02  1.00498E+00  7.75466E-02  3.54315E-03  1.20963E-01  8.79104E-03
  1148.00000  1.64903E+00  0.00000E+00  0.00000E+00  0.00000E+00  8.03331E-02  3.32718E-01  2.27584E-02  1.00276E+00  7.74303E-02  3.53765E-03  1.20719E-01  8.77739E-03
  1149.00000  1.64595E+00  0.00000E+00  0.00000E+00  0.00000E+00  8.02486E-02  3.32341E-01  2.27244E-02  1.00055E+00  7.73142E-02  3.53218E-03  1.20475E-01  8.76378E-03
  1150.00000  1.64286E+00  0.00000E+00  0.00000E+00  0.00000E+00  8.01629E-02  3.31965E-01  2.26905E-02  9.98339E-01  7.71984E-02  3.52671E-03  1.20231E-01  8.75019E-03
  1151.00000  1.63979E+00  0.00000E+00  0.00000E+00  0.00000E+00  8.00762E-02  3.31588E-01  2.26567E-02  9.96138E-01  7.70828E-02  3.52126E-03  1.19989E-01  8.73663E-03
  1152.00000  1.63672E+00  0.00000E+00  0.00000E+00  0.00000E+00  7.99883E-02  3.31211E-01  2.26229E-02  9.93944E-01  7.69675E-02  3.51582E-03  1.19747E-01  8.72310E-03
  1153.00000  1.63366E+00  0.00000E+00  0.00000E+00  0.00000E+00  7.98993E-02  3.30834E-01  2.25892E-02  9.91756E-01  7.68524E-02  3.51039E-03  1.19505E-01  8.70960E-03
  1154.00000  1.63060E+00  0.00000E+00  0.00000E+00  0.00000E+00  7.98093E-02  3.30456E-01  2.25556E-02  9.89574E-01  7.67375E-02  3.50498E-03  1.19264E-01  8.69613E-03
  1155.00000  1.62755E+00  0.00000E+00  0.00000E+00  0.00000E+00  7.97181E-02  3.30078E-01  2.25220E-02  9.87399E-01  7.66229E-02  3.49958E-03  1.19024E-01  8.68269E-03
  1156.00000  1.62450E+00  0.00000E+00  0.00000E+00  0.00000E+00  7.96260E-02  3.29700E-01  2.24886E-02  9.85231E-01  7.65085E-02  3.49419E-03  1.18785E-01  8.66928E-03
  1157.00000  1.62146E+00  0.00000E+00  0.00000E+00  0.00000E+00  7.95328E-02  3.29322E-01  2.24552E-02  9.83069E-01  7.63944E-02  3.48881E-03  1.18546E-01  8.65589E-03
  1158.00000  1.61843E+00  0.00000E+00  0.00000E+00  0.00000E+00  7.94387E-02  3.28943E-01  2.24218E-02  9.80914E-01  7.62805E-02  3.48344E-03  1.18307E-01  8.64254E-03
  1159.00000  1.61540E+00  0.00000E+00  0.00000E+00  0.00000E+00  7.93436E-02  3.28564E-01  2.23886E-02  9.78765E-01  7.61669E-02  3.47809E-03  1.18070E-01  8.62921E-03
  1160.00000  1.61238E+00  0.00000E+00  0.00000E+00  0.00000E+00  7.92477E-02  3.28185E-01  2.23554E-02  9.76622E-01  7.60534E-02  3.47275E-03  1.17833E-01  8.61591E-03
  1161.00000  1.60937E+00  0.00000E+00  0.00000E+00  0.00000E+00  7.91509E-02  3.27805E-01  2.23223E-02  9.74486E-01  7.59403E-02  3.46742E-03  1.17596E-01  8.60264E-03
  1162.00000  1.60636E+00  0.00000E+00  0.00000E+00  0.00000E+00  7.90532E-02  3.27425E-01  2.22893E-02  9.72357E-01  7.58273E-02  3.46211E-03  1.17360E-01  8.58940E-03
  1163.00000  1.60336E+00  0.00000E+00  0.00000E+00  0.00000E+00  7.89549E-02  3.27044E-01  2.22563E-02  9.70233E-01  7.57146E-02  3.45680E-03  1.17125E-01  8.57619E-03
  1164.00000  1.60037E+00  0.00000E+00  0.00000E+00  0.00000E+00  7.88558E-02  3.26664E-01  2.22234E-02  9.68117E-01  7.56022E-02  3.45151E-03  1.16890E-01  8.56300E-03
  1165.00000  1.59738E+00  0.00000E+00  0.00000E+00  0.00000E+00  7.87560E-02  3.26283E-01  2.21906E-02  9.66006E-01  7.54899E-02  3.44623E-03  1.16656E-01  8.54985E-03
  1166.00000  1.59440E+00  0.00000E+00  0.00000E+00  0.00000E+00  7.86557E-02  3.25901E-01  2.21578E-02  9.63902E-01  7.53780E-02  3.44097E-03  1.16423E-01  8.53672E-03
  1167.00000  1.59142E+00  0.00000E+00  0.00000E+00  0.00000E+00  7.85548E-02  3.25519E-01  2.21251E-02  9.61804E-01  7.52662E-02  3.43571E-03  1.16190E-01  8.52362E-03
  1168.00000  1.58845E+00  0.00000E+00  0.00000E+00  0.00000E+00  7.84533E-02  3.25137E-01  2.20925E-02  9.59713E-01  7.51547E-02  3.43047E-03  1.15958E-01  8.51056E-03
  1169.00000  1.58549E+00  0.00000E+00  0.00000E+00  0.00000E+00  7.83515E-02  3.24755E-01  2.20600E-02  9.57628E-01  7.50434E-02  3.42524E-03  1.15726E-01  8.49751E-03
  1170.00000  1.58253E+00  0.00000E+00  0.00000E+00  0.00000E+00  7.82492E-02  3.24373E-01  2.20275E-02  9.55549E-01  7.49324E-02  3.42002E-03  1.15495E-01  8.48450E-03
  1171.00000  1.57958E+00  0.00000E+00  0.00000E+00  0.00000E+00  7.81466E-02  3.23990E-01  2.19951E-02  9.53476E-01  7.48216E-02  3.41481E-03  1.15265E-01  8.47152E-03
  1172.00000  1.57664E+00  0.00000E+00  0.00000E+00  0.00000E+00  7.80438E-02  3.23607E-01  2.19628E-02  9.51410E-01  7.47110E-02  3.40961E-03  1.15035E-01  8.45856E-03
  1173.00000  1.57370E+00  0.00000E+00  0.00000E+00  0.00000E+00  7.79407E-02  3.23224E-01  2.19305E-02  9.49349E-01  7.46007E-02  3.40443E-03  1.14805E-01  8.44564E-03
  1174.00000  1.57077E+00  0.00000E+00  0.00000E+00  0.00000E+00  7.78374E-02  3.22840E-01  2.18983E-02  9.47295E-01  7.44905E-02  3.39926E-03  1.14577E-01  8.43274E-03
  1175.00000  1.56785E+00  0.00000E+00  0.00000E+00  0.00000E+00  7.77340E-02  3.22456E-01  2.18662E-02  9.45247E-01  7.43807E-02  3.39410E-03  1.14349E-01  8.41987E-03
  1176.00000  1.56493E+00  0.00000E+00  0.00000E+00  0.00000E+00  7.76305E-02  3.22073E-01  2.18342E-02  9.43205E-01  7.42710E-02  3.38895E-03  1.14121E-01  8.40703E-03
  1177.00000  1.56202E+00  0.00000E+00  0.00000E+00  0.00000E+00  7.75270E-02  3.21689E-01  2.18022E-02  9.41169E-01  7.41616E-02  3.38381E-03  1.13894E-01  8.39422E-03
  1178.00000  1.55912E+00  0.00000E+00  0.00000E+00  0.00000E+00  7.74235E-02  3.21305E-01  2.17703E-02  9.39139E-01  7.40524E-02  3.37868E-03  1.13668E-01  8.38143E-03
  1179.00000  1.55622E+00  0.00000E+00  0.00000E+00  0.00000E+00  7.73201E-02  3.20921E-01  2.17384E-02  9.37115E-01  7.39435E-02  3.37357E-03  1.13442E-01  8.36868E-03
  1180.00000  1.55333E+00  0.00000E+00  0.00000E+00  0.00000E+00  7.72168E-02  3.20537E-01  2.17067E-02  9.35097E-01  7.38348E-02  3.36847E-03  1.13217E-01  8.35595E-03
  1181.00000  1.55045E+00  0.00000E+00  0.00000E+00  0.00000E+00  7.71136E-02  3.20153E-01  2.16750E-02  9.33085E-01  7.37263E-02  3.36338E-03  1.12992E-01  8.34325E-03
  1182.00000  1.54758E+00  0.00000E+00  0.00000E+00  0.00000E+00  7.70107E-02  3.19769E-01  2.16433E-02  9.31079E-01  7.36180E-02  3.35830E-03  1.12768E-01  8.33059E-03
  1183.00000  1.54471E+00  0.00000E+00  0.00000E+00  0.00000E+00  7.69080E-02  3.19385E-01  2.16118E-02  9.29079E-01  7.35100E-02  3.35323E-03  1.12544E-01  8.31794E-03
  1184.00000  1.54185E+00  0.00000E+00  0.00000E+00  0.00000E+00  7.68055E-02  3.19001E-01  2.15803E-02  9.27084E-01  7.34022E-02  3.34817E-03  1.12321E-01  8.30533E-03
  1185.00000  1.53899E+00  0.00000E+00  0.00000E+00  0.00000E+00  7.67034E-02  3.18617E-01  2.15488E-02  9.25095E-01  7.32946E-02  3.34313E-03  1.12099E-01  8.29275E-03
  1186.00000  1.53615E+00  0.00000E+00  0.00000E+00  0.00000E+00  7.66017E-02  3.18233E-01  2.15175E-02  9.23112E-01  7.31873E-02  3.33809E-03  1.11877E-01  8.28019E-03
  1187.00000  1.53331E+00  0.00000E+00  0.00000E+00  0.00000E+00  7.65003E-02  3.17850E-01  2.14862E-02  9.21135E-01  7.30802E-02  3.33307E-03  1.11656E-01  8.26766E-03
  1188.00000  1.53048E+00  0.00000E+00  0.00000E+00  0.00000E+00  7.63993E-02  3.17467E-01  2.14550E-02  9.19164E-01  7.29733E-02  3.32806E-03  1.11435E-01  8.25516E-03
  1189.00000  1.52765E+00  0.00000E+00  0.00000E+00  0.00000E+00  7.62988E-02  3.17084E-01  2.14238E-02  9.17198E-01  7.28666E-02  3.32306E-03  1.11215E-01  8.24269E-03
  1190.00000  1.52483E+00  0.00000E+00  0.00000E+00  0.00000E+00  7.61987E-02  3.16701E-01  2.13927E-02  9.15237E-01  7.27601E-02  3.31807E-03  1.10995E-01  8.23025E-03
  1191.00000  1.52202E+00  0.00000E+00  0.00000E+00  0.00000E+00  7.60991E-02  3.16319E-01  2.13617E-02  9.13282E-01  7.26539E-02  3.31309E-03  1.10776E-01  8.21783E-03
  1192.00000  1.51922E+00  0.00000E+00  0.00000E+00  0.00000E+00  7.60001E-02  3.15936E-01  2.13307E-02  9.11333E-01  7.25479E-02  3.30812E-03  1.10558E-01  8.20544E-03
  1193.00000  1.51642E+00  0.00000E+00  0.00000E+00  0.00000E+00  7.59015E-02  3.15555E-01  2.12999E-02  9.09389E-01  7.24422E-02  3.30317E-03  1.10340E-01  8.19308E-03
  1194.00000  1.51363E+00  0.00000E+00  0.00000E+00  0.00000E+00  7.58035E-02  3.15173E-01  2.12690E-02  9.07451E-01  7.23366E-02  3.29822E-03  1.10122E-01  8.18075E-03
  1195.00000  1.51085E+00  0.00000E+00  0.00000E+00  0.00000E+00  7.57061E-02  3.14792E-01  2.12383E-02  9.05518E-01  7.22313E-02  3.29329E-03  1.09906E-01  8.16845E-03
  1196.00000  1.50808E+00  0.00000E+00  0.00000E+00  0.00000E+00  7.56093E-02  3.14412E-01  2.12076E-02  9.03591E-01  7.21262E-02  3.28837E-03  1.09689E-01  8.15617E-03
  1197.00000  1.50531E+00  0.00000E+00  0.00000E+00  0.00000E+00  7.55130E-02  3.14032E-01  2.11770E-02  9.01668E-01  7.20213E-02  3.28345E-03  1.09473E-01  8.14392E-03
  1198.00000  1.50255E+00  0.00000E+00  0.00000E+00  0.00000E+00  7.54173E-02  3.13653E-01  2.11464E-02  8.99751E-01  7.19166E-02  3.27855E-03  1.09258E-01  8.13170E-03
  1199.00000  1.49980E+00  0.00000E+00  0.00000E+00  0.00000E+00  7.53223E-02  3.13274E-01  2.11160E-02  8.97840E-01  7.18122E-02  3.27366E-03  1.09043E-01  8.11950E-03
  1200.00000  1.49706E+00  0.00000E+00  0.00000E+00  0.00000E+00  7.52278E-02  3.12895E-01  2.10855E-02  8.95933E-01  7.17080E-02  3.26878E-03  1.08829E-01  8.10734E-03
  1201.00000  1.49432E+00  0.00000E+00  0.00000E+00  0.00000E+00  7.51340E-02  3.12518E-01  2.10552E-02  8.94032E-01  7.16040E-02  3.26392E-03  1.08616E-01  8.09519E-03
  1202.00000  1.49159E+00  0.00000E+00  0.00000E+00  0.00000E+00  7.50407E-02  3.12141E-01  2.10249E-02  8.92136E-01  7.15002E-02  3.25906E-03  1.08402E-01  8.08308E-03
  1203.00000  1.48886E+00  0.00000E+00  0.00000E+00  0.00000E+00  7.49481E-02  3.11764E-01  2.09947E-02  8.90245E-01  7.13966E-02  3.25421E-03  1.08190E-01  8.07099E-03
  1204.00000  1.48615E+00  0.00000E+00  0.00000E+00  0.00000E+00  7.48561E-02  3.11388E-01  2.09645E-02  8.88359E-01  7.12933E-02  3.24938E-03  1.07978E-01  8.05893E-03
  1205.00000  1.48344E+00  0.00000E+00  0.00000E+00  0.00000E+00  7.47648E-02  3.11013E-01  2.09344E-02  8.86478E-01  7.11901E-02  3.24455E-03  1.07766E-01  8.04690E-03
  1206.00000  1.48074E+00  0.00000E+00  0.00000E+00  0.00000E+00  7.46740E-02  3.10639E-01  2.09044E-02  8.84603E-01  7.10872E-02  3.23974E-03  1.07555E-01  8.03489E-03
  1207.00000  1.47804E+00  0.00000E+00  0.00000E+00  0.00000E+00  7.45838E-02  3.10265E-01  2.08745E-02  8.82732E-01  7.09845E-02  3.23493E-03  1.07345E-01  8.02291E-03
  1208.00000  1.47536E+00  0.00000E+00  0.00000E+00  0.00000E+00  7.44943E-02  3.09893E-01  2.08446E-02  8.80866E-01  7.08820E-02  3.23014E-03  1.07135E-01  8.01096E-03
  1209.00000  1.47267E+00  0.00000E+00  0.00000E+00  0.00000E+00  7.44053E-02  3.09521E-01  2.08147E-02  8.79005E-01  7.07798E-02  3.22536E-03  1.06925E-01  7.99903E-03
  1210.00000  1.47000E+00  0.00000E+00  0.00000E+00  0.00000E+00  7.43169E-02  3.09149E-01  2.07850E-02  8.77149E-01  7.06777E-02  3.22058E-03  1.06716E-01  7.98712E-03
  1211.00000  1.46734E+00  0.00000E+00  0.00000E+00  0.00000E+00  7.42290E-02  3.08779E-01  2.07553E-02  8.75297E-01  7.05759E-02  3.21582E-03  1.06508E-01  7.97525E-03
  1212.00000  1.46468E+00  0.00000E+00  0.00000E+00  0.00000E+00  7.41417E-02  3.08409E-01  2.07257E-02  8.73451E-01  7.04742E-02  3.21107E-03  1.06300E-01  7.96340E-03
  1213.00000  1.46202E+00  0.00000E+00  0.00000E+00  0.00000E+00  7.40550E-02  3.08041E-01  2.06961E-02  8.71609E-01  7.03728E-02  3.20633E-03  1.06093E-01  7.95157E-03
  1214.00000  1.45938E+00  0.00000E+00  0.00000E+00  0.00000E+00  7.39688E-02  3.07673E-01  2.06666E-02  8.69772E-01  7.02716E-02  3.20160E-03  1.05886E-01  7.93977E-03
  1215.00000  1.45674E+00  0.00000E+00  0.00000E+00  0.00000E+00  7.38831E-02  3.07306E-01  2.06371E-02  8.67940E-01  7.01706E-02  3.19688E-03  1.05679E-01  7.92799E-03
  1216.00000  1.45411E+00  0.00000E+00  0.00000E+00  0.00000E+00  7.37979E-02  3.06940E-01  2.06078E-02  8.66112E-01  7.00698E-02  3.19217E-03  1.05473E-01  7.91624E-03
  1217.00000  1.45149E+00  0.00000E+00  0.00000E+00  0.00000E+00  7.37131E-02  3.06575E-01  2.05785E-02  8.64289E-01  6.99693E-02  3.18747E-03  1.05268E-01  7.90452E-03
  1218.00000  1.44887E+00  0.00000E+00  0.00000E+00  0.00000E+00  7.36289E-02  3.06211E-01  2.05492E-02  8.62471E-01  6.98689E-02  3.18278E-03  1.05063E-01  7.89282E-03
  1219.00000  1.44626E+00  0.00000E+00  0.00000E+00  0.00000E+00  7.35451E-02  3.05847E-01  2.05200E-02  8.60657E-01  6.97688E-02  3.17811E-03  1.04859E-01  7.88114E-03
  1220.00000  1.44365E+00  0.00000E+00  0.00000E+00  0.00000E+00  7.34617E-02  3.05485E-01  2.04909E-02  8.58848E-01  6.96688E-02  3.17344E-03  1.04655E-01  7.86949E-03
  1221.00000  1.44105E+00  0.00000E+00  0.00000E+00  0.00000E+00  7.33788E-02  3.05124E-01  2.04618E-02  8.57043E-01  6.95691E-02  3.16878E-03  1.04452E-01  7.85786E-03
  1222.00000  1.43846E+00  0.00000E+00  0.00000E+00  0.00000E+00  7.32962E-02  3.04763E-01  2.04329E-02  8.55243E-01  6.94695E-02  3.16413E-03  1.04249E-01  7.84626E-03
  1223.00000  1.43588E+00  0.00000E+00  0.00000E+00  0.00000E+00  7.32140E-02  3.04404E-01  2.04039E-02  8.53447E-01  6.93702E-02  3.15950E-03  1.04046E-01  7.83468E-03
  1224.00000  1.43330E+00  0.00000E+00  0.00000E+00  0.00000E+00  7.31322E-02  3.04045E-01  2.03751E-02  8.51656E-01  6.92711E-02  3.15487E-03  1.03844E-01  7.82313E-03
  1225.00000  1.43073E+00  0.00000E+00  0.00000E+00  0.00000E+00  7.30508E-02  3.03687E-01  2.03463E-02  8.49869E-01  6.91722E-02  3.15025E-03  1.03643E-01  7.81160E-03
  1226.00000  1.42817E+00  0.00000E+00  0.00000E+00  0.00000E+00  7.29696E-02  3.03331E-01  2.03175E-02  8.48086E-01  6.90734E-02  3.14564E-03  1.03442E-01  7.80009E-03
  1227.00000  1.42561E+00  0.00000E+00  0.00000E+00  0.00000E+00  7.28888E-02  3.02975E-01  2.02888E-02  8.46308E-01  6.89749E-02  3.14105E-03  1.03242E-01  7.78861E-03
  1228.00000  1.42306E+00  0.00000E+00  0.00000E+00  0.00000E+00  7.28082E-02  3.02620E-01  2.02602E-02  8.44535E-01  6.88766E-02  3.13646E-03  1.03042E-01  7.77715E-03
  1229.00000  1.42051E+00  0.00000E+00  0.00000E+00  0.00000E+00  7.27279E-02  3.02267E-01  2.02317E-02  8.42765E-01  6.87785E-02  3.13188E-03  1.02842E-01  7.76572E-03
  1230.00000  1.41797E+00  0.00000E+00  0.00000E+00  0.00000E+00  7.26478E-02  3.01914E-01  2.02032E-02  8.41000E-01  6.86806E-02  3.12732E-03  1.02643E-01  7.75430E-03
  1231.00000  1.41544E+00  0.00000E+00  0.00000E+00  0.00000E+00  7.25680E-02  3.01562E-01  2.01747E-02  8.39239E-01  6.85829E-02  3.12276E-03  1.02445E-01  7.74292E-03
  1232.00000  1.41291E+00  0.00000E+00  0.00000E+00  0.00000E+00  7.24884E-02  3.01211E-01  2.01464E-02  8.37482E-01  6.84854E-02  3.11821E-03  1.02247E-01  7.73155E-03
  1233.00000  1.41039E+00  0.00000E+00  0.00000E+00  0.00000E+00  7.24090E-02  3.00861E-01  2.01181E-02  8.35730E-01  6.83881E-02  3.11368E-03  1.02049E-01  7.72021E-03
  1234.00000  1.40787E+00  0.00000E+00  0.00000E+00  0.00000E+00  7.23298E-02  3.00512E-01  2.00898E-02  8.33982E-01  6.82910E-02  3.10915E-03  1.01852E-01  7.70889E-03
  1235.00000  1.40537E+00  0.00000E+00  0.00000E+00  0.00000E+00  7.22507E-02  3.00164E-01  2.00616E-02  8.32238E-01  6.81941E-02  3.10463E-03  1.01656E-01  7.69760E-03
  1236.00000  1.40286E+00  0.00000E+00  0.00000E+00  0.00000E+00  7.21717E-02  2.99817E-01  2.00335E-02  8.30498E-01  6.80974E-02  3.10012E-03  1.01460E-01  7.68632E-03
  1237.00000  1.40037E+00  0.00000E+00  0.00000E+00  0.00000E+00  7.20929E-02  2.99471E-01  2.00054E-02  8.28762E-01  6.80009E-02  3.09563E-03  1.01264E-01  7.67507E-03
  1238.00000  1.39788E+00  0.00000E+00  0.00000E+00  0.00000E+00  7.20142E-02  2.99125E-01  1.99774E-02  8.27031E-01  6.79046E-02  3.09114E-03  1.01069E-01  7.66385E-03
  1239.00000  1.39539E+00  0.00000E+00  0.00000E+00  0.00000E+00  7.19356E-02  2.98781E-01  1.99495E-02  8.25303E-01  6.78085E-02  3.08666E-03  1.00874E-01  7.65265E-03
  1240.00000  1.39291E+00  0.00000E+00  0.00000E+00  0.00000E+00  7.18571E-02  2.98437E-01  1.99216E-02  8.23580E-01  6.77125E-02  3.08219E-03  1.00680E-01  7.64146E-03
  1241.00000  1.39044E+00  0.00000E+00  0.00000E+00  0.00000E+00  7.17786E-02  2.98094E-01  1.98938E-02  8.21861E-01  6.76168E-02  3.07773E-03  1.00486E-01  7.63031E-03
  1242.00000  1.38797E+00  0.00000E+00  0.00000E+00  0.00000E+00  7.17002E-02  2.97753E-01  1.98660E-02  8.20146E-01  6.75213E-02  3.07328E-03  1.00293E-01  7.61917E-03
  1243.00000  1.38551E+00  0.00000E+00  0.00000E+00  0.00000E+00  7.16219E-02  2.97412E-01  1.98383E-02  8.18434E-01  6.74259E-02  3.06885E-03  1.00100E-01  7.60806E-03
  1244.00000  1.38305E+00  0.00000E+00  0.00000E+00  0.00000E+00  7.15435E-02  2.97071E-01  1.98107E-02  8.16727E-01  6.73308E-02  3.06442E-03  9.99081E-02  7.59697E-03
  1245.00000  1.38060E+00  0.00000E+00  0.00000E+00  0.00000E+00  7.14652E-02  2.96732E-01  1.97831E-02  8.15024E-01  6.72358E-02  3.06000E-03  9.97163E-02  7.58590E-03
  1246.00000  1.37816E+00  0.00000E+00  0.00000E+00  0.00000E+00  7.13869E-02  2.96393E-01  1.97556E-02  8.13325E-01  6.71411E-02  3.05559E-03  9.95249E-02  7.57485E-03
  1247.00000  1.37572E+00  0.00000E+00  0.00000E+00  0.00000E+00  7.13085E-02  2.96056E-01  1.97281E-02  8.11630E-01  6.70465E-02  3.05118E-03  9.93340E-02  7.56383E-03
  1248.00000  1.37328E+00  0.00000E+00  0.00000E+00  0.00000E+00  7.12302E-02  2.95719E-01  1.97007E-02  8.09939E-01  6.69521E-02  3.04679E-03  9.91435E-02  7.55283E-03
  1249.00000  1.37086E+00  0.00000E+00  0.00000E+00  0.00000E+00  7.11518E-02  2.95382E-01  1.96734E-02  8.08252E-01  6.68579E-02  3.04241E-03  9.89535E-02  7.54185E-03
  1250.00000  1.36843E+00  0.00000E+00  0.00000E+00  0.00000E+00  7.10734E-02  2.95047E-01  1.96461E-02  8.06569E-01  6.67639E-02  3.03804E-03  9.87639E-02  7.53089E-03
  1251.00000  1.36601E+00  0.00000E+00  0.00000E+00  0.00000E+00  7.09950E-02  2.94712E-01  1.96188E-02  8.04890E-01  6.66701E-02  3.03368E-03  9.85748E-02  7.51996E-03
  1252.00000  1.36360E+00  0.00000E+00  0.00000E+00  0.00000E+00  7.09165E-02  2.94378E-01  1.95917E-02  8.03215E-01  6.65765E-02  3.02932E-03  9.83862E-02  7.50905E-03
  1253.00000  1.36120E+00  0.00000E+00  0.00000E+00  0.00000E+00  7.08379E-02  2.94045E-01  1.95646E-02  8.01544E-01  6.64831E-02  3.02498E-03  9.81980E-02  7.49816E-03
  1254.00000  1.35879E+00  0.00000E+00  0.00000E+00  0.00000E+00  7.07593E-02  2.93712E-01  1.95375E-02  7.99877E-01  6.63898E-02  3.02064E-03  9.80102E-02  7.48729E-03
  1255.00000  1.35640E+00  0.00000E+00  0.00000E+00  0.00000E+00  7.06807E-02  2.93380E-01  1.95105E-02  7.98214E-01  6.62967E-02  3.01632E-03  9.78229E-02  7.47644E-03
  1256.00000  1.35401E+00  0.00000E+00  0.00000E+00  0.00000E+00  7.06019E-02  2.93049E-01  1.94836E-02  7.96555E-01  6.62039E-02  3.01200E-03  9.76361E-02  7.46562E-03
  1257.00000  1.35162E+00  0.00000E+00  0.00000E+00  0.00000E+00  7.05231E-02  2.92718E-01  1.94567E-02  7.94899E-01  6.61112E-02  3.00770E-03  9.74497E-02  7.45482E-03
  1258.00000  1.34924E+00  0.00000E+00  0.00000E+00  0.00000E+00  7.04442E-02  2.92388E-01  1.94299E-02  7.93248E-01  6.60187E-02  3.00340E-03  9.72637E-02  7.44404E-03
  1259.00000  1.34686E+00  0.00000E+00  0.00000E+00  0.00000E+00  7.03652E-02  2.92059E-01  1.94031E-02  7.91600E-01  6.59263E-02  2.99911E-03  9.70782E-02  7.43328E-03
  1260.00000  1.34449E+00  0.00000E+00  0.00000E+00  0.00000E+00  7.02862E-02  2.91730E-01  1.93764E-02  7.89957E-01  6.58342E-02  2.99483E-03  9.68932E-02  7.42254E-03
  1261.00000  1.34213E+00  0.00000E+00  0.00000E+00  0.00000E+00  7.02070E-02  2.91401E-01  1.93497E-02  7.88317E-01  6.57422E-02  2.99056E-03  9.67086E-02  7.41182E-03
  1262.00000  1.33977E+00  0.00000E+00  0.00000E+00  0.00000E+00  7.01278E-02  2.91073E-01  1.93231E-02  7.86681E-01  6.56504E-02  2.98630E-03  9.65244E-02  7.40113E-03
  1263.00000  1.33741E+00  0.00000E+00  0.00000E+00  0.00000E+00  7.00485E-02  2.90746E-01  1.92966E-02  7.85049E-01  6.55588E-02  2.98205E-03  9.63407E-02  7.39046E-03
  1264.00000  1.33506E+00  0.00000E+00  0.00000E+00  0.00000E+00  6.99691E-02  2.90419E-01  1.92701E-02  7.83421E-01  6.54674E-02  2.97781E-03  9.61574E-02  7.37981E-03
  1265.00000  1.33272E+00  0.00000E+00  0.00000E+00  0.00000E+00  6.98897E-02  2.90093E-01  1.92437E-02  7.81797E-01  6.53762E-02  2.97358E-03  9.59746E-02  7.36918E-03
  1266.00000  1.33038E+00  0.00000E+00  0.00000E+00  0.00000E+00  6.98101E-02  2.89767E-01  1.92173E-02  7.80177E-01  6.52851E-02  2.96936E-03  9.57922E-02  7.35857E-03
  1267.00000  1.32804E+00  0.00000E+00  0.00000E+00  0.00000E+00  6.97305E-02  2.89442E-01  1.91910E-02  7.78560E-01  6.51942E-02  2.96514E-03  9.56102E-02  7.34798E-03
  1268.00000  1.32571E+00  0.00000E+00  0.00000E+00  0.00000E+00  6.96508E-02  2.89117E-01  1.91647E-02  7.76948E-01  6.51035E-02  2.96094E-03  9.54286E-02  7.33742E-03
  1269.00000  1.32339E+00  0.00000E+00  0.00000E+00  0.00000E+00  6.95710E-02  2.88793E-01  1.91385E-02  7.75339E-01  6.50130E-02  2.95674E-03  9.52475E-02  7.32688E-03
  1270.00000  1.32107E+00  0.00000E+00  0.00000E+00  0.00000E+00  6.94912E-02  2.88469E-01  1.91124E-02  7.73735E-01  6.49227E-02  2.95255E-03  9.50669E-02  7.31635E-03
  1271.00000  1.31875E+00  0.00000E+00  0.00000E+00  0.00000E+00  6.94113E-02  2.88146E-01  1.90863E-02  7.72134E-01  6.48325E-02  2.94837E-03  9.48866E-02  7.30585E-03
  1272.00000  1.31644E+00  0.00000E+00  0.00000E+00  0.00000E+00  6.93313E-02  2.87822E-01  1.90602E-02  7.70537E-01  6.47425E-02  2.94420E-03  9.47068E-02  7.29537E-03
  1273.00000  1.31413E+00  0.00000E+00  0.00000E+00  0.00000E+00  6.92513E-02  2.87500E-01  1.90342E-02  7.68944E-01  6.46527E-02  2.94004E-03  9.45275E-02  7.28492E-03
  1274.00000  1.31183E+00  0.00000E+00  0.00000E+00  0.00000E+00  6.91713E-02  2.87177E-01  1.90083E-02  7.67354E-01  6.45630E-02  2.93589E-03  9.43485E-02  7.27448E-03
  1275.00000  1.30954E+00  0.00000E+00  0.00000E+00  0.00000E+00  6.90912E-02  2.86855E-01  1.89824E-02  7.65769E-01  6.44735E-02  2.93175E-03  9.41700E-02  7.26406E-03
  1276.00000  1.30725E+00  0.00000E+00  0.00000E+00  0.00000E+00  6.90110E-02  2.86534E-01  1.89566E-02  7.64188E-01  6.43842E-02  2.92762E-03  9.39919E-02  7.25367E-03
  1277.00000  1.30496E+00  0.00000E+00  0.00000E+00  0.00000E+00  6.89309E-02  2.86212E-01  1.89308E-02  7.62610E-01  6.42951E-02  2.92349E-03  9.38143E-02  7.24330E-03
  1278.00000  1.30268E+00  0.00000E+00  0.00000E+00  0.00000E+00  6.88507E-02  2.85891E-01  1.89051E-02  7.61036E-01  6.42061E-02  2.91938E-03  9.36370E-02  7.23294E-03
  1279.00000  1.30040E+00  0.00000E+00  0.00000E+00  0.00000E+00  6.87705E-02  2.85570E-01  1.88795E-02  7.59466E-01  6.41174E-02  2.91527E-03  9.34602E-02  7.22261E-03
  1280.00000  1.29813E+00  0.00000E+00  0.00000E+00  0.00000E+00  6.86902E-02  2.85250E-01  1.88539E-02  7.57900E-01  6.40287E-02  2.91117E-03  9.32838E-02  7.21230E-03
  1281.00000  1.29586E+00  0.00000E+00  0.00000E+00  0.00000E+00  6.86100E-02  2.84930E-01  1.88283E-02  7.56338E-01  6.39403E-02  2.90708E-03  9.31078E-02  7.20201E-03
  1282.00000  1.29360E+00  0.00000E+00  0.00000E+00  0.00000E+00  6.85298E-02  2.84610E-01  1.88028E-02  7.54780E-01  6.38520E-02  2.90300E-03  9.29323E-02  7.19175E-03
  1283.00000  1.29134E+00  0.00000E+00  0.00000E+00  0.00000E+00  6.84496E-02  2.84290E-01  1.87773E-02  7.53226E-01  6.37639E-02  2.89893E-03  9.27572E-02  7.18150E-03
  1284.00000  1.28909E+00  0.00000E+00  0.00000E+00  0.00000E+00  6.83694E-02  2.83971E-01  1.87519E-02  7.51675E-01  6.36760E-02  2.89487E-03  9.25825E-02  7.17127E-03
  1285.00000  1.28684E+00  0.00000E+00  0.00000E+00  0.00000E+00  6.82892E-02  2.83652E-01  1.87266E-02  7.50128E-01  6.35882E-02  2.89081E-03  9.24082E-02  7.16107E-03
  1286.00000  1.28460E+00  0.00000E+00  0.00000E+00  0.00000E+00  6.82091E-02  2.83333E-01  1.87013E-02  7.48586E-01  6.35006E-02  2.88677E-03  9.22343E-02  7.15088E-03
  1287.00000  1.28236E+00  0.00000E+00  0.00000E+00  0.00000E+00  6.81290E-02  2.83015E-01  1.86761E-02  7.47047E-01  6.34132E-02  2.88273E-03  9.20608E-02  7.14072E-03
  1288.00000  1.28013E+00  0.00000E+00  0.00000E+00  0.00000E+00  6.80489E-02  2.82696E-01  1.86509E-02  7.45512E-01  6.33259E-02  2.87871E-03  9.18878E-02  7.13058E-03
  1289.00000  1.27790E+00  0.00000E+00  0.00000E+00  0.00000E+00  6.79689E-02  2.82378E-01  1.86257E-02  7.43980E-01  6.32388E-02  2.87469E-03  9.17151E-02  7.12046E-03
  1290.00000  1.27568E+00  0.00000E+00  0.00000E+00  0.00000E+00  6.78890E-02  2.82060E-01  1.86006E-02  7.42453E-01  6.31519E-02  2.87068E-03  9.15429E-02  7.11036E-03
  1291.00000  1.27346E+00  0.00000E+00  0.00000E+00  0.00000E+00  6.78091E-02  2.81743E-01  1.85756E-02  7.40930E-01  6.30651E-02  2.86667E-03  9.13711E-02  7.10028E-03
  1292.00000  1.27125E+00  0.00000E+00  0.00000E+00  0.00000E+00  6.77293E-02  2.81425E-01  1.85506E-02  7.39410E-01  6.29785E-02  2.86268E-03  9.11997E-02  7.09022E-03
  1293.00000  1.26904E+00  0.00000E+00  0.00000E+00  0.00000E+00  6.76496E-02  2.81108E-01  1.85257E-02  7.37894E-01  6.28921E-02  2.85870E-03  9.10287E-02  7.08018E-03
  1294.00000  1.26683E+00  0.00000E+00  0.00000E+00  0.00000E+00  6.75700E-02  2.80791E-01  1.85008E-02  7.36382E-01  6.28058E-02  2.85472E-03  9.08581E-02  7.07017E-03
  1295.00000  1.26463E+00  0.00000E+00  0.00000E+00  0.00000E+00  6.74906E-02  2.80474E-01  1.84760E-02  7.34874E-01  6.27197E-02  2.85075E-03  9.06879E-02  7.06017E-03
  1296.00000  1.26244E+00  0.00000E+00  0.00000E+00  0.00000E+00  6.74112E-02  2.80158E-01  1.84512E-02  7.33370E-01  6.26337E-02  2.84679E-03  9.05182E-02  7.05020E-03
  1297.00000  1.26025E+00  0.00000E+00  0.00000E+00  0.00000E+00  6.73319E-02  2.79841E-01  1.84265E-02  7.31870E-01  6.25479E-02  2.84284E-03  9.03488E-02  7.04024E-03
  1298.00000  1.25806E+00  0.00000E+00  0.00000E+00  0.00000E+00  6.72528E-02  2.79525E-01  1.84018E-02  7.30374E-01  6.24623E-02  2.83890E-03  9.01798E-02  7.03031E-03
  1299.00000  1.25588E+00  0.00000E+00  0.00000E+00  0.00000E+00  6.71737E-02  2.79209E-01  1.83772E-02  7.28881E-01  6.23769E-02  2.83497E-03  9.00113E-02  7.02040E-03
  1300.00000  1.25371E+00  0.00000E+00  0.00000E+00  0.00000E+00  6.70949E-02  2.78893E-01  1.83526E-02  7.27392E-01  6.22915E-02  2.83104E-03  8.98431E-02  7.01051E-03
  1301.00000  1.25154E+00  0.00000E+00  0.00000E+00  0.00000E+00  6.70161E-02  2.78577E-01  1.83280E-02  7.25907E-01  6.22064E-02  2.82713E-03  8.96754E-02  7.00064E-03
  1302.00000  1.24937E+00  0.00000E+00  0.00000E+00  0.00000E+00  6.69375E-02  2.78262E-01  1.83036E-02  7.24426E-01  6.21214E-02  2.82322E-03  8.95080E-02  6.99079E-03
  1303.00000  1.24721E+00  0.00000E+00  0.00000E+00  0.00000E+00  6.68591E-02  2.77946E-01  1.82791E-02  7.22949E-01  6.20366E-02  2.81932E-03  8.93411E-02  6.98096E-03
  1304.00000  1.24506E+00  0.00000E+00  0.00000E+00  0.00000E+00  6.67809E-02  2.77631E-01  1.82547E-02  7.21476E-01  6.19519E-02  2.81543E-03  8.91745E-02  6.97116E-03
  1305.00000  1.24290E+00  0.00000E+00  0.00000E+00  0.00000E+00  6.67028E-02  2.77316E-01  1.82304E-02  7.20006E-01  6.18674E-02  2.81154E-03  8.90084E-02  6.96137E-03
  1306.00000  1.24076E+00  0.00000E+00  0.00000E+00  0.00000E+00  6.66249E-02  2.77002E-01  1.82061E-02  7.18541E-01  6.17831E-02  2.80767E-03  8.88426E-02  6.95161E-03
  1307.00000  1.23862E+00  0.00000E+00  0.00000E+00  0.00000E+00  6.65471E-02  2.76687E-01  1.81819E-02  7.17079E-01  6.16989E-02  2.80380E-03  8.86772E-02  6.94186E-03
  1308.00000  1.23648E+00  0.00000E+00  0.00000E+00  0.00000E+00  6.64696E-02  2.76373E-01  1.81577E-02  7.15621E-01  6.16148E-02  2.79994E-03  8.85123E-02  6.93214E-03
  1309.00000  1.23435E+00  0.00000E+00  0.00000E+00  0.00000E+00  6.63922E-02  2.76059E-01  1.81336E-02  7.14167E-01  6.15309E-02  2.79609E-03  8.83477E-02  6.92244E-03
  1310.00000  1.23222E+00  0.00000E+00  0.00000E+00  0.00000E+00  6.63150E-02  2.75745E-01  1.81095E-02  7.12716E-01  6.14472E-02  2.79225E-03  8.81835E-02  6.91276E-03
  1311.00000  1.23010E+00  0.00000E+00  0.00000E+00  0.00000E+00  6.62381E-02  2.75431E-01  1.80854E-02  7.11270E-01  6.13636E-02  2.78842E-03  8.80197E-02  6.90310E-03
  1312.00000  1.22798E+00  0.00000E+00  0.00000E+00  0.00000E+00  6.61613E-02  2.75118E-01  1.80614E-02  7.09827E-01  6.12802E-02  2.78459E-03  8.78563E-02  6.89346E-03
  1313.00000  1.22587E+00  0.00000E+00  0.00000E+00  0.00000E+00  6.60847E-02  2.74805E-01  1.80375E-02  7.08388E-01  6.11970E-02  2.78078E-03  8.76933E-02  6.88384E-03
  1314.00000  1.22376E+00  0.00000E+00  0.00000E+00  0.00000E+00  6.60084E-02  2.74492E-01  1.80136E-02  7.06953E-01  6.11139E-02  2.77697E-03  8.75306E-02  6.87424E-03
  1315.00000  1.22166E+00  0.00000E+00  0.00000E+00  0.00000E+00  6.59322E-02  2.74179E-01  1.79897E-02  7.05521E-01  6.10309E-02  2.77317E-03  8.73684E-02  6.86467E-03
  1316.00000  1.21956E+00  0.00000E+00  0.00000E+00  0.00000E+00  6.58563E-02  2.73867E-01  1.79659E-02  7.04094E-01  6.09481E-02  2.76937E-03  8.72065E-02  6.85511E-03
  1317.00000  1.21747E+00  0.00000E+00  0.00000E+00  0.00000E+00  6.57806E-02  2.73554E-01  1.79421E-02  7.02670E-01  6.08655E-02  2.76559E-03  8.70451E-02  6.84558E-03
  1318.00000  1.21538E+00  0.00000E+00  0.00000E+00  0.00000E+00  6.57051E-02  2.73242E-01  1.79184E-02  7.01250E-01  6.07830E-02  2.76181E-03  8.68840E-02  6.83606E-03
  1319.00000  1.21330E+00  0.00000E+00  0.00000E+00  0.00000E+00  6.56299E-02  2.72931E-01  1.78948E-02  6.99834E-01  6.07007E-02  2.75804E-03  8.67233E-02  6.82657E-03
  1320.00000  1.21122E+00  0.00000E+00  0.00000E+00  0.00000E+00  6.55549E-02  2.72619E-01  1.78711E-02  6.98421E-01  6.06185E-02  2.75428E-03  8.65630E-02  6.81710E-03
  1321.00000  1.20915E+00  0.00000E+00  0.00000E+00  0.00000E+00  6.54801E-02  2.72308E-01  1.78476E-02  6.97012E-01  6.05364E-02  2.75053E-03  8.64030E-02  6.80765E-03
  1322.00000  1.20708E+00  0.00000E+00  0.00000E+00  0.00000E+00  6.54055E-02  2.71997E-01  1.78240E-02  6.95607E-01  6.04545E-02  2.74679E-03  8.62435E-02  6.79822E-03
  1323.00000  1.20501E+00  0.00000E+00  0.00000E+00  0.00000E+00  6.53311E-02  2.71686E-01  1.78006E-02  6.94206E-01  6.03728E-02  2.74305E-03  8.60843E-02  6.78880E-03
  1324.00000  1.20295E+00  0.00000E+00  0.00000E+00  0.00000E+00  6.52570E-02  2.71376E-01  1.77771E-02  6.92808E-01  6.02912E-02  2.73932E-03  8.59255E-02  6.77941E-03
  1325.00000  1.20090E+00  0.00000E+00  0.00000E+00  0.00000E+00  6.51832E-02  2.71066E-01  1.77537E-02  6.91415E-01  6.02098E-02  2.73560E-03  8.57671E-02  6.77005E-03
  1326.00000  1.19885E+00  0.00000E+00  0.00000E+00  0.00000E+00  6.51095E-02  2.70756E-01  1.77304E-02  6.90024E-01  6.01285E-02  2.73189E-03  8.56090E-02  6.76070E-03
  1327.00000  1.19681E+00  0.00000E+00  0.00000E+00  0.00000E+00  6.50361E-02  2.70447E-01  1.77071E-02  6.88638E-01  6.00474E-02  2.72818E-03  8.54514E-02  6.75137E-03
  1328.00000  1.19477E+00  0.00000E+00  0.00000E+00  0.00000E+00  6.49629E-02  2.70138E-01  1.76838E-02  6.87255E-01  5.99664E-02  2.72449E-03  8.52941E-02  6.74206E-03
  1329.00000  1.19273E+00  0.00000E+00  0.00000E+00  0.00000E+00  6.48900E-02  2.69829E-01  1.76606E-02  6.85876E-01  5.98856E-02  2.72080E-03  8.51372E-02  6.73277E-03
  1330.00000  1.19070E+00  0.00000E+00  0.00000E+00  0.00000E+00  6.48172E-02  2.69520E-01  1.76375E-02  6.84501E-01  5.98049E-02  2.71712E-03  8.49806E-02  6.72350E-03
  1331.00000  1.18868E+00  0.00000E+00  0.00000E+00  0.00000E+00  6.47448E-02  2.69212E-01  1.76143E-02  6.83129E-01  5.97243E-02  2.71344E-03  8.48245E-02  6.71425E-03
  1332.00000  1.18666E+00  0.00000E+00  0.00000E+00  0.00000E+00  6.46725E-02  2.68905E-01  1.75913E-02  6.81761E-01  5.96439E-02  2.70978E-03  8.46687E-02  6.70502E-03
  1333.00000  1.18464E+00  0.00000E+00  0.00000E+00  0.00000E+00  6.46005E-02  2.68597E-01  1.75682E-02  6.80397E-01  5.95637E-02  2.70612E-03  8.45132E-02  6.69582E-03
  1334.00000  1.18263E+00  0.00000E+00  0.00000E+00  0.00000E+00  6.45287E-02  2.68290E-01  1.75452E-02  6.79036E-01  5.94836E-02  2.70247E-03  8.43582E-02  6.68663E-03
  1335.00000  1.18062E+00  0.00000E+00  0.00000E+00  0.00000E+00  6.44571E-02  2.67984E-01  1.75223E-02  6.77678E-01  5.94036E-02  2.69883E-03  8.42035E-02  6.67746E-03
  1336.00000  1.17862E+00  0.00000E+00  0.00000E+00  0.00000E+00  6.43857E-02  2.67677E-01  1.74994E-02  6.76325E-01  5.93238E-02  2.69519E-03  8.40491E-02  6.66831E-03
  1337.00000  1.17663E+00  0.00000E+00  0.00000E+00  0.00000E+00  6.43146E-02  2.67372E-01  1.74766E-02  6.74975E-01  5.92442E-02  2.69156E-03  8.38952E-02  6.65918E-03
  1338.00000  1.17464E+00  0.00000E+00  0.00000E+00  0.00000E+00  6.42437E-02  2.67066E-01  1.74537E-02  6.73628E-01  5.91646E-02  2.68794E-03  8.37416E-02  6.65006E-03
  1339.00000  1.17265E+00  0.00000E+00  0.00000E+00  0.00000E+00  6.41730E-02  2.66761E-01  1.74310E-02  6.72285E-01  5.90853E-02  2.68433E-03  8.35884E-02  6.64097E-03
  1340.00000  1.17067E+00  0.00000E+00  0.00000E+00  0.00000E+00  6.41025E-02  2.66456E-01  1.74083E-02  6.70946E-01  5.90061E-02  2.68073E-03  8.34355E-02  6.63190E-03
  1341.00000  1.16869E+00  0.00000E+00  0.00000E+00  0.00000E+00  6.40322E-02  2.66152E-01  1.73856E-02  6.69610E-01  5.89270E-02  2.67713E-03  8.32830E-02  6.62285E-03
  1342.00000  1.16672E+00  0.00000E+00  0.00000E+00  0.00000E+00  6.39622E-02  2.65848E-01  1.73629E-02  6.68278E-01  5.88480E-02  2.67354E-03  8.31308E-02  6.61381E-03
  1343.00000  1.16475E+00  0.00000E+00  0.00000E+00  0.00000E+00  6.38923E-02  2.65545E-01  1.73403E-02  6.66949E-01  5.87692E-02  2.66996E-03  8.29790E-02  6.60479E-03
  1344.00000  1.16279E+00  0.00000E+00  0.00000E+00  0.00000E+00  6.38227E-02  2.65242E-01  1.73178E-02  6.65624E-01  5.86906E-02  2.66638E-03  8.28276E-02  6.59580E-03
  1345.00000  1.16083E+00  0.00000E+00  0.00000E+00  0.00000E+00  6.37532E-02  2.64940E-01  1.72953E-02  6.64302E-01  5.86121E-02  2.66282E-03  8.26766E-02  6.58682E-03
  1346.00000  1.15888E+00  0.00000E+00  0.00000E+00  0.00000E+00  6.36839E-02  2.64638E-01  1.72728E-02  6.62984E-01  5.85337E-02  2.65926E-03  8.25258E-02  6.57786E-03
  1347.00000  1.15693E+00  0.00000E+00  0.00000E+00  0.00000E+00  6.36149E-02  2.64336E-01  1.72504E-02  6.61669E-01  5.84555E-02  2.65570E-03  8.23755E-02  6.56891E-03
  1348.00000  1.15498E+00  0.00000E+00  0.00000E+00  0.00000E+00  6.35460E-02  2.64035E-01  1.72280E-02  6.60358E-01  5.83774E-02  2.65216E-03  8.22255E-02  6.55999E-03
  1349.00000  1.15304E+00  0.00000E+00  0.00000E+00  0.00000E+00  6.34773E-02  2.63735E-01  1.72057E-02  6.59050E-01  5.82995E-02  2.64862E-03  8.20759E-02  6.55108E-03
  1350.00000  1.15111E+00  0.00000E+00  0.00000E+00  0.00000E+00  6.34088E-02  2.63434E-01  1.71834E-02  6.57745E-01  5.82217E-02  2.64509E-03  8.19266E-02  6.54220E-03
  1351.00000  1.14918E+00  0.00000E+00  0.00000E+00  0.00000E+00  6.33405E-02  2.63135E-01  1.71611E-02  6.56444E-01  5.81441E-02  2.64157E-03  8.17776E-02  6.53333E-03
  1352.00000  1.14725E+00  0.00000E+00  0.00000E+00  0.00000E+00  6.32723E-02  2.62836E-01  1.71389E-02  6.55147E-01  5.80665E-02  2.63805E-03  8.16290E-02  6.52447E-03
  1353.00000  1.14533E+00  0.00000E+00  0.00000E+00  0.00000E+00  6.32043E-02  2.62537E-01  1.71168E-02  6.53852E-01  5.79892E-02  2.63454E-03  8.14808E-02  6.51564E-03
  1354.00000  1.14341E+00  0.00000E+00  0.00000E+00  0.00000E+00  6.31365E-02  2.62239E-01  1.70946E-02  6.52561E-01  5.79120E-02  2.63104E-03  8.13329E-02  6.50682E-03
  1355.00000  1.14150E+00  0.00000E+00  0.00000E+00  0.00000E+00  6.30688E-02  2.61941E-01  1.70725E-02  6.51274E-01  5.78349E-02  2.62755E-03  8.11854E-02  6.49802E-03
  1356.00000  1.13959E+00  0.00000E+00  0.00000E+00  0.00000E+00  6.30013E-02  2.61644E-01  1.70505E-02  6.49989E-01  5.77579E-02  2.62406E-03  8.10382E-02  6.48924E-03
  1357.00000  1.13769E+00  0.00000E+00  0.00000E+00  0.00000E+00  6.29340E-02  2.61348E-01  1.70285E-02  6.48708E-01  5.76811E-02  2.62058E-03  8.08913E-02  6.48047E-03
  1358.00000  1.13579E+00  0.00000E+00  0.00000E+00  0.00000E+00  6.28668E-02  2.61052E-01  1.70065E-02  6.47431E-01  5.76044E-02  2.61711E-03  8.07448E-02  6.47172E-03
  1359.00000  1.13390E+00  0.00000E+00  0.00000E+00  0.00000E+00  6.27997E-02  2.60756E-01  1.69846E-02  6.46156E-01  5.75279E-02  2.61365E-03  8.05987E-02  6.46299E-03
  1360.00000  1.13201E+00  0.00000E+00  0.00000E+00  0.00000E+00  6.27328E-02  2.60461E-01  1.69627E-02  6.44885E-01  5.74515E-02  2.61019E-03  8.04529E-02  6.45428E-03
  1361.00000  1.13013E+00  0.00000E+00  0.00000E+00  0.00000E+00  6.26660E-02  2.60167E-01  1.69409E-02  6.43617E-01  5.73753E-02  2.60674E-03  8.03074E-02  6.44558E-03
  1362.00000  1.12825E+00  0.00000E+00  0.00000E+00  0.00000E+00  6.25994E-02  2.59873E-01  1.69191E-02  6.42353E-01  5.72992E-02  2.60329E-03  8.01623E-02  6.43690E-03
  1363.00000  1.12637E+00  0.00000E+00  0.00000E+00  0.00000E+00  6.25329E-02  2.59580E-01  1.68974E-02  6.41091E-01  5.72232E-02  2.59986E-03  8.00175E-02  6.42823E-03
  1364.00000  1.12450E+00  0.00000E+00  0.00000E+00  0.00000E+00  6.24665E-02  2.59287E-01  1.68756E-02  6.39833E-01  5.71474E-02  2.59643E-03  7.98730E-02  6.41958E-03
  1365.00000  1.12263E+00  0.00000E+00  0.00000E+00  0.00000E+00  6.24002E-02  2.58995E-01  1.68540E-02  6.38578E-01  5.70717E-02  2.59300E-03  7.97289E-02  6.41095E-03
  1366.00000  1.12077E+00  0.00000E+00  0.00000E+00  0.00000E+00  6.23341E-02  2.58703E-01  1.68323E-02  6.37326E-01  5.69961E-02  2.58959E-03  7.95852E-02  6.40233E-03
  1367.00000  1.11891E+00  0.00000E+00  0.00000E+00  0.00000E+00  6.22681E-02  2.58412E-01  1.68107E-02  6.36078E-01  5.69207E-02  2.58618E-03  7.94417E-02  6.39374E-03
  1368.00000  1.11706E+00  0.00000E+00  0.00000E+00  0.00000E+00  6.22021E-02  2.58121E-01  1.67892E-02  6.34832E-01  5.68454E-02  2.58277E-03  7.92986E-02  6.38515E-03
  1369.00000  1.11521E+00  0.00000E+00  0.00000E+00  0.00000E+00  6.21363E-02  2.57831E-01  1.67677E-02  6.33590E-01  5.67702E-02  2.57938E-03  7.91559E-02  6.37658E-03
  1370.00000  1.11336E+00  0.00000E+00  0.00000E+00  0.00000E+00  6.20706E-02  2.57541E-01  1.67462E-02  6.32350E-01  5.66952E-02  2.57599E-03  7.90134E-02  6.36803E-03
  1371.00000  1.11152E+00  0.00000E+00  0.00000E+00  0.00000E+00  6.20050E-02  2.57253E-01  1.67248E-02  6.31114E-01  5.66204E-02  2.57261E-03  7.88714E-02  6.35950E-03
  1372.00000  1.10968E+00  0.00000E+00  0.00000E+00  0.00000E+00  6.19395E-02  2.56964E-01  1.67034E-02  6.29881E-01  5.65456E-02  2.56923E-03  7.87296E-02  6.35098E-03
  1373.00000  1.10785E+00  0.00000E+00  0.00000E+00  0.00000E+00  6.18741E-02  2.56676E-01  1.66820E-02  6.28651E-01  5.64710E-02  2.56587E-03  7.85882E-02  6.34247E-03
  1374.00000  1.10602E+00  0.00000E+00  0.00000E+00  0.00000E+00  6.18087E-02  2.56389E-01  1.66607E-02  6.27424E-01  5.63966E-02  2.56250E-03  7.84471E-02  6.33398E-03
  1375.00000  1.10420E+00  0.00000E+00  0.00000E+00  0.00000E+00  6.17435E-02  2.56102E-01  1.66394E-02  6.26200E-01  5.63222E-02  2.55915E-03  7.83063E-02  6.32551E-03
  1376.00000  1.10238E+00  0.00000E+00  0.00000E+00  0.00000E+00  6.16783E-02  2.55816E-01  1.66182E-02  6.24980E-01  5.62480E-02  2.55580E-03  7.81658E-02  6.31705E-03
  1377.00000  1.10056E+00  0.00000E+00  0.00000E+00  0.00000E+00  6.16132E-02  2.55531E-01  1.65970E-02  6.23762E-01  5.61740E-02  2.55246E-03  7.80257E-02  6.30861E-03
  1378.00000  1.09875E+00  0.00000E+00  0.00000E+00  0.00000E+00  6.15482E-02  2.55246E-01  1.65758E-02  6.22547E-01  5.61001E-02  2.54913E-03  7.78859E-02  6.30019E-03
  1379.00000  1.09694E+00  0.00000E+00  0.00000E+00  0.00000E+00  6.14833E-02  2.54961E-01  1.65547E-02  6.21335E-01  5.60263E-02  2.54580E-03  7.77465E-02  6.29178E-03
  1380.00000  1.09514E+00  0.00000E+00  0.00000E+00  0.00000E+00  6.14184E-02  2.54677E-01  1.65336E-02  6.20126E-01  5.59526E-02  2.54248E-03  7.76073E-02  6.28338E-03
  1381.00000  1.09334E+00  0.00000E+00  0.00000E+00  0.00000E+00  6.13536E-02  2.54394E-01  1.65126E-02  6.18920E-01  5.58791E-02  2.53916E-03  7.74685E-02  6.27500E-03
  1382.00000  1.09155E+00  0.00000E+00  0.00000E+00  0.00000E+00  6.12889E-02  2.54111E-01  1.64916E-02  6.17717E-01  5.58057E-02  2.53585E-03  7.73300E-02  6.26663E-03
  1383.00000  1.08976E+00  0.00000E+00  0.00000E+00  0.00000E+00  6.12242E-02  2.53829E-01  1.64706E-02  6.16517E-01  5.57324E-02  2.53255E-03  7.71918E-02  6.25828E-03
  1384.00000  1.08797E+00  0.00000E+00  0.00000E+00  0.00000E+00  6.11596E-02  2.53547E-01  1.64497E-02  6.15320E-01  5.56593E-02  2.52926E-03  7.70540E-02  6.24995E-03
  1385.00000  1.08619E+00  0.00000E+00  0.00000E+00  0.00000E+00  6.10951E-02  2.53266E-01  1.64288E-02  6.14126E-01  5.55863E-02  2.52597E-03  7.69164E-02  6.24163E-03
  1386.00000  1.08441E+00  0.00000E+00  0.00000E+00  0.00000E+00  6.10306E-02  2.52985E-01  1.64080E-02  6.12934E-01  5.55135E-02  2.52269E-03  7.67792E-02  6.23332E-03
  1387.00000  1.08263E+00  0.00000E+00  0.00000E+00  0.00000E+00  6.09661E-02  2.52705E-01  1.63872E-02  6.11746E-01  5.54408E-02  2.51941E-03  7.66423E-02  6.22503E-03
  1388.00000  1.08086E+00  0.00000E+00  0.00000E+00  0.00000E+00  6.09018E-02  2.52426E-01  1.63664E-02  6.10560E-01  5.53682E-02  2.51614E-03  7.65057E-02  6.21676E-03
  1389.00000  1.07909E+00  0.00000E+00  0.00000E+00  0.00000E+00  6.08374E-02  2.52147E-01  1.63457E-02  6.09377E-01  5.52957E-02  2.51288E-03  7.63694E-02  6.20850E-03
  1390.00000  1.07733E+00  0.00000E+00  0.00000E+00  0.00000E+00  6.07731E-02  2.51868E-01  1.63250E-02  6.08197E-01  5.52234E-02  2.50962E-03  7.62335E-02  6.20025E-03
  1391.00000  1.07557E+00  0.00000E+00  0.00000E+00  0.00000E+00  6.07089E-02  2.51590E-01  1.63043E-02  6.07020E-01  5.51512E-02  2.50637E-03  7.60978E-02  6.19202E-03
  1392.00000  1.07382E+00  0.00000E+00  0.00000E+00  0.00000E+00  6.06447E-02  2.51313E-01  1.62837E-02  6.05846E-01  5.50791E-02  2.50313E-03  7.59625E-02  6.18381E-03
  1393.00000  1.07206E+00  0.00000E+00  0.00000E+00  0.00000E+00  6.05806E-02  2.51036E-01  1.62631E-02  6.04674E-01  5.50072E-02  2.49989E-03  7.58275E-02  6.17560E-03
  1394.00000  1.07032E+00  0.00000E+00  0.00000E+00  0.00000E+00  6.05165E-02  2.50759E-01  1.62426E-02  6.03505E-01  5.49354E-02  2.49666E-03  7.56928E-02  6.16742E-03
  1395.00000  1.06857E+00  0.00000E+00  0.00000E+00  0.00000E+00  6.04524E-02  2.50484E-01  1.62221E-02  6.02339E-01  5.48638E-02  2.49343E-03  7.55584E-02  6.15925E-03
  1396.00000  1.06683E+00  0.00000E+00  0.00000E+00  0.00000E+00  6.03884E-02  2.50208E-01  1.62016E-02  6.01176E-01  5.47922E-02  2.49022E-03  7.54243E-02  6.15109E-03
  1397.00000  1.06510E+00  0.00000E+00  0.00000E+00  0.00000E+00  6.03244E-02  2.49933E-01  1.61812E-02  6.00015E-01  5.47208E-02  2.48700E-03  7.52905E-02  6.14294E-03
  1398.00000  1.06336E+00  0.00000E+00  0.00000E+00  0.00000E+00  6.02605E-02  2.49659E-01  1.61608E-02  5.98857E-01  5.46495E-02  2.48380E-03  7.51570E-02  6.13482E-03
  1399.00000  1.06163E+00  0.00000E+00  0.00000E+00  0.00000E+00  6.01966E-02  2.49385E-01  1.61405E-02  5.97702E-01  5.45784E-02  2.48060E-03  7.50238E-02  6.12670E-03
  1400.00000  1.05991E+00  0.00000E+00  0.00000E+00  0.00000E+00  6.01327E-02  2.49112E-01  1.61202E-02  5.96550E-01  5.45074E-02  2.47740E-03  7.48910E-02  6.11860E-03
  1401.00000  1.05819E+00  0.00000E+00  0.00000E+00  0.00000E+00  6.00689E-02  2.48839E-01  1.60999E-02  5.95400E-01  5.44365E-02  2.47422E-03  7.47584E-02  6.11052E-03
  1402.00000  1.05647E+00  0.00000E+00  0.00000E+00  0.00000E+00  6.00052E-02  2.48566E-01  1.60796E-02  5.94253E-01  5.43657E-02  2.47104E-03  7.46261E-02  6.10245E-03
  1403.00000  1.05476E+00  0.00000E+00  0.00000E+00  0.00000E+00  5.99414E-02  2.48294E-01  1.60594E-02  5.93109E-01  5.42951E-02  2.46786E-03  7.44942E-02  6.09439E-03
  1404.00000  1.05304E+00  0.00000E+00  0.00000E+00  0.00000E+00  5.98777E-02  2.48023E-01  1.60393E-02  5.91967E-01  5.42246E-02  2.46469E-03  7.43625E-02  6.08635E-03
  1405.00000  1.05134E+00  0.00000E+00  0.00000E+00  0.00000E+00  5.98141E-02  2.47752E-01  1.60191E-02  5.90828E-01  5.41543E-02  2.46153E-03  7.42312E-02  6.07832E-03
  1406.00000  1.04963E+00  0.00000E+00  0.00000E+00  0.00000E+00  5.97505E-02  2.47481E-01  1.59990E-02  5.89691E-01  5.40840E-02  2.45837E-03  7.41001E-02  6.07030E-03
  1407.00000  1.04794E+00  0.00000E+00  0.00000E+00  0.00000E+00  5.96869E-02  2.47211E-01  1.59790E-02  5.88557E-01  5.40139E-02  2.45522E-03  7.39694E-02  6.06230E-03
  1408.00000  1.04624E+00  0.00000E+00  0.00000E+00  0.00000E+00  5.96233E-02  2.46942E-01  1.59590E-02  5.87426E-01  5.39439E-02  2.45208E-03  7.38389E-02  6.05432E-03
  1409.00000  1.04455E+00  0.00000E+00  0.00000E+00  0.00000E+00  5.95599E-02  2.46672E-01  1.59390E-02  5.86298E-01  5.38741E-02  2.44894E-03  7.37087E-02  6.04634E-03
  1410.00000  1.04286E+00  0.00000E+00  0.00000E+00  0.00000E+00  5.94964E-02  2.46404E-01  1.59191E-02  5.85172E-01  5.38043E-02  2.44580E-03  7.35789E-02  6.03839E-03
  1411.00000  1.04117E+00  0.00000E+00  0.00000E+00  0.00000E+00  5.94330E-02  2.46135E-01  1.58991E-02  5.84048E-01  5.37347E-02  2.44268E-03  7.34493E-02  6.03044E-03
  1412.00000  1.03949E+00  0.00000E+00  0.00000E+00  0.00000E+00  5.93696E-02  2.45867E-01  1.58793E-02  5.82927E-01  5.36653E-02  2.43956E-03  7.33200E-02  6.02251E-03
  1413.00000  1.03781E+00  0.00000E+00  0.00000E+00  0.00000E+00  5.93063E-02  2.45600E-01  1.58594E-02  5.81809E-01  5.35959E-02  2.43644E-03  7.31910E-02  6.01460E-03
  1414.00000  1.03614E+00  0.00000E+00  0.00000E+00  0.00000E+00  5.92430E-02  2.45333E-01  1.58396E-02  5.80693E-01  5.35267E-02  2.43333E-03  7.30623E-02  6.00669E-03
  1415.00000  1.03447E+00  0.00000E+00  0.00000E+00  0.00000E+00  5.91798E-02  2.45066E-01  1.58199E-02  5.79580E-01  5.34576E-02  2.43023E-03  7.29339E-02  5.99881E-03
  1416.00000  1.03280E+00  0.00000E+00  0.00000E+00  0.00000E+00  5.91166E-02  2.44800E-01  1.58002E-02  5.78469E-01  5.33887E-02  2.42713E-03  7.28058E-02  5.99093E-03
  1417.00000  1.03113E+00  0.00000E+00  0.00000E+00  0.00000E+00  5.90535E-02  2.44534E-01  1.57805E-02  5.77361E-01  5.33198E-02  2.42404E-03  7.26780E-02  5.98307E-03
  1418.00000  1.02947E+00  0.00000E+00  0.00000E+00  0.00000E+00  5.89904E-02  2.44269E-01  1.57608E-02  5.76256E-01  5.32511E-02  2.42095E-03  7.25504E-02  5.97522E-03
  1419.00000  1.02782E+00  0.00000E+00  0.00000E+00  0.00000E+00  5.89273E-02  2.44004E-01  1.57412E-02  5.75153E-01  5.31825E-02  2.41787E-03  7.24232E-02  5.96739E-03
  1420.00000  1.02616E+00  0.00000E+00  0.00000E+00  0.00000E+00  5.88643E-02  2.43739E-01  1.57216E-02  5.74052E-01  5.31141E-02  2.41480E-03  7.22962E-02  5.95957E-03
  1421.00000  1.02451E+00  0.00000E+00  0.00000E+00  0.00000E+00  5.88014E-02  2.43475E-01  1.57021E-02  5.72954E-01  5.30457E-02  2.41173E-03  7.21695E-02  5.95177E-03
  1422.00000  1.02286E+00  0.00000E+00  0.00000E+00  0.00000E+00  5.87385E-02  2.43211E-01  1.56826E-02  5.71858E-01  5.29775E-02  2.40867E-03  7.20431E-02  5.94398E-03
  1423.00000  1.02122E+00  0.00000E+00  0.00000E+00  0.00000E+00  5.86757E-02  2.42947E-01  1.56631E-02  5.70765E-01  5.29094E-02  2.40561E-03  7.19170E-02  5.93620E-03
  1424.00000  1.01958E+00  0.00000E+00  0.00000E+00  0.00000E+00  5.86129E-02  2.42684E-01  1.56437E-02  5.69675E-01  5.28415E-02  2.40256E-03  7.17912E-02  5.92843E-03
  1425.00000  1.01794E+00  0.00000E+00  0.00000E+00  0.00000E+00  5.85502E-02  2.42421E-01  1.56243E-02  5.68587E-01  5.27736E-02  2.39952E-03  7.16656E-02  5.92068E-03
  1426.00000  1.01631E+00  0.00000E+00  0.00000E+00  0.00000E+00  5.84876E-02  2.42159E-01  1.56049E-02  5.67501E-01  5.27059E-02  2.39648E-03  7.15404E-02  5.91295E-03
  1427.00000  1.01468E+00  0.00000E+00  0.00000E+00  0.00000E+00  5.84250E-02  2.41897E-01  1.55856E-02  5.66418E-01  5.26383E-02  2.39344E-03  7.14154E-02  5.90522E-03
  1428.00000  1.01305E+00  0.00000E+00  0.00000E+00  0.00000E+00  5.83625E-02  2.41635E-01  1.55663E-02  5.65337E-01  5.25709E-02  2.39042E-03  7.12907E-02  5.89752E-03
  1429.00000  1.01143E+00  0.00000E+00  0.00000E+00  0.00000E+00  5.83000E-02  2.41373E-01  1.55470E-02  5.64259E-01  5.25035E-02  2.38739E-03  7.11662E-02  5.88982E-03
  1430.00000  1.00981E+00  0.00000E+00  0.00000E+00  0.00000E+00  5.82376E-02  2.41112E-01  1.55278E-02  5.63183E-01  5.24363E-02  2.38438E-03  7.10421E-02  5.88214E-03
  1431.00000  1.00819E+00  0.00000E+00  0.00000E+00  0.00000E+00  5.81753E-02  2.40851E-01  1.55086E-02  5.62109E-01  5.23692E-02  2.38137E-03  7.09182E-02  5.87447E-03
  1432.00000  1.00657E+00  0.00000E+00  0.00000E+00  0.00000E+00  5.81131E-02  2.40591E-01  1.54895E-02  5.61038E-01  5.23022E-02  2.37836E-03  7.07946E-02  5.86682E-03
  1433.00000  1.00496E+00  0.00000E+00  0.00000E+00  0.00000E+00  5.80509E-02  2.40331E-01  1.54703E-02  5.59970E-01  5.22354E-02  2.37536E-03  7.06713E-02  5.85918E-03
  1434.00000  1.00336E+00  0.00000E+00  0.00000E+00  0.00000E+00  5.79888E-02  2.40071E-01  1.54513E-02  5.58903E-01  5.21687E-02  2.37237E-03  7.05482E-02  5.85155E-03
  1435.00000  1.00175E+00  0.00000E+00  0.00000E+00  0.00000E+00  5.79268E-02  2.39812E-01  1.54322E-02  5.57840E-01  5.21021E-02  2.36938E-03  7.04255E-02  5.84394E-03
  1436.00000  1.00015E+00  0.00000E+00  0.00000E+00  0.00000E+00  5.78648E-02  2.39552E-01  1.54132E-02  5.56778E-01  5.20356E-02  2.36640E-03  7.03030E-02  5.83634E-03
  1437.00000  9.98552E-01  0.00000E+00  0.00000E+00  0.00000E+00  5.78030E-02  2.39293E-01  1.53942E-02  5.55719E-01  5.19692E-02  2.36342E-03  7.01807E-02  5.82875E-03
  1438.00000  9.96957E-01  0.00000E+00  0.00000E+00  0.00000E+00  5.77412E-02  2.39035E-01  1.53753E-02  5.54663E-01  5.19030E-02  2.36045E-03  7.00588E-02  5.82118E-03
  1439.00000  9.95366E-01  0.00000E+00  0.00000E+00  0.00000E+00  5.76795E-02  2.38777E-01  1.53564E-02  5.53609E-01  5.18368E-02  2.35748E-03  6.99371E-02  5.81362E-03
  1440.00000  9.93778E-01  0.00000E+00  0.00000E+00  0.00000E+00  5.76179E-02  2.38519E-01  1.53375E-02  5.52557E-01  5.17708E-02  2.35452E-03  6.98156E-02  5.80607E-03
  1441.00000  9.92193E-01  0.00000E+00  0.00000E+00  0.00000E+00  5.75563E-02  2.38261E-01  1.53187E-02  5.51507E-01  5.17050E-02  2.35157E-03  6.96945E-02  5.79854E-03
  1442.00000  9.90611E-01  0.00000E+00  0.00000E+00  0.00000E+00  5.74949E-02  2.38003E-01  1.52999E-02  5.50460E-01  5.16392E-02  2.34862E-03  6.95736E-02  5.79103E-03
  1443.00000  9.89032E-01  0.00000E+00  0.00000E+00  0.00000E+00  5.74335E-02  2.37746E-01  1.52811E-02  5.49416E-01  5.15736E-02  2.34567E-03  6.94530E-02  5.78352E-03
  1444.00000  9.87457E-01  0.00000E+00  0.00000E+00  0.00000E+00  5.73723E-02  2.37489E-01  1.52624E-02  5.48373E-01  5.15080E-02  2.34273E-03  6.93326E-02  5.77603E-03
  1445.00000  9.85885E-01  0.00000E+00  0.00000E+00  0.00000E+00  5.73111E-02  2.37233E-01  1.52437E-02  5.47333E-01  5.14426E-02  2.33980E-03  6.92125E-02  5.76856E-03
  1446.00000  9.84315E-01  0.00000E+00  0.00000E+00  0.00000E+00  5.72500E-02  2.36976E-01  1.52250E-02  5.46296E-01  5.13774E-02  2.33687E-03  6.90927E-02  5.76110E-03
  1447.00000  9.82749E-01  0.00000E+00  0.00000E+00  0.00000E+00  5.71891E-02  2.36720E-01  1.52064E-02  5.45261E-01  5.13122E-02  2.33395E-03  6.89732E-02  5.75365E-03
  1448.00000  9.81187E-01  0.00000E+00  0.00000E+00  0.00000E+00  5.71282E-02  2.36465E-01  1.51878E-02  5.44228E-01  5.12472E-02  2.33103E-03  6.88539E-02  5.74621E-03
  1449.00000  9.79627E-01  0.00000E+00  0.00000E+00  0.00000E+00  5.70674E-02  2.36209E-01  1.51692E-02  5.43197E-01  5.11822E-02  2.32812E-03  6.87348E-02  5.73879E-03
  1450.00000  9.78070E-01  0.00000E+00  0.00000E+00  0.00000E+00  5.70067E-02  2.35954E-01  1.51507E-02  5.42169E-01  5.11174E-02  2.32521E-03  6.86161E-02  5.73139E-03
  1451.00000  9.76517E-01  0.00000E+00  0.00000E+00  0.00000E+00  5.69462E-02  2.35699E-01  1.51322E-02  5.41143E-01  5.10527E-02  2.32231E-03  6.84975E-02  5.72399E-03
  1452.00000  9.74967E-01  0.00000E+00  0.00000E+00  0.00000E+00  5.68857E-02  2.35444E-01  1.51137E-02  5.40120E-01  5.09882E-02  2.31942E-03  6.83793E-02  5.71661E-03
  1453.00000  9.73420E-01  0.00000E+00  0.00000E+00  0.00000E+00  5.68253E-02  2.35190E-01  1.50953E-02  5.39099E-01  5.09237E-02  2.31653E-03  6.82613E-02  5.70925E-03
  1454.00000  9.71876E-01  0.00000E+00  0.00000E+00  0.00000E+00  5.67651E-02  2.34935E-01  1.50769E-02  5.38080E-01  5.08594E-02  2.31364E-03  6.81436E-02  5.70190E-03
  1455.00000  9.70335E-01  0.00000E+00  0.00000E+00  0.00000E+00  5.67049E-02  2.34682E-01  1.50586E-02  5.37063E-01  5.07951E-02  2.31076E-03  6.80261E-02  5.69456E-03
  1456.00000  9.68797E-01  0.00000E+00  0.00000E+00  0.00000E+00  5.66449E-02  2.34428E-01  1.50402E-02  5.36049E-01  5.07310E-02  2.30789E-03  6.79089E-02  5.68723E-03
  1457.00000  9.67262E-01  0.00000E+00  0.00000E+00  0.00000E+00  5.65849E-02  2.34174E-01  1.50220E-02  5.35037E-01  5.06670E-02  2.30502E-03  6.77919E-02  5.67992E-03
  1458.00000  9.65731E-01  0.00000E+00  0.00000E+00  0.00000E+00  5.65251E-02  2.33921E-01  1.50037E-02  5.34028E-01  5.06032E-02  2.30216E-03  6.76752E-02  5.67263E-03
  1459.00000  9.64202E-01  0.00000E+00  0.00000E+00  0.00000E+00  5.64654E-02  2.33668E-01  1.49855E-02  5.33021E-01  5.05394E-02  2.29930E-03  6.75587E-02  5.66535E-03
  1460.00000  9.62677E-01  0.00000E+00  0.00000E+00  0.00000E+00  5.64058E-02  2.33415E-01  1.49673E-02  5.32016E-01  5.04758E-02  2.29644E-03  6.74425E-02  5.65808E-03
  1461.00000  9.61155E-01  0.00000E+00  0.00000E+00  0.00000E+00  5.63463E-02  2.33163E-01  1.49491E-02  5.31013E-01  5.04122E-02  2.29360E-03  6.73266E-02  5.65082E-03
  1462.00000  9.59636E-01  0.00000E+00  0.00000E+00  0.00000E+00  5.62870E-02  2.32911E-01  1.49310E-02  5.30013E-01  5.03488E-02  2.29075E-03  6.72109E-02  5.64358E-03
  1463.00000  9.58120E-01  0.00000E+00  0.00000E+00  0.00000E+00  5.62277E-02  2.32659E-01  1.49129E-02  5.29015E-01  5.02855E-02  2.28792E-03  6.70954E-02  5.63635E-03
  1464.00000  9.56607E-01  0.00000E+00  0.00000E+00  0.00000E+00  5.61686E-02  2.32407E-01  1.48949E-02  5.28019E-01  5.02224E-02  2.28508E-03  6.69802E-02  5.62914E-03
  1465.00000  9.55097E-01  0.00000E+00  0.00000E+00  0.00000E+00  5.61096E-02  2.32156E-01  1.48768E-02  5.27026E-01  5.01593E-02  2.28226E-03  6.68653E-02  5.62194E-03
  1466.00000  9.53590E-01  0.00000E+00  0.00000E+00  0.00000E+00  5.60507E-02  2.31904E-01  1.48589E-02  5.26035E-01  5.00963E-02  2.27943E-03  6.67506E-02  5.61475E-03
  1467.00000  9.52086E-01  0.00000E+00  0.00000E+00  0.00000E+00  5.59919E-02  2.31653E-01  1.48409E-02  5.25046E-01  5.00335E-02  2.27662E-03  6.66361E-02  5.60758E-03
  1468.00000  9.50585E-01  0.00000E+00  0.00000E+00  0.00000E+00  5.59332E-02  2.31403E-01  1.48230E-02  5.24059E-01  4.99708E-02  2.27380E-03  6.65219E-02  5.60042E-03
  1469.00000  9.49088E-01  0.00000E+00  0.00000E+00  0.00000E+00  5.58747E-02  2.31152E-01  1.48051E-02  5.23075E-01  4.99081E-02  2.27100E-03  6.64080E-02  5.59327E-03
  1470.00000  9.47593E-01  0.00000E+00  0.00000E+00  0.00000E+00  5.58163E-02  2.30902E-01  1.47872E-02  5.22093E-01  4.98456E-02  2.26820E-03  6.62943E-02  5.58614E-03
  1471.00000  9.46102E-01  0.00000E+00  0.00000E+00  0.00000E+00  5.57580E-02  2.30652E-01  1.47694E-02  5.21114E-01  4.97832E-02  2.26540E-03  6.61808E-02  5.57902E-03
  1472.00000  9.44613E-01  0.00000E+00  0.00000E+00  0.00000E+00  5.56998E-02  2.30402E-01  1.47516E-02  5.20136E-01  4.97210E-02  2.26261E-03  6.60676E-02  5.57192E-03
  1473.00000  9.43128E-01  0.00000E+00  0.00000E+00  0.00000E+00  5.56418E-02  2.30153E-01  1.47339E-02  5.19161E-01  4.96588E-02  2.25982E-03  6.59546E-02  5.56483E-03
  1474.00000  9.41645E-01  0.00000E+00  0.00000E+00  0.00000E+00  5.55838E-02  2.29904E-01  1.47161E-02  5.18188E-01  4.95967E-02  2.25704E-03  6.58419E-02  5.55775E-03
  1475.00000  9.40166E-01  0.00000E+00  0.00000E+00  0.00000E+00  5.55260E-02  2.29655E-01  1.46984E-02  5.17218E-01  4.95348E-02  2.25427E-03  6.57294E-02  5.55068E-03
  1476.00000  9.38690E-01  0.00000E+00  0.00000E+00  0.00000E+00  5.54683E-02  2.29406E-01  1.46808E-02  5.16250E-01  4.94730E-02  2.25149E-03  6.56172E-02  5.54363E-03
  1477.00000  9.37217E-01  0.00000E+00  0.00000E+00  0.00000E+00  5.54108E-02  2.29157E-01  1.46632E-02  5.15284E-01  4.94112E-02  2.24873E-03  6.55052E-02  5.53659E-03
  1478.00000  9.35746E-01  0.00000E+00  0.00000E+00  0.00000E+00  5.53533E-02  2.28909E-01  1.46456E-02  5.14320E-01  4.93496E-02  2.24597E-03  6.53934E-02  5.52956E-03
  1479.00000  9.34279E-01  0.00000E+00  0.00000E+00  0.00000E+00  5.52960E-02  2.28661E-01  1.46280E-02  5.13358E-01  4.92881E-02  2.24321E-03  6.52819E-02  5.52255E-03
  1480.00000  9.32815E-01  0.00000E+00  0.00000E+00  0.00000E+00  5.52388E-02  2.28413E-01  1.46105E-02  5.12399E-01  4.92267E-02  2.24046E-03  6.51706E-02  5.51555E-03
  1481.00000  9.31354E-01  0.00000E+00  0.00000E+00  0.00000E+00  5.51817E-02  2.28166E-01  1.45930E-02  5.11442E-01  4.91654E-02  2.23771E-03  6.50596E-02  5.50856E-03
  1482.00000  9.29896E-01  0.00000E+00  0.00000E+00  0.00000E+00  5.51248E-02  2.27919E-01  1.45755E-02  5.10488E-01  4.91043E-02  2.23497E-03  6.49488E-02  5.50159E-03
  1483.00000  9.28441E-01  0.00000E+00  0.00000E+00  0.00000E+00  5.50679E-02  2.27672E-01  1.45581E-02  5.09535E-01  4.90432E-02  2.23224E-03  6.48382E-02  5.49463E-03
  1484.00000  9.26989E-01  0.00000E+00  0.00000E+00  0.00000E+00  5.50112E-02  2.27425E-01  1.45407E-02  5.08585E-01  4.89822E-02  2.22950E-03  6.47279E-02  5.48768E-03
  1485.00000  9.25540E-01  0.00000E+00  0.00000E+00  0.00000E+00  5.49546E-02  2.27179E-01  1.45233E-02  5.07637E-01  4.89214E-02  2.22678E-03  6.46178E-02  5.48074E-03
  1486.00000  9.24094E-01  0.00000E+00  0.00000E+00  0.00000E+00  5.48982E-02  2.26933E-01  1.45060E-02  5.06691E-01  4.88607E-02  2.22406E-03  6.45080E-02  5.47382E-03
  1487.00000  9.22651E-01  0.00000E+00  0.00000E+00  0.00000E+00  5.48418E-02  2.26687E-01  1.44886E-02  5.05748E-01  4.88000E-02  2.22134E-03  6.43984E-02  5.46691E-03
  1488.00000  9.21212E-01  0.00000E+00  0.00000E+00  0.00000E+00  5.47856E-02  2.26441E-01  1.44714E-02  5.04806E-01  4.87395E-02  2.21863E-03  6.42890E-02  5.46001E-03
  1489.00000  9.19775E-01  0.00000E+00  0.00000E+00  0.00000E+00  5.47295E-02  2.26196E-01  1.44541E-02  5.03867E-01  4.86791E-02  2.21592E-03  6.41798E-02  5.45313E-03
  1490.00000  9.18341E-01  0.00000E+00  0.00000E+00  0.00000E+00  5.46735E-02  2.25951E-01  1.44369E-02  5.02931E-01  4.86188E-02  2.21322E-03  6.40709E-02  5.44625E-03
  1491.00000  9.16910E-01  0.00000E+00  0.00000E+00  0.00000E+00  5.46176E-02  2.25706E-01  1.44197E-02  5.01996E-01  4.85586E-02  2.21052E-03  6.39622E-02  5.43939E-03
  1492.00000  9.15482E-01  0.00000E+00  0.00000E+00  0.00000E+00  5.45618E-02  2.25461E-01  1.44026E-02  5.01064E-01  4.84985E-02  2.20783E-03  6.38538E-02  5.43254E-03
  1493.00000  9.14057E-01  0.00000E+00  0.00000E+00  0.00000E+00  5.45062E-02  2.25217E-01  1.43855E-02  5.00134E-01  4.84385E-02  2.20514E-03  6.37456E-02  5.42571E-03
  1494.00000  9.12635E-01  0.00000E+00  0.00000E+00  0.00000E+00  5.44507E-02  2.24973E-01  1.43684E-02  4.99206E-01  4.83786E-02  2.20246E-03  6.36376E-02  5.41888E-03
  1495.00000  9.11217E-01  0.00000E+00  0.00000E+00  0.00000E+00  5.43952E-02  2.24730E-01  1.43513E-02  4.98280E-01  4.83188E-02  2.19978E-03  6.35298E-02  5.41207E-03
  1496.00000  9.09801E-01  0.00000E+00  0.00000E+00  0.00000E+00  5.43399E-02  2.24486E-01  1.43343E-02  4.97356E-01  4.82591E-02  2.19711E-03  6.34223E-02  5.40527E-03
  1497.00000  9.08388E-01  0.00000E+00  0.00000E+00  0.00000E+00  5.42847E-02  2.24243E-01  1.43173E-02  4.96435E-01  4.81995E-02  2.19444E-03  6.33150E-02  5.39848E-03
  1498.00000  9.06978E-01  0.00000E+00  0.00000E+00  0.00000E+00  5.42297E-02  2.24000E-01  1.43003E-02  4.95516E-01  4.81401E-02  2.19178E-03  6.32079E-02  5.39170E-03
  1499.00000  9.05571E-01  0.00000E+00  0.00000E+00  0.00000E+00  5.41747E-02  2.23758E-01  1.42834E-02  4.94599E-01  4.80807E-02  2.18912E-03  6.31011E-02  5.38494E-03
  1500.00000  9.04167E-01  0.00000E+00  0.00000E+00  0.00000E+00  5.41198E-02  2.23516E-01  1.42665E-02  4.93684E-01  4.80214E-02  2.18647E-03  6.29945E-02  5.37818E-03


#
# Current date/time  :  8-Aug-2024 17:34:15
# elapsed real time  : 15.55 seconds on max-wne003.desy.de
# Job time(CPU_time) : 17.39 seconds on max-wne003.desy.de
