# ---------------------------------------------------------------------
# XATOM HFS : electronic structure of atoms and more, v2.0.0-15-g9da229
#
# Job started at  : 15-Sep-2026 10:22:15
# ---------------------------------------------------------------------
# Atom: S
#   nuclear charge:   16
#   total electrons:  16
#   total charge:     +0
#   configuration: 1s2_2s2_2p6_3s2_3p4
#
# Computational method:
#   exchange functional: Slater (Latter tail correction)
#   correlation functional: none
#
# Grid for the spherical coordinate:
#   N =  200
#   L parameter =      1.0
#   Rmax(a.u.)  =     50.0
#   lmax  =    1
#
# SCF converged after   23 iterations
#   energy convergence  = -8.258E-08
#   density convergence =  2.183E-08
#
# Energies: 
# - zeroth-order energy (a.u.):
#   SUM of E_orb   =    -237.32272338  [     -6457.88 eV ]
#   (SUM of E_kin) =     406.84749274
#   (Effec. pot E) =    -644.17021613
#
# - first-order energy (a.u.): with DFT formula
#   Kinetic E      =     406.84749274
#   E Latter corr  =      -0.04201322
#   Nuc-Elec pot E =    -960.25587746    One-Elec E =    -553.45039794
#
#   Hartree E      =     181.45816030
#   Exchange E     =     -35.09148454
#   Correlation E  =       0.00000000    Two-Elec E =     146.36667576
#   ---------------------------------
#   Total Energy   =    -407.08372217  [    -11077.31 eV ]
#
#                E(0)        E(1)
# |E_TOT|    -6457.88   -11077.31
#
# Orbital energies: 
#        n_occ        E(a.u.)          E(eV)         KE(eV)
#   1s       2   -89.94266023   -2447.464211    3321.890002
#   2s       2    -8.25508772    -224.632357     517.609320
#   2p       6    -6.31404900    -171.814008     499.834100
#   3s       2    -0.76511365     -20.819801      80.337818
#   3p       4    -0.37817655     -10.290707      58.051057
#
#              1s        2s        2p        3s        3p
# |SCF|  -2447.46   -224.63   -171.81    -20.82    -10.29
#
# Radial wavefunction information (a.u.): (r_m: r_max where |u(r)| >  1.0E-08)
#              <r>       <r^2>         r_m   norm. err
#   1s       0.097       0.013       1.635     2.4E-06
#   2s       0.473       0.266       5.425     1.3E-07
#   2p       0.432       0.233       6.025    -3.1E-08
#   3s       1.642       3.140      17.990    -7.2E-08
#   3p       1.981       4.759      25.540    -6.4E-08
#
# Uniform grid parameters for continuum states:
#   N_uniform             =    5172
#   continuum_rmax(a.u.)  =      25.864 (internally determined)
#   dr(a.u.)              =   5.00E-03
#   threshold to determine r_m =   1.00E-08
#   continuum_rmax is just right next to r_m in radial grid.
#
# Photoabsorption cross section (in Mb):
P.E.(eV)        Total          1s           2s           2p           3s           3p 
     0.00000  0.00000E+00  0.00000E+00  0.00000E+00  0.00000E+00  0.00000E+00  0.00000E+00
     1.00000  0.00000E+00  0.00000E+00  0.00000E+00  0.00000E+00  0.00000E+00  0.00000E+00
     2.00000  0.00000E+00  0.00000E+00  0.00000E+00  0.00000E+00  0.00000E+00  0.00000E+00
     3.00000  0.00000E+00  0.00000E+00  0.00000E+00  0.00000E+00  0.00000E+00  0.00000E+00
     4.00000  0.00000E+00  0.00000E+00  0.00000E+00  0.00000E+00  0.00000E+00  0.00000E+00
     5.00000  0.00000E+00  0.00000E+00  0.00000E+00  0.00000E+00  0.00000E+00  0.00000E+00
     6.00000  0.00000E+00  0.00000E+00  0.00000E+00  0.00000E+00  0.00000E+00  0.00000E+00
     7.00000  0.00000E+00  0.00000E+00  0.00000E+00  0.00000E+00  0.00000E+00  0.00000E+00
     8.00000  0.00000E+00  0.00000E+00  0.00000E+00  0.00000E+00  0.00000E+00  0.00000E+00
     9.00000  0.00000E+00  0.00000E+00  0.00000E+00  0.00000E+00  0.00000E+00  0.00000E+00
    10.00000  0.00000E+00  0.00000E+00  0.00000E+00  0.00000E+00  0.00000E+00  0.00000E+00
    11.00000  5.87693E+01  0.00000E+00  0.00000E+00  0.00000E+00  0.00000E+00  5.87693E+01
    12.00000  5.55672E+01  0.00000E+00  0.00000E+00  0.00000E+00  0.00000E+00  5.55672E+01
    13.00000  4.84046E+01  0.00000E+00  0.00000E+00  0.00000E+00  0.00000E+00  4.84046E+01
    14.00000  3.93513E+01  0.00000E+00  0.00000E+00  0.00000E+00  0.00000E+00  3.93513E+01
    15.00000  3.03750E+01  0.00000E+00  0.00000E+00  0.00000E+00  0.00000E+00  3.03750E+01
    16.00000  2.26610E+01  0.00000E+00  0.00000E+00  0.00000E+00  0.00000E+00  2.26610E+01
    17.00000  1.65842E+01  0.00000E+00  0.00000E+00  0.00000E+00  0.00000E+00  1.65842E+01
    18.00000  1.20342E+01  0.00000E+00  0.00000E+00  0.00000E+00  0.00000E+00  1.20342E+01
    19.00000  8.72046E+00  0.00000E+00  0.00000E+00  0.00000E+00  0.00000E+00  8.72046E+00
    20.00000  6.33949E+00  0.00000E+00  0.00000E+00  0.00000E+00  0.00000E+00  6.33949E+00
    21.00000  4.69091E+00  0.00000E+00  0.00000E+00  0.00000E+00  5.30560E-02  4.63785E+00
    22.00000  3.51012E+00  0.00000E+00  0.00000E+00  0.00000E+00  8.71053E-02  3.42301E+00
    23.00000  2.67798E+00  0.00000E+00  0.00000E+00  0.00000E+00  1.22911E-01  2.55506E+00
    24.00000  2.09292E+00  0.00000E+00  0.00000E+00  0.00000E+00  1.58518E-01  1.93441E+00
    25.00000  1.68339E+00  0.00000E+00  0.00000E+00  0.00000E+00  1.92742E-01  1.49065E+00
    26.00000  1.39899E+00  0.00000E+00  0.00000E+00  0.00000E+00  2.24904E-01  1.17409E+00
    27.00000  1.20412E+00  0.00000E+00  0.00000E+00  0.00000E+00  2.54653E-01  9.49466E-01
    28.00000  1.07351E+00  0.00000E+00  0.00000E+00  0.00000E+00  2.81849E-01  7.91657E-01
    29.00000  9.89097E-01  0.00000E+00  0.00000E+00  0.00000E+00  3.06481E-01  6.82616E-01
    30.00000  9.37911E-01  0.00000E+00  0.00000E+00  0.00000E+00  3.28619E-01  6.09293E-01
    31.00000  9.10557E-01  0.00000E+00  0.00000E+00  0.00000E+00  3.48378E-01  5.62179E-01
    32.00000  9.00196E-01  0.00000E+00  0.00000E+00  0.00000E+00  3.65898E-01  5.34298E-01
    33.00000  9.01826E-01  0.00000E+00  0.00000E+00  0.00000E+00  3.81332E-01  5.20495E-01
    34.00000  9.11770E-01  0.00000E+00  0.00000E+00  0.00000E+00  3.94832E-01  5.16939E-01
    35.00000  9.27316E-01  0.00000E+00  0.00000E+00  0.00000E+00  4.06549E-01  5.20767E-01
    36.00000  9.46456E-01  0.00000E+00  0.00000E+00  0.00000E+00  4.16628E-01  5.29828E-01
    37.00000  9.67707E-01  0.00000E+00  0.00000E+00  0.00000E+00  4.25204E-01  5.42503E-01
    38.00000  9.89969E-01  0.00000E+00  0.00000E+00  0.00000E+00  4.32405E-01  5.57564E-01
    39.00000  1.01243E+00  0.00000E+00  0.00000E+00  0.00000E+00  4.38350E-01  5.74082E-01
    40.00000  1.03450E+00  0.00000E+00  0.00000E+00  0.00000E+00  4.43148E-01  5.91354E-01
    41.00000  1.05575E+00  0.00000E+00  0.00000E+00  0.00000E+00  4.46900E-01  6.08847E-01
    42.00000  1.07586E+00  0.00000E+00  0.00000E+00  0.00000E+00  4.49700E-01  6.26158E-01
    43.00000  1.09462E+00  0.00000E+00  0.00000E+00  0.00000E+00  4.51634E-01  6.42987E-01
    44.00000  1.11189E+00  0.00000E+00  0.00000E+00  0.00000E+00  4.52781E-01  6.59112E-01
    45.00000  1.12758E+00  0.00000E+00  0.00000E+00  0.00000E+00  4.53214E-01  6.74369E-01
    46.00000  1.14164E+00  0.00000E+00  0.00000E+00  0.00000E+00  4.52999E-01  6.88643E-01
    47.00000  1.15406E+00  0.00000E+00  0.00000E+00  0.00000E+00  4.52199E-01  7.01857E-01
    48.00000  1.16483E+00  0.00000E+00  0.00000E+00  0.00000E+00  4.50870E-01  7.13963E-01
    49.00000  1.17400E+00  0.00000E+00  0.00000E+00  0.00000E+00  4.49065E-01  7.24934E-01
    50.00000  1.18159E+00  0.00000E+00  0.00000E+00  0.00000E+00  4.46831E-01  7.34763E-01
    51.00000  1.18767E+00  0.00000E+00  0.00000E+00  0.00000E+00  4.44215E-01  7.43458E-01
    52.00000  1.19229E+00  0.00000E+00  0.00000E+00  0.00000E+00  4.41255E-01  7.51037E-01
    53.00000  1.19552E+00  0.00000E+00  0.00000E+00  0.00000E+00  4.37991E-01  7.57526E-01
    54.00000  1.19742E+00  0.00000E+00  0.00000E+00  0.00000E+00  4.34457E-01  7.62959E-01
    55.00000  1.19806E+00  0.00000E+00  0.00000E+00  0.00000E+00  4.30685E-01  7.67376E-01
    56.00000  1.19753E+00  0.00000E+00  0.00000E+00  0.00000E+00  4.26705E-01  7.70820E-01
    57.00000  1.19588E+00  0.00000E+00  0.00000E+00  0.00000E+00  4.22543E-01  7.73336E-01
    58.00000  1.19320E+00  0.00000E+00  0.00000E+00  0.00000E+00  4.18225E-01  7.74971E-01
    59.00000  1.18955E+00  0.00000E+00  0.00000E+00  0.00000E+00  4.13774E-01  7.75775E-01
    60.00000  1.18501E+00  0.00000E+00  0.00000E+00  0.00000E+00  4.09210E-01  7.75795E-01
    61.00000  1.17964E+00  0.00000E+00  0.00000E+00  0.00000E+00  4.04553E-01  7.75082E-01
    62.00000  1.17350E+00  0.00000E+00  0.00000E+00  0.00000E+00  3.99820E-01  7.73684E-01
    63.00000  1.16668E+00  0.00000E+00  0.00000E+00  0.00000E+00  3.95027E-01  7.71648E-01
    64.00000  1.15921E+00  0.00000E+00  0.00000E+00  0.00000E+00  3.90190E-01  7.69022E-01
    65.00000  1.15117E+00  0.00000E+00  0.00000E+00  0.00000E+00  3.85321E-01  7.65851E-01
    66.00000  1.14261E+00  0.00000E+00  0.00000E+00  0.00000E+00  3.80432E-01  7.62177E-01
    67.00000  1.13358E+00  0.00000E+00  0.00000E+00  0.00000E+00  3.75534E-01  7.58045E-01
    68.00000  1.12413E+00  0.00000E+00  0.00000E+00  0.00000E+00  3.70638E-01  7.53494E-01
    69.00000  1.11431E+00  0.00000E+00  0.00000E+00  0.00000E+00  3.65752E-01  7.48562E-01
    70.00000  1.10417E+00  0.00000E+00  0.00000E+00  0.00000E+00  3.60884E-01  7.43286E-01
    71.00000  1.09374E+00  0.00000E+00  0.00000E+00  0.00000E+00  3.56042E-01  7.37700E-01
    72.00000  1.08307E+00  0.00000E+00  0.00000E+00  0.00000E+00  3.51231E-01  7.31838E-01
    73.00000  1.07219E+00  0.00000E+00  0.00000E+00  0.00000E+00  3.46457E-01  7.25729E-01
    74.00000  1.06113E+00  0.00000E+00  0.00000E+00  0.00000E+00  3.41726E-01  7.19403E-01
    75.00000  1.04993E+00  0.00000E+00  0.00000E+00  0.00000E+00  3.37041E-01  7.12886E-01
    76.00000  1.03861E+00  0.00000E+00  0.00000E+00  0.00000E+00  3.32407E-01  7.06204E-01
    77.00000  1.02721E+00  0.00000E+00  0.00000E+00  0.00000E+00  3.27827E-01  6.99380E-01
    78.00000  1.01574E+00  0.00000E+00  0.00000E+00  0.00000E+00  3.23304E-01  6.92435E-01
    79.00000  1.00423E+00  0.00000E+00  0.00000E+00  0.00000E+00  3.18839E-01  6.85391E-01
    80.00000  9.92700E-01  0.00000E+00  0.00000E+00  0.00000E+00  3.14436E-01  6.78264E-01
    81.00000  9.81169E-01  0.00000E+00  0.00000E+00  0.00000E+00  3.10096E-01  6.71073E-01
    82.00000  9.69652E-01  0.00000E+00  0.00000E+00  0.00000E+00  3.05820E-01  6.63832E-01
    83.00000  9.58166E-01  0.00000E+00  0.00000E+00  0.00000E+00  3.01609E-01  6.56557E-01
    84.00000  9.46724E-01  0.00000E+00  0.00000E+00  0.00000E+00  2.97465E-01  6.49260E-01
    85.00000  9.35339E-01  0.00000E+00  0.00000E+00  0.00000E+00  2.93387E-01  6.41953E-01
    86.00000  9.24022E-01  0.00000E+00  0.00000E+00  0.00000E+00  2.89375E-01  6.34647E-01
    87.00000  9.12782E-01  0.00000E+00  0.00000E+00  0.00000E+00  2.85431E-01  6.27351E-01
    88.00000  9.01629E-01  0.00000E+00  0.00000E+00  0.00000E+00  2.81554E-01  6.20075E-01
    89.00000  8.90569E-01  0.00000E+00  0.00000E+00  0.00000E+00  2.77743E-01  6.12826E-01
    90.00000  8.79610E-01  0.00000E+00  0.00000E+00  0.00000E+00  2.73999E-01  6.05611E-01
    91.00000  8.68757E-01  0.00000E+00  0.00000E+00  0.00000E+00  2.70321E-01  5.98437E-01
    92.00000  8.58016E-01  0.00000E+00  0.00000E+00  0.00000E+00  2.66708E-01  5.91308E-01
    93.00000  8.47391E-01  0.00000E+00  0.00000E+00  0.00000E+00  2.63160E-01  5.84231E-01
    94.00000  8.36885E-01  0.00000E+00  0.00000E+00  0.00000E+00  2.59676E-01  5.77209E-01
    95.00000  8.26502E-01  0.00000E+00  0.00000E+00  0.00000E+00  2.56255E-01  5.70247E-01
    96.00000  8.16243E-01  0.00000E+00  0.00000E+00  0.00000E+00  2.52896E-01  5.63347E-01
    97.00000  8.06110E-01  0.00000E+00  0.00000E+00  0.00000E+00  2.49598E-01  5.56512E-01
    98.00000  7.96106E-01  0.00000E+00  0.00000E+00  0.00000E+00  2.46361E-01  5.49745E-01
    99.00000  7.86231E-01  0.00000E+00  0.00000E+00  0.00000E+00  2.43183E-01  5.43048E-01
   100.00000  7.76486E-01  0.00000E+00  0.00000E+00  0.00000E+00  2.40063E-01  5.36423E-01
   101.00000  7.66871E-01  0.00000E+00  0.00000E+00  0.00000E+00  2.37000E-01  5.29871E-01
   102.00000  7.57386E-01  0.00000E+00  0.00000E+00  0.00000E+00  2.33994E-01  5.23392E-01
   103.00000  7.48031E-01  0.00000E+00  0.00000E+00  0.00000E+00  2.31042E-01  5.16989E-01
   104.00000  7.38805E-01  0.00000E+00  0.00000E+00  0.00000E+00  2.28144E-01  5.10661E-01
   105.00000  7.29708E-01  0.00000E+00  0.00000E+00  0.00000E+00  2.25299E-01  5.04409E-01
   106.00000  7.20738E-01  0.00000E+00  0.00000E+00  0.00000E+00  2.22505E-01  4.98233E-01
   107.00000  7.11895E-01  0.00000E+00  0.00000E+00  0.00000E+00  2.19762E-01  4.92134E-01
   108.00000  7.03178E-01  0.00000E+00  0.00000E+00  0.00000E+00  2.17068E-01  4.86110E-01
   109.00000  6.94584E-01  0.00000E+00  0.00000E+00  0.00000E+00  2.14422E-01  4.80163E-01
   110.00000  6.86114E-01  0.00000E+00  0.00000E+00  0.00000E+00  2.11823E-01  4.74291E-01
   111.00000  6.77765E-01  0.00000E+00  0.00000E+00  0.00000E+00  2.09271E-01  4.68494E-01
   112.00000  6.69536E-01  0.00000E+00  0.00000E+00  0.00000E+00  2.06763E-01  4.62772E-01
   113.00000  6.61425E-01  0.00000E+00  0.00000E+00  0.00000E+00  2.04300E-01  4.57125E-01
   114.00000  6.53430E-01  0.00000E+00  0.00000E+00  0.00000E+00  2.01879E-01  4.51551E-01
   115.00000  6.45551E-01  0.00000E+00  0.00000E+00  0.00000E+00  1.99501E-01  4.46050E-01
   116.00000  6.37785E-01  0.00000E+00  0.00000E+00  0.00000E+00  1.97163E-01  4.40622E-01
   117.00000  6.30131E-01  0.00000E+00  0.00000E+00  0.00000E+00  1.94866E-01  4.35265E-01
   118.00000  6.22586E-01  0.00000E+00  0.00000E+00  0.00000E+00  1.92607E-01  4.29979E-01
   119.00000  6.15150E-01  0.00000E+00  0.00000E+00  0.00000E+00  1.90387E-01  4.24763E-01
   120.00000  6.07820E-01  0.00000E+00  0.00000E+00  0.00000E+00  1.88204E-01  4.19616E-01
   121.00000  6.00596E-01  0.00000E+00  0.00000E+00  0.00000E+00  1.86057E-01  4.14538E-01
   122.00000  5.93474E-01  0.00000E+00  0.00000E+00  0.00000E+00  1.83946E-01  4.09528E-01
   123.00000  5.86454E-01  0.00000E+00  0.00000E+00  0.00000E+00  1.81870E-01  4.04584E-01
   124.00000  5.79534E-01  0.00000E+00  0.00000E+00  0.00000E+00  1.79827E-01  3.99707E-01
   125.00000  5.72712E-01  0.00000E+00  0.00000E+00  0.00000E+00  1.77817E-01  3.94894E-01
   126.00000  5.65986E-01  0.00000E+00  0.00000E+00  0.00000E+00  1.75840E-01  3.90146E-01
   127.00000  5.59356E-01  0.00000E+00  0.00000E+00  0.00000E+00  1.73895E-01  3.85462E-01
   128.00000  5.52820E-01  0.00000E+00  0.00000E+00  0.00000E+00  1.71980E-01  3.80840E-01
   129.00000  5.46376E-01  0.00000E+00  0.00000E+00  0.00000E+00  1.70095E-01  3.76280E-01
   130.00000  5.40022E-01  0.00000E+00  0.00000E+00  0.00000E+00  1.68240E-01  3.71782E-01
   131.00000  5.33758E-01  0.00000E+00  0.00000E+00  0.00000E+00  1.66414E-01  3.67344E-01
   132.00000  5.27582E-01  0.00000E+00  0.00000E+00  0.00000E+00  1.64616E-01  3.62966E-01
   133.00000  5.21492E-01  0.00000E+00  0.00000E+00  0.00000E+00  1.62846E-01  3.58646E-01
   134.00000  5.15487E-01  0.00000E+00  0.00000E+00  0.00000E+00  1.61102E-01  3.54385E-01
   135.00000  5.09567E-01  0.00000E+00  0.00000E+00  0.00000E+00  1.59385E-01  3.50181E-01
   136.00000  5.03729E-01  0.00000E+00  0.00000E+00  0.00000E+00  1.57694E-01  3.46034E-01
   137.00000  4.97972E-01  0.00000E+00  0.00000E+00  0.00000E+00  1.56029E-01  3.41944E-01
   138.00000  4.92296E-01  0.00000E+00  0.00000E+00  0.00000E+00  1.54388E-01  3.37908E-01
   139.00000  4.86699E-01  0.00000E+00  0.00000E+00  0.00000E+00  1.52771E-01  3.33928E-01
   140.00000  4.81179E-01  0.00000E+00  0.00000E+00  0.00000E+00  1.51178E-01  3.30001E-01
   141.00000  4.75737E-01  0.00000E+00  0.00000E+00  0.00000E+00  1.49608E-01  3.26128E-01
   142.00000  4.70370E-01  0.00000E+00  0.00000E+00  0.00000E+00  1.48062E-01  3.22308E-01
   143.00000  4.65077E-01  0.00000E+00  0.00000E+00  0.00000E+00  1.46537E-01  3.18540E-01
   144.00000  4.59858E-01  0.00000E+00  0.00000E+00  0.00000E+00  1.45035E-01  3.14823E-01
   145.00000  4.54711E-01  0.00000E+00  0.00000E+00  0.00000E+00  1.43554E-01  3.11157E-01
   146.00000  4.49636E-01  0.00000E+00  0.00000E+00  0.00000E+00  1.42095E-01  3.07541E-01
   147.00000  4.44631E-01  0.00000E+00  0.00000E+00  0.00000E+00  1.40656E-01  3.03975E-01
   148.00000  4.39696E-01  0.00000E+00  0.00000E+00  0.00000E+00  1.39237E-01  3.00458E-01
   149.00000  4.34829E-01  0.00000E+00  0.00000E+00  0.00000E+00  1.37839E-01  2.96990E-01
   150.00000  4.30030E-01  0.00000E+00  0.00000E+00  0.00000E+00  1.36460E-01  2.93570E-01
   151.00000  4.25297E-01  0.00000E+00  0.00000E+00  0.00000E+00  1.35101E-01  2.90196E-01
   152.00000  4.20630E-01  0.00000E+00  0.00000E+00  0.00000E+00  1.33760E-01  2.86870E-01
   153.00000  4.16028E-01  0.00000E+00  0.00000E+00  0.00000E+00  1.32438E-01  2.83590E-01
   154.00000  4.11490E-01  0.00000E+00  0.00000E+00  0.00000E+00  1.31135E-01  2.80355E-01
   155.00000  4.07015E-01  0.00000E+00  0.00000E+00  0.00000E+00  1.29849E-01  2.77166E-01
   156.00000  4.02602E-01  0.00000E+00  0.00000E+00  0.00000E+00  1.28581E-01  2.74021E-01
   157.00000  3.98251E-01  0.00000E+00  0.00000E+00  0.00000E+00  1.27331E-01  2.70920E-01
   158.00000  3.93960E-01  0.00000E+00  0.00000E+00  0.00000E+00  1.26097E-01  2.67863E-01
   159.00000  3.89729E-01  0.00000E+00  0.00000E+00  0.00000E+00  1.24881E-01  2.64848E-01
   160.00000  3.85557E-01  0.00000E+00  0.00000E+00  0.00000E+00  1.23681E-01  2.61876E-01
   161.00000  3.81443E-01  0.00000E+00  0.00000E+00  0.00000E+00  1.22497E-01  2.58946E-01
   162.00000  3.77386E-01  0.00000E+00  0.00000E+00  0.00000E+00  1.21330E-01  2.56057E-01
   163.00000  3.73386E-01  0.00000E+00  0.00000E+00  0.00000E+00  1.20178E-01  2.53208E-01
   164.00000  3.69442E-01  0.00000E+00  0.00000E+00  0.00000E+00  1.19042E-01  2.50400E-01
   165.00000  3.65553E-01  0.00000E+00  0.00000E+00  0.00000E+00  1.17921E-01  2.47632E-01
   166.00000  3.61718E-01  0.00000E+00  0.00000E+00  0.00000E+00  1.16815E-01  2.44903E-01
   167.00000  3.57937E-01  0.00000E+00  0.00000E+00  0.00000E+00  1.15724E-01  2.42212E-01
   168.00000  3.54208E-01  0.00000E+00  0.00000E+00  0.00000E+00  1.14648E-01  2.39560E-01
   169.00000  3.50531E-01  0.00000E+00  0.00000E+00  0.00000E+00  1.13586E-01  2.36945E-01
   170.00000  3.46906E-01  0.00000E+00  0.00000E+00  0.00000E+00  1.12538E-01  2.34368E-01
   171.00000  3.43331E-01  0.00000E+00  0.00000E+00  0.00000E+00  1.11505E-01  2.31826E-01
   172.00000  2.30284E+00  0.00000E+00  0.00000E+00  1.96304E+00  1.10485E-01  2.29321E-01
   173.00000  3.17848E+00  0.00000E+00  0.00000E+00  2.84215E+00  1.09478E-01  2.26852E-01
   174.00000  4.05365E+00  0.00000E+00  0.00000E+00  3.72075E+00  1.08485E-01  2.24417E-01
   175.00000  4.78055E+00  0.00000E+00  0.00000E+00  4.45103E+00  1.07505E-01  2.22018E-01
   176.00000  5.27246E+00  0.00000E+00  0.00000E+00  4.94627E+00  1.06538E-01  2.19652E-01
   177.00000  5.52939E+00  0.00000E+00  0.00000E+00  5.20648E+00  1.05584E-01  2.17319E-01
   178.00000  5.60541E+00  0.00000E+00  0.00000E+00  5.28574E+00  1.04643E-01  2.15020E-01
   179.00000  5.56538E+00  0.00000E+00  0.00000E+00  5.24891E+00  1.03713E-01  2.12754E-01
   180.00000  5.46170E+00  0.00000E+00  0.00000E+00  5.14838E+00  1.02796E-01  2.10519E-01
   181.00000  5.32940E+00  0.00000E+00  0.00000E+00  5.01919E+00  1.01891E-01  2.08316E-01
   182.00000  5.18937E+00  0.00000E+00  0.00000E+00  4.88223E+00  1.00998E-01  2.06144E-01
   183.00000  5.05301E+00  0.00000E+00  0.00000E+00  4.74889E+00  1.00117E-01  2.04003E-01
   184.00000  4.92595E+00  0.00000E+00  0.00000E+00  4.62481E+00  9.92471E-02  2.01892E-01
   185.00000  4.81046E+00  0.00000E+00  0.00000E+00  4.51226E+00  9.83886E-02  1.99811E-01
   186.00000  4.70706E+00  0.00000E+00  0.00000E+00  4.41176E+00  9.75413E-02  1.97759E-01
   187.00000  4.61528E+00  0.00000E+00  0.00000E+00  4.32284E+00  9.67049E-02  1.95736E-01
   188.00000  4.53425E+00  0.00000E+00  0.00000E+00  4.24463E+00  9.58794E-02  1.93741E-01
   189.00000  4.46290E+00  0.00000E+00  0.00000E+00  4.17606E+00  9.50646E-02  1.91773E-01
   190.00000  4.40014E+00  0.00000E+00  0.00000E+00  4.11604E+00  9.42603E-02  1.89834E-01
   191.00000  4.34492E+00  0.00000E+00  0.00000E+00  4.06353E+00  9.34664E-02  1.87921E-01
   192.00000  4.29628E+00  0.00000E+00  0.00000E+00  4.01756E+00  9.26826E-02  1.86035E-01
   193.00000  4.25332E+00  0.00000E+00  0.00000E+00  3.97724E+00  9.19090E-02  1.84174E-01
   194.00000  4.21526E+00  0.00000E+00  0.00000E+00  3.94177E+00  9.11452E-02  1.82340E-01
   195.00000  4.18139E+00  0.00000E+00  0.00000E+00  3.91046E+00  9.03912E-02  1.80530E-01
   196.00000  4.15107E+00  0.00000E+00  0.00000E+00  3.88268E+00  8.96468E-02  1.78746E-01
   197.00000  4.12375E+00  0.00000E+00  0.00000E+00  3.85786E+00  8.89119E-02  1.76986E-01
   198.00000  4.09894E+00  0.00000E+00  0.00000E+00  3.83551E+00  8.81863E-02  1.75249E-01
   199.00000  4.07620E+00  0.00000E+00  0.00000E+00  3.81519E+00  8.74699E-02  1.73537E-01
   200.00000  4.05514E+00  0.00000E+00  0.00000E+00  3.79653E+00  8.67625E-02  1.71847E-01
   201.00000  4.03541E+00  0.00000E+00  0.00000E+00  3.77916E+00  8.60640E-02  1.70180E-01
   202.00000  4.01672E+00  0.00000E+00  0.00000E+00  3.76281E+00  8.53743E-02  1.68536E-01
   203.00000  3.99880E+00  0.00000E+00  0.00000E+00  3.74719E+00  8.46932E-02  1.66914E-01
   204.00000  3.98142E+00  0.00000E+00  0.00000E+00  3.73209E+00  8.40206E-02  1.65313E-01
   205.00000  3.96439E+00  0.00000E+00  0.00000E+00  3.71730E+00  8.33563E-02  1.63733E-01
   206.00000  3.94751E+00  0.00000E+00  0.00000E+00  3.70264E+00  8.27003E-02  1.62175E-01
   207.00000  3.93066E+00  0.00000E+00  0.00000E+00  3.68797E+00  8.20524E-02  1.60637E-01
   208.00000  3.91369E+00  0.00000E+00  0.00000E+00  3.67316E+00  8.14124E-02  1.59119E-01
   209.00000  3.89651E+00  0.00000E+00  0.00000E+00  3.65811E+00  8.07803E-02  1.57621E-01
   210.00000  3.87902E+00  0.00000E+00  0.00000E+00  3.64272E+00  8.01559E-02  1.56142E-01
   211.00000  3.86116E+00  0.00000E+00  0.00000E+00  3.62694E+00  7.95392E-02  1.54683E-01
   212.00000  3.84287E+00  0.00000E+00  0.00000E+00  3.61069E+00  7.89299E-02  1.53242E-01
   213.00000  3.82411E+00  0.00000E+00  0.00000E+00  3.59396E+00  7.83279E-02  1.51820E-01
   214.00000  3.80485E+00  0.00000E+00  0.00000E+00  3.57670E+00  7.77332E-02  1.50416E-01
   215.00000  3.78507E+00  0.00000E+00  0.00000E+00  3.55890E+00  7.71457E-02  1.49030E-01
   216.00000  3.76477E+00  0.00000E+00  0.00000E+00  3.54055E+00  7.65651E-02  1.47661E-01
   217.00000  3.74395E+00  0.00000E+00  0.00000E+00  3.52165E+00  7.59915E-02  1.46309E-01
   218.00000  3.72262E+00  0.00000E+00  0.00000E+00  3.50222E+00  7.54246E-02  1.44975E-01
   219.00000  3.70079E+00  0.00000E+00  0.00000E+00  3.48227E+00  7.48644E-02  1.43657E-01
   220.00000  3.67848E+00  0.00000E+00  0.00000E+00  3.46181E+00  7.43108E-02  1.42355E-01
   221.00000  3.65572E+00  0.00000E+00  0.00000E+00  3.44089E+00  7.37636E-02  1.41070E-01
   222.00000  3.63254E+00  0.00000E+00  0.00000E+00  3.41951E+00  7.32229E-02  1.39800E-01
   223.00000  3.60896E+00  0.00000E+00  0.00000E+00  3.39773E+00  7.26883E-02  1.38546E-01
   224.00000  3.58503E+00  0.00000E+00  0.00000E+00  3.37556E+00  7.21600E-02  1.37307E-01
   225.00000  3.92401E+00  0.00000E+00  3.63241E-01  3.35305E+00  7.16377E-02  1.36083E-01
   226.00000  3.90201E+00  0.00000E+00  3.65779E-01  3.33024E+00  7.11213E-02  1.34874E-01
   227.00000  3.87912E+00  0.00000E+00  3.67671E-01  3.30716E+00  7.06108E-02  1.33679E-01
   228.00000  3.85558E+00  0.00000E+00  3.69135E-01  3.28384E+00  7.01061E-02  1.32498E-01
   229.00000  3.83159E+00  0.00000E+00  3.70322E-01  3.26033E+00  6.96071E-02  1.31332E-01
   230.00000  3.80728E+00  0.00000E+00  3.71326E-01  3.23666E+00  6.91136E-02  1.30179E-01
   231.00000  3.78274E+00  0.00000E+00  3.72206E-01  3.21286E+00  6.86256E-02  1.29040E-01
   232.00000  3.75803E+00  0.00000E+00  3.73000E-01  3.18898E+00  6.81430E-02  1.27914E-01
   233.00000  3.73323E+00  0.00000E+00  3.73728E-01  3.16503E+00  6.76658E-02  1.26801E-01
   234.00000  3.70836E+00  0.00000E+00  3.74402E-01  3.14106E+00  6.71938E-02  1.25701E-01
   235.00000  3.68345E+00  0.00000E+00  3.75028E-01  3.11709E+00  6.67269E-02  1.24614E-01
   236.00000  3.65855E+00  0.00000E+00  3.75606E-01  3.09314E+00  6.62650E-02  1.23540E-01
   237.00000  3.63366E+00  0.00000E+00  3.76134E-01  3.06924E+00  6.58082E-02  1.22477E-01
   238.00000  3.60882E+00  0.00000E+00  3.76610E-01  3.04543E+00  6.53562E-02  1.21427E-01
   239.00000  3.58403E+00  0.00000E+00  3.77028E-01  3.02170E+00  6.49091E-02  1.20388E-01
   240.00000  3.55931E+00  0.00000E+00  3.77386E-01  2.99810E+00  6.44667E-02  1.19362E-01
   241.00000  3.53468E+00  0.00000E+00  3.77680E-01  2.97462E+00  6.40290E-02  1.18346E-01
   242.00000  3.51014E+00  0.00000E+00  3.77904E-01  2.95130E+00  6.35959E-02  1.17342E-01
   243.00000  3.48571E+00  0.00000E+00  3.78056E-01  2.92814E+00  6.31673E-02  1.16350E-01
   244.00000  3.46140E+00  0.00000E+00  3.78134E-01  2.90515E+00  6.27431E-02  1.15368E-01
   245.00000  3.43721E+00  0.00000E+00  3.78134E-01  2.88235E+00  6.23233E-02  1.14397E-01
   246.00000  3.41315E+00  0.00000E+00  3.78055E-01  2.85975E+00  6.19079E-02  1.13437E-01
   247.00000  3.38923E+00  0.00000E+00  3.77897E-01  2.83735E+00  6.14966E-02  1.12487E-01
   248.00000  3.36546E+00  0.00000E+00  3.77658E-01  2.81516E+00  6.10896E-02  1.11548E-01
   249.00000  3.34183E+00  0.00000E+00  3.77339E-01  2.79319E+00  6.06866E-02  1.10618E-01
   250.00000  3.31836E+00  0.00000E+00  3.76940E-01  2.77143E+00  6.02877E-02  1.09699E-01
   251.00000  3.29505E+00  0.00000E+00  3.76463E-01  2.74990E+00  5.98928E-02  1.08790E-01
   252.00000  3.27190E+00  0.00000E+00  3.75908E-01  2.72860E+00  5.95018E-02  1.07890E-01
   253.00000  3.24891E+00  0.00000E+00  3.75279E-01  2.70752E+00  5.91147E-02  1.07000E-01
   254.00000  3.22609E+00  0.00000E+00  3.74576E-01  2.68666E+00  5.87314E-02  1.06120E-01
   255.00000  3.20344E+00  0.00000E+00  3.73804E-01  2.66604E+00  5.83518E-02  1.05248E-01
   256.00000  3.18096E+00  0.00000E+00  3.72963E-01  2.64563E+00  5.79759E-02  1.04386E-01
   257.00000  3.15865E+00  0.00000E+00  3.72059E-01  2.62545E+00  5.76036E-02  1.03534E-01
   258.00000  3.13651E+00  0.00000E+00  3.71093E-01  2.60550E+00  5.72349E-02  1.02690E-01
   259.00000  3.11455E+00  0.00000E+00  3.70070E-01  2.58576E+00  5.68698E-02  1.01855E-01
   260.00000  3.09276E+00  0.00000E+00  3.68992E-01  2.56623E+00  5.65081E-02  1.01028E-01
   261.00000  3.07115E+00  0.00000E+00  3.67864E-01  2.54692E+00  5.61498E-02  1.00210E-01
   262.00000  3.04970E+00  0.00000E+00  3.66688E-01  2.52782E+00  5.57949E-02  9.94011E-02
   263.00000  3.02843E+00  0.00000E+00  3.65469E-01  2.50892E+00  5.54433E-02  9.86002E-02
   264.00000  3.00733E+00  0.00000E+00  3.64209E-01  2.49022E+00  5.50951E-02  9.78076E-02
   265.00000  2.98640E+00  0.00000E+00  3.62913E-01  2.47172E+00  5.47500E-02  9.70231E-02
   266.00000  2.96564E+00  0.00000E+00  3.61584E-01  2.45340E+00  5.44081E-02  9.62467E-02
   267.00000  2.94505E+00  0.00000E+00  3.60226E-01  2.43528E+00  5.40694E-02  9.54782E-02
   268.00000  2.92462E+00  0.00000E+00  3.58841E-01  2.41733E+00  5.37337E-02  9.47176E-02
   269.00000  2.90436E+00  0.00000E+00  3.57432E-01  2.39957E+00  5.34012E-02  9.39647E-02
   270.00000  2.88427E+00  0.00000E+00  3.56004E-01  2.38197E+00  5.30716E-02  9.32194E-02
   271.00000  2.86433E+00  0.00000E+00  3.54558E-01  2.36454E+00  5.27450E-02  9.24817E-02
   272.00000  2.84455E+00  0.00000E+00  3.53097E-01  2.34728E+00  5.24213E-02  9.17515E-02
   273.00000  2.82493E+00  0.00000E+00  3.51625E-01  2.33018E+00  5.21005E-02  9.10286E-02
   274.00000  2.80547E+00  0.00000E+00  3.50143E-01  2.31323E+00  5.17826E-02  9.03130E-02
   275.00000  2.78616E+00  0.00000E+00  3.48655E-01  2.29643E+00  5.14675E-02  8.96046E-02
   276.00000  2.76700E+00  0.00000E+00  3.47161E-01  2.27978E+00  5.11551E-02  8.89033E-02
   277.00000  2.74799E+00  0.00000E+00  3.45665E-01  2.26327E+00  5.08455E-02  8.82090E-02
   278.00000  2.72912E+00  0.00000E+00  3.44168E-01  2.24689E+00  5.05386E-02  8.75216E-02
   279.00000  2.71040E+00  0.00000E+00  3.42672E-01  2.23066E+00  5.02344E-02  8.68411E-02
   280.00000  2.69183E+00  0.00000E+00  3.41179E-01  2.21455E+00  4.99328E-02  8.61674E-02
   281.00000  2.67340E+00  0.00000E+00  3.39690E-01  2.19857E+00  4.96339E-02  8.55003E-02
   282.00000  2.65510E+00  0.00000E+00  3.38206E-01  2.18272E+00  4.93375E-02  8.48399E-02
   283.00000  2.63694E+00  0.00000E+00  3.36730E-01  2.16698E+00  4.90436E-02  8.41860E-02
   284.00000  2.61892E+00  0.00000E+00  3.35261E-01  2.15137E+00  4.87523E-02  8.35386E-02
   285.00000  2.60103E+00  0.00000E+00  3.33801E-01  2.13587E+00  4.84634E-02  8.28975E-02
   286.00000  2.58328E+00  0.00000E+00  3.32351E-01  2.12049E+00  4.81770E-02  8.22628E-02
   287.00000  2.56565E+00  0.00000E+00  3.30911E-01  2.10521E+00  4.78930E-02  8.16344E-02
   288.00000  2.54815E+00  0.00000E+00  3.29483E-01  2.09004E+00  4.76114E-02  8.10121E-02
   289.00000  2.53078E+00  0.00000E+00  3.28067E-01  2.07499E+00  4.73322E-02  8.03959E-02
   290.00000  2.51354E+00  0.00000E+00  3.26663E-01  2.06003E+00  4.70553E-02  7.97858E-02
   291.00000  2.49642E+00  0.00000E+00  3.25272E-01  2.04518E+00  4.67807E-02  7.91816E-02
   292.00000  2.47942E+00  0.00000E+00  3.23895E-01  2.03043E+00  4.65084E-02  7.85834E-02
   293.00000  2.46254E+00  0.00000E+00  3.22531E-01  2.01578E+00  4.62384E-02  7.79910E-02
   294.00000  2.44579E+00  0.00000E+00  3.21180E-01  2.00123E+00  4.59706E-02  7.74043E-02
   295.00000  2.42915E+00  0.00000E+00  3.19844E-01  1.98678E+00  4.57050E-02  7.68234E-02
   296.00000  2.41263E+00  0.00000E+00  3.18521E-01  1.97242E+00  4.54417E-02  7.62481E-02
   297.00000  2.39624E+00  0.00000E+00  3.17212E-01  1.95816E+00  4.51804E-02  7.56784E-02
   298.00000  2.37995E+00  0.00000E+00  3.15918E-01  1.94400E+00  4.49213E-02  7.51142E-02
   299.00000  2.36379E+00  0.00000E+00  3.14637E-01  1.92993E+00  4.46644E-02  7.45555E-02
   300.00000  2.34774E+00  0.00000E+00  3.13370E-01  1.91596E+00  4.44095E-02  7.40022E-02
   301.00000  2.33180E+00  0.00000E+00  3.12116E-01  1.90207E+00  4.41567E-02  7.34542E-02
   302.00000  2.31598E+00  0.00000E+00  3.10876E-01  1.88829E+00  4.39060E-02  7.29115E-02
   303.00000  2.30027E+00  0.00000E+00  3.09649E-01  1.87459E+00  4.36572E-02  7.23740E-02
   304.00000  2.28468E+00  0.00000E+00  3.08435E-01  1.86099E+00  4.34105E-02  7.18416E-02
   305.00000  2.26919E+00  0.00000E+00  3.07233E-01  1.84748E+00  4.31658E-02  7.13144E-02
   306.00000  2.25382E+00  0.00000E+00  3.06044E-01  1.83406E+00  4.29231E-02  7.07923E-02
   307.00000  2.23856E+00  0.00000E+00  3.04868E-01  1.82074E+00  4.26823E-02  7.02751E-02
   308.00000  2.22342E+00  0.00000E+00  3.03702E-01  1.80751E+00  4.24434E-02  6.97629E-02
   309.00000  2.20838E+00  0.00000E+00  3.02549E-01  1.79437E+00  4.22064E-02  6.92555E-02
   310.00000  2.19345E+00  0.00000E+00  3.01406E-01  1.78132E+00  4.19714E-02  6.87530E-02
   311.00000  2.17864E+00  0.00000E+00  3.00274E-01  1.76837E+00  4.17382E-02  6.82553E-02
   312.00000  2.16393E+00  0.00000E+00  2.99152E-01  1.75551E+00  4.15069E-02  6.77623E-02
   313.00000  2.14933E+00  0.00000E+00  2.98041E-01  1.74274E+00  4.12774E-02  6.72740E-02
   314.00000  2.13485E+00  0.00000E+00  2.96939E-01  1.73007E+00  4.10497E-02  6.67903E-02
   315.00000  2.12047E+00  0.00000E+00  2.95846E-01  1.71749E+00  4.08238E-02  6.63112E-02
   316.00000  2.10620E+00  0.00000E+00  2.94762E-01  1.70500E+00  4.05997E-02  6.58367E-02
   317.00000  2.09204E+00  0.00000E+00  2.93687E-01  1.69261E+00  4.03774E-02  6.53666E-02
   318.00000  2.07799E+00  0.00000E+00  2.92619E-01  1.68032E+00  4.01568E-02  6.49009E-02
   319.00000  2.06405E+00  0.00000E+00  2.91560E-01  1.66811E+00  3.99380E-02  6.44396E-02
   320.00000  2.05022E+00  0.00000E+00  2.90508E-01  1.65600E+00  3.97209E-02  6.39827E-02
   321.00000  2.03649E+00  0.00000E+00  2.89462E-01  1.64399E+00  3.95055E-02  6.35301E-02
   322.00000  2.02287E+00  0.00000E+00  2.88424E-01  1.63207E+00  3.92917E-02  6.30817E-02
   323.00000  2.00936E+00  0.00000E+00  2.87392E-01  1.62025E+00  3.90797E-02  6.26374E-02
   324.00000  1.99595E+00  0.00000E+00  2.86366E-01  1.60852E+00  3.88693E-02  6.21974E-02
   325.00000  1.98266E+00  0.00000E+00  2.85346E-01  1.59689E+00  3.86605E-02  6.17614E-02
   326.00000  1.96946E+00  0.00000E+00  2.84331E-01  1.58535E+00  3.84534E-02  6.13295E-02
   327.00000  1.95638E+00  0.00000E+00  2.83322E-01  1.57391E+00  3.82479E-02  6.09016E-02
   328.00000  1.94340E+00  0.00000E+00  2.82317E-01  1.56256E+00  3.80439E-02  6.04777E-02
   329.00000  1.93052E+00  0.00000E+00  2.81317E-01  1.55131E+00  3.78416E-02  6.00576E-02
   330.00000  1.91775E+00  0.00000E+00  2.80321E-01  1.54015E+00  3.76408E-02  5.96415E-02
   331.00000  1.90509E+00  0.00000E+00  2.79330E-01  1.52909E+00  3.74416E-02  5.92292E-02
   332.00000  1.89253E+00  0.00000E+00  2.78342E-01  1.51812E+00  3.72439E-02  5.88207E-02
   333.00000  1.88007E+00  0.00000E+00  2.77358E-01  1.50725E+00  3.70477E-02  5.84159E-02
   334.00000  1.86771E+00  0.00000E+00  2.76377E-01  1.49647E+00  3.68531E-02  5.80149E-02
   335.00000  1.85546E+00  0.00000E+00  2.75400E-01  1.48578E+00  3.66599E-02  5.76175E-02
   336.00000  1.84331E+00  0.00000E+00  2.74425E-01  1.47519E+00  3.64682E-02  5.72237E-02
   337.00000  1.83126E+00  0.00000E+00  2.73454E-01  1.46469E+00  3.62780E-02  5.68336E-02
   338.00000  1.81931E+00  0.00000E+00  2.72485E-01  1.45429E+00  3.60893E-02  5.64469E-02
   339.00000  1.80746E+00  0.00000E+00  2.71519E-01  1.44398E+00  3.59020E-02  5.60638E-02
   340.00000  1.79572E+00  0.00000E+00  2.70555E-01  1.43376E+00  3.57161E-02  5.56842E-02
   341.00000  1.78407E+00  0.00000E+00  2.69594E-01  1.42363E+00  3.55316E-02  5.53080E-02
   342.00000  1.77252E+00  0.00000E+00  2.68635E-01  1.41360E+00  3.53486E-02  5.49351E-02
   343.00000  1.76106E+00  0.00000E+00  2.67678E-01  1.40365E+00  3.51669E-02  5.45657E-02
   344.00000  1.74971E+00  0.00000E+00  2.66723E-01  1.39380E+00  3.49866E-02  5.41995E-02
   345.00000  1.73845E+00  0.00000E+00  2.65770E-01  1.38403E+00  3.48077E-02  5.38366E-02
   346.00000  1.72729E+00  0.00000E+00  2.64819E-01  1.37436E+00  3.46301E-02  5.34770E-02
   347.00000  1.71622E+00  0.00000E+00  2.63870E-01  1.36477E+00  3.44539E-02  5.31206E-02
   348.00000  1.70524E+00  0.00000E+00  2.62922E-01  1.35528E+00  3.42790E-02  5.27673E-02
   349.00000  1.69436E+00  0.00000E+00  2.61977E-01  1.34586E+00  3.41054E-02  5.24172E-02
   350.00000  1.68358E+00  0.00000E+00  2.61033E-01  1.33654E+00  3.39331E-02  5.20702E-02
   351.00000  1.67288E+00  0.00000E+00  2.60091E-01  1.32730E+00  3.37621E-02  5.17263E-02
   352.00000  1.66228E+00  0.00000E+00  2.59151E-01  1.31815E+00  3.35924E-02  5.13854E-02
   353.00000  1.65176E+00  0.00000E+00  2.58213E-01  1.30908E+00  3.34240E-02  5.10475E-02
   354.00000  1.64134E+00  0.00000E+00  2.57276E-01  1.30009E+00  3.32568E-02  5.07126E-02
   355.00000  1.63101E+00  0.00000E+00  2.56341E-01  1.29119E+00  3.30909E-02  5.03806E-02
   356.00000  1.62076E+00  0.00000E+00  2.55408E-01  1.28237E+00  3.29262E-02  5.00515E-02
   357.00000  1.61060E+00  0.00000E+00  2.54476E-01  1.27363E+00  3.27627E-02  4.97253E-02
   358.00000  1.60053E+00  0.00000E+00  2.53547E-01  1.26498E+00  3.26005E-02  4.94019E-02
   359.00000  1.59054E+00  0.00000E+00  2.52619E-01  1.25640E+00  3.24394E-02  4.90813E-02
   360.00000  1.58064E+00  0.00000E+00  2.51694E-01  1.24790E+00  3.22796E-02  4.87635E-02
   361.00000  1.57082E+00  0.00000E+00  2.50770E-01  1.23948E+00  3.21209E-02  4.84485E-02
   362.00000  1.56108E+00  0.00000E+00  2.49849E-01  1.23113E+00  3.19634E-02  4.81361E-02
   363.00000  1.55143E+00  0.00000E+00  2.48929E-01  1.22287E+00  3.18070E-02  4.78265E-02
   364.00000  1.54186E+00  0.00000E+00  2.48012E-01  1.21467E+00  3.16518E-02  4.75194E-02
   365.00000  1.53237E+00  0.00000E+00  2.47097E-01  1.20656E+00  3.14977E-02  4.72151E-02
   366.00000  1.52295E+00  0.00000E+00  2.46184E-01  1.19851E+00  3.13448E-02  4.69133E-02
   367.00000  1.51362E+00  0.00000E+00  2.45273E-01  1.19054E+00  3.11929E-02  4.66140E-02
   368.00000  1.50437E+00  0.00000E+00  2.44365E-01  1.18264E+00  3.10422E-02  4.63173E-02
   369.00000  1.49519E+00  0.00000E+00  2.43460E-01  1.17481E+00  3.08926E-02  4.60231E-02
   370.00000  1.48609E+00  0.00000E+00  2.42556E-01  1.16706E+00  3.07440E-02  4.57314E-02
   371.00000  1.47706E+00  0.00000E+00  2.41656E-01  1.15937E+00  3.05965E-02  4.54422E-02
   372.00000  1.46811E+00  0.00000E+00  2.40758E-01  1.15175E+00  3.04501E-02  4.51553E-02
   373.00000  1.45923E+00  0.00000E+00  2.39863E-01  1.14420E+00  3.03047E-02  4.48709E-02
   374.00000  1.45043E+00  0.00000E+00  2.38971E-01  1.13671E+00  3.01604E-02  4.45889E-02
   375.00000  1.44170E+00  0.00000E+00  2.38082E-01  1.12929E+00  3.00171E-02  4.43092E-02
   376.00000  1.43304E+00  0.00000E+00  2.37196E-01  1.12194E+00  2.98749E-02  4.40318E-02
   377.00000  1.42445E+00  0.00000E+00  2.36313E-01  1.11465E+00  2.97336E-02  4.37567E-02
   378.00000  1.41593E+00  0.00000E+00  2.35433E-01  1.10742E+00  2.95934E-02  4.34839E-02
   379.00000  1.40748E+00  0.00000E+00  2.34556E-01  1.10025E+00  2.94541E-02  4.32134E-02
   380.00000  1.39910E+00  0.00000E+00  2.33682E-01  1.09315E+00  2.93158E-02  4.29451E-02
   381.00000  1.39078E+00  0.00000E+00  2.32812E-01  1.08611E+00  2.91785E-02  4.26790E-02
   382.00000  1.38253E+00  0.00000E+00  2.31945E-01  1.07913E+00  2.90422E-02  4.24150E-02
   383.00000  1.37435E+00  0.00000E+00  2.31082E-01  1.07221E+00  2.89069E-02  4.21533E-02
   384.00000  1.36623E+00  0.00000E+00  2.30222E-01  1.06535E+00  2.87724E-02  4.18936E-02
   385.00000  1.35818E+00  0.00000E+00  2.29366E-01  1.05854E+00  2.86390E-02  4.16361E-02
   386.00000  1.35019E+00  0.00000E+00  2.28513E-01  1.05179E+00  2.85064E-02  4.13807E-02
   387.00000  1.34227E+00  0.00000E+00  2.27664E-01  1.04510E+00  2.83748E-02  4.11273E-02
   388.00000  1.33440E+00  0.00000E+00  2.26819E-01  1.03846E+00  2.82441E-02  4.08760E-02
   389.00000  1.32660E+00  0.00000E+00  2.25977E-01  1.03188E+00  2.81143E-02  4.06268E-02
   390.00000  1.31886E+00  0.00000E+00  2.25139E-01  1.02536E+00  2.79854E-02  4.03795E-02
   391.00000  1.31118E+00  0.00000E+00  2.24305E-01  1.01888E+00  2.78573E-02  4.01342E-02
   392.00000  1.30356E+00  0.00000E+00  2.23476E-01  1.01246E+00  2.77302E-02  3.98909E-02
   393.00000  1.29600E+00  0.00000E+00  2.22650E-01  1.00609E+00  2.76039E-02  3.96495E-02
   394.00000  1.28849E+00  0.00000E+00  2.21828E-01  9.99776E-01  2.74785E-02  3.94100E-02
   395.00000  1.28105E+00  0.00000E+00  2.21010E-01  9.93510E-01  2.73539E-02  3.91725E-02
   396.00000  1.27366E+00  0.00000E+00  2.20196E-01  9.87294E-01  2.72302E-02  3.89368E-02
   397.00000  1.26632E+00  0.00000E+00  2.19386E-01  9.81128E-01  2.71073E-02  3.87030E-02
   398.00000  1.25905E+00  0.00000E+00  2.18580E-01  9.75011E-01  2.69853E-02  3.84710E-02
   399.00000  1.25183E+00  0.00000E+00  2.17778E-01  9.68942E-01  2.68640E-02  3.82409E-02
   400.00000  1.24466E+00  0.00000E+00  2.16981E-01  9.62921E-01  2.67436E-02  3.80126E-02
   401.00000  1.23754E+00  0.00000E+00  2.16187E-01  9.56947E-01  2.66240E-02  3.77860E-02
   402.00000  1.23048E+00  0.00000E+00  2.15398E-01  9.51020E-01  2.65052E-02  3.75613E-02
   403.00000  1.22348E+00  0.00000E+00  2.14613E-01  9.45140E-01  2.63872E-02  3.73382E-02
   404.00000  1.21652E+00  0.00000E+00  2.13832E-01  9.39304E-01  2.62700E-02  3.71170E-02
   405.00000  1.20962E+00  0.00000E+00  2.13055E-01  9.33514E-01  2.61535E-02  3.68974E-02
   406.00000  1.20277E+00  0.00000E+00  2.12283E-01  9.27769E-01  2.60378E-02  3.66795E-02
   407.00000  1.19597E+00  0.00000E+00  2.11514E-01  9.22067E-01  2.59229E-02  3.64634E-02
   408.00000  1.18922E+00  0.00000E+00  2.10750E-01  9.16409E-01  2.58087E-02  3.62489E-02
   409.00000  1.18252E+00  0.00000E+00  2.09990E-01  9.10795E-01  2.56953E-02  3.60360E-02
   410.00000  1.17586E+00  0.00000E+00  2.09234E-01  9.05223E-01  2.55826E-02  3.58248E-02
   411.00000  1.16926E+00  0.00000E+00  2.08482E-01  8.99693E-01  2.54706E-02  3.56152E-02
   412.00000  1.16271E+00  0.00000E+00  2.07735E-01  8.94205E-01  2.53594E-02  3.54072E-02
   413.00000  1.15620E+00  0.00000E+00  2.06991E-01  8.88758E-01  2.52489E-02  3.52009E-02
   414.00000  1.14974E+00  0.00000E+00  2.06252E-01  8.83353E-01  2.51391E-02  3.49960E-02
   415.00000  1.14333E+00  0.00000E+00  2.05516E-01  8.77987E-01  2.50300E-02  3.47928E-02
   416.00000  1.13696E+00  0.00000E+00  2.04785E-01  8.72662E-01  2.49216E-02  3.45911E-02
   417.00000  1.13064E+00  0.00000E+00  2.04058E-01  8.67377E-01  2.48139E-02  3.43909E-02
   418.00000  1.12437E+00  0.00000E+00  2.03335E-01  8.62131E-01  2.47069E-02  3.41923E-02
   419.00000  1.11814E+00  0.00000E+00  2.02616E-01  8.56924E-01  2.46006E-02  3.39952E-02
   420.00000  1.11195E+00  0.00000E+00  2.01901E-01  8.51756E-01  2.44949E-02  3.37995E-02
   421.00000  1.10581E+00  0.00000E+00  2.01189E-01  8.46626E-01  2.43899E-02  3.36054E-02
   422.00000  1.09971E+00  0.00000E+00  2.00482E-01  8.41534E-01  2.42856E-02  3.34127E-02
   423.00000  1.09366E+00  0.00000E+00  1.99779E-01  8.36479E-01  2.41820E-02  3.32214E-02
   424.00000  1.08765E+00  0.00000E+00  1.99079E-01  8.31462E-01  2.40789E-02  3.30316E-02
   425.00000  1.08168E+00  0.00000E+00  1.98384E-01  8.26481E-01  2.39766E-02  3.28432E-02
   426.00000  1.07576E+00  0.00000E+00  1.97692E-01  8.21538E-01  2.38748E-02  3.26563E-02
   427.00000  1.06988E+00  0.00000E+00  1.97004E-01  8.16630E-01  2.37738E-02  3.24707E-02
   428.00000  1.06404E+00  0.00000E+00  1.96319E-01  8.11759E-01  2.36733E-02  3.22865E-02
   429.00000  1.05824E+00  0.00000E+00  1.95639E-01  8.06923E-01  2.35734E-02  3.21037E-02
   430.00000  1.05248E+00  0.00000E+00  1.94962E-01  8.02122E-01  2.34742E-02  3.19223E-02
   431.00000  1.04676E+00  0.00000E+00  1.94288E-01  7.97357E-01  2.33756E-02  3.17422E-02
   432.00000  1.04109E+00  0.00000E+00  1.93619E-01  7.92627E-01  2.32776E-02  3.15635E-02
   433.00000  1.03545E+00  0.00000E+00  1.92952E-01  7.87931E-01  2.31802E-02  3.13861E-02
   434.00000  1.02985E+00  0.00000E+00  1.92290E-01  7.83270E-01  2.30834E-02  3.12100E-02
   435.00000  1.02429E+00  0.00000E+00  1.91630E-01  7.78642E-01  2.29872E-02  3.10351E-02
   436.00000  1.01878E+00  0.00000E+00  1.90974E-01  7.74048E-01  2.28915E-02  3.08616E-02
   437.00000  1.01330E+00  0.00000E+00  1.90322E-01  7.69488E-01  2.27965E-02  3.06894E-02
   438.00000  1.00785E+00  0.00000E+00  1.89673E-01  7.64961E-01  2.27020E-02  3.05184E-02
   439.00000  1.00245E+00  0.00000E+00  1.89027E-01  7.60467E-01  2.26081E-02  3.03487E-02
   440.00000  9.97086E-01  0.00000E+00  1.88385E-01  7.56006E-01  2.25148E-02  3.01802E-02
   441.00000  9.91758E-01  0.00000E+00  1.87746E-01  7.51578E-01  2.24220E-02  3.00130E-02
   442.00000  9.86468E-01  0.00000E+00  1.87110E-01  7.47182E-01  2.23298E-02  2.98470E-02
   443.00000  9.81214E-01  0.00000E+00  1.86477E-01  7.42817E-01  2.22381E-02  2.96822E-02
   444.00000  9.75998E-01  0.00000E+00  1.85847E-01  7.38485E-01  2.21470E-02  2.95186E-02
   445.00000  9.70817E-01  0.00000E+00  1.85220E-01  7.34184E-01  2.20564E-02  2.93562E-02
   446.00000  9.65673E-01  0.00000E+00  1.84597E-01  7.29915E-01  2.19664E-02  2.91950E-02
   447.00000  9.60565E-01  0.00000E+00  1.83976E-01  7.25677E-01  2.18769E-02  2.90349E-02
   448.00000  9.55492E-01  0.00000E+00  1.83358E-01  7.21470E-01  2.17879E-02  2.88760E-02
   449.00000  9.50455E-01  0.00000E+00  1.82744E-01  7.17293E-01  2.16994E-02  2.87183E-02
   450.00000  9.45453E-01  0.00000E+00  1.82132E-01  7.13148E-01  2.16115E-02  2.85617E-02
   451.00000  9.40485E-01  0.00000E+00  1.81523E-01  7.09032E-01  2.15241E-02  2.84062E-02
   452.00000  9.35552E-01  0.00000E+00  1.80917E-01  7.04946E-01  2.14372E-02  2.82519E-02
   453.00000  9.30654E-01  0.00000E+00  1.80313E-01  7.00891E-01  2.13508E-02  2.80986E-02
   454.00000  9.25789E-01  0.00000E+00  1.79713E-01  6.96865E-01  2.12650E-02  2.79465E-02
   455.00000  9.20958E-01  0.00000E+00  1.79115E-01  6.92868E-01  2.11796E-02  2.77955E-02
   456.00000  9.16161E-01  0.00000E+00  1.78520E-01  6.88901E-01  2.10947E-02  2.76455E-02
   457.00000  9.11397E-01  0.00000E+00  1.77927E-01  6.84963E-01  2.10103E-02  2.74966E-02
   458.00000  9.06666E-01  0.00000E+00  1.77337E-01  6.81053E-01  2.09264E-02  2.73488E-02
   459.00000  9.01968E-01  0.00000E+00  1.76750E-01  6.77173E-01  2.08430E-02  2.72021E-02
   460.00000  8.97302E-01  0.00000E+00  1.76165E-01  6.73320E-01  2.07601E-02  2.70564E-02
   461.00000  8.92669E-01  0.00000E+00  1.75583E-01  6.69496E-01  2.06777E-02  2.69117E-02
   462.00000  8.88067E-01  0.00000E+00  1.75003E-01  6.65700E-01  2.05957E-02  2.67681E-02
   463.00000  8.83498E-01  0.00000E+00  1.74426E-01  6.61932E-01  2.05142E-02  2.66255E-02
   464.00000  8.78960E-01  0.00000E+00  1.73851E-01  6.58191E-01  2.04332E-02  2.64839E-02
   465.00000  8.74453E-01  0.00000E+00  1.73279E-01  6.54478E-01  2.03526E-02  2.63434E-02
   466.00000  8.69978E-01  0.00000E+00  1.72709E-01  6.50792E-01  2.02725E-02  2.62038E-02
   467.00000  8.65533E-01  0.00000E+00  1.72142E-01  6.47133E-01  2.01929E-02  2.60652E-02
   468.00000  8.61119E-01  0.00000E+00  1.71576E-01  6.43501E-01  2.01137E-02  2.59276E-02
   469.00000  8.56735E-01  0.00000E+00  1.71013E-01  6.39896E-01  2.00350E-02  2.57910E-02
   470.00000  8.52381E-01  0.00000E+00  1.70453E-01  6.36317E-01  1.99567E-02  2.56553E-02
   471.00000  8.48058E-01  0.00000E+00  1.69894E-01  6.32764E-01  1.98788E-02  2.55206E-02
   472.00000  8.43764E-01  0.00000E+00  1.69338E-01  6.29237E-01  1.98014E-02  2.53868E-02
   473.00000  8.39499E-01  0.00000E+00  1.68784E-01  6.25736E-01  1.97245E-02  2.52540E-02
   474.00000  8.35264E-01  0.00000E+00  1.68233E-01  6.22261E-01  1.96480E-02  2.51221E-02
   475.00000  8.31058E-01  0.00000E+00  1.67683E-01  6.18811E-01  1.95719E-02  2.49912E-02
   476.00000  8.26880E-01  0.00000E+00  1.67136E-01  6.15387E-01  1.94962E-02  2.48611E-02
   477.00000  8.22731E-01  0.00000E+00  1.66591E-01  6.11987E-01  1.94210E-02  2.47320E-02
   478.00000  8.18611E-01  0.00000E+00  1.66048E-01  6.08613E-01  1.93462E-02  2.46038E-02
   479.00000  8.14518E-01  0.00000E+00  1.65507E-01  6.05263E-01  1.92718E-02  2.44764E-02
   480.00000  8.10453E-01  0.00000E+00  1.64968E-01  6.01937E-01  1.91978E-02  2.43500E-02
   481.00000  8.06416E-01  0.00000E+00  1.64432E-01  5.98636E-01  1.91242E-02  2.42244E-02
   482.00000  8.02407E-01  0.00000E+00  1.63897E-01  5.95359E-01  1.90511E-02  2.40997E-02
   483.00000  7.98425E-01  0.00000E+00  1.63364E-01  5.92106E-01  1.89783E-02  2.39759E-02
   484.00000  7.94469E-01  0.00000E+00  1.62834E-01  5.88876E-01  1.89060E-02  2.38529E-02
   485.00000  7.90541E-01  0.00000E+00  1.62306E-01  5.85670E-01  1.88341E-02  2.37307E-02
   486.00000  7.86639E-01  0.00000E+00  1.61779E-01  5.82488E-01  1.87626E-02  2.36095E-02
   487.00000  7.82763E-01  0.00000E+00  1.61255E-01  5.79328E-01  1.86914E-02  2.34890E-02
   488.00000  7.78914E-01  0.00000E+00  1.60733E-01  5.76191E-01  1.86207E-02  2.33694E-02
   489.00000  7.75090E-01  0.00000E+00  1.60212E-01  5.73077E-01  1.85503E-02  2.32506E-02
   490.00000  7.71293E-01  0.00000E+00  1.59694E-01  5.69986E-01  1.84804E-02  2.31326E-02
   491.00000  7.67521E-01  0.00000E+00  1.59177E-01  5.66917E-01  1.84108E-02  2.30154E-02
   492.00000  7.63774E-01  0.00000E+00  1.58663E-01  5.63870E-01  1.83416E-02  2.28990E-02
   493.00000  7.60052E-01  0.00000E+00  1.58151E-01  5.60845E-01  1.82729E-02  2.27835E-02
   494.00000  7.56355E-01  0.00000E+00  1.57640E-01  5.57842E-01  1.82044E-02  2.26687E-02
   495.00000  7.52683E-01  0.00000E+00  1.57132E-01  5.54860E-01  1.81364E-02  2.25547E-02
   496.00000  7.49036E-01  0.00000E+00  1.56625E-01  5.51900E-01  1.80687E-02  2.24414E-02
   497.00000  7.45412E-01  0.00000E+00  1.56120E-01  5.48961E-01  1.80014E-02  2.23290E-02
   498.00000  7.41813E-01  0.00000E+00  1.55618E-01  5.46043E-01  1.79345E-02  2.22172E-02
   499.00000  7.38238E-01  0.00000E+00  1.55117E-01  5.43146E-01  1.78680E-02  2.21063E-02
   500.00000  7.34686E-01  0.00000E+00  1.54618E-01  5.40270E-01  1.78018E-02  2.19961E-02
   501.00000  7.31158E-01  0.00000E+00  1.54121E-01  5.37414E-01  1.77359E-02  2.18866E-02
   502.00000  7.27653E-01  0.00000E+00  1.53626E-01  5.34578E-01  1.76705E-02  2.17779E-02
   503.00000  7.24171E-01  0.00000E+00  1.53133E-01  5.31763E-01  1.76054E-02  2.16699E-02
   504.00000  7.20713E-01  0.00000E+00  1.52642E-01  5.28967E-01  1.75406E-02  2.15626E-02
   505.00000  7.17277E-01  0.00000E+00  1.52153E-01  5.26191E-01  1.74762E-02  2.14561E-02
   506.00000  7.13863E-01  0.00000E+00  1.51665E-01  5.23435E-01  1.74121E-02  2.13502E-02
   507.00000  7.10472E-01  0.00000E+00  1.51180E-01  5.20698E-01  1.73484E-02  2.12451E-02
   508.00000  7.07103E-01  0.00000E+00  1.50696E-01  5.17981E-01  1.72851E-02  2.11407E-02
   509.00000  7.03756E-01  0.00000E+00  1.50215E-01  5.15282E-01  1.72221E-02  2.10369E-02
   510.00000  7.00430E-01  0.00000E+00  1.49735E-01  5.12602E-01  1.71594E-02  2.09339E-02
   511.00000  6.97127E-01  0.00000E+00  1.49257E-01  5.09941E-01  1.70971E-02  2.08315E-02
   512.00000  6.93844E-01  0.00000E+00  1.48781E-01  5.07299E-01  1.70351E-02  2.07298E-02
   513.00000  6.90583E-01  0.00000E+00  1.48307E-01  5.04674E-01  1.69734E-02  2.06287E-02
   514.00000  6.87343E-01  0.00000E+00  1.47835E-01  5.02068E-01  1.69121E-02  2.05284E-02
   515.00000  6.84124E-01  0.00000E+00  1.47364E-01  4.99480E-01  1.68511E-02  2.04286E-02
   516.00000  6.80926E-01  0.00000E+00  1.46896E-01  4.96910E-01  1.67904E-02  2.03296E-02
   517.00000  6.77748E-01  0.00000E+00  1.46430E-01  4.94357E-01  1.67300E-02  2.02312E-02
   518.00000  6.74590E-01  0.00000E+00  1.45965E-01  4.91822E-01  1.66700E-02  2.01334E-02
   519.00000  6.71453E-01  0.00000E+00  1.45502E-01  4.89305E-01  1.66103E-02  2.00363E-02
   520.00000  6.68336E-01  0.00000E+00  1.45041E-01  4.86804E-01  1.65509E-02  1.99397E-02
   521.00000  6.65238E-01  0.00000E+00  1.44582E-01  4.84320E-01  1.64919E-02  1.98439E-02
   522.00000  6.62160E-01  0.00000E+00  1.44125E-01  4.81854E-01  1.64331E-02  1.97486E-02
   523.00000  6.59102E-01  0.00000E+00  1.43670E-01  4.79404E-01  1.63747E-02  1.96540E-02
   524.00000  6.56063E-01  0.00000E+00  1.43216E-01  4.76970E-01  1.63166E-02  1.95599E-02
   525.00000  6.53043E-01  0.00000E+00  1.42765E-01  4.74553E-01  1.62588E-02  1.94665E-02
   526.00000  6.50042E-01  0.00000E+00  1.42315E-01  4.72152E-01  1.62013E-02  1.93737E-02
   527.00000  6.47060E-01  0.00000E+00  1.41867E-01  4.69768E-01  1.61441E-02  1.92814E-02
   528.00000  6.44097E-01  0.00000E+00  1.41421E-01  4.67399E-01  1.60872E-02  1.91898E-02
   529.00000  6.41152E-01  0.00000E+00  1.40977E-01  4.65046E-01  1.60306E-02  1.90987E-02
   530.00000  6.38226E-01  0.00000E+00  1.40535E-01  4.62708E-01  1.59743E-02  1.90082E-02
   531.00000  6.35318E-01  0.00000E+00  1.40095E-01  4.60386E-01  1.59183E-02  1.89183E-02
   532.00000  6.32428E-01  0.00000E+00  1.39656E-01  4.58080E-01  1.58626E-02  1.88290E-02
   533.00000  6.29555E-01  0.00000E+00  1.39219E-01  4.55789E-01  1.58072E-02  1.87402E-02
   534.00000  6.26701E-01  0.00000E+00  1.38785E-01  4.53512E-01  1.57521E-02  1.86520E-02
   535.00000  6.23864E-01  0.00000E+00  1.38352E-01  4.51251E-01  1.56972E-02  1.85644E-02
   536.00000  6.21045E-01  0.00000E+00  1.37921E-01  4.49004E-01  1.56427E-02  1.84773E-02
   537.00000  6.18243E-01  0.00000E+00  1.37491E-01  4.46772E-01  1.55884E-02  1.83907E-02
   538.00000  6.15458E-01  0.00000E+00  1.37064E-01  4.44555E-01  1.55345E-02  1.83047E-02
   539.00000  6.12690E-01  0.00000E+00  1.36638E-01  4.42352E-01  1.54808E-02  1.82193E-02
   540.00000  6.09939E-01  0.00000E+00  1.36215E-01  4.40163E-01  1.54274E-02  1.81344E-02
   541.00000  6.07205E-01  0.00000E+00  1.35793E-01  4.37988E-01  1.53743E-02  1.80500E-02
   542.00000  6.04487E-01  0.00000E+00  1.35373E-01  4.35827E-01  1.53214E-02  1.79661E-02
   543.00000  6.01786E-01  0.00000E+00  1.34954E-01  4.33680E-01  1.52688E-02  1.78827E-02
   544.00000  5.99102E-01  0.00000E+00  1.34538E-01  4.31547E-01  1.52165E-02  1.77999E-02
   545.00000  5.96433E-01  0.00000E+00  1.34123E-01  4.29428E-01  1.51645E-02  1.77176E-02
   546.00000  5.93781E-01  0.00000E+00  1.33710E-01  4.27322E-01  1.51127E-02  1.76358E-02
   547.00000  5.91144E-01  0.00000E+00  1.33299E-01  4.25229E-01  1.50612E-02  1.75544E-02
   548.00000  5.88523E-01  0.00000E+00  1.32890E-01  4.23150E-01  1.50100E-02  1.74736E-02
   549.00000  5.85918E-01  0.00000E+00  1.32483E-01  4.21083E-01  1.49590E-02  1.73933E-02
   550.00000  5.83329E-01  0.00000E+00  1.32077E-01  4.19030E-01  1.49083E-02  1.73135E-02
   551.00000  5.80755E-01  0.00000E+00  1.31673E-01  4.16990E-01  1.48578E-02  1.72341E-02
   552.00000  5.78196E-01  0.00000E+00  1.31271E-01  4.14962E-01  1.48077E-02  1.71553E-02
   553.00000  5.75653E-01  0.00000E+00  1.30871E-01  4.12947E-01  1.47577E-02  1.70769E-02
   554.00000  5.73124E-01  0.00000E+00  1.30472E-01  4.10945E-01  1.47080E-02  1.69990E-02
   555.00000  5.70611E-01  0.00000E+00  1.30075E-01  4.08955E-01  1.46586E-02  1.69215E-02
   556.00000  5.68112E-01  0.00000E+00  1.29680E-01  4.06977E-01  1.46094E-02  1.68445E-02
   557.00000  5.65628E-01  0.00000E+00  1.29287E-01  4.05012E-01  1.45605E-02  1.67680E-02
   558.00000  5.63158E-01  0.00000E+00  1.28896E-01  4.03059E-01  1.45118E-02  1.66919E-02
   559.00000  5.60704E-01  0.00000E+00  1.28506E-01  4.01118E-01  1.44634E-02  1.66163E-02
   560.00000  5.58263E-01  0.00000E+00  1.28118E-01  3.99189E-01  1.44152E-02  1.65412E-02
   561.00000  5.55837E-01  0.00000E+00  1.27731E-01  3.97272E-01  1.43672E-02  1.64664E-02
   562.00000  5.53425E-01  0.00000E+00  1.27347E-01  3.95366E-01  1.43195E-02  1.63922E-02
   563.00000  5.51026E-01  0.00000E+00  1.26964E-01  3.93472E-01  1.42721E-02  1.63183E-02
   564.00000  5.48642E-01  0.00000E+00  1.26582E-01  3.91590E-01  1.42248E-02  1.62449E-02
   565.00000  5.46272E-01  0.00000E+00  1.26203E-01  3.89719E-01  1.41778E-02  1.61720E-02
   566.00000  5.43915E-01  0.00000E+00  1.25825E-01  3.87860E-01  1.41311E-02  1.60994E-02
   567.00000  5.41572E-01  0.00000E+00  1.25449E-01  3.86011E-01  1.40845E-02  1.60273E-02
   568.00000  5.39242E-01  0.00000E+00  1.25074E-01  3.84174E-01  1.40382E-02  1.59556E-02
   569.00000  5.36926E-01  0.00000E+00  1.24701E-01  3.82349E-01  1.39922E-02  1.58843E-02
   570.00000  5.34623E-01  0.00000E+00  1.24330E-01  3.80534E-01  1.39463E-02  1.58134E-02
   571.00000  5.32334E-01  0.00000E+00  1.23960E-01  3.78730E-01  1.39007E-02  1.57430E-02
   572.00000  5.30057E-01  0.00000E+00  1.23592E-01  3.76937E-01  1.38553E-02  1.56729E-02
   573.00000  5.27794E-01  0.00000E+00  1.23226E-01  3.75154E-01  1.38102E-02  1.56033E-02
   574.00000  5.25543E-01  0.00000E+00  1.22861E-01  3.73383E-01  1.37652E-02  1.55341E-02
   575.00000  5.23305E-01  0.00000E+00  1.22498E-01  3.71622E-01  1.37205E-02  1.54652E-02
   576.00000  5.21080E-01  0.00000E+00  1.22137E-01  3.69871E-01  1.36760E-02  1.53968E-02
   577.00000  5.18868E-01  0.00000E+00  1.21777E-01  3.68131E-01  1.36317E-02  1.53287E-02
   578.00000  5.16668E-01  0.00000E+00  1.21418E-01  3.66401E-01  1.35876E-02  1.52611E-02
   579.00000  5.14481E-01  0.00000E+00  1.21061E-01  3.64682E-01  1.35437E-02  1.51938E-02
   580.00000  5.12306E-01  0.00000E+00  1.20706E-01  3.62973E-01  1.35001E-02  1.51269E-02
   581.00000  5.10143E-01  0.00000E+00  1.20352E-01  3.61273E-01  1.34566E-02  1.50604E-02
   582.00000  5.07992E-01  0.00000E+00  1.20000E-01  3.59584E-01  1.34134E-02  1.49943E-02
   583.00000  5.05854E-01  0.00000E+00  1.19649E-01  3.57905E-01  1.33704E-02  1.49285E-02
   584.00000  5.03727E-01  0.00000E+00  1.19300E-01  3.56236E-01  1.33275E-02  1.48631E-02
   585.00000  5.01613E-01  0.00000E+00  1.18953E-01  3.54577E-01  1.32849E-02  1.47981E-02
   586.00000  4.99510E-01  0.00000E+00  1.18606E-01  3.52927E-01  1.32425E-02  1.47335E-02
   587.00000  4.97419E-01  0.00000E+00  1.18262E-01  3.51287E-01  1.32003E-02  1.46692E-02
   588.00000  4.95340E-01  0.00000E+00  1.17919E-01  3.49657E-01  1.31583E-02  1.46053E-02
   589.00000  4.93272E-01  0.00000E+00  1.17577E-01  3.48037E-01  1.31165E-02  1.45418E-02
   590.00000  4.91216E-01  0.00000E+00  1.17237E-01  3.46426E-01  1.30749E-02  1.44786E-02
   591.00000  4.89171E-01  0.00000E+00  1.16898E-01  3.44824E-01  1.30335E-02  1.44158E-02
   592.00000  4.87138E-01  0.00000E+00  1.16560E-01  3.43232E-01  1.29922E-02  1.43533E-02
   593.00000  4.85116E-01  0.00000E+00  1.16224E-01  3.41649E-01  1.29512E-02  1.42911E-02
   594.00000  4.83105E-01  0.00000E+00  1.15890E-01  3.40075E-01  1.29104E-02  1.42293E-02
   595.00000  4.81105E-01  0.00000E+00  1.15557E-01  3.38510E-01  1.28697E-02  1.41679E-02
   596.00000  4.79116E-01  0.00000E+00  1.15225E-01  3.36955E-01  1.28293E-02  1.41068E-02
   597.00000  4.77138E-01  0.00000E+00  1.14895E-01  3.35409E-01  1.27890E-02  1.40460E-02
   598.00000  4.75172E-01  0.00000E+00  1.14566E-01  3.33871E-01  1.27489E-02  1.39856E-02
   599.00000  4.73216E-01  0.00000E+00  1.14238E-01  3.32343E-01  1.27090E-02  1.39255E-02
   600.00000  4.71270E-01  0.00000E+00  1.13912E-01  3.30823E-01  1.26693E-02  1.38658E-02
   601.00000  4.69336E-01  0.00000E+00  1.13587E-01  3.29313E-01  1.26298E-02  1.38063E-02
   602.00000  4.67412E-01  0.00000E+00  1.13264E-01  3.27811E-01  1.25904E-02  1.37472E-02
   603.00000  4.65498E-01  0.00000E+00  1.12941E-01  3.26318E-01  1.25512E-02  1.36884E-02
   604.00000  4.63596E-01  0.00000E+00  1.12620E-01  3.24833E-01  1.25122E-02  1.36300E-02
   605.00000  4.61703E-01  0.00000E+00  1.12301E-01  3.23357E-01  1.24734E-02  1.35718E-02
   606.00000  4.59821E-01  0.00000E+00  1.11982E-01  3.21890E-01  1.24348E-02  1.35140E-02
   607.00000  4.57949E-01  0.00000E+00  1.11665E-01  3.20431E-01  1.23963E-02  1.34565E-02
   608.00000  4.56087E-01  0.00000E+00  1.11350E-01  3.18980E-01  1.23580E-02  1.33993E-02
   609.00000  4.54236E-01  0.00000E+00  1.11035E-01  3.17538E-01  1.23199E-02  1.33424E-02
   610.00000  4.52394E-01  0.00000E+00  1.10722E-01  3.16104E-01  1.22820E-02  1.32859E-02
   611.00000  4.50563E-01  0.00000E+00  1.10410E-01  3.14679E-01  1.22442E-02  1.32296E-02
   612.00000  4.48741E-01  0.00000E+00  1.10099E-01  3.13261E-01  1.22066E-02  1.31736E-02
   613.00000  4.46929E-01  0.00000E+00  1.09790E-01  3.11852E-01  1.21692E-02  1.31179E-02
   614.00000  4.45127E-01  0.00000E+00  1.09482E-01  3.10451E-01  1.21319E-02  1.30626E-02
   615.00000  4.43335E-01  0.00000E+00  1.09175E-01  3.09058E-01  1.20948E-02  1.30075E-02
   616.00000  4.41553E-01  0.00000E+00  1.08869E-01  3.07673E-01  1.20579E-02  1.29527E-02
   617.00000  4.39780E-01  0.00000E+00  1.08564E-01  3.06296E-01  1.20211E-02  1.28983E-02
   618.00000  4.38017E-01  0.00000E+00  1.08261E-01  3.04927E-01  1.19845E-02  1.28441E-02
   619.00000  4.36263E-01  0.00000E+00  1.07959E-01  3.03566E-01  1.19480E-02  1.27902E-02
   620.00000  4.34518E-01  0.00000E+00  1.07657E-01  3.02213E-01  1.19117E-02  1.27366E-02
   621.00000  4.32783E-01  0.00000E+00  1.07358E-01  3.00867E-01  1.18756E-02  1.26832E-02
   622.00000  4.31058E-01  0.00000E+00  1.07059E-01  2.99529E-01  1.18396E-02  1.26302E-02
   623.00000  4.29341E-01  0.00000E+00  1.06761E-01  2.98199E-01  1.18038E-02  1.25774E-02
   624.00000  4.27634E-01  0.00000E+00  1.06465E-01  2.96876E-01  1.17681E-02  1.25250E-02
   625.00000  4.25936E-01  0.00000E+00  1.06169E-01  2.95561E-01  1.17326E-02  1.24728E-02
   626.00000  4.24247E-01  0.00000E+00  1.05875E-01  2.94253E-01  1.16973E-02  1.24208E-02
   627.00000  4.22567E-01  0.00000E+00  1.05582E-01  2.92953E-01  1.16621E-02  1.23692E-02
   628.00000  4.20896E-01  0.00000E+00  1.05290E-01  2.91661E-01  1.16270E-02  1.23178E-02
   629.00000  4.19233E-01  0.00000E+00  1.04999E-01  2.90375E-01  1.15921E-02  1.22667E-02
   630.00000  4.17580E-01  0.00000E+00  1.04709E-01  2.89098E-01  1.15574E-02  1.22159E-02
   631.00000  4.15936E-01  0.00000E+00  1.04421E-01  2.87827E-01  1.15228E-02  1.21653E-02
   632.00000  4.14300E-01  0.00000E+00  1.04133E-01  2.86564E-01  1.14884E-02  1.21150E-02
   633.00000  4.12673E-01  0.00000E+00  1.03846E-01  2.85307E-01  1.14541E-02  1.20650E-02
   634.00000  4.11054E-01  0.00000E+00  1.03561E-01  2.84058E-01  1.14199E-02  1.20152E-02
   635.00000  4.09444E-01  0.00000E+00  1.03276E-01  2.82816E-01  1.13859E-02  1.19657E-02
   636.00000  4.07843E-01  0.00000E+00  1.02993E-01  2.81581E-01  1.13520E-02  1.19164E-02
   637.00000  4.06250E-01  0.00000E+00  1.02711E-01  2.80354E-01  1.13183E-02  1.18674E-02
   638.00000  4.04665E-01  0.00000E+00  1.02429E-01  2.79133E-01  1.12847E-02  1.18186E-02
   639.00000  4.03089E-01  0.00000E+00  1.02149E-01  2.77919E-01  1.12513E-02  1.17701E-02
   640.00000  4.01521E-01  0.00000E+00  1.01870E-01  2.76712E-01  1.12180E-02  1.17219E-02
   641.00000  3.99962E-01  0.00000E+00  1.01591E-01  2.75511E-01  1.11848E-02  1.16739E-02
   642.00000  3.98410E-01  0.00000E+00  1.01314E-01  2.74318E-01  1.11518E-02  1.16262E-02
   643.00000  3.96867E-01  0.00000E+00  1.01038E-01  2.73131E-01  1.11189E-02  1.15787E-02
   644.00000  3.95332E-01  0.00000E+00  1.00763E-01  2.71951E-01  1.10862E-02  1.15314E-02
   645.00000  3.93805E-01  0.00000E+00  1.00489E-01  2.70778E-01  1.10536E-02  1.14844E-02
   646.00000  3.92285E-01  0.00000E+00  1.00215E-01  2.69611E-01  1.10211E-02  1.14377E-02
   647.00000  3.90774E-01  0.00000E+00  9.99430E-02  2.68451E-01  1.09888E-02  1.13911E-02
   648.00000  3.89271E-01  0.00000E+00  9.96717E-02  2.67298E-01  1.09566E-02  1.13448E-02
   649.00000  3.87775E-01  0.00000E+00  9.94014E-02  2.66151E-01  1.09245E-02  1.12988E-02
   650.00000  3.86288E-01  0.00000E+00  9.91320E-02  2.65010E-01  1.08926E-02  1.12530E-02
   651.00000  3.84808E-01  0.00000E+00  9.88636E-02  2.63876E-01  1.08608E-02  1.12074E-02
   652.00000  3.83335E-01  0.00000E+00  9.85962E-02  2.62748E-01  1.08291E-02  1.11621E-02
   653.00000  3.81871E-01  0.00000E+00  9.83297E-02  2.61627E-01  1.07976E-02  1.11170E-02
   654.00000  3.80414E-01  0.00000E+00  9.80642E-02  2.60511E-01  1.07661E-02  1.10721E-02
   655.00000  3.78964E-01  0.00000E+00  9.77996E-02  2.59402E-01  1.07349E-02  1.10275E-02
   656.00000  3.77522E-01  0.00000E+00  9.75359E-02  2.58300E-01  1.07037E-02  1.09831E-02
   657.00000  3.76088E-01  0.00000E+00  9.72732E-02  2.57203E-01  1.06727E-02  1.09389E-02
   658.00000  3.74661E-01  0.00000E+00  9.70114E-02  2.56113E-01  1.06418E-02  1.08949E-02
   659.00000  3.73241E-01  0.00000E+00  9.67505E-02  2.55028E-01  1.06110E-02  1.08512E-02
   660.00000  3.71829E-01  0.00000E+00  9.64906E-02  2.53950E-01  1.05803E-02  1.08077E-02
   661.00000  3.70423E-01  0.00000E+00  9.62316E-02  2.52878E-01  1.05498E-02  1.07644E-02
   662.00000  3.69025E-01  0.00000E+00  9.59734E-02  2.51811E-01  1.05194E-02  1.07214E-02
   663.00000  3.67635E-01  0.00000E+00  9.57162E-02  2.50751E-01  1.04891E-02  1.06785E-02
   664.00000  3.66251E-01  0.00000E+00  9.54599E-02  2.49696E-01  1.04589E-02  1.06359E-02
   665.00000  3.64874E-01  0.00000E+00  9.52045E-02  2.48647E-01  1.04289E-02  1.05935E-02
   666.00000  3.63505E-01  0.00000E+00  9.49500E-02  2.47605E-01  1.03990E-02  1.05513E-02
   667.00000  3.62142E-01  0.00000E+00  9.46963E-02  2.46567E-01  1.03692E-02  1.05094E-02
   668.00000  3.60787E-01  0.00000E+00  9.44436E-02  2.45536E-01  1.03395E-02  1.04676E-02
   669.00000  3.59438E-01  0.00000E+00  9.41917E-02  2.44510E-01  1.03099E-02  1.04261E-02
   670.00000  3.58096E-01  0.00000E+00  9.39408E-02  2.43490E-01  1.02805E-02  1.03847E-02
   671.00000  3.56761E-01  0.00000E+00  9.36907E-02  2.42476E-01  1.02512E-02  1.03436E-02
   672.00000  3.55433E-01  0.00000E+00  9.34415E-02  2.41467E-01  1.02220E-02  1.03027E-02
   673.00000  3.54111E-01  0.00000E+00  9.31931E-02  2.40463E-01  1.01929E-02  1.02620E-02
   674.00000  3.52797E-01  0.00000E+00  9.29456E-02  2.39465E-01  1.01639E-02  1.02215E-02
   675.00000  3.51488E-01  0.00000E+00  9.26990E-02  2.38473E-01  1.01350E-02  1.01812E-02
   676.00000  3.50187E-01  0.00000E+00  9.24532E-02  2.37486E-01  1.01063E-02  1.01412E-02
   677.00000  3.48892E-01  0.00000E+00  9.22083E-02  2.36504E-01  1.00777E-02  1.01013E-02
   678.00000  3.47603E-01  0.00000E+00  9.19643E-02  2.35528E-01  1.00491E-02  1.00616E-02
   679.00000  3.46321E-01  0.00000E+00  9.17211E-02  2.34557E-01  1.00207E-02  1.00221E-02
   680.00000  3.45046E-01  0.00000E+00  9.14788E-02  2.33592E-01  9.99243E-03  9.98285E-03
   681.00000  3.43776E-01  0.00000E+00  9.12373E-02  2.32631E-01  9.96424E-03  9.94377E-03
   682.00000  3.42514E-01  0.00000E+00  9.09966E-02  2.31676E-01  9.93617E-03  9.90488E-03
   683.00000  3.41257E-01  0.00000E+00  9.07568E-02  2.30726E-01  9.90821E-03  9.86619E-03
   684.00000  3.40007E-01  0.00000E+00  9.05179E-02  2.29781E-01  9.88036E-03  9.82769E-03
   685.00000  3.38763E-01  0.00000E+00  9.02797E-02  2.28841E-01  9.85261E-03  9.78939E-03
   686.00000  3.37525E-01  0.00000E+00  9.00424E-02  2.27906E-01  9.82498E-03  9.75128E-03
   687.00000  3.36293E-01  0.00000E+00  8.98059E-02  2.26977E-01  9.79745E-03  9.71335E-03
   688.00000  3.35068E-01  0.00000E+00  8.95703E-02  2.26052E-01  9.77003E-03  9.67562E-03
   689.00000  3.33848E-01  0.00000E+00  8.93355E-02  2.25132E-01  9.74272E-03  9.63807E-03
   690.00000  3.32635E-01  0.00000E+00  8.91015E-02  2.24217E-01  9.71551E-03  9.60071E-03
   691.00000  3.31427E-01  0.00000E+00  8.88683E-02  2.23307E-01  9.68841E-03  9.56353E-03
   692.00000  3.30226E-01  0.00000E+00  8.86360E-02  2.22402E-01  9.66142E-03  9.52654E-03
   693.00000  3.29030E-01  0.00000E+00  8.84044E-02  2.21502E-01  9.63453E-03  9.48973E-03
   694.00000  3.27840E-01  0.00000E+00  8.81737E-02  2.20606E-01  9.60774E-03  9.45310E-03
   695.00000  3.26657E-01  0.00000E+00  8.79438E-02  2.19715E-01  9.58106E-03  9.41665E-03
   696.00000  3.25479E-01  0.00000E+00  8.77147E-02  2.18829E-01  9.55448E-03  9.38038E-03
   697.00000  3.24306E-01  0.00000E+00  8.74864E-02  2.17948E-01  9.52801E-03  9.34429E-03
   698.00000  3.23140E-01  0.00000E+00  8.72589E-02  2.17071E-01  9.50163E-03  9.30837E-03
   699.00000  3.21979E-01  0.00000E+00  8.70322E-02  2.16199E-01  9.47536E-03  9.27263E-03
   700.00000  3.20824E-01  0.00000E+00  8.68063E-02  2.15331E-01  9.44919E-03  9.23707E-03
   701.00000  3.19674E-01  0.00000E+00  8.65812E-02  2.14468E-01  9.42312E-03  9.20168E-03
   702.00000  3.18530E-01  0.00000E+00  8.63569E-02  2.13610E-01  9.39716E-03  9.16646E-03
   703.00000  3.17392E-01  0.00000E+00  8.61333E-02  2.12756E-01  9.37129E-03  9.13142E-03
   704.00000  3.16259E-01  0.00000E+00  8.59106E-02  2.11906E-01  9.34552E-03  9.09654E-03
   705.00000  3.15132E-01  0.00000E+00  8.56887E-02  2.11061E-01  9.31985E-03  9.06184E-03
   706.00000  3.14010E-01  0.00000E+00  8.54675E-02  2.10220E-01  9.29428E-03  9.02730E-03
   707.00000  3.12893E-01  0.00000E+00  8.52471E-02  2.09384E-01  9.26881E-03  8.99294E-03
   708.00000  3.11782E-01  0.00000E+00  8.50275E-02  2.08552E-01  9.24343E-03  8.95874E-03
   709.00000  3.10676E-01  0.00000E+00  8.48087E-02  2.07724E-01  9.21816E-03  8.92470E-03
   710.00000  3.09576E-01  0.00000E+00  8.45907E-02  2.06901E-01  9.19298E-03  8.89084E-03
   711.00000  3.08480E-01  0.00000E+00  8.43734E-02  2.06082E-01  9.16789E-03  8.85713E-03
   712.00000  3.07390E-01  0.00000E+00  8.41569E-02  2.05267E-01  9.14290E-03  8.82359E-03
   713.00000  3.06306E-01  0.00000E+00  8.39412E-02  2.04456E-01  9.11801E-03  8.79022E-03
   714.00000  3.05226E-01  0.00000E+00  8.37263E-02  2.03650E-01  9.09321E-03  8.75700E-03
   715.00000  3.04152E-01  0.00000E+00  8.35121E-02  2.02847E-01  9.06851E-03  8.72395E-03
   716.00000  3.03082E-01  0.00000E+00  8.32986E-02  2.02049E-01  9.04390E-03  8.69105E-03
   717.00000  3.02018E-01  0.00000E+00  8.30860E-02  2.01255E-01  9.01938E-03  8.65832E-03
   718.00000  3.00959E-01  0.00000E+00  8.28741E-02  2.00464E-01  8.99496E-03  8.62574E-03
   719.00000  2.99905E-01  0.00000E+00  8.26629E-02  1.99678E-01  8.97063E-03  8.59333E-03
   720.00000  2.98856E-01  0.00000E+00  8.24525E-02  1.98896E-01  8.94639E-03  8.56106E-03
   721.00000  2.97812E-01  0.00000E+00  8.22428E-02  1.98118E-01  8.92225E-03  8.52896E-03
   722.00000  2.96772E-01  0.00000E+00  8.20339E-02  1.97343E-01  8.89819E-03  8.49701E-03
   723.00000  2.95738E-01  0.00000E+00  8.18258E-02  1.96573E-01  8.87423E-03  8.46521E-03
   724.00000  2.94709E-01  0.00000E+00  8.16184E-02  1.95806E-01  8.85036E-03  8.43357E-03
   725.00000  2.93684E-01  0.00000E+00  8.14117E-02  1.95044E-01  8.82658E-03  8.40208E-03
   726.00000  2.92664E-01  0.00000E+00  8.12058E-02  1.94285E-01  8.80289E-03  8.37075E-03
   727.00000  2.91649E-01  0.00000E+00  8.10006E-02  1.93530E-01  8.77929E-03  8.33956E-03
   728.00000  2.90639E-01  0.00000E+00  8.07961E-02  1.92779E-01  8.75577E-03  8.30852E-03
   729.00000  2.89633E-01  0.00000E+00  8.05924E-02  1.92031E-01  8.73235E-03  8.27764E-03
   730.00000  2.88632E-01  0.00000E+00  8.03893E-02  1.91287E-01  8.70901E-03  8.24690E-03
   731.00000  2.87636E-01  0.00000E+00  8.01871E-02  1.90547E-01  8.68577E-03  8.21631E-03
   732.00000  2.86645E-01  0.00000E+00  7.99855E-02  1.89811E-01  8.66261E-03  8.18586E-03
   733.00000  2.85658E-01  0.00000E+00  7.97847E-02  1.89078E-01  8.63953E-03  8.15557E-03
   734.00000  2.84675E-01  0.00000E+00  7.95846E-02  1.88349E-01  8.61655E-03  8.12541E-03
   735.00000  2.83698E-01  0.00000E+00  7.93852E-02  1.87623E-01  8.59365E-03  8.09540E-03
   736.00000  2.82724E-01  0.00000E+00  7.91865E-02  1.86902E-01  8.57083E-03  8.06554E-03
   737.00000  2.81756E-01  0.00000E+00  7.89885E-02  1.86183E-01  8.54810E-03  8.03581E-03
   738.00000  2.80791E-01  0.00000E+00  7.87912E-02  1.85468E-01  8.52546E-03  8.00623E-03
   739.00000  2.79831E-01  0.00000E+00  7.85947E-02  1.84757E-01  8.50290E-03  7.97679E-03
   740.00000  2.78876E-01  0.00000E+00  7.83988E-02  1.84049E-01  8.48043E-03  7.94749E-03
   741.00000  2.77925E-01  0.00000E+00  7.82037E-02  1.83345E-01  8.45804E-03  7.91833E-03
   742.00000  2.76978E-01  0.00000E+00  7.80092E-02  1.82644E-01  8.43573E-03  7.88931E-03
   743.00000  2.76036E-01  0.00000E+00  7.78155E-02  1.81946E-01  8.41351E-03  7.86042E-03
   744.00000  2.75098E-01  0.00000E+00  7.76224E-02  1.81252E-01  8.39137E-03  7.83167E-03
   745.00000  2.74164E-01  0.00000E+00  7.74300E-02  1.80562E-01  8.36931E-03  7.80306E-03
   746.00000  2.73235E-01  0.00000E+00  7.72383E-02  1.79874E-01  8.34734E-03  7.77458E-03
   747.00000  2.72309E-01  0.00000E+00  7.70473E-02  1.79190E-01  8.32544E-03  7.74624E-03
   748.00000  2.71388E-01  0.00000E+00  7.68570E-02  1.78510E-01  8.30363E-03  7.71803E-03
   749.00000  2.70472E-01  0.00000E+00  7.66673E-02  1.77832E-01  8.28190E-03  7.68996E-03
   750.00000  2.69559E-01  0.00000E+00  7.64784E-02  1.77158E-01  8.26025E-03  7.66201E-03
   751.00000  2.68650E-01  0.00000E+00  7.62901E-02  1.76487E-01  8.23868E-03  7.63420E-03
   752.00000  2.67746E-01  0.00000E+00  7.61025E-02  1.75820E-01  8.21720E-03  7.60652E-03
   753.00000  2.66846E-01  0.00000E+00  7.59155E-02  1.75155E-01  8.19579E-03  7.57896E-03
   754.00000  2.65949E-01  0.00000E+00  7.57292E-02  1.74494E-01  8.17446E-03  7.55154E-03
   755.00000  2.65057E-01  0.00000E+00  7.55436E-02  1.73836E-01  8.15321E-03  7.52425E-03
   756.00000  2.64169E-01  0.00000E+00  7.53586E-02  1.73181E-01  8.13203E-03  7.49708E-03
   757.00000  2.63285E-01  0.00000E+00  7.51743E-02  1.72529E-01  8.11094E-03  7.47004E-03
   758.00000  2.62404E-01  0.00000E+00  7.49906E-02  1.71881E-01  8.08992E-03  7.44312E-03
   759.00000  2.61528E-01  0.00000E+00  7.48076E-02  1.71235E-01  8.06898E-03  7.41633E-03
   760.00000  2.60656E-01  0.00000E+00  7.46253E-02  1.70593E-01  8.04812E-03  7.38966E-03
   761.00000  2.59787E-01  0.00000E+00  7.44435E-02  1.69953E-01  8.02734E-03  7.36312E-03
   762.00000  2.58923E-01  0.00000E+00  7.42625E-02  1.69317E-01  8.00663E-03  7.33670E-03
   763.00000  2.58062E-01  0.00000E+00  7.40820E-02  1.68684E-01  7.98600E-03  7.31041E-03
   764.00000  2.57205E-01  0.00000E+00  7.39022E-02  1.68053E-01  7.96544E-03  7.28423E-03
   765.00000  2.56352E-01  0.00000E+00  7.37230E-02  1.67426E-01  7.94496E-03  7.25818E-03
   766.00000  2.55503E-01  0.00000E+00  7.35445E-02  1.66802E-01  7.92456E-03  7.23224E-03
   767.00000  2.54657E-01  0.00000E+00  7.33666E-02  1.66180E-01  7.90423E-03  7.20642E-03
   768.00000  2.53816E-01  0.00000E+00  7.31893E-02  1.65562E-01  7.88397E-03  7.18073E-03
   769.00000  2.52978E-01  0.00000E+00  7.30126E-02  1.64946E-01  7.86379E-03  7.15515E-03
   770.00000  2.52143E-01  0.00000E+00  7.28366E-02  1.64333E-01  7.84368E-03  7.12968E-03
   771.00000  2.51313E-01  0.00000E+00  7.26612E-02  1.63724E-01  7.82365E-03  7.10433E-03
   772.00000  2.50486E-01  0.00000E+00  7.24863E-02  1.63117E-01  7.80368E-03  7.07910E-03
   773.00000  2.49663E-01  0.00000E+00  7.23121E-02  1.62513E-01  7.78379E-03  7.05399E-03
   774.00000  2.48843E-01  0.00000E+00  7.21385E-02  1.61912E-01  7.76398E-03  7.02898E-03
   775.00000  2.48027E-01  0.00000E+00  7.19655E-02  1.61313E-01  7.74423E-03  7.00409E-03
   776.00000  2.47214E-01  0.00000E+00  7.17931E-02  1.60718E-01  7.72456E-03  6.97931E-03
   777.00000  2.46406E-01  0.00000E+00  7.16213E-02  1.60125E-01  7.70496E-03  6.95465E-03
   778.00000  2.45600E-01  0.00000E+00  7.14501E-02  1.59535E-01  7.68543E-03  6.93009E-03
   779.00000  2.44798E-01  0.00000E+00  7.12795E-02  1.58947E-01  7.66597E-03  6.90565E-03
   780.00000  2.44000E-01  0.00000E+00  7.11094E-02  1.58363E-01  7.64658E-03  6.88131E-03
   781.00000  2.43205E-01  0.00000E+00  7.09400E-02  1.57781E-01  7.62726E-03  6.85709E-03
   782.00000  2.42414E-01  0.00000E+00  7.07711E-02  1.57202E-01  7.60801E-03  6.83297E-03
   783.00000  2.41626E-01  0.00000E+00  7.06028E-02  1.56626E-01  7.58883E-03  6.80896E-03
   784.00000  2.40842E-01  0.00000E+00  7.04351E-02  1.56052E-01  7.56972E-03  6.78506E-03
   785.00000  2.40061E-01  0.00000E+00  7.02680E-02  1.55481E-01  7.55067E-03  6.76126E-03
   786.00000  2.39283E-01  0.00000E+00  7.01014E-02  1.54912E-01  7.53170E-03  6.73757E-03
   787.00000  2.38509E-01  0.00000E+00  6.99354E-02  1.54347E-01  7.51279E-03  6.71399E-03
   788.00000  2.37738E-01  0.00000E+00  6.97700E-02  1.53783E-01  7.49396E-03  6.69051E-03
   789.00000  2.36970E-01  0.00000E+00  6.96051E-02  1.53223E-01  7.47519E-03  6.66713E-03
   790.00000  2.36206E-01  0.00000E+00  6.94408E-02  1.52665E-01  7.45648E-03  6.64386E-03
   791.00000  2.35445E-01  0.00000E+00  6.92770E-02  1.52109E-01  7.43785E-03  6.62069E-03
   792.00000  2.34687E-01  0.00000E+00  6.91138E-02  1.51557E-01  7.41928E-03  6.59762E-03
   793.00000  2.33933E-01  0.00000E+00  6.89511E-02  1.51006E-01  7.40077E-03  6.57465E-03
   794.00000  2.33182E-01  0.00000E+00  6.87890E-02  1.50459E-01  7.38233E-03  6.55179E-03
   795.00000  2.32434E-01  0.00000E+00  6.86275E-02  1.49914E-01  7.36396E-03  6.52903E-03
   796.00000  2.31689E-01  0.00000E+00  6.84664E-02  1.49371E-01  7.34565E-03  6.50636E-03
   797.00000  2.30948E-01  0.00000E+00  6.83059E-02  1.48831E-01  7.32741E-03  6.48380E-03
   798.00000  2.30210E-01  0.00000E+00  6.81460E-02  1.48293E-01  7.30923E-03  6.46134E-03
   799.00000  2.29474E-01  0.00000E+00  6.79866E-02  1.47758E-01  7.29112E-03  6.43897E-03
   800.00000  2.28742E-01  0.00000E+00  6.78277E-02  1.47225E-01  7.27307E-03  6.41671E-03
   801.00000  2.28014E-01  0.00000E+00  6.76693E-02  1.46695E-01  7.25509E-03  6.39454E-03
   802.00000  2.27288E-01  0.00000E+00  6.75114E-02  1.46167E-01  7.23717E-03  6.37247E-03
   803.00000  2.26565E-01  0.00000E+00  6.73541E-02  1.45641E-01  7.21931E-03  6.35049E-03
   804.00000  2.25846E-01  0.00000E+00  6.71973E-02  1.45118E-01  7.20151E-03  6.32862E-03
   805.00000  2.25129E-01  0.00000E+00  6.70410E-02  1.44598E-01  7.18378E-03  6.30684E-03
   806.00000  2.24416E-01  0.00000E+00  6.68852E-02  1.44079E-01  7.16611E-03  6.28515E-03
   807.00000  2.23705E-01  0.00000E+00  6.67300E-02  1.43563E-01  7.14850E-03  6.26357E-03
   808.00000  2.22998E-01  0.00000E+00  6.65752E-02  1.43050E-01  7.13095E-03  6.24207E-03
   809.00000  2.22294E-01  0.00000E+00  6.64209E-02  1.42539E-01  7.11346E-03  6.22067E-03
   810.00000  2.21592E-01  0.00000E+00  6.62672E-02  1.42030E-01  7.09604E-03  6.19937E-03
   811.00000  2.20894E-01  0.00000E+00  6.61139E-02  1.41523E-01  7.07868E-03  6.17816E-03
   812.00000  2.20199E-01  0.00000E+00  6.59612E-02  1.41019E-01  7.06137E-03  6.15704E-03
   813.00000  2.19506E-01  0.00000E+00  6.58089E-02  1.40517E-01  7.04413E-03  6.13602E-03
   814.00000  2.18817E-01  0.00000E+00  6.56571E-02  1.40017E-01  7.02695E-03  6.11509E-03
   815.00000  2.18130E-01  0.00000E+00  6.55058E-02  1.39520E-01  7.00982E-03  6.09425E-03
   816.00000  2.17446E-01  0.00000E+00  6.53550E-02  1.39025E-01  6.99276E-03  6.07350E-03
   817.00000  2.16765E-01  0.00000E+00  6.52047E-02  1.38532E-01  6.97575E-03  6.05284E-03
   818.00000  2.16087E-01  0.00000E+00  6.50549E-02  1.38041E-01  6.95881E-03  6.03228E-03
   819.00000  2.15412E-01  0.00000E+00  6.49055E-02  1.37553E-01  6.94192E-03  6.01180E-03
   820.00000  2.14740E-01  0.00000E+00  6.47566E-02  1.37067E-01  6.92509E-03  5.99142E-03
   821.00000  2.14070E-01  0.00000E+00  6.46082E-02  1.36583E-01  6.90832E-03  5.97112E-03
   822.00000  2.13404E-01  0.00000E+00  6.44603E-02  1.36101E-01  6.89161E-03  5.95092E-03
   823.00000  2.12740E-01  0.00000E+00  6.43128E-02  1.35621E-01  6.87495E-03  5.93080E-03
   824.00000  2.12079E-01  0.00000E+00  6.41658E-02  1.35144E-01  6.85835E-03  5.91077E-03
   825.00000  2.11421E-01  0.00000E+00  6.40193E-02  1.34669E-01  6.84181E-03  5.89083E-03
   826.00000  2.10765E-01  0.00000E+00  6.38732E-02  1.34196E-01  6.82532E-03  5.87097E-03
   827.00000  2.10112E-01  0.00000E+00  6.37275E-02  1.33725E-01  6.80889E-03  5.85120E-03
   828.00000  2.09462E-01  0.00000E+00  6.35824E-02  1.33256E-01  6.79252E-03  5.83152E-03
   829.00000  2.08815E-01  0.00000E+00  6.34377E-02  1.32789E-01  6.77620E-03  5.81193E-03
   830.00000  2.08170E-01  0.00000E+00  6.32934E-02  1.32324E-01  6.75994E-03  5.79242E-03
   831.00000  2.07528E-01  0.00000E+00  6.31496E-02  1.31862E-01  6.74373E-03  5.77299E-03
   832.00000  2.06889E-01  0.00000E+00  6.30062E-02  1.31401E-01  6.72758E-03  5.75365E-03
   833.00000  2.06252E-01  0.00000E+00  6.28633E-02  1.30943E-01  6.71148E-03  5.73439E-03
   834.00000  2.05618E-01  0.00000E+00  6.27208E-02  1.30487E-01  6.69544E-03  5.71522E-03
   835.00000  2.04987E-01  0.00000E+00  6.25788E-02  1.30032E-01  6.67945E-03  5.69612E-03
   836.00000  2.04358E-01  0.00000E+00  6.24372E-02  1.29580E-01  6.66352E-03  5.67712E-03
   837.00000  2.03732E-01  0.00000E+00  6.22960E-02  1.29130E-01  6.64764E-03  5.65819E-03
   838.00000  2.03108E-01  0.00000E+00  6.21553E-02  1.28682E-01  6.63181E-03  5.63934E-03
   839.00000  2.02487E-01  0.00000E+00  6.20150E-02  1.28236E-01  6.61604E-03  5.62058E-03
   840.00000  2.01869E-01  0.00000E+00  6.18752E-02  1.27791E-01  6.60032E-03  5.60189E-03
   841.00000  2.01253E-01  0.00000E+00  6.17357E-02  1.27349E-01  6.58465E-03  5.58329E-03
   842.00000  2.00640E-01  0.00000E+00  6.15967E-02  1.26909E-01  6.56903E-03  5.56476E-03
   843.00000  2.00029E-01  0.00000E+00  6.14581E-02  1.26471E-01  6.55347E-03  5.54632E-03
   844.00000  1.99420E-01  0.00000E+00  6.13200E-02  1.26035E-01  6.53796E-03  5.52795E-03
   845.00000  1.98815E-01  0.00000E+00  6.11822E-02  1.25600E-01  6.52250E-03  5.50966E-03
   846.00000  1.98211E-01  0.00000E+00  6.10449E-02  1.25168E-01  6.50709E-03  5.49145E-03
   847.00000  1.97610E-01  0.00000E+00  6.09080E-02  1.24737E-01  6.49173E-03  5.47331E-03
   848.00000  1.97012E-01  0.00000E+00  6.07715E-02  1.24309E-01  6.47643E-03  5.45526E-03
   849.00000  1.96416E-01  0.00000E+00  6.06354E-02  1.23882E-01  6.46117E-03  5.43727E-03
   850.00000  1.95823E-01  0.00000E+00  6.04998E-02  1.23458E-01  6.44597E-03  5.41937E-03
   851.00000  1.95232E-01  0.00000E+00  6.03645E-02  1.23035E-01  6.43082E-03  5.40154E-03
   852.00000  1.94643E-01  0.00000E+00  6.02296E-02  1.22614E-01  6.41571E-03  5.38378E-03
   853.00000  1.94057E-01  0.00000E+00  6.00952E-02  1.22195E-01  6.40066E-03  5.36610E-03
   854.00000  1.93473E-01  0.00000E+00  5.99612E-02  1.21777E-01  6.38565E-03  5.34850E-03
   855.00000  1.92891E-01  0.00000E+00  5.98275E-02  1.21362E-01  6.37070E-03  5.33097E-03
   856.00000  1.92312E-01  0.00000E+00  5.96943E-02  1.20949E-01  6.35579E-03  5.31351E-03
   857.00000  1.91735E-01  0.00000E+00  5.95614E-02  1.20537E-01  6.34094E-03  5.29612E-03
   858.00000  1.91161E-01  0.00000E+00  5.94290E-02  1.20127E-01  6.32613E-03  5.27881E-03
   859.00000  1.90589E-01  0.00000E+00  5.92969E-02  1.19719E-01  6.31137E-03  5.26157E-03
   860.00000  1.90019E-01  0.00000E+00  5.91653E-02  1.19313E-01  6.29666E-03  5.24440E-03
   861.00000  1.89452E-01  0.00000E+00  5.90340E-02  1.18908E-01  6.28199E-03  5.22731E-03
   862.00000  1.88886E-01  0.00000E+00  5.89032E-02  1.18506E-01  6.26738E-03  5.21028E-03
   863.00000  1.88323E-01  0.00000E+00  5.87727E-02  1.18105E-01  6.25281E-03  5.19333E-03
   864.00000  1.87763E-01  0.00000E+00  5.86426E-02  1.17705E-01  6.23829E-03  5.17645E-03
   865.00000  1.87204E-01  0.00000E+00  5.85129E-02  1.17308E-01  6.22382E-03  5.15963E-03
   866.00000  1.86648E-01  0.00000E+00  5.83835E-02  1.16912E-01  6.20939E-03  5.14289E-03
   867.00000  1.86094E-01  0.00000E+00  5.82546E-02  1.16519E-01  6.19501E-03  5.12621E-03
   868.00000  1.85543E-01  0.00000E+00  5.81260E-02  1.16126E-01  6.18068E-03  5.10961E-03
   869.00000  1.84993E-01  0.00000E+00  5.79979E-02  1.15736E-01  6.16639E-03  5.09307E-03
   870.00000  1.84446E-01  0.00000E+00  5.78701E-02  1.15347E-01  6.15215E-03  5.07661E-03
   871.00000  1.83901E-01  0.00000E+00  5.77426E-02  1.14960E-01  6.13796E-03  5.06021E-03
   872.00000  1.83358E-01  0.00000E+00  5.76156E-02  1.14575E-01  6.12381E-03  5.04387E-03
   873.00000  1.82817E-01  0.00000E+00  5.74889E-02  1.14191E-01  6.10970E-03  5.02761E-03
   874.00000  1.82279E-01  0.00000E+00  5.73626E-02  1.13809E-01  6.09565E-03  5.01141E-03
   875.00000  1.81742E-01  0.00000E+00  5.72367E-02  1.13429E-01  6.08163E-03  4.99528E-03
   876.00000  1.81208E-01  0.00000E+00  5.71111E-02  1.13050E-01  6.06767E-03  4.97922E-03
   877.00000  1.80676E-01  0.00000E+00  5.69859E-02  1.12673E-01  6.05374E-03  4.96322E-03
   878.00000  1.80146E-01  0.00000E+00  5.68611E-02  1.12298E-01  6.03986E-03  4.94729E-03
   879.00000  1.79618E-01  0.00000E+00  5.67367E-02  1.11924E-01  6.02603E-03  4.93142E-03
   880.00000  1.79092E-01  0.00000E+00  5.66126E-02  1.11552E-01  6.01224E-03  4.91562E-03
   881.00000  1.78569E-01  0.00000E+00  5.64888E-02  1.11181E-01  5.99849E-03  4.89988E-03
   882.00000  1.78047E-01  0.00000E+00  5.63655E-02  1.10812E-01  5.98479E-03  4.88421E-03
   883.00000  1.77527E-01  0.00000E+00  5.62425E-02  1.10445E-01  5.97113E-03  4.86860E-03
   884.00000  1.77010E-01  0.00000E+00  5.61198E-02  1.10079E-01  5.95752E-03  4.85306E-03
   885.00000  1.76494E-01  0.00000E+00  5.59976E-02  1.09715E-01  5.94395E-03  4.83758E-03
   886.00000  1.75981E-01  0.00000E+00  5.58756E-02  1.09353E-01  5.93042E-03  4.82216E-03
   887.00000  1.75470E-01  0.00000E+00  5.57541E-02  1.08992E-01  5.91693E-03  4.80681E-03
   888.00000  1.74960E-01  0.00000E+00  5.56329E-02  1.08632E-01  5.90349E-03  4.79152E-03
   889.00000  1.74453E-01  0.00000E+00  5.55120E-02  1.08274E-01  5.89009E-03  4.77629E-03
   890.00000  1.73947E-01  0.00000E+00  5.53915E-02  1.07918E-01  5.87673E-03  4.76112E-03
   891.00000  1.73444E-01  0.00000E+00  5.52714E-02  1.07563E-01  5.86341E-03  4.74602E-03
   892.00000  1.72942E-01  0.00000E+00  5.51516E-02  1.07210E-01  5.85014E-03  4.73098E-03
   893.00000  1.72443E-01  0.00000E+00  5.50321E-02  1.06858E-01  5.83690E-03  4.71600E-03
   894.00000  1.71945E-01  0.00000E+00  5.49130E-02  1.06508E-01  5.82371E-03  4.70108E-03
   895.00000  1.71450E-01  0.00000E+00  5.47943E-02  1.06159E-01  5.81056E-03  4.68622E-03
   896.00000  1.70956E-01  0.00000E+00  5.46758E-02  1.05811E-01  5.79745E-03  4.67142E-03
   897.00000  1.70464E-01  0.00000E+00  5.45578E-02  1.05466E-01  5.78439E-03  4.65668E-03
   898.00000  1.69975E-01  0.00000E+00  5.44401E-02  1.05121E-01  5.77136E-03  4.64201E-03
   899.00000  1.69487E-01  0.00000E+00  5.43227E-02  1.04778E-01  5.75837E-03  4.62739E-03
   900.00000  1.69001E-01  0.00000E+00  5.42057E-02  1.04437E-01  5.74543E-03  4.61283E-03
   901.00000  1.68517E-01  0.00000E+00  5.40890E-02  1.04097E-01  5.73253E-03  4.59834E-03
   902.00000  1.68034E-01  0.00000E+00  5.39726E-02  1.03758E-01  5.71966E-03  4.58390E-03
   903.00000  1.67554E-01  0.00000E+00  5.38566E-02  1.03421E-01  5.70684E-03  4.56952E-03
   904.00000  1.67076E-01  0.00000E+00  5.37410E-02  1.03085E-01  5.69405E-03  4.55520E-03
   905.00000  1.66599E-01  0.00000E+00  5.36256E-02  1.02751E-01  5.68131E-03  4.54094E-03
   906.00000  1.66124E-01  0.00000E+00  5.35106E-02  1.02418E-01  5.66860E-03  4.52674E-03
   907.00000  1.65651E-01  0.00000E+00  5.33960E-02  1.02087E-01  5.65594E-03  4.51259E-03
   908.00000  1.65180E-01  0.00000E+00  5.32817E-02  1.01757E-01  5.64331E-03  4.49851E-03
   909.00000  1.64711E-01  0.00000E+00  5.31677E-02  1.01428E-01  5.63073E-03  4.48448E-03
   910.00000  1.64243E-01  0.00000E+00  5.30540E-02  1.01101E-01  5.61818E-03  4.47051E-03
   911.00000  1.63778E-01  0.00000E+00  5.29407E-02  1.00775E-01  5.60567E-03  4.45660E-03
   912.00000  1.63314E-01  0.00000E+00  5.28277E-02  1.00450E-01  5.59320E-03  4.44274E-03
   913.00000  1.62852E-01  0.00000E+00  5.27150E-02  1.00127E-01  5.58077E-03  4.42894E-03
   914.00000  1.62391E-01  0.00000E+00  5.26027E-02  9.98049E-02  5.56838E-03  4.41520E-03
   915.00000  1.61933E-01  0.00000E+00  5.24907E-02  9.94844E-02  5.55603E-03  4.40151E-03
   916.00000  1.61476E-01  0.00000E+00  5.23790E-02  9.91652E-02  5.54371E-03  4.38788E-03
   917.00000  1.61021E-01  0.00000E+00  5.22676E-02  9.88473E-02  5.53143E-03  4.37431E-03
   918.00000  1.60567E-01  0.00000E+00  5.21566E-02  9.85307E-02  5.51919E-03  4.36079E-03
   919.00000  1.60116E-01  0.00000E+00  5.20459E-02  9.82154E-02  5.50699E-03  4.34733E-03
   920.00000  1.59666E-01  0.00000E+00  5.19355E-02  9.79015E-02  5.49483E-03  4.33392E-03
   921.00000  1.59218E-01  0.00000E+00  5.18254E-02  9.75888E-02  5.48270E-03  4.32057E-03
   922.00000  1.58771E-01  0.00000E+00  5.17157E-02  9.72775E-02  5.47061E-03  4.30728E-03
   923.00000  1.58326E-01  0.00000E+00  5.16063E-02  9.69674E-02  5.45856E-03  4.29403E-03
   924.00000  1.57883E-01  0.00000E+00  5.14972E-02  9.66586E-02  5.44654E-03  4.28084E-03
   925.00000  1.57442E-01  0.00000E+00  5.13884E-02  9.63511E-02  5.43456E-03  4.26771E-03
   926.00000  1.57002E-01  0.00000E+00  5.12799E-02  9.60448E-02  5.42262E-03  4.25463E-03
   927.00000  1.56564E-01  0.00000E+00  5.11718E-02  9.57398E-02  5.41072E-03  4.24160E-03
   928.00000  1.56128E-01  0.00000E+00  5.10639E-02  9.54361E-02  5.39885E-03  4.22863E-03
   929.00000  1.55693E-01  0.00000E+00  5.09564E-02  9.51336E-02  5.38701E-03  4.21571E-03
   930.00000  1.55260E-01  0.00000E+00  5.08492E-02  9.48323E-02  5.37522E-03  4.20284E-03
   931.00000  1.54828E-01  0.00000E+00  5.07423E-02  9.45323E-02  5.36346E-03  4.19002E-03
   932.00000  1.54398E-01  0.00000E+00  5.06358E-02  9.42334E-02  5.35173E-03  4.17726E-03
   933.00000  1.53970E-01  0.00000E+00  5.05295E-02  9.39358E-02  5.34005E-03  4.16454E-03
   934.00000  1.53543E-01  0.00000E+00  5.04235E-02  9.36395E-02  5.32839E-03  4.15188E-03
   935.00000  1.53118E-01  0.00000E+00  5.03179E-02  9.33443E-02  5.31678E-03  4.13927E-03
   936.00000  1.52695E-01  0.00000E+00  5.02125E-02  9.30503E-02  5.30520E-03  4.12671E-03
   937.00000  1.52273E-01  0.00000E+00  5.01075E-02  9.27575E-02  5.29365E-03  4.11420E-03
   938.00000  1.51853E-01  0.00000E+00  5.00028E-02  9.24659E-02  5.28214E-03  4.10174E-03
   939.00000  1.51434E-01  0.00000E+00  4.98984E-02  9.21755E-02  5.27066E-03  4.08933E-03
   940.00000  1.51017E-01  0.00000E+00  4.97943E-02  9.18862E-02  5.25922E-03  4.07697E-03
   941.00000  1.50601E-01  0.00000E+00  4.96904E-02  9.15981E-02  5.24782E-03  4.06465E-03
   942.00000  1.50187E-01  0.00000E+00  4.95869E-02  9.13112E-02  5.23644E-03  4.05239E-03
   943.00000  1.49774E-01  0.00000E+00  4.94837E-02  9.10254E-02  5.22511E-03  4.04018E-03
   944.00000  1.49363E-01  0.00000E+00  4.93808E-02  9.07408E-02  5.21380E-03  4.02801E-03
   945.00000  1.48954E-01  0.00000E+00  4.92782E-02  9.04573E-02  5.20254E-03  4.01589E-03
   946.00000  1.48546E-01  0.00000E+00  4.91759E-02  9.01750E-02  5.19130E-03  4.00382E-03
   947.00000  1.48140E-01  0.00000E+00  4.90739E-02  8.98937E-02  5.18010E-03  3.99180E-03
   948.00000  1.47735E-01  0.00000E+00  4.89722E-02  8.96136E-02  5.16894E-03  3.97982E-03
   949.00000  1.47331E-01  0.00000E+00  4.88708E-02  8.93347E-02  5.15780E-03  3.96789E-03
   950.00000  1.46929E-01  0.00000E+00  4.87697E-02  8.90568E-02  5.14671E-03  3.95601E-03
   951.00000  1.46529E-01  0.00000E+00  4.86688E-02  8.87801E-02  5.13564E-03  3.94417E-03
   952.00000  1.46130E-01  0.00000E+00  4.85683E-02  8.85044E-02  5.12461E-03  3.93238E-03
   953.00000  1.45732E-01  0.00000E+00  4.84681E-02  8.82298E-02  5.11361E-03  3.92063E-03
   954.00000  1.45336E-01  0.00000E+00  4.83681E-02  8.79564E-02  5.10265E-03  3.90893E-03
   955.00000  1.44941E-01  0.00000E+00  4.82685E-02  8.76840E-02  5.09171E-03  3.89728E-03
   956.00000  1.44548E-01  0.00000E+00  4.81691E-02  8.74127E-02  5.08081E-03  3.88567E-03
   957.00000  1.44157E-01  0.00000E+00  4.80700E-02  8.71425E-02  5.06995E-03  3.87410E-03
   958.00000  1.43766E-01  0.00000E+00  4.79713E-02  8.68733E-02  5.05912E-03  3.86258E-03
   959.00000  1.43377E-01  0.00000E+00  4.78728E-02  8.66052E-02  5.04831E-03  3.85111E-03
   960.00000  1.42990E-01  0.00000E+00  4.77745E-02  8.63382E-02  5.03755E-03  3.83967E-03
   961.00000  1.42604E-01  0.00000E+00  4.76766E-02  8.60722E-02  5.02681E-03  3.82829E-03
   962.00000  1.42219E-01  0.00000E+00  4.75790E-02  8.58072E-02  5.01611E-03  3.81694E-03
   963.00000  1.41836E-01  0.00000E+00  4.74816E-02  8.55433E-02  5.00544E-03  3.80564E-03
   964.00000  1.41454E-01  0.00000E+00  4.73845E-02  8.52804E-02  4.99480E-03  3.79438E-03
   965.00000  1.41074E-01  0.00000E+00  4.72878E-02  8.50186E-02  4.98419E-03  3.78316E-03
   966.00000  1.40695E-01  0.00000E+00  4.71912E-02  8.47578E-02  4.97361E-03  3.77199E-03
   967.00000  1.40317E-01  0.00000E+00  4.70950E-02  8.44980E-02  4.96307E-03  3.76086E-03
   968.00000  1.39941E-01  0.00000E+00  4.69991E-02  8.42392E-02  4.95256E-03  3.74977E-03
   969.00000  1.39566E-01  0.00000E+00  4.69034E-02  8.39814E-02  4.94208E-03  3.73873E-03
   970.00000  1.39192E-01  0.00000E+00  4.68080E-02  8.37247E-02  4.93163E-03  3.72772E-03
   971.00000  1.38820E-01  0.00000E+00  4.67128E-02  8.34689E-02  4.92121E-03  3.71676E-03
   972.00000  1.38449E-01  0.00000E+00  4.66180E-02  8.32142E-02  4.91082E-03  3.70584E-03
   973.00000  1.38079E-01  0.00000E+00  4.65234E-02  8.29604E-02  4.90046E-03  3.69496E-03
   974.00000  1.37711E-01  0.00000E+00  4.64291E-02  8.27076E-02  4.89014E-03  3.68412E-03
   975.00000  1.37344E-01  0.00000E+00  4.63351E-02  8.24558E-02  4.87985E-03  3.67332E-03
   976.00000  1.36978E-01  0.00000E+00  4.62413E-02  8.22049E-02  4.86958E-03  3.66257E-03
   977.00000  1.36614E-01  0.00000E+00  4.61478E-02  8.19551E-02  4.85935E-03  3.65185E-03
   978.00000  1.36251E-01  0.00000E+00  4.60546E-02  8.17062E-02  4.84915E-03  3.64117E-03
   979.00000  1.35889E-01  0.00000E+00  4.59617E-02  8.14582E-02  4.83897E-03  3.63054E-03
   980.00000  1.35529E-01  0.00000E+00  4.58690E-02  8.12112E-02  4.82883E-03  3.61994E-03
   981.00000  1.35170E-01  0.00000E+00  4.57766E-02  8.09652E-02  4.81872E-03  3.60939E-03
   982.00000  1.34812E-01  0.00000E+00  4.56844E-02  8.07201E-02  4.80864E-03  3.59887E-03
   983.00000  1.34456E-01  0.00000E+00  4.55925E-02  8.04760E-02  4.79859E-03  3.58840E-03
   984.00000  1.34100E-01  0.00000E+00  4.55009E-02  8.02328E-02  4.78856E-03  3.57796E-03
   985.00000  1.33746E-01  0.00000E+00  4.54095E-02  7.99905E-02  4.77857E-03  3.56756E-03
   986.00000  1.33393E-01  0.00000E+00  4.53184E-02  7.97492E-02  4.76861E-03  3.55721E-03
   987.00000  1.33042E-01  0.00000E+00  4.52276E-02  7.95088E-02  4.75867E-03  3.54689E-03
   988.00000  1.32692E-01  0.00000E+00  4.51370E-02  7.92693E-02  4.74877E-03  3.53661E-03
   989.00000  1.32343E-01  0.00000E+00  4.50467E-02  7.90307E-02  4.73890E-03  3.52637E-03
   990.00000  1.31995E-01  0.00000E+00  4.49566E-02  7.87930E-02  4.72905E-03  3.51616E-03
   991.00000  1.31648E-01  0.00000E+00  4.48668E-02  7.85563E-02  4.71923E-03  3.50600E-03
   992.00000  1.31303E-01  0.00000E+00  4.47773E-02  7.83204E-02  4.70945E-03  3.49587E-03
   993.00000  1.30959E-01  0.00000E+00  4.46880E-02  7.80855E-02  4.69969E-03  3.48578E-03
   994.00000  1.30616E-01  0.00000E+00  4.45989E-02  7.78514E-02  4.68996E-03  3.47573E-03
   995.00000  1.30274E-01  0.00000E+00  4.45101E-02  7.76183E-02  4.68026E-03  3.46572E-03
   996.00000  1.29934E-01  0.00000E+00  4.44216E-02  7.73860E-02  4.67058E-03  3.45574E-03
   997.00000  1.29595E-01  0.00000E+00  4.43333E-02  7.71546E-02  4.66094E-03  3.44580E-03
   998.00000  1.29257E-01  0.00000E+00  4.42453E-02  7.69241E-02  4.65132E-03  3.43590E-03
   999.00000  1.28920E-01  0.00000E+00  4.41575E-02  7.66944E-02  4.64174E-03  3.42603E-03
  1000.00000  1.28584E-01  0.00000E+00  4.40699E-02  7.64657E-02  4.63218E-03  3.41621E-03
  1001.00000  1.28249E-01  0.00000E+00  4.39826E-02  7.62377E-02  4.62265E-03  3.40641E-03
  1002.00000  1.27916E-01  0.00000E+00  4.38956E-02  7.60107E-02  4.61314E-03  3.39666E-03
  1003.00000  1.27584E-01  0.00000E+00  4.38088E-02  7.57845E-02  4.60367E-03  3.38694E-03
  1004.00000  1.27253E-01  0.00000E+00  4.37222E-02  7.55592E-02  4.59422E-03  3.37726E-03
  1005.00000  1.26923E-01  0.00000E+00  4.36359E-02  7.53347E-02  4.58480E-03  3.36761E-03
  1006.00000  1.26594E-01  0.00000E+00  4.35498E-02  7.51111E-02  4.57541E-03  3.35800E-03
  1007.00000  1.26267E-01  0.00000E+00  4.34640E-02  7.48883E-02  4.56604E-03  3.34843E-03
  1008.00000  1.25940E-01  0.00000E+00  4.33784E-02  7.46663E-02  4.55670E-03  3.33889E-03
  1009.00000  1.25615E-01  0.00000E+00  4.32930E-02  7.44452E-02  4.54739E-03  3.32939E-03
  1010.00000  1.25291E-01  0.00000E+00  4.32079E-02  7.42249E-02  4.53811E-03  3.31992E-03
  1011.00000  1.24968E-01  0.00000E+00  4.31230E-02  7.40055E-02  4.52886E-03  3.31048E-03
  1012.00000  1.24646E-01  0.00000E+00  4.30384E-02  7.37869E-02  4.51963E-03  3.30109E-03
  1013.00000  1.24325E-01  0.00000E+00  4.29540E-02  7.35691E-02  4.51042E-03  3.29172E-03
  1014.00000  1.24005E-01  0.00000E+00  4.28698E-02  7.33521E-02  4.50125E-03  3.28240E-03
  1015.00000  1.23687E-01  0.00000E+00  4.27858E-02  7.31359E-02  4.49210E-03  3.27310E-03
  1016.00000  1.23369E-01  0.00000E+00  4.27021E-02  7.29205E-02  4.48298E-03  3.26384E-03
  1017.00000  1.23053E-01  0.00000E+00  4.26187E-02  7.27060E-02  4.47388E-03  3.25462E-03
  1018.00000  1.22738E-01  0.00000E+00  4.25354E-02  7.24922E-02  4.46481E-03  3.24543E-03
  1019.00000  1.22424E-01  0.00000E+00  4.24524E-02  7.22792E-02  4.45577E-03  3.23627E-03
  1020.00000  1.22111E-01  0.00000E+00  4.23696E-02  7.20671E-02  4.44675E-03  3.22715E-03
  1021.00000  1.21799E-01  0.00000E+00  4.22870E-02  7.18557E-02  4.43776E-03  3.21806E-03
  1022.00000  1.21488E-01  0.00000E+00  4.22047E-02  7.16451E-02  4.42880E-03  3.20901E-03
  1023.00000  1.21178E-01  0.00000E+00  4.21226E-02  7.14353E-02  4.41986E-03  3.19999E-03
  1024.00000  1.20869E-01  0.00000E+00  4.20407E-02  7.12263E-02  4.41095E-03  3.19100E-03
  1025.00000  1.20561E-01  0.00000E+00  4.19590E-02  7.10181E-02  4.40206E-03  3.18204E-03
  1026.00000  1.20255E-01  0.00000E+00  4.18776E-02  7.08106E-02  4.39320E-03  3.17312E-03
  1027.00000  1.19949E-01  0.00000E+00  4.17964E-02  7.06039E-02  4.38436E-03  3.16423E-03
  1028.00000  1.19644E-01  0.00000E+00  4.17154E-02  7.03980E-02  4.37555E-03  3.15538E-03
  1029.00000  1.19341E-01  0.00000E+00  4.16346E-02  7.01929E-02  4.36677E-03  3.14656E-03
  1030.00000  1.19038E-01  0.00000E+00  4.15540E-02  6.99885E-02  4.35801E-03  3.13777E-03
  1031.00000  1.18737E-01  0.00000E+00  4.14737E-02  6.97848E-02  4.34927E-03  3.12901E-03
  1032.00000  1.18436E-01  0.00000E+00  4.13936E-02  6.95820E-02  4.34057E-03  3.12028E-03
  1033.00000  1.18137E-01  0.00000E+00  4.13137E-02  6.93798E-02  4.33188E-03  3.11159E-03
  1034.00000  1.17839E-01  0.00000E+00  4.12340E-02  6.91785E-02  4.32322E-03  3.10292E-03
  1035.00000  1.17541E-01  0.00000E+00  4.11545E-02  6.89778E-02  4.31459E-03  3.09429E-03
  1036.00000  1.17245E-01  0.00000E+00  4.10753E-02  6.87779E-02  4.30598E-03  3.08569E-03
  1037.00000  1.16950E-01  0.00000E+00  4.09962E-02  6.85788E-02  4.29739E-03  3.07713E-03
  1038.00000  1.16655E-01  0.00000E+00  4.09174E-02  6.83804E-02  4.28883E-03  3.06859E-03
  1039.00000  1.16362E-01  0.00000E+00  4.08387E-02  6.81827E-02  4.28029E-03  3.06008E-03
  1040.00000  1.16069E-01  0.00000E+00  4.07603E-02  6.79857E-02  4.27178E-03  3.05161E-03
  1041.00000  1.15778E-01  0.00000E+00  4.06821E-02  6.77895E-02  4.26329E-03  3.04316E-03
  1042.00000  1.15488E-01  0.00000E+00  4.06041E-02  6.75940E-02  4.25483E-03  3.03475E-03
  1043.00000  1.15198E-01  0.00000E+00  4.05263E-02  6.73992E-02  4.24639E-03  3.02636E-03
  1044.00000  1.14910E-01  0.00000E+00  4.04488E-02  6.72052E-02  4.23797E-03  3.01801E-03
  1045.00000  1.14622E-01  0.00000E+00  4.03714E-02  6.70118E-02  4.22958E-03  3.00968E-03
  1046.00000  1.14336E-01  0.00000E+00  4.02942E-02  6.68192E-02  4.22121E-03  3.00139E-03
  1047.00000  1.14051E-01  0.00000E+00  4.02172E-02  6.66273E-02  4.21287E-03  2.99312E-03
  1048.00000  1.13766E-01  0.00000E+00  4.01405E-02  6.64361E-02  4.20455E-03  2.98488E-03
  1049.00000  1.13482E-01  0.00000E+00  4.00639E-02  6.62455E-02  4.19625E-03  2.97668E-03
  1050.00000  1.13200E-01  0.00000E+00  3.99876E-02  6.60557E-02  4.18798E-03  2.96850E-03
  1051.00000  1.12918E-01  0.00000E+00  3.99114E-02  6.58666E-02  4.17972E-03  2.96035E-03
  1052.00000  1.12637E-01  0.00000E+00  3.98355E-02  6.56782E-02  4.17150E-03  2.95223E-03
  1053.00000  1.12358E-01  0.00000E+00  3.97597E-02  6.54904E-02  4.16329E-03  2.94413E-03
  1054.00000  1.12079E-01  0.00000E+00  3.96841E-02  6.53034E-02  4.15511E-03  2.93607E-03
  1055.00000  1.11801E-01  0.00000E+00  3.96088E-02  6.51170E-02  4.14695E-03  2.92803E-03
  1056.00000  1.11524E-01  0.00000E+00  3.95336E-02  6.49313E-02  4.13882E-03  2.92002E-03
  1057.00000  1.11248E-01  0.00000E+00  3.94586E-02  6.47463E-02  4.13070E-03  2.91204E-03
  1058.00000  1.10973E-01  0.00000E+00  3.93839E-02  6.45620E-02  4.12261E-03  2.90409E-03
  1059.00000  1.10698E-01  0.00000E+00  3.93093E-02  6.43784E-02  4.11454E-03  2.89616E-03
  1060.00000  1.10425E-01  0.00000E+00  3.92349E-02  6.41954E-02  4.10650E-03  2.88826E-03
  1061.00000  1.10153E-01  0.00000E+00  3.91607E-02  6.40131E-02  4.09848E-03  2.88039E-03
  1062.00000  1.09881E-01  0.00000E+00  3.90867E-02  6.38314E-02  4.09048E-03  2.87254E-03
  1063.00000  1.09611E-01  0.00000E+00  3.90129E-02  6.36504E-02  4.08250E-03  2.86472E-03
  1064.00000  1.09341E-01  0.00000E+00  3.89393E-02  6.34701E-02  4.07454E-03  2.85693E-03
  1065.00000  1.09072E-01  0.00000E+00  3.88659E-02  6.32905E-02  4.06661E-03  2.84916E-03
  1066.00000  1.08804E-01  0.00000E+00  3.87926E-02  6.31114E-02  4.05869E-03  2.84142E-03
  1067.00000  1.08537E-01  0.00000E+00  3.87196E-02  6.29331E-02  4.05080E-03  2.83371E-03
  1068.00000  1.08271E-01  0.00000E+00  3.86467E-02  6.27554E-02  4.04293E-03  2.82602E-03
  1069.00000  1.08006E-01  0.00000E+00  3.85741E-02  6.25783E-02  4.03509E-03  2.81836E-03
  1070.00000  1.07741E-01  0.00000E+00  3.85016E-02  6.24019E-02  4.02726E-03  2.81072E-03
  1071.00000  1.07478E-01  0.00000E+00  3.84293E-02  6.22261E-02  4.01946E-03  2.80311E-03
  1072.00000  1.07215E-01  0.00000E+00  3.83572E-02  6.20509E-02  4.01168E-03  2.79553E-03
  1073.00000  1.06954E-01  0.00000E+00  3.82852E-02  6.18764E-02  4.00391E-03  2.78797E-03
  1074.00000  1.06693E-01  0.00000E+00  3.82135E-02  6.17026E-02  3.99617E-03  2.78043E-03
  1075.00000  1.06433E-01  0.00000E+00  3.81419E-02  6.15293E-02  3.98846E-03  2.77292E-03
  1076.00000  1.06173E-01  0.00000E+00  3.80705E-02  6.13567E-02  3.98076E-03  2.76544E-03
  1077.00000  1.05915E-01  0.00000E+00  3.79993E-02  6.11847E-02  3.97308E-03  2.75798E-03
  1078.00000  1.05658E-01  0.00000E+00  3.79283E-02  6.10133E-02  3.96543E-03  2.75054E-03
  1079.00000  1.05401E-01  0.00000E+00  3.78575E-02  6.08426E-02  3.95779E-03  2.74313E-03
  1080.00000  1.05145E-01  0.00000E+00  3.77868E-02  6.06724E-02  3.95018E-03  2.73575E-03
  1081.00000  1.04890E-01  0.00000E+00  3.77163E-02  6.05029E-02  3.94258E-03  2.72839E-03
  1082.00000  1.04636E-01  0.00000E+00  3.76460E-02  6.03340E-02  3.93501E-03  2.72105E-03
  1083.00000  1.04383E-01  0.00000E+00  3.75759E-02  6.01657E-02  3.92746E-03  2.71374E-03
  1084.00000  1.04130E-01  0.00000E+00  3.75060E-02  5.99980E-02  3.91993E-03  2.70645E-03
  1085.00000  1.03879E-01  0.00000E+00  3.74362E-02  5.98309E-02  3.91242E-03  2.69919E-03
  1086.00000  1.03628E-01  0.00000E+00  3.73666E-02  5.96644E-02  3.90492E-03  2.69195E-03
  1087.00000  1.03378E-01  0.00000E+00  3.72972E-02  5.94985E-02  3.89745E-03  2.68473E-03
  1088.00000  1.03129E-01  0.00000E+00  3.72279E-02  5.93332E-02  3.89000E-03  2.67754E-03
  1089.00000  1.02880E-01  0.00000E+00  3.71589E-02  5.91685E-02  3.88257E-03  2.67038E-03
  1090.00000  1.02633E-01  0.00000E+00  3.70900E-02  5.90044E-02  3.87516E-03  2.66323E-03
  1091.00000  1.02386E-01  0.00000E+00  3.70212E-02  5.88409E-02  3.86777E-03  2.65611E-03
  1092.00000  1.02140E-01  0.00000E+00  3.69527E-02  5.86780E-02  3.86040E-03  2.64902E-03
  1093.00000  1.01895E-01  0.00000E+00  3.68843E-02  5.85156E-02  3.85305E-03  2.64195E-03
  1094.00000  1.01651E-01  0.00000E+00  3.68161E-02  5.83538E-02  3.84571E-03  2.63490E-03
  1095.00000  1.01407E-01  0.00000E+00  3.67480E-02  5.81926E-02  3.83840E-03  2.62787E-03
  1096.00000  1.01164E-01  0.00000E+00  3.66802E-02  5.80320E-02  3.83111E-03  2.62087E-03
  1097.00000  1.00922E-01  0.00000E+00  3.66125E-02  5.78720E-02  3.82384E-03  2.61390E-03
  1098.00000  1.00681E-01  0.00000E+00  3.65449E-02  5.77125E-02  3.81658E-03  2.60694E-03
  1099.00000  1.00441E-01  0.00000E+00  3.64776E-02  5.75536E-02  3.80935E-03  2.60001E-03
  1100.00000  1.00201E-01  0.00000E+00  3.64104E-02  5.73953E-02  3.80213E-03  2.59310E-03
  1101.00000  9.99620E-02  0.00000E+00  3.63433E-02  5.72375E-02  3.79493E-03  2.58622E-03
  1102.00000  9.97239E-02  0.00000E+00  3.62765E-02  5.70803E-02  3.78776E-03  2.57935E-03
  1103.00000  9.94865E-02  0.00000E+00  3.62098E-02  5.69237E-02  3.78060E-03  2.57251E-03
  1104.00000  9.92500E-02  0.00000E+00  3.61432E-02  5.67676E-02  3.77346E-03  2.56570E-03
  1105.00000  9.90141E-02  0.00000E+00  3.60769E-02  5.66120E-02  3.76634E-03  2.55890E-03
  1106.00000  9.87791E-02  0.00000E+00  3.60107E-02  5.64571E-02  3.75923E-03  2.55213E-03
  1107.00000  9.85448E-02  0.00000E+00  3.59446E-02  5.63026E-02  3.75215E-03  2.54539E-03
  1108.00000  9.83112E-02  0.00000E+00  3.58787E-02  5.61487E-02  3.74508E-03  2.53866E-03
  1109.00000  9.80784E-02  0.00000E+00  3.58130E-02  5.59954E-02  3.73804E-03  2.53196E-03
  1110.00000  9.78464E-02  0.00000E+00  3.57475E-02  5.58426E-02  3.73101E-03  2.52528E-03
  1111.00000  9.76150E-02  0.00000E+00  3.56821E-02  5.56903E-02  3.72400E-03  2.51862E-03
  1112.00000  9.73845E-02  0.00000E+00  3.56168E-02  5.55386E-02  3.71701E-03  2.51198E-03
  1113.00000  9.71546E-02  0.00000E+00  3.55518E-02  5.53874E-02  3.71004E-03  2.50537E-03
  1114.00000  9.69255E-02  0.00000E+00  3.54869E-02  5.52368E-02  3.70308E-03  2.49877E-03
  1115.00000  9.66971E-02  0.00000E+00  3.54221E-02  5.50867E-02  3.69614E-03  2.49221E-03
  1116.00000  9.64695E-02  0.00000E+00  3.53575E-02  5.49371E-02  3.68922E-03  2.48566E-03
  1117.00000  9.62426E-02  0.00000E+00  3.52931E-02  5.47880E-02  3.68232E-03  2.47913E-03
  1118.00000  9.60164E-02  0.00000E+00  3.52288E-02  5.46395E-02  3.67544E-03  2.47263E-03
  1119.00000  9.57909E-02  0.00000E+00  3.51647E-02  5.44915E-02  3.66858E-03  2.46614E-03
  1120.00000  9.55661E-02  0.00000E+00  3.51007E-02  5.43440E-02  3.66173E-03  2.45968E-03
  1121.00000  9.53421E-02  0.00000E+00  3.50369E-02  5.41970E-02  3.65490E-03  2.45324E-03
  1122.00000  9.51187E-02  0.00000E+00  3.49733E-02  5.40505E-02  3.64809E-03  2.44683E-03
  1123.00000  9.48961E-02  0.00000E+00  3.49098E-02  5.39046E-02  3.64129E-03  2.44043E-03
  1124.00000  9.46742E-02  0.00000E+00  3.48465E-02  5.37592E-02  3.63451E-03  2.43406E-03
  1125.00000  9.44530E-02  0.00000E+00  3.47833E-02  5.36142E-02  3.62775E-03  2.42770E-03
  1126.00000  9.42325E-02  0.00000E+00  3.47202E-02  5.34698E-02  3.62101E-03  2.42137E-03
  1127.00000  9.40126E-02  0.00000E+00  3.46574E-02  5.33259E-02  3.61429E-03  2.41506E-03
  1128.00000  9.37935E-02  0.00000E+00  3.45947E-02  5.31825E-02  3.60758E-03  2.40877E-03
  1129.00000  9.35751E-02  0.00000E+00  3.45321E-02  5.30396E-02  3.60089E-03  2.40250E-03
  1130.00000  9.33573E-02  0.00000E+00  3.44697E-02  5.28972E-02  3.59422E-03  2.39625E-03
  1131.00000  9.31403E-02  0.00000E+00  3.44074E-02  5.27553E-02  3.58756E-03  2.39003E-03
  1132.00000  9.29239E-02  0.00000E+00  3.43453E-02  5.26138E-02  3.58092E-03  2.38382E-03
  1133.00000  9.27082E-02  0.00000E+00  3.42834E-02  5.24729E-02  3.57430E-03  2.37764E-03
  1134.00000  9.24932E-02  0.00000E+00  3.42215E-02  5.23325E-02  3.56769E-03  2.37147E-03
  1135.00000  9.22788E-02  0.00000E+00  3.41599E-02  5.21925E-02  3.56111E-03  2.36533E-03
  1136.00000  9.20652E-02  0.00000E+00  3.40984E-02  5.20530E-02  3.55453E-03  2.35921E-03
  1137.00000  9.18522E-02  0.00000E+00  3.40370E-02  5.19140E-02  3.54798E-03  2.35310E-03
  1138.00000  9.16398E-02  0.00000E+00  3.39758E-02  5.17755E-02  3.54144E-03  2.34702E-03
  1139.00000  9.14282E-02  0.00000E+00  3.39148E-02  5.16375E-02  3.53492E-03  2.34096E-03
  1140.00000  9.12172E-02  0.00000E+00  3.38539E-02  5.15000E-02  3.52841E-03  2.33492E-03
  1141.00000  9.10068E-02  0.00000E+00  3.37931E-02  5.13629E-02  3.52193E-03  2.32890E-03
  1142.00000  9.07971E-02  0.00000E+00  3.37325E-02  5.12263E-02  3.51545E-03  2.32290E-03
  1143.00000  9.05881E-02  0.00000E+00  3.36720E-02  5.10901E-02  3.50900E-03  2.31692E-03
  1144.00000  9.03797E-02  0.00000E+00  3.36117E-02  5.09545E-02  3.50256E-03  2.31095E-03
  1145.00000  9.01720E-02  0.00000E+00  3.35515E-02  5.08193E-02  3.49613E-03  2.30501E-03
  1146.00000  8.99649E-02  0.00000E+00  3.34915E-02  5.06845E-02  3.48973E-03  2.29909E-03
  1147.00000  8.97584E-02  0.00000E+00  3.34316E-02  5.05503E-02  3.48334E-03  2.29319E-03
  1148.00000  8.95526E-02  0.00000E+00  3.33719E-02  5.04165E-02  3.47696E-03  2.28731E-03
  1149.00000  8.93475E-02  0.00000E+00  3.33123E-02  5.02831E-02  3.47060E-03  2.28145E-03
  1150.00000  8.91429E-02  0.00000E+00  3.32529E-02  5.01502E-02  3.46426E-03  2.27560E-03
  1151.00000  8.89391E-02  0.00000E+00  3.31936E-02  5.00178E-02  3.45793E-03  2.26978E-03
  1152.00000  8.87358E-02  0.00000E+00  3.31344E-02  4.98858E-02  3.45162E-03  2.26397E-03
  1153.00000  8.85332E-02  0.00000E+00  3.30754E-02  4.97543E-02  3.44532E-03  2.25819E-03
  1154.00000  8.83312E-02  0.00000E+00  3.30165E-02  4.96232E-02  3.43905E-03  2.25242E-03
  1155.00000  8.81298E-02  0.00000E+00  3.29578E-02  4.94925E-02  3.43278E-03  2.24668E-03
  1156.00000  8.79290E-02  0.00000E+00  3.28992E-02  4.93623E-02  3.42653E-03  2.24095E-03
  1157.00000  8.77289E-02  0.00000E+00  3.28408E-02  4.92326E-02  3.42030E-03  2.23524E-03
  1158.00000  8.75294E-02  0.00000E+00  3.27825E-02  4.91033E-02  3.41408E-03  2.22955E-03
  1159.00000  8.73305E-02  0.00000E+00  3.27243E-02  4.89744E-02  3.40788E-03  2.22388E-03
  1160.00000  8.71322E-02  0.00000E+00  3.26663E-02  4.88459E-02  3.40169E-03  2.21822E-03
  1161.00000  8.69345E-02  0.00000E+00  3.26084E-02  4.87179E-02  3.39552E-03  2.21259E-03
  1162.00000  8.67374E-02  0.00000E+00  3.25507E-02  4.85904E-02  3.38937E-03  2.20697E-03
  1163.00000  8.65409E-02  0.00000E+00  3.24931E-02  4.84632E-02  3.38323E-03  2.20137E-03
  1164.00000  8.63451E-02  0.00000E+00  3.24356E-02  4.83365E-02  3.37710E-03  2.19579E-03
  1165.00000  8.61498E-02  0.00000E+00  3.23783E-02  4.82102E-02  3.37099E-03  2.19023E-03
  1166.00000  8.59551E-02  0.00000E+00  3.23211E-02  4.80844E-02  3.36490E-03  2.18468E-03
  1167.00000  8.57610E-02  0.00000E+00  3.22641E-02  4.79590E-02  3.35882E-03  2.17915E-03
  1168.00000  8.55676E-02  0.00000E+00  3.22072E-02  4.78339E-02  3.35275E-03  2.17365E-03
  1169.00000  8.53747E-02  0.00000E+00  3.21504E-02  4.77094E-02  3.34670E-03  2.16815E-03
  1170.00000  8.51824E-02  0.00000E+00  3.20938E-02  4.75852E-02  3.34066E-03  2.16268E-03
  1171.00000  8.49906E-02  0.00000E+00  3.20373E-02  4.74614E-02  3.33464E-03  2.15722E-03
  1172.00000  8.47995E-02  0.00000E+00  3.19810E-02  4.73381E-02  3.32864E-03  2.15178E-03
  1173.00000  8.46089E-02  0.00000E+00  3.19248E-02  4.72152E-02  3.32265E-03  2.14636E-03
  1174.00000  8.44190E-02  0.00000E+00  3.18687E-02  4.70927E-02  3.31667E-03  2.14095E-03
  1175.00000  8.42296E-02  0.00000E+00  3.18127E-02  4.69705E-02  3.31071E-03  2.13556E-03
  1176.00000  8.40407E-02  0.00000E+00  3.17569E-02  4.68488E-02  3.30476E-03  2.13019E-03
  1177.00000  8.38525E-02  0.00000E+00  3.17013E-02  4.67276E-02  3.29883E-03  2.12484E-03
  1178.00000  8.36648E-02  0.00000E+00  3.16457E-02  4.66067E-02  3.29291E-03  2.11950E-03
  1179.00000  8.34777E-02  0.00000E+00  3.15903E-02  4.64862E-02  3.28701E-03  2.11418E-03
  1180.00000  8.32911E-02  0.00000E+00  3.15350E-02  4.63661E-02  3.28112E-03  2.10887E-03
  1181.00000  8.31051E-02  0.00000E+00  3.14799E-02  4.62464E-02  3.27524E-03  2.10358E-03
  1182.00000  8.29197E-02  0.00000E+00  3.14249E-02  4.61271E-02  3.26938E-03  2.09831E-03
  1183.00000  8.27348E-02  0.00000E+00  3.13700E-02  4.60082E-02  3.26354E-03  2.09305E-03
  1184.00000  8.25505E-02  0.00000E+00  3.13153E-02  4.58897E-02  3.25770E-03  2.08781E-03
  1185.00000  8.23668E-02  0.00000E+00  3.12607E-02  4.57716E-02  3.25188E-03  2.08259E-03
  1186.00000  8.21836E-02  0.00000E+00  3.12062E-02  4.56539E-02  3.24608E-03  2.07738E-03
  1187.00000  8.20009E-02  0.00000E+00  3.11519E-02  4.55366E-02  3.24029E-03  2.07219E-03
  1188.00000  8.18188E-02  0.00000E+00  3.10977E-02  4.54196E-02  3.23451E-03  2.06701E-03
  1189.00000  8.16373E-02  0.00000E+00  3.10436E-02  4.53031E-02  3.22875E-03  2.06185E-03
  1190.00000  8.14562E-02  0.00000E+00  3.09896E-02  4.51869E-02  3.22300E-03  2.05671E-03
  1191.00000  8.12758E-02  0.00000E+00  3.09358E-02  4.50711E-02  3.21727E-03  2.05158E-03
  1192.00000  8.10958E-02  0.00000E+00  3.08821E-02  4.49557E-02  3.21155E-03  2.04647E-03
  1193.00000  8.09164E-02  0.00000E+00  3.08286E-02  4.48407E-02  3.20584E-03  2.04137E-03
  1194.00000  8.07376E-02  0.00000E+00  3.07751E-02  4.47260E-02  3.20015E-03  2.03629E-03
  1195.00000  8.05593E-02  0.00000E+00  3.07218E-02  4.46117E-02  3.19447E-03  2.03122E-03
  1196.00000  8.03815E-02  0.00000E+00  3.06687E-02  4.44978E-02  3.18881E-03  2.02617E-03
  1197.00000  8.02042E-02  0.00000E+00  3.06156E-02  4.43843E-02  3.18315E-03  2.02113E-03
  1198.00000  8.00275E-02  0.00000E+00  3.05627E-02  4.42711E-02  3.17752E-03  2.01611E-03
  1199.00000  7.98513E-02  0.00000E+00  3.05099E-02  4.41583E-02  3.17189E-03  2.01111E-03
  1200.00000  7.96756E-02  0.00000E+00  3.04572E-02  4.40459E-02  3.16628E-03  2.00612E-03
  1201.00000  7.95004E-02  0.00000E+00  3.04047E-02  4.39339E-02  3.16068E-03  2.00115E-03
  1202.00000  7.93258E-02  0.00000E+00  3.03523E-02  4.38222E-02  3.15510E-03  1.99619E-03
  1203.00000  7.91516E-02  0.00000E+00  3.03000E-02  4.37108E-02  3.14953E-03  1.99124E-03
  1204.00000  7.89780E-02  0.00000E+00  3.02479E-02  4.35999E-02  3.14397E-03  1.98631E-03
  1205.00000  7.88049E-02  0.00000E+00  3.01958E-02  4.34893E-02  3.13842E-03  1.98140E-03
  1206.00000  7.86323E-02  0.00000E+00  3.01439E-02  4.33790E-02  3.13289E-03  1.97650E-03
  1207.00000  7.84603E-02  0.00000E+00  3.00921E-02  4.32691E-02  3.12737E-03  1.97162E-03
  1208.00000  7.82887E-02  0.00000E+00  3.00405E-02  4.31596E-02  3.12187E-03  1.96675E-03
  1209.00000  7.81176E-02  0.00000E+00  2.99890E-02  4.30504E-02  3.11638E-03  1.96190E-03
  1210.00000  7.79471E-02  0.00000E+00  2.99375E-02  4.29416E-02  3.11090E-03  1.95706E-03
  1211.00000  7.77770E-02  0.00000E+00  2.98863E-02  4.28331E-02  3.10543E-03  1.95223E-03
  1212.00000  7.76075E-02  0.00000E+00  2.98351E-02  4.27250E-02  3.09998E-03  1.94742E-03
  1213.00000  7.74384E-02  0.00000E+00  2.97841E-02  4.26172E-02  3.09454E-03  1.94263E-03
  1214.00000  7.72699E-02  0.00000E+00  2.97331E-02  4.25098E-02  3.08911E-03  1.93785E-03
  1215.00000  7.71018E-02  0.00000E+00  2.96824E-02  4.24027E-02  3.08370E-03  1.93308E-03
  1216.00000  7.69343E-02  0.00000E+00  2.96317E-02  4.22960E-02  3.07830E-03  1.92833E-03
  1217.00000  7.67672E-02  0.00000E+00  2.95811E-02  4.21896E-02  3.07291E-03  1.92360E-03
  1218.00000  7.66006E-02  0.00000E+00  2.95307E-02  4.20835E-02  3.06754E-03  1.91888E-03
  1219.00000  7.64345E-02  0.00000E+00  2.94804E-02  4.19778E-02  3.06217E-03  1.91417E-03
  1220.00000  7.62689E-02  0.00000E+00  2.94302E-02  4.18724E-02  3.05682E-03  1.90948E-03
  1221.00000  7.61038E-02  0.00000E+00  2.93801E-02  4.17674E-02  3.05148E-03  1.90480E-03
  1222.00000  7.59391E-02  0.00000E+00  2.93302E-02  4.16627E-02  3.04616E-03  1.90014E-03
  1223.00000  7.57750E-02  0.00000E+00  2.92804E-02  4.15583E-02  3.04085E-03  1.89549E-03
  1224.00000  7.56113E-02  0.00000E+00  2.92306E-02  4.14543E-02  3.03555E-03  1.89086E-03
  1225.00000  7.54481E-02  0.00000E+00  2.91811E-02  4.13505E-02  3.03026E-03  1.88624E-03
  1226.00000  7.52854E-02  0.00000E+00  2.91316E-02  4.12472E-02  3.02499E-03  1.88163E-03
  1227.00000  7.51231E-02  0.00000E+00  2.90822E-02  4.11441E-02  3.01972E-03  1.87704E-03
  1228.00000  7.49613E-02  0.00000E+00  2.90330E-02  4.10414E-02  3.01447E-03  1.87247E-03
  1229.00000  7.48000E-02  0.00000E+00  2.89839E-02  4.09390E-02  3.00924E-03  1.86791E-03
  1230.00000  7.46392E-02  0.00000E+00  2.89349E-02  4.08369E-02  3.00401E-03  1.86336E-03
  1231.00000  7.44788E-02  0.00000E+00  2.88860E-02  4.07352E-02  2.99880E-03  1.85882E-03
  1232.00000  7.43189E-02  0.00000E+00  2.88372E-02  4.06338E-02  2.99360E-03  1.85430E-03
  1233.00000  7.41594E-02  0.00000E+00  2.87885E-02  4.05327E-02  2.98841E-03  1.84980E-03
  1234.00000  7.40005E-02  0.00000E+00  2.87400E-02  4.04319E-02  2.98324E-03  1.84531E-03
  1235.00000  7.38419E-02  0.00000E+00  2.86916E-02  4.03314E-02  2.97807E-03  1.84083E-03
  1236.00000  7.36839E-02  0.00000E+00  2.86433E-02  4.02313E-02  2.97292E-03  1.83637E-03
  1237.00000  7.35263E-02  0.00000E+00  2.85951E-02  4.01315E-02  2.96778E-03  1.83192E-03
  1238.00000  7.33691E-02  0.00000E+00  2.85470E-02  4.00320E-02  2.96265E-03  1.82748E-03
  1239.00000  7.32124E-02  0.00000E+00  2.84990E-02  3.99328E-02  2.95754E-03  1.82306E-03
  1240.00000  7.30562E-02  0.00000E+00  2.84512E-02  3.98339E-02  2.95243E-03  1.81865E-03
  1241.00000  7.29004E-02  0.00000E+00  2.84034E-02  3.97353E-02  2.94734E-03  1.81426E-03
  1242.00000  7.27450E-02  0.00000E+00  2.83558E-02  3.96371E-02  2.94226E-03  1.80988E-03
  1243.00000  7.25901E-02  0.00000E+00  2.83083E-02  3.95391E-02  2.93720E-03  1.80551E-03
  1244.00000  7.24357E-02  0.00000E+00  2.82609E-02  3.94415E-02  2.93214E-03  1.80116E-03
  1245.00000  7.22816E-02  0.00000E+00  2.82136E-02  3.93441E-02  2.92710E-03  1.79682E-03
  1246.00000  7.21281E-02  0.00000E+00  2.81664E-02  3.92471E-02  2.92207E-03  1.79249E-03
  1247.00000  7.19749E-02  0.00000E+00  2.81194E-02  3.91504E-02  2.91705E-03  1.78818E-03
  1248.00000  7.18223E-02  0.00000E+00  2.80724E-02  3.90539E-02  2.91204E-03  1.78388E-03
  1249.00000  7.16700E-02  0.00000E+00  2.80256E-02  3.89578E-02  2.90704E-03  1.77960E-03
  1250.00000  7.15182E-02  0.00000E+00  2.79788E-02  3.88620E-02  2.90206E-03  1.77532E-03
  1251.00000  7.13668E-02  0.00000E+00  2.79322E-02  3.87665E-02  2.89708E-03  1.77106E-03
  1252.00000  7.12158E-02  0.00000E+00  2.78857E-02  3.86712E-02  2.89212E-03  1.76682E-03
  1253.00000  7.10653E-02  0.00000E+00  2.78393E-02  3.85763E-02  2.88717E-03  1.76259E-03
  1254.00000  7.09152E-02  0.00000E+00  2.77930E-02  3.84817E-02  2.88223E-03  1.75837E-03
  1255.00000  7.07656E-02  0.00000E+00  2.77468E-02  3.83873E-02  2.87731E-03  1.75416E-03
  1256.00000  7.06163E-02  0.00000E+00  2.77007E-02  3.82933E-02  2.87239E-03  1.74997E-03
  1257.00000  7.04675E-02  0.00000E+00  2.76547E-02  3.81995E-02  2.86749E-03  1.74579E-03
  1258.00000  7.03192E-02  0.00000E+00  2.76089E-02  3.81061E-02  2.86260E-03  1.74163E-03
  1259.00000  7.01712E-02  0.00000E+00  2.75631E-02  3.80129E-02  2.85772E-03  1.73747E-03
  1260.00000  7.00236E-02  0.00000E+00  2.75174E-02  3.79200E-02  2.85285E-03  1.73333E-03
  1261.00000  6.98765E-02  0.00000E+00  2.74719E-02  3.78274E-02  2.84799E-03  1.72921E-03
  1262.00000  6.97298E-02  0.00000E+00  2.74265E-02  3.77351E-02  2.84314E-03  1.72509E-03
  1263.00000  6.95835E-02  0.00000E+00  2.73811E-02  3.76431E-02  2.83831E-03  1.72099E-03
  1264.00000  6.94377E-02  0.00000E+00  2.73359E-02  3.75514E-02  2.83348E-03  1.71690E-03
  1265.00000  6.92922E-02  0.00000E+00  2.72908E-02  3.74599E-02  2.82867E-03  1.71283E-03
  1266.00000  6.91471E-02  0.00000E+00  2.72457E-02  3.73688E-02  2.82387E-03  1.70877E-03
  1267.00000  6.90025E-02  0.00000E+00  2.72008E-02  3.72779E-02  2.81908E-03  1.70472E-03
  1268.00000  6.88583E-02  0.00000E+00  2.71560E-02  3.71873E-02  2.81430E-03  1.70068E-03
  1269.00000  6.87144E-02  0.00000E+00  2.71113E-02  3.70970E-02  2.80954E-03  1.69665E-03
  1270.00000  6.85710E-02  0.00000E+00  2.70667E-02  3.70069E-02  2.80478E-03  1.69264E-03
  1271.00000  6.84280E-02  0.00000E+00  2.70222E-02  3.69171E-02  2.80003E-03  1.68864E-03
  1272.00000  6.82854E-02  0.00000E+00  2.69778E-02  3.68277E-02  2.79530E-03  1.68466E-03
  1273.00000  6.81432E-02  0.00000E+00  2.69335E-02  3.67384E-02  2.79058E-03  1.68068E-03
  1274.00000  6.80014E-02  0.00000E+00  2.68893E-02  3.66495E-02  2.78586E-03  1.67672E-03
  1275.00000  6.78600E-02  0.00000E+00  2.68452E-02  3.65608E-02  2.78116E-03  1.67277E-03
  1276.00000  6.77190E-02  0.00000E+00  2.68012E-02  3.64724E-02  2.77647E-03  1.66883E-03
  1277.00000  6.75784E-02  0.00000E+00  2.67573E-02  3.63843E-02  2.77179E-03  1.66491E-03
  1278.00000  6.74381E-02  0.00000E+00  2.67135E-02  3.62965E-02  2.76712E-03  1.66099E-03
  1279.00000  6.72983E-02  0.00000E+00  2.66698E-02  3.62089E-02  2.76247E-03  1.65709E-03
  1280.00000  6.71589E-02  0.00000E+00  2.66263E-02  3.61216E-02  2.75782E-03  1.65320E-03
  1281.00000  6.70198E-02  0.00000E+00  2.65828E-02  3.60346E-02  2.75318E-03  1.64933E-03
  1282.00000  6.68812E-02  0.00000E+00  2.65394E-02  3.59478E-02  2.74856E-03  1.64546E-03
  1283.00000  6.67429E-02  0.00000E+00  2.64961E-02  3.58613E-02  2.74394E-03  1.64161E-03
  1284.00000  6.66050E-02  0.00000E+00  2.64529E-02  3.57750E-02  2.73934E-03  1.63776E-03
  1285.00000  6.64675E-02  0.00000E+00  2.64098E-02  3.56890E-02  2.73475E-03  1.63393E-03
  1286.00000  6.63304E-02  0.00000E+00  2.63668E-02  3.56033E-02  2.73016E-03  1.63012E-03
  1287.00000  6.61937E-02  0.00000E+00  2.63239E-02  3.55179E-02  2.72559E-03  1.62631E-03
  1288.00000  6.60573E-02  0.00000E+00  2.62811E-02  3.54327E-02  2.72103E-03  1.62251E-03
  1289.00000  6.59213E-02  0.00000E+00  2.62384E-02  3.53477E-02  2.71648E-03  1.61873E-03
  1290.00000  6.57857E-02  0.00000E+00  2.61958E-02  3.52631E-02  2.71194E-03  1.61496E-03
  1291.00000  6.56505E-02  0.00000E+00  2.61532E-02  3.51787E-02  2.70741E-03  1.61119E-03
  1292.00000  6.55157E-02  0.00000E+00  2.61108E-02  3.50945E-02  2.70289E-03  1.60744E-03
  1293.00000  6.53812E-02  0.00000E+00  2.60685E-02  3.50106E-02  2.69838E-03  1.60370E-03
  1294.00000  6.52471E-02  0.00000E+00  2.60263E-02  3.49269E-02  2.69389E-03  1.59998E-03
  1295.00000  6.51134E-02  0.00000E+00  2.59842E-02  3.48436E-02  2.68940E-03  1.59626E-03
  1296.00000  6.49800E-02  0.00000E+00  2.59421E-02  3.47604E-02  2.68492E-03  1.59255E-03
  1297.00000  6.48470E-02  0.00000E+00  2.59002E-02  3.46775E-02  2.68045E-03  1.58886E-03
  1298.00000  6.47144E-02  0.00000E+00  2.58583E-02  3.45949E-02  2.67600E-03  1.58517E-03
  1299.00000  6.45821E-02  0.00000E+00  2.58166E-02  3.45125E-02  2.67155E-03  1.58150E-03
  1300.00000  6.44502E-02  0.00000E+00  2.57749E-02  3.44304E-02  2.66711E-03  1.57784E-03
  1301.00000  6.43187E-02  0.00000E+00  2.57333E-02  3.43485E-02  2.66269E-03  1.57418E-03
  1302.00000  6.41876E-02  0.00000E+00  2.56919E-02  3.42669E-02  2.65827E-03  1.57054E-03
  1303.00000  6.40567E-02  0.00000E+00  2.56505E-02  3.41855E-02  2.65386E-03  1.56691E-03
  1304.00000  6.39263E-02  0.00000E+00  2.56092E-02  3.41043E-02  2.64947E-03  1.56329E-03
  1305.00000  6.37962E-02  0.00000E+00  2.55680E-02  3.40235E-02  2.64508E-03  1.55968E-03
  1306.00000  6.36665E-02  0.00000E+00  2.55269E-02  3.39428E-02  2.64071E-03  1.55608E-03
  1307.00000  6.35371E-02  0.00000E+00  2.54859E-02  3.38624E-02  2.63634E-03  1.55249E-03
  1308.00000  6.34081E-02  0.00000E+00  2.54450E-02  3.37822E-02  2.63199E-03  1.54891E-03
  1309.00000  6.32794E-02  0.00000E+00  2.54041E-02  3.37023E-02  2.62764E-03  1.54534E-03
  1310.00000  6.31511E-02  0.00000E+00  2.53634E-02  3.36226E-02  2.62331E-03  1.54178E-03
  1311.00000  6.30232E-02  0.00000E+00  2.53227E-02  3.35432E-02  2.61898E-03  1.53823E-03
  1312.00000  6.28955E-02  0.00000E+00  2.52822E-02  3.34640E-02  2.61466E-03  1.53469E-03
  1313.00000  6.27683E-02  0.00000E+00  2.52417E-02  3.33851E-02  2.61036E-03  1.53117E-03
  1314.00000  6.26414E-02  0.00000E+00  2.52013E-02  3.33063E-02  2.60606E-03  1.52765E-03
  1315.00000  6.25148E-02  0.00000E+00  2.51610E-02  3.32279E-02  2.60178E-03  1.52414E-03
  1316.00000  6.23886E-02  0.00000E+00  2.51208E-02  3.31496E-02  2.59750E-03  1.52064E-03
  1317.00000  6.22627E-02  0.00000E+00  2.50807E-02  3.30716E-02  2.59323E-03  1.51715E-03
  1318.00000  6.21371E-02  0.00000E+00  2.50407E-02  3.29938E-02  2.58897E-03  1.51367E-03
  1319.00000  6.20119E-02  0.00000E+00  2.50007E-02  3.29163E-02  2.58473E-03  1.51020E-03
  1320.00000  6.18871E-02  0.00000E+00  2.49609E-02  3.28390E-02  2.58049E-03  1.50674E-03
  1321.00000  6.17626E-02  0.00000E+00  2.49211E-02  3.27619E-02  2.57626E-03  1.50329E-03
  1322.00000  6.16384E-02  0.00000E+00  2.48814E-02  3.26851E-02  2.57204E-03  1.49985E-03
  1323.00000  6.15145E-02  0.00000E+00  2.48418E-02  3.26085E-02  2.56783E-03  1.49641E-03
  1324.00000  6.13910E-02  0.00000E+00  2.48023E-02  3.25321E-02  2.56363E-03  1.49299E-03
  1325.00000  6.12678E-02  0.00000E+00  2.47629E-02  3.24559E-02  2.55944E-03  1.48958E-03
  1326.00000  6.11450E-02  0.00000E+00  2.47236E-02  3.23800E-02  2.55526E-03  1.48618E-03
  1327.00000  6.10225E-02  0.00000E+00  2.46843E-02  3.23043E-02  2.55109E-03  1.48278E-03
  1328.00000  6.09003E-02  0.00000E+00  2.46451E-02  3.22288E-02  2.54693E-03  1.47940E-03
  1329.00000  6.07785E-02  0.00000E+00  2.46061E-02  3.21536E-02  2.54278E-03  1.47603E-03
  1330.00000  6.06569E-02  0.00000E+00  2.45671E-02  3.20786E-02  2.53864E-03  1.47266E-03
  1331.00000  6.05358E-02  0.00000E+00  2.45282E-02  3.20038E-02  2.53450E-03  1.46931E-03
  1332.00000  6.04149E-02  0.00000E+00  2.44893E-02  3.19292E-02  2.53038E-03  1.46596E-03
  1333.00000  6.02944E-02  0.00000E+00  2.44506E-02  3.18549E-02  2.52626E-03  1.46262E-03
  1334.00000  6.01741E-02  0.00000E+00  2.44119E-02  3.17807E-02  2.52216E-03  1.45930E-03
  1335.00000  6.00542E-02  0.00000E+00  2.43734E-02  3.17068E-02  2.51806E-03  1.45598E-03
  1336.00000  5.99347E-02  0.00000E+00  2.43349E-02  3.16332E-02  2.51398E-03  1.45267E-03
  1337.00000  5.98154E-02  0.00000E+00  2.42965E-02  3.15597E-02  2.50990E-03  1.44937E-03
  1338.00000  5.96965E-02  0.00000E+00  2.42581E-02  3.14865E-02  2.50583E-03  1.44608E-03
  1339.00000  5.95779E-02  0.00000E+00  2.42199E-02  3.14134E-02  2.50177E-03  1.44280E-03
  1340.00000  5.94596E-02  0.00000E+00  2.41817E-02  3.13406E-02  2.49772E-03  1.43953E-03
  1341.00000  5.93416E-02  0.00000E+00  2.41437E-02  3.12680E-02  2.49368E-03  1.43627E-03
  1342.00000  5.92240E-02  0.00000E+00  2.41057E-02  3.11957E-02  2.48965E-03  1.43301E-03
  1343.00000  5.91066E-02  0.00000E+00  2.40677E-02  3.11235E-02  2.48562E-03  1.42977E-03
  1344.00000  5.89896E-02  0.00000E+00  2.40299E-02  3.10516E-02  2.48161E-03  1.42654E-03
  1345.00000  5.88729E-02  0.00000E+00  2.39922E-02  3.09798E-02  2.47760E-03  1.42331E-03
  1346.00000  5.87565E-02  0.00000E+00  2.39545E-02  3.09083E-02  2.47361E-03  1.42009E-03
  1347.00000  5.86404E-02  0.00000E+00  2.39169E-02  3.08370E-02  2.46962E-03  1.41689E-03
  1348.00000  5.85246E-02  0.00000E+00  2.38794E-02  3.07659E-02  2.46564E-03  1.41369E-03
  1349.00000  5.84091E-02  0.00000E+00  2.38419E-02  3.06950E-02  2.46167E-03  1.41050E-03
  1350.00000  5.82940E-02  0.00000E+00  2.38046E-02  3.06244E-02  2.45771E-03  1.40732E-03
  1351.00000  5.81791E-02  0.00000E+00  2.37673E-02  3.05539E-02  2.45376E-03  1.40415E-03
  1352.00000  5.80645E-02  0.00000E+00  2.37301E-02  3.04836E-02  2.44981E-03  1.40099E-03
  1353.00000  5.79503E-02  0.00000E+00  2.36930E-02  3.04136E-02  2.44588E-03  1.39783E-03
  1354.00000  5.78363E-02  0.00000E+00  2.36560E-02  3.03437E-02  2.44195E-03  1.39469E-03
  1355.00000  5.77227E-02  0.00000E+00  2.36190E-02  3.02741E-02  2.43804E-03  1.39155E-03
  1356.00000  5.76094E-02  0.00000E+00  2.35821E-02  3.02047E-02  2.43413E-03  1.38843E-03
  1357.00000  5.74963E-02  0.00000E+00  2.35453E-02  3.01355E-02  2.43023E-03  1.38531E-03
  1358.00000  5.73836E-02  0.00000E+00  2.35086E-02  3.00664E-02  2.42634E-03  1.38220E-03
  1359.00000  5.72711E-02  0.00000E+00  2.34719E-02  2.99976E-02  2.42245E-03  1.37910E-03
  1360.00000  5.71590E-02  0.00000E+00  2.34354E-02  2.99290E-02  2.41858E-03  1.37601E-03
  1361.00000  5.70471E-02  0.00000E+00  2.33989E-02  2.98606E-02  2.41472E-03  1.37293E-03
  1362.00000  5.69356E-02  0.00000E+00  2.33625E-02  2.97924E-02  2.41086E-03  1.36986E-03
  1363.00000  5.68243E-02  0.00000E+00  2.33261E-02  2.97244E-02  2.40701E-03  1.36679E-03
  1364.00000  5.67134E-02  0.00000E+00  2.32899E-02  2.96566E-02  2.40317E-03  1.36374E-03
  1365.00000  5.66027E-02  0.00000E+00  2.32537E-02  2.95890E-02  2.39934E-03  1.36069E-03
  1366.00000  5.64923E-02  0.00000E+00  2.32176E-02  2.95216E-02  2.39552E-03  1.35765E-03
  1367.00000  5.63822E-02  0.00000E+00  2.31815E-02  2.94544E-02  2.39170E-03  1.35462E-03
  1368.00000  5.62724E-02  0.00000E+00  2.31456E-02  2.93874E-02  2.38790E-03  1.35160E-03
  1369.00000  5.61629E-02  0.00000E+00  2.31097E-02  2.93205E-02  2.38410E-03  1.34859E-03
  1370.00000  5.60537E-02  0.00000E+00  2.30739E-02  2.92539E-02  2.38031E-03  1.34559E-03
  1371.00000  5.59448E-02  0.00000E+00  2.30381E-02  2.91875E-02  2.37653E-03  1.34260E-03
  1372.00000  5.58361E-02  0.00000E+00  2.30025E-02  2.91213E-02  2.37276E-03  1.33961E-03
  1373.00000  5.57278E-02  0.00000E+00  2.29669E-02  2.90552E-02  2.36899E-03  1.33663E-03
  1374.00000  5.56197E-02  0.00000E+00  2.29314E-02  2.89894E-02  2.36524E-03  1.33366E-03
  1375.00000  5.55119E-02  0.00000E+00  2.28959E-02  2.89237E-02  2.36149E-03  1.33070E-03
  1376.00000  5.54044E-02  0.00000E+00  2.28606E-02  2.88583E-02  2.35775E-03  1.32775E-03
  1377.00000  5.52971E-02  0.00000E+00  2.28253E-02  2.87930E-02  2.35402E-03  1.32481E-03
  1378.00000  5.51902E-02  0.00000E+00  2.27901E-02  2.87279E-02  2.35029E-03  1.32188E-03
  1379.00000  5.50835E-02  0.00000E+00  2.27549E-02  2.86631E-02  2.34658E-03  1.31895E-03
  1380.00000  5.49771E-02  0.00000E+00  2.27199E-02  2.85984E-02  2.34287E-03  1.31603E-03
  1381.00000  5.48710E-02  0.00000E+00  2.26849E-02  2.85339E-02  2.33917E-03  1.31312E-03
  1382.00000  5.47652E-02  0.00000E+00  2.26500E-02  2.84695E-02  2.33548E-03  1.31022E-03
  1383.00000  5.46596E-02  0.00000E+00  2.26151E-02  2.84054E-02  2.33180E-03  1.30733E-03
  1384.00000  5.45543E-02  0.00000E+00  2.25803E-02  2.83414E-02  2.32812E-03  1.30445E-03
  1385.00000  5.44493E-02  0.00000E+00  2.25456E-02  2.82777E-02  2.32446E-03  1.30157E-03
  1386.00000  5.43446E-02  0.00000E+00  2.25110E-02  2.82141E-02  2.32080E-03  1.29871E-03
  1387.00000  5.42401E-02  0.00000E+00  2.24764E-02  2.81507E-02  2.31715E-03  1.29585E-03
  1388.00000  5.41359E-02  0.00000E+00  2.24419E-02  2.80875E-02  2.31351E-03  1.29300E-03
  1389.00000  5.40320E-02  0.00000E+00  2.24075E-02  2.80245E-02  2.30987E-03  1.29016E-03
  1390.00000  5.39284E-02  0.00000E+00  2.23732E-02  2.79616E-02  2.30625E-03  1.28732E-03
  1391.00000  5.38250E-02  0.00000E+00  2.23389E-02  2.78990E-02  2.30263E-03  1.28450E-03
  1392.00000  5.37219E-02  0.00000E+00  2.23047E-02  2.78365E-02  2.29902E-03  1.28168E-03
  1393.00000  5.36190E-02  0.00000E+00  2.22705E-02  2.77742E-02  2.29541E-03  1.27887E-03
  1394.00000  5.35165E-02  0.00000E+00  2.22365E-02  2.77121E-02  2.29182E-03  1.27607E-03
  1395.00000  5.34141E-02  0.00000E+00  2.22025E-02  2.76502E-02  2.28823E-03  1.27328E-03
  1396.00000  5.33121E-02  0.00000E+00  2.21686E-02  2.75884E-02  2.28465E-03  1.27049E-03
  1397.00000  5.32103E-02  0.00000E+00  2.21347E-02  2.75268E-02  2.28108E-03  1.26772E-03
  1398.00000  5.31088E-02  0.00000E+00  2.21009E-02  2.74654E-02  2.27751E-03  1.26495E-03
  1399.00000  5.30075E-02  0.00000E+00  2.20672E-02  2.74042E-02  2.27396E-03  1.26219E-03
  1400.00000  5.29065E-02  0.00000E+00  2.20336E-02  2.73431E-02  2.27041E-03  1.25944E-03
  1401.00000  5.28058E-02  0.00000E+00  2.20000E-02  2.72823E-02  2.26687E-03  1.25670E-03
  1402.00000  5.27053E-02  0.00000E+00  2.19665E-02  2.72216E-02  2.26333E-03  1.25396E-03
  1403.00000  5.26051E-02  0.00000E+00  2.19330E-02  2.71610E-02  2.25981E-03  1.25123E-03
  1404.00000  5.25051E-02  0.00000E+00  2.18997E-02  2.71007E-02  2.25629E-03  1.24851E-03
  1405.00000  5.24054E-02  0.00000E+00  2.18664E-02  2.70405E-02  2.25278E-03  1.24580E-03
  1406.00000  5.23060E-02  0.00000E+00  2.18331E-02  2.69805E-02  2.24928E-03  1.24310E-03
  1407.00000  5.22068E-02  0.00000E+00  2.18000E-02  2.69207E-02  2.24578E-03  1.24040E-03
  1408.00000  5.21079E-02  0.00000E+00  2.17669E-02  2.68610E-02  2.24229E-03  1.23771E-03
  1409.00000  5.20092E-02  0.00000E+00  2.17338E-02  2.68015E-02  2.23881E-03  1.23503E-03
  1410.00000  5.19108E-02  0.00000E+00  2.17009E-02  2.67422E-02  2.23534E-03  1.23236E-03
  1411.00000  5.18126E-02  0.00000E+00  2.16680E-02  2.66830E-02  2.23187E-03  1.22970E-03
  1412.00000  5.17147E-02  0.00000E+00  2.16352E-02  2.66240E-02  2.22842E-03  1.22704E-03
  1413.00000  5.16170E-02  0.00000E+00  2.16024E-02  2.65652E-02  2.22497E-03  1.22439E-03
  1414.00000  5.15196E-02  0.00000E+00  2.15697E-02  2.65066E-02  2.22152E-03  1.22175E-03
  1415.00000  5.14224E-02  0.00000E+00  2.15371E-02  2.64481E-02  2.21809E-03  1.21912E-03
  1416.00000  5.13255E-02  0.00000E+00  2.15045E-02  2.63898E-02  2.21466E-03  1.21649E-03
  1417.00000  5.12288E-02  0.00000E+00  2.14720E-02  2.63316E-02  2.21124E-03  1.21387E-03
  1418.00000  5.11324E-02  0.00000E+00  2.14396E-02  2.62736E-02  2.20782E-03  1.21126E-03
  1419.00000  5.10362E-02  0.00000E+00  2.14073E-02  2.62158E-02  2.20442E-03  1.20866E-03
  1420.00000  5.09402E-02  0.00000E+00  2.13750E-02  2.61582E-02  2.20102E-03  1.20606E-03
  1421.00000  5.08445E-02  0.00000E+00  2.13427E-02  2.61007E-02  2.19763E-03  1.20347E-03
  1422.00000  5.07491E-02  0.00000E+00  2.13106E-02  2.60434E-02  2.19424E-03  1.20089E-03
  1423.00000  5.06539E-02  0.00000E+00  2.12785E-02  2.59862E-02  2.19086E-03  1.19831E-03
  1424.00000  5.05589E-02  0.00000E+00  2.12465E-02  2.59292E-02  2.18749E-03  1.19575E-03
  1425.00000  5.04642E-02  0.00000E+00  2.12145E-02  2.58723E-02  2.18413E-03  1.19319E-03
  1426.00000  5.03697E-02  0.00000E+00  2.11826E-02  2.58157E-02  2.18077E-03  1.19063E-03
  1427.00000  5.02754E-02  0.00000E+00  2.11508E-02  2.57591E-02  2.17743E-03  1.18809E-03
  1428.00000  5.01814E-02  0.00000E+00  2.11190E-02  2.57028E-02  2.17408E-03  1.18555E-03
  1429.00000  5.00876E-02  0.00000E+00  2.10873E-02  2.56466E-02  2.17075E-03  1.18302E-03
  1430.00000  4.99941E-02  0.00000E+00  2.10557E-02  2.55905E-02  2.16742E-03  1.18049E-03
  1431.00000  4.99008E-02  0.00000E+00  2.10241E-02  2.55346E-02  2.16410E-03  1.17797E-03
  1432.00000  4.98077E-02  0.00000E+00  2.09926E-02  2.54789E-02  2.16079E-03  1.17546E-03
  1433.00000  4.97149E-02  0.00000E+00  2.09612E-02  2.54233E-02  2.15748E-03  1.17296E-03
  1434.00000  4.96223E-02  0.00000E+00  2.09298E-02  2.53679E-02  2.15418E-03  1.17046E-03
  1435.00000  4.95300E-02  0.00000E+00  2.08985E-02  2.53126E-02  2.15089E-03  1.16797E-03
  1436.00000  4.94378E-02  0.00000E+00  2.08672E-02  2.52575E-02  2.14760E-03  1.16549E-03
  1437.00000  4.93459E-02  0.00000E+00  2.08360E-02  2.52026E-02  2.14432E-03  1.16301E-03
  1438.00000  4.92543E-02  0.00000E+00  2.08049E-02  2.51478E-02  2.14105E-03  1.16054E-03
  1439.00000  4.91628E-02  0.00000E+00  2.07738E-02  2.50931E-02  2.13779E-03  1.15808E-03
  1440.00000  4.90716E-02  0.00000E+00  2.07428E-02  2.50386E-02  2.13453E-03  1.15562E-03
  1441.00000  4.89807E-02  0.00000E+00  2.07119E-02  2.49843E-02  2.13128E-03  1.15317E-03
  1442.00000  4.88899E-02  0.00000E+00  2.06810E-02  2.49301E-02  2.12803E-03  1.15073E-03
  1443.00000  4.87994E-02  0.00000E+00  2.06502E-02  2.48761E-02  2.12480E-03  1.14829E-03
  1444.00000  4.87091E-02  0.00000E+00  2.06195E-02  2.48222E-02  2.12156E-03  1.14586E-03
  1445.00000  4.86190E-02  0.00000E+00  2.05888E-02  2.47685E-02  2.11834E-03  1.14343E-03
  1446.00000  4.85292E-02  0.00000E+00  2.05582E-02  2.47149E-02  2.11512E-03  1.14101E-03
  1447.00000  4.84395E-02  0.00000E+00  2.05276E-02  2.46614E-02  2.11191E-03  1.13860E-03
  1448.00000  4.83502E-02  0.00000E+00  2.04971E-02  2.46081E-02  2.10871E-03  1.13620E-03
  1449.00000  4.82610E-02  0.00000E+00  2.04667E-02  2.45550E-02  2.10551E-03  1.13380E-03
  1450.00000  4.81720E-02  0.00000E+00  2.04363E-02  2.45020E-02  2.10232E-03  1.13140E-03
  1451.00000  4.80833E-02  0.00000E+00  2.04060E-02  2.44491E-02  2.09914E-03  1.12902E-03
  1452.00000  4.79948E-02  0.00000E+00  2.03757E-02  2.43964E-02  2.09596E-03  1.12664E-03
  1453.00000  4.79065E-02  0.00000E+00  2.03456E-02  2.43439E-02  2.09279E-03  1.12426E-03
  1454.00000  4.78184E-02  0.00000E+00  2.03154E-02  2.42915E-02  2.08962E-03  1.12190E-03
  1455.00000  4.77306E-02  0.00000E+00  2.02854E-02  2.42392E-02  2.08647E-03  1.11953E-03
  1456.00000  4.76429E-02  0.00000E+00  2.02554E-02  2.41871E-02  2.08332E-03  1.11718E-03
  1457.00000  4.75555E-02  0.00000E+00  2.02254E-02  2.41351E-02  2.08017E-03  1.11483E-03
  1458.00000  4.74683E-02  0.00000E+00  2.01955E-02  2.40833E-02  2.07703E-03  1.11248E-03
  1459.00000  4.73814E-02  0.00000E+00  2.01657E-02  2.40316E-02  2.07390E-03  1.11015E-03
  1460.00000  4.72946E-02  0.00000E+00  2.01360E-02  2.39800E-02  2.07078E-03  1.10782E-03
  1461.00000  4.72080E-02  0.00000E+00  2.01063E-02  2.39286E-02  2.06766E-03  1.10549E-03
  1462.00000  4.71217E-02  0.00000E+00  2.00766E-02  2.38774E-02  2.06454E-03  1.10317E-03
  1463.00000  4.70356E-02  0.00000E+00  2.00470E-02  2.38262E-02  2.06144E-03  1.10086E-03
  1464.00000  4.69497E-02  0.00000E+00  2.00175E-02  2.37752E-02  2.05834E-03  1.09855E-03
  1465.00000  4.68640E-02  0.00000E+00  1.99881E-02  2.37244E-02  2.05525E-03  1.09625E-03
  1466.00000  4.67785E-02  0.00000E+00  1.99587E-02  2.36737E-02  2.05216E-03  1.09395E-03
  1467.00000  4.66932E-02  0.00000E+00  1.99293E-02  2.36231E-02  2.04908E-03  1.09166E-03
  1468.00000  4.66081E-02  0.00000E+00  1.99000E-02  2.35727E-02  2.04600E-03  1.08938E-03
  1469.00000  4.65233E-02  0.00000E+00  1.98708E-02  2.35224E-02  2.04294E-03  1.08710E-03
  1470.00000  4.64386E-02  0.00000E+00  1.98417E-02  2.34723E-02  2.03988E-03  1.08483E-03
  1471.00000  4.63542E-02  0.00000E+00  1.98126E-02  2.34222E-02  2.03682E-03  1.08257E-03
  1472.00000  4.62699E-02  0.00000E+00  1.97835E-02  2.33724E-02  2.03377E-03  1.08031E-03
  1473.00000  4.61859E-02  0.00000E+00  1.97545E-02  2.33226E-02  2.03073E-03  1.07805E-03
  1474.00000  4.61021E-02  0.00000E+00  1.97256E-02  2.32730E-02  2.02769E-03  1.07580E-03
  1475.00000  4.60185E-02  0.00000E+00  1.96967E-02  2.32235E-02  2.02466E-03  1.07356E-03
  1476.00000  4.59351E-02  0.00000E+00  1.96679E-02  2.31742E-02  2.02164E-03  1.07132E-03
  1477.00000  4.58519E-02  0.00000E+00  1.96392E-02  2.31250E-02  2.01862E-03  1.06909E-03
  1478.00000  4.57688E-02  0.00000E+00  1.96105E-02  2.30759E-02  2.01561E-03  1.06687E-03
  1479.00000  4.56860E-02  0.00000E+00  1.95818E-02  2.30270E-02  2.01260E-03  1.06465E-03
  1480.00000  4.56034E-02  0.00000E+00  1.95533E-02  2.29781E-02  2.00960E-03  1.06244E-03
  1481.00000  4.55211E-02  0.00000E+00  1.95247E-02  2.29295E-02  2.00661E-03  1.06023E-03
  1482.00000  4.54389E-02  0.00000E+00  1.94963E-02  2.28809E-02  2.00362E-03  1.05803E-03
  1483.00000  4.53569E-02  0.00000E+00  1.94679E-02  2.28325E-02  2.00064E-03  1.05583E-03
  1484.00000  4.52751E-02  0.00000E+00  1.94395E-02  2.27842E-02  1.99766E-03  1.05364E-03
  1485.00000  4.51935E-02  0.00000E+00  1.94112E-02  2.27361E-02  1.99469E-03  1.05146E-03
  1486.00000  4.51121E-02  0.00000E+00  1.93830E-02  2.26881E-02  1.99173E-03  1.04928E-03
  1487.00000  4.50309E-02  0.00000E+00  1.93548E-02  2.26402E-02  1.98877E-03  1.04710E-03
  1488.00000  4.49499E-02  0.00000E+00  1.93267E-02  2.25924E-02  1.98582E-03  1.04494E-03
  1489.00000  4.48691E-02  0.00000E+00  1.92986E-02  2.25448E-02  1.98288E-03  1.04278E-03
  1490.00000  4.47885E-02  0.00000E+00  1.92706E-02  2.24973E-02  1.97994E-03  1.04062E-03
  1491.00000  4.47081E-02  0.00000E+00  1.92427E-02  2.24499E-02  1.97700E-03  1.03847E-03
  1492.00000  4.46278E-02  0.00000E+00  1.92148E-02  2.24026E-02  1.97408E-03  1.03632E-03
  1493.00000  4.45478E-02  0.00000E+00  1.91870E-02  2.23555E-02  1.97116E-03  1.03418E-03
  1494.00000  4.44680E-02  0.00000E+00  1.91592E-02  2.23085E-02  1.96824E-03  1.03205E-03
  1495.00000  4.43884E-02  0.00000E+00  1.91315E-02  2.22616E-02  1.96533E-03  1.02992E-03
  1496.00000  4.43089E-02  0.00000E+00  1.91038E-02  2.22149E-02  1.96243E-03  1.02780E-03
  1497.00000  4.42297E-02  0.00000E+00  1.90762E-02  2.21683E-02  1.95953E-03  1.02568E-03
  1498.00000  4.41506E-02  0.00000E+00  1.90486E-02  2.21218E-02  1.95663E-03  1.02357E-03
  1499.00000  4.40717E-02  0.00000E+00  1.90211E-02  2.20754E-02  1.95375E-03  1.02147E-03
  1500.00000  4.39931E-02  0.00000E+00  1.89937E-02  2.20291E-02  1.95087E-03  1.01937E-03
  1501.00000  4.39146E-02  0.00000E+00  1.89663E-02  2.19830E-02  1.94799E-03  1.01727E-03
  1502.00000  4.38363E-02  0.00000E+00  1.89389E-02  2.19370E-02  1.94512E-03  1.01518E-03
  1503.00000  4.37582E-02  0.00000E+00  1.89117E-02  2.18911E-02  1.94226E-03  1.01310E-03
  1504.00000  4.36802E-02  0.00000E+00  1.88844E-02  2.18454E-02  1.93940E-03  1.01102E-03
  1505.00000  4.36025E-02  0.00000E+00  1.88573E-02  2.17997E-02  1.93655E-03  1.00895E-03
  1506.00000  4.35250E-02  0.00000E+00  1.88302E-02  2.17542E-02  1.93370E-03  1.00688E-03
  1507.00000  4.34476E-02  0.00000E+00  1.88031E-02  2.17088E-02  1.93086E-03  1.00482E-03
  1508.00000  4.33704E-02  0.00000E+00  1.87761E-02  2.16636E-02  1.92803E-03  1.00276E-03
  1509.00000  4.32934E-02  0.00000E+00  1.87491E-02  2.16184E-02  1.92520E-03  1.00071E-03
  1510.00000  4.32166E-02  0.00000E+00  1.87222E-02  2.15734E-02  1.92238E-03  9.98667E-04
  1511.00000  4.31400E-02  0.00000E+00  1.86954E-02  2.15285E-02  1.91956E-03  9.96627E-04
  1512.00000  4.30636E-02  0.00000E+00  1.86686E-02  2.14837E-02  1.91675E-03  9.94593E-04
  1513.00000  4.29873E-02  0.00000E+00  1.86418E-02  2.14390E-02  1.91394E-03  9.92564E-04
  1514.00000  4.29113E-02  0.00000E+00  1.86152E-02  2.13944E-02  1.91114E-03  9.90541E-04
  1515.00000  4.28354E-02  0.00000E+00  1.85885E-02  2.13500E-02  1.90834E-03  9.88523E-04
  1516.00000  4.27597E-02  0.00000E+00  1.85619E-02  2.13057E-02  1.90555E-03  9.86510E-04
  1517.00000  4.26841E-02  0.00000E+00  1.85354E-02  2.12614E-02  1.90277E-03  9.84503E-04
  1518.00000  4.26088E-02  0.00000E+00  1.85089E-02  2.12174E-02  1.89999E-03  9.82501E-04
  1519.00000  4.25336E-02  0.00000E+00  1.84825E-02  2.11734E-02  1.89722E-03  9.80505E-04
  1520.00000  4.24586E-02  0.00000E+00  1.84562E-02  2.11295E-02  1.89445E-03  9.78514E-04
  1521.00000  4.23838E-02  0.00000E+00  1.84298E-02  2.10858E-02  1.89169E-03  9.76528E-04
  1522.00000  4.23092E-02  0.00000E+00  1.84036E-02  2.10421E-02  1.88893E-03  9.74548E-04
  1523.00000  4.22348E-02  0.00000E+00  1.83774E-02  2.09986E-02  1.88618E-03  9.72573E-04
  1524.00000  4.21605E-02  0.00000E+00  1.83512E-02  2.09552E-02  1.88344E-03  9.70603E-04
  1525.00000  4.20864E-02  0.00000E+00  1.83251E-02  2.09119E-02  1.88070E-03  9.68639E-04
  1526.00000  4.20125E-02  0.00000E+00  1.82991E-02  2.08688E-02  1.87797E-03  9.66681E-04
  1527.00000  4.19387E-02  0.00000E+00  1.82730E-02  2.08257E-02  1.87524E-03  9.64727E-04
  1528.00000  4.18652E-02  0.00000E+00  1.82471E-02  2.07828E-02  1.87251E-03  9.62779E-04
  1529.00000  4.17918E-02  0.00000E+00  1.82212E-02  2.07399E-02  1.86980E-03  9.60836E-04
  1530.00000  4.17185E-02  0.00000E+00  1.81954E-02  2.06972E-02  1.86708E-03  9.58899E-04
  1531.00000  4.16455E-02  0.00000E+00  1.81696E-02  2.06546E-02  1.86438E-03  9.56967E-04
  1532.00000  4.15726E-02  0.00000E+00  1.81438E-02  2.06121E-02  1.86168E-03  9.55040E-04
  1533.00000  4.14999E-02  0.00000E+00  1.81181E-02  2.05697E-02  1.85898E-03  9.53118E-04
  1534.00000  4.14274E-02  0.00000E+00  1.80925E-02  2.05274E-02  1.85629E-03  9.51202E-04
  1535.00000  4.13550E-02  0.00000E+00  1.80669E-02  2.04853E-02  1.85360E-03  9.49291E-04
  1536.00000  4.12829E-02  0.00000E+00  1.80413E-02  2.04432E-02  1.85092E-03  9.47386E-04
  1537.00000  4.12108E-02  0.00000E+00  1.80158E-02  2.04013E-02  1.84825E-03  9.45485E-04
  1538.00000  4.11390E-02  0.00000E+00  1.79904E-02  2.03594E-02  1.84558E-03  9.43590E-04
  1539.00000  4.10673E-02  0.00000E+00  1.79650E-02  2.03177E-02  1.84292E-03  9.41700E-04
  1540.00000  4.09958E-02  0.00000E+00  1.79397E-02  2.02761E-02  1.84026E-03  9.39816E-04
  1541.00000  4.09245E-02  0.00000E+00  1.79144E-02  2.02346E-02  1.83760E-03  9.37936E-04
  1542.00000  4.08533E-02  0.00000E+00  1.78891E-02  2.01932E-02  1.83496E-03  9.36062E-04
  1543.00000  4.07823E-02  0.00000E+00  1.78639E-02  2.01519E-02  1.83231E-03  9.34193E-04
  1544.00000  4.07115E-02  0.00000E+00  1.78388E-02  2.01107E-02  1.82968E-03  9.32329E-04
  1545.00000  4.06408E-02  0.00000E+00  1.78137E-02  2.00696E-02  1.82704E-03  9.30470E-04
  1546.00000  4.05703E-02  0.00000E+00  1.77887E-02  2.00286E-02  1.82442E-03  9.28616E-04
  1547.00000  4.05000E-02  0.00000E+00  1.77637E-02  1.99877E-02  1.82180E-03  9.26768E-04
  1548.00000  4.04298E-02  0.00000E+00  1.77387E-02  1.99470E-02  1.81918E-03  9.24925E-04
  1549.00000  4.03598E-02  0.00000E+00  1.77138E-02  1.99063E-02  1.81657E-03  9.23086E-04
  1550.00000  4.02899E-02  0.00000E+00  1.76890E-02  1.98657E-02  1.81396E-03  9.21253E-04
  1551.00000  4.02203E-02  0.00000E+00  1.76642E-02  1.98253E-02  1.81136E-03  9.19425E-04
  1552.00000  4.01508E-02  0.00000E+00  1.76394E-02  1.97850E-02  1.80877E-03  9.17601E-04
  1553.00000  4.00814E-02  0.00000E+00  1.76147E-02  1.97447E-02  1.80618E-03  9.15783E-04
  1554.00000  4.00122E-02  0.00000E+00  1.75901E-02  1.97046E-02  1.80359E-03  9.13970E-04
  1555.00000  3.99432E-02  0.00000E+00  1.75655E-02  1.96645E-02  1.80101E-03  9.12162E-04
  1556.00000  3.98743E-02  0.00000E+00  1.75409E-02  1.96246E-02  1.79844E-03  9.10358E-04
  1557.00000  3.98056E-02  0.00000E+00  1.75164E-02  1.95848E-02  1.79587E-03  9.08560E-04
  1558.00000  3.97371E-02  0.00000E+00  1.74919E-02  1.95451E-02  1.79331E-03  9.06766E-04
  1559.00000  3.96687E-02  0.00000E+00  1.74675E-02  1.95054E-02  1.79075E-03  9.04977E-04
  1560.00000  3.96005E-02  0.00000E+00  1.74432E-02  1.94659E-02  1.78819E-03  9.03193E-04
  1561.00000  3.95324E-02  0.00000E+00  1.74188E-02  1.94265E-02  1.78564E-03  9.01414E-04
  1562.00000  3.94645E-02  0.00000E+00  1.73946E-02  1.93872E-02  1.78310E-03  8.99640E-04
  1563.00000  3.93967E-02  0.00000E+00  1.73703E-02  1.93480E-02  1.78056E-03  8.97870E-04
  1564.00000  3.93291E-02  0.00000E+00  1.73462E-02  1.93088E-02  1.77803E-03  8.96105E-04
  1565.00000  3.92617E-02  0.00000E+00  1.73220E-02  1.92698E-02  1.77550E-03  8.94345E-04
  1566.00000  3.91944E-02  0.00000E+00  1.72980E-02  1.92309E-02  1.77297E-03  8.92590E-04
  1567.00000  3.91273E-02  0.00000E+00  1.72739E-02  1.91921E-02  1.77046E-03  8.90839E-04
  1568.00000  3.90603E-02  0.00000E+00  1.72499E-02  1.91534E-02  1.76794E-03  8.89093E-04
  1569.00000  3.89935E-02  0.00000E+00  1.72260E-02  1.91147E-02  1.76543E-03  8.87351E-04
  1570.00000  3.89269E-02  0.00000E+00  1.72021E-02  1.90762E-02  1.76293E-03  8.85614E-04
  1571.00000  3.88603E-02  0.00000E+00  1.71782E-02  1.90378E-02  1.76043E-03  8.83881E-04
  1572.00000  3.87940E-02  0.00000E+00  1.71544E-02  1.89995E-02  1.75794E-03  8.82153E-04
  1573.00000  3.87278E-02  0.00000E+00  1.71307E-02  1.89613E-02  1.75545E-03  8.80430E-04
  1574.00000  3.86618E-02  0.00000E+00  1.71069E-02  1.89231E-02  1.75296E-03  8.78710E-04
  1575.00000  3.85959E-02  0.00000E+00  1.70833E-02  1.88851E-02  1.75049E-03  8.76996E-04
  1576.00000  3.85301E-02  0.00000E+00  1.70597E-02  1.88472E-02  1.74801E-03  8.75285E-04
  1577.00000  3.84645E-02  0.00000E+00  1.70361E-02  1.88093E-02  1.74554E-03  8.73579E-04
  1578.00000  3.83991E-02  0.00000E+00  1.70125E-02  1.87716E-02  1.74308E-03  8.71878E-04
  1579.00000  3.83338E-02  0.00000E+00  1.69891E-02  1.87339E-02  1.74062E-03  8.70181E-04
  1580.00000  3.82687E-02  0.00000E+00  1.69656E-02  1.86964E-02  1.73816E-03  8.68488E-04
  1581.00000  3.82037E-02  0.00000E+00  1.69422E-02  1.86589E-02  1.73571E-03  8.66799E-04
  1582.00000  3.81388E-02  0.00000E+00  1.69189E-02  1.86216E-02  1.73327E-03  8.65114E-04
  1583.00000  3.80741E-02  0.00000E+00  1.68955E-02  1.85843E-02  1.73083E-03  8.63434E-04
  1584.00000  3.80096E-02  0.00000E+00  1.68723E-02  1.85472E-02  1.72840E-03  8.61758E-04
  1585.00000  3.79452E-02  0.00000E+00  1.68491E-02  1.85101E-02  1.72597E-03  8.60086E-04
  1586.00000  3.78810E-02  0.00000E+00  1.68259E-02  1.84731E-02  1.72354E-03  8.58419E-04
  1587.00000  3.78169E-02  0.00000E+00  1.68028E-02  1.84362E-02  1.72112E-03  8.56755E-04
  1588.00000  3.77529E-02  0.00000E+00  1.67797E-02  1.83994E-02  1.71870E-03  8.55095E-04
  1589.00000  3.76891E-02  0.00000E+00  1.67566E-02  1.83627E-02  1.71629E-03  8.53440E-04
  1590.00000  3.76254E-02  0.00000E+00  1.67336E-02  1.83261E-02  1.71389E-03  8.51789E-04
  1591.00000  3.75619E-02  0.00000E+00  1.67107E-02  1.82896E-02  1.71148E-03  8.50141E-04
  1592.00000  3.74985E-02  0.00000E+00  1.66878E-02  1.82532E-02  1.70909E-03  8.48498E-04
  1593.00000  3.74353E-02  0.00000E+00  1.66649E-02  1.82169E-02  1.70670E-03  8.46859E-04
  1594.00000  3.73722E-02  0.00000E+00  1.66421E-02  1.81806E-02  1.70431E-03  8.45224E-04
  1595.00000  3.73093E-02  0.00000E+00  1.66193E-02  1.81445E-02  1.70193E-03  8.43592E-04
  1596.00000  3.72465E-02  0.00000E+00  1.65965E-02  1.81084E-02  1.69955E-03  8.41965E-04
  1597.00000  3.71838E-02  0.00000E+00  1.65738E-02  1.80725E-02  1.69717E-03  8.40341E-04
  1598.00000  3.71213E-02  0.00000E+00  1.65512E-02  1.80366E-02  1.69481E-03  8.38722E-04
  1599.00000  3.70590E-02  0.00000E+00  1.65286E-02  1.80008E-02  1.69244E-03  8.37106E-04
  1600.00000  3.69967E-02  0.00000E+00  1.65060E-02  1.79651E-02  1.69008E-03  8.35495E-04
  1601.00000  3.69346E-02  0.00000E+00  1.64835E-02  1.79295E-02  1.68773E-03  8.33887E-04
  1602.00000  3.68727E-02  0.00000E+00  1.64610E-02  1.78940E-02  1.68538E-03  8.32283E-04
  1603.00000  3.68109E-02  0.00000E+00  1.64386E-02  1.78586E-02  1.68303E-03  8.30682E-04
  1604.00000  3.67492E-02  0.00000E+00  1.64162E-02  1.78233E-02  1.68069E-03  8.29086E-04
  1605.00000  3.66877E-02  0.00000E+00  1.63938E-02  1.77880E-02  1.67835E-03  8.27493E-04
  1606.00000  3.66263E-02  0.00000E+00  1.63715E-02  1.77529E-02  1.67602E-03  8.25905E-04
  1607.00000  3.65651E-02  0.00000E+00  1.63492E-02  1.77178E-02  1.67370E-03  8.24320E-04
  1608.00000  3.65039E-02  0.00000E+00  1.63270E-02  1.76829E-02  1.67137E-03  8.22738E-04
  1609.00000  3.64430E-02  0.00000E+00  1.63048E-02  1.76480E-02  1.66906E-03  8.21161E-04
  1610.00000  3.63821E-02  0.00000E+00  1.62826E-02  1.76132E-02  1.66674E-03  8.19587E-04
  1611.00000  3.63214E-02  0.00000E+00  1.62605E-02  1.75785E-02  1.66443E-03  8.18017E-04
  1612.00000  3.62609E-02  0.00000E+00  1.62385E-02  1.75438E-02  1.66213E-03  8.16451E-04
  1613.00000  3.62004E-02  0.00000E+00  1.62164E-02  1.75093E-02  1.65983E-03  8.14888E-04
  1614.00000  3.61401E-02  0.00000E+00  1.61944E-02  1.74748E-02  1.65753E-03  8.13329E-04
  1615.00000  3.60800E-02  0.00000E+00  1.61725E-02  1.74405E-02  1.65524E-03  8.11774E-04
  1616.00000  3.60200E-02  0.00000E+00  1.61506E-02  1.74062E-02  1.65295E-03  8.10222E-04
  1617.00000  3.59601E-02  0.00000E+00  1.61287E-02  1.73720E-02  1.65067E-03  8.08674E-04
  1618.00000  3.59003E-02  0.00000E+00  1.61069E-02  1.73379E-02  1.64839E-03  8.07129E-04
  1619.00000  3.58407E-02  0.00000E+00  1.60851E-02  1.73039E-02  1.64612E-03  8.05588E-04
  1620.00000  3.57812E-02  0.00000E+00  1.60634E-02  1.72699E-02  1.64385E-03  8.04051E-04
  1621.00000  3.57219E-02  0.00000E+00  1.60417E-02  1.72361E-02  1.64159E-03  8.02517E-04
  1622.00000  3.56627E-02  0.00000E+00  1.60200E-02  1.72023E-02  1.63932E-03  8.00987E-04
  1623.00000  3.56036E-02  0.00000E+00  1.59984E-02  1.71686E-02  1.63707E-03  7.99461E-04
  1624.00000  3.55446E-02  0.00000E+00  1.59768E-02  1.71350E-02  1.63482E-03  7.97938E-04
  1625.00000  3.54858E-02  0.00000E+00  1.59553E-02  1.71015E-02  1.63257E-03  7.96418E-04
  1626.00000  3.54271E-02  0.00000E+00  1.59338E-02  1.70681E-02  1.63033E-03  7.94902E-04
  1627.00000  3.53685E-02  0.00000E+00  1.59123E-02  1.70347E-02  1.62809E-03  7.93390E-04
  1628.00000  3.53101E-02  0.00000E+00  1.58909E-02  1.70015E-02  1.62585E-03  7.91881E-04
  1629.00000  3.52518E-02  0.00000E+00  1.58695E-02  1.69683E-02  1.62362E-03  7.90375E-04
  1630.00000  3.51936E-02  0.00000E+00  1.58482E-02  1.69352E-02  1.62140E-03  7.88873E-04
  1631.00000  3.51356E-02  0.00000E+00  1.58269E-02  1.69022E-02  1.61918E-03  7.87375E-04
  1632.00000  3.50777E-02  0.00000E+00  1.58056E-02  1.68692E-02  1.61696E-03  7.85880E-04
  1633.00000  3.50199E-02  0.00000E+00  1.57844E-02  1.68364E-02  1.61474E-03  7.84388E-04
  1634.00000  3.49622E-02  0.00000E+00  1.57632E-02  1.68036E-02  1.61254E-03  7.82900E-04
  1635.00000  3.49047E-02  0.00000E+00  1.57420E-02  1.67709E-02  1.61033E-03  7.81415E-04
  1636.00000  3.48473E-02  0.00000E+00  1.57209E-02  1.67383E-02  1.60813E-03  7.79934E-04
  1637.00000  3.47900E-02  0.00000E+00  1.56999E-02  1.67058E-02  1.60593E-03  7.78456E-04
  1638.00000  3.47329E-02  0.00000E+00  1.56788E-02  1.66734E-02  1.60374E-03  7.76981E-04
  1639.00000  3.46759E-02  0.00000E+00  1.56578E-02  1.66410E-02  1.60155E-03  7.75510E-04
  1640.00000  3.46190E-02  0.00000E+00  1.56369E-02  1.66087E-02  1.59937E-03  7.74042E-04
  1641.00000  3.45622E-02  0.00000E+00  1.56159E-02  1.65765E-02  1.59719E-03  7.72578E-04
  1642.00000  3.45056E-02  0.00000E+00  1.55951E-02  1.65444E-02  1.59502E-03  7.71117E-04
  1643.00000  3.44491E-02  0.00000E+00  1.55742E-02  1.65123E-02  1.59284E-03  7.69659E-04
  1644.00000  3.43927E-02  0.00000E+00  1.55534E-02  1.64804E-02  1.59068E-03  7.68204E-04
  1645.00000  3.43364E-02  0.00000E+00  1.55326E-02  1.64485E-02  1.58851E-03  7.66753E-04
  1646.00000  3.42803E-02  0.00000E+00  1.55119E-02  1.64167E-02  1.58635E-03  7.65306E-04
  1647.00000  3.42242E-02  0.00000E+00  1.54912E-02  1.63849E-02  1.58420E-03  7.63861E-04
  1648.00000  3.41683E-02  0.00000E+00  1.54706E-02  1.63533E-02  1.58205E-03  7.62420E-04
  1649.00000  3.41126E-02  0.00000E+00  1.54500E-02  1.63217E-02  1.57990E-03  7.60982E-04
  1650.00000  3.40569E-02  0.00000E+00  1.54294E-02  1.62902E-02  1.57776E-03  7.59548E-04
  1651.00000  3.40014E-02  0.00000E+00  1.54088E-02  1.62588E-02  1.57562E-03  7.58117E-04
  1652.00000  3.39460E-02  0.00000E+00  1.53883E-02  1.62275E-02  1.57349E-03  7.56689E-04
  1653.00000  3.38907E-02  0.00000E+00  1.53679E-02  1.61962E-02  1.57135E-03  7.55264E-04
  1654.00000  3.38355E-02  0.00000E+00  1.53474E-02  1.61650E-02  1.56923E-03  7.53843E-04
  1655.00000  3.37805E-02  0.00000E+00  1.53270E-02  1.61339E-02  1.56711E-03  7.52425E-04
  1656.00000  3.37256E-02  0.00000E+00  1.53067E-02  1.61029E-02  1.56499E-03  7.51010E-04
  1657.00000  3.36708E-02  0.00000E+00  1.52863E-02  1.60719E-02  1.56287E-03  7.49599E-04
  1658.00000  3.36161E-02  0.00000E+00  1.52661E-02  1.60411E-02  1.56076E-03  7.48191E-04
  1659.00000  3.35615E-02  0.00000E+00  1.52458E-02  1.60103E-02  1.55865E-03  7.46786E-04
  1660.00000  3.35071E-02  0.00000E+00  1.52256E-02  1.59795E-02  1.55655E-03  7.45384E-04
  1661.00000  3.34528E-02  0.00000E+00  1.52054E-02  1.59489E-02  1.55445E-03  7.43986E-04
  1662.00000  3.33986E-02  0.00000E+00  1.51853E-02  1.59183E-02  1.55236E-03  7.42591E-04
  1663.00000  3.33445E-02  0.00000E+00  1.51652E-02  1.58878E-02  1.55027E-03  7.41199E-04
  1664.00000  3.32905E-02  0.00000E+00  1.51451E-02  1.58574E-02  1.54818E-03  7.39811E-04
  1665.00000  3.32367E-02  0.00000E+00  1.51251E-02  1.58270E-02  1.54610E-03  7.38426E-04
  1666.00000  3.31829E-02  0.00000E+00  1.51051E-02  1.57968E-02  1.54402E-03  7.37044E-04
  1667.00000  3.31293E-02  0.00000E+00  1.50851E-02  1.57666E-02  1.54194E-03  7.35665E-04
  1668.00000  3.30758E-02  0.00000E+00  1.50652E-02  1.57364E-02  1.53987E-03  7.34290E-04
  1669.00000  3.30224E-02  0.00000E+00  1.50453E-02  1.57064E-02  1.53780E-03  7.32918E-04
  1670.00000  3.29692E-02  0.00000E+00  1.50255E-02  1.56764E-02  1.53574E-03  7.31549E-04
  1671.00000  3.29160E-02  0.00000E+00  1.50056E-02  1.56465E-02  1.53368E-03  7.30184E-04
  1672.00000  3.28630E-02  0.00000E+00  1.49858E-02  1.56167E-02  1.53163E-03  7.28821E-04
  1673.00000  3.28101E-02  0.00000E+00  1.49661E-02  1.55869E-02  1.52957E-03  7.27462E-04
  1674.00000  3.27573E-02  0.00000E+00  1.49464E-02  1.55572E-02  1.52753E-03  7.26107E-04
  1675.00000  3.27046E-02  0.00000E+00  1.49267E-02  1.55276E-02  1.52548E-03  7.24755E-04
  1676.00000  3.26520E-02  0.00000E+00  1.49071E-02  1.54981E-02  1.52344E-03  7.23405E-04
  1677.00000  3.25995E-02  0.00000E+00  1.48875E-02  1.54686E-02  1.52140E-03  7.22060E-04
  1678.00000  3.25472E-02  0.00000E+00  1.48679E-02  1.54392E-02  1.51937E-03  7.20717E-04
  1679.00000  3.24950E-02  0.00000E+00  1.48483E-02  1.54099E-02  1.51734E-03  7.19378E-04
  1680.00000  3.24428E-02  0.00000E+00  1.48288E-02  1.53806E-02  1.51532E-03  7.18042E-04
  1681.00000  3.23908E-02  0.00000E+00  1.48094E-02  1.53515E-02  1.51330E-03  7.16709E-04
  1682.00000  3.23389E-02  0.00000E+00  1.47899E-02  1.53223E-02  1.51128E-03  7.15380E-04
  1683.00000  3.22872E-02  0.00000E+00  1.47705E-02  1.52933E-02  1.50926E-03  7.14054E-04
  1684.00000  3.22355E-02  0.00000E+00  1.47512E-02  1.52643E-02  1.50725E-03  7.12731E-04
  1685.00000  3.21839E-02  0.00000E+00  1.47318E-02  1.52354E-02  1.50525E-03  7.11412E-04
  1686.00000  3.21325E-02  0.00000E+00  1.47125E-02  1.52066E-02  1.50324E-03  7.10095E-04
  1687.00000  3.20811E-02  0.00000E+00  1.46933E-02  1.51778E-02  1.50124E-03  7.08782E-04
  1688.00000  3.20299E-02  0.00000E+00  1.46740E-02  1.51492E-02  1.49925E-03  7.07473E-04
  1689.00000  3.19788E-02  0.00000E+00  1.46549E-02  1.51205E-02  1.49726E-03  7.06166E-04
  1690.00000  3.19278E-02  0.00000E+00  1.46357E-02  1.50920E-02  1.49527E-03  7.04863E-04
  1691.00000  3.18769E-02  0.00000E+00  1.46166E-02  1.50635E-02  1.49329E-03  7.03563E-04
  1692.00000  3.18261E-02  0.00000E+00  1.45975E-02  1.50351E-02  1.49131E-03  7.02266E-04
  1693.00000  3.17755E-02  0.00000E+00  1.45784E-02  1.50067E-02  1.48933E-03  7.00973E-04
  1694.00000  3.17249E-02  0.00000E+00  1.45594E-02  1.49785E-02  1.48736E-03  6.99683E-04
  1695.00000  3.16744E-02  0.00000E+00  1.45404E-02  1.49503E-02  1.48539E-03  6.98395E-04
  1696.00000  3.16241E-02  0.00000E+00  1.45214E-02  1.49221E-02  1.48342E-03  6.97112E-04
  1697.00000  3.15738E-02  0.00000E+00  1.45025E-02  1.48941E-02  1.48146E-03  6.95831E-04
  1698.00000  3.15237E-02  0.00000E+00  1.44836E-02  1.48661E-02  1.47950E-03  6.94554E-04
  1699.00000  3.14737E-02  0.00000E+00  1.44647E-02  1.48381E-02  1.47754E-03  6.93279E-04
  1700.00000  3.14238E-02  0.00000E+00  1.44459E-02  1.48103E-02  1.47559E-03  6.92008E-04
  1701.00000  3.13740E-02  0.00000E+00  1.44271E-02  1.47825E-02  1.47364E-03  6.90740E-04
  1702.00000  3.13243E-02  0.00000E+00  1.44084E-02  1.47547E-02  1.47170E-03  6.89476E-04
  1703.00000  3.12747E-02  0.00000E+00  1.43896E-02  1.47271E-02  1.46976E-03  6.88214E-04
  1704.00000  3.12252E-02  0.00000E+00  1.43709E-02  1.46995E-02  1.46782E-03  6.86955E-04
  1705.00000  3.11758E-02  0.00000E+00  1.43523E-02  1.46719E-02  1.46589E-03  6.85700E-04
  1706.00000  3.11265E-02  0.00000E+00  1.43336E-02  1.46445E-02  1.46396E-03  6.84448E-04
  1707.00000  3.10773E-02  0.00000E+00  1.43150E-02  1.46171E-02  1.46203E-03  6.83199E-04
  1708.00000  3.10283E-02  0.00000E+00  1.42965E-02  1.45897E-02  1.46011E-03  6.81953E-04
  1709.00000  3.09793E-02  0.00000E+00  1.42779E-02  1.45625E-02  1.45819E-03  6.80710E-04
  1710.00000  3.09304E-02  0.00000E+00  1.42594E-02  1.45353E-02  1.45628E-03  6.79470E-04
  1711.00000  3.08817E-02  0.00000E+00  1.42410E-02  1.45081E-02  1.45436E-03  6.78233E-04
  1712.00000  3.08330E-02  0.00000E+00  1.42225E-02  1.44810E-02  1.45246E-03  6.76999E-04
  1713.00000  3.07845E-02  0.00000E+00  1.42041E-02  1.44540E-02  1.45055E-03  6.75769E-04
  1714.00000  3.07360E-02  0.00000E+00  1.41858E-02  1.44271E-02  1.44865E-03  6.74541E-04
  1715.00000  3.06877E-02  0.00000E+00  1.41674E-02  1.44002E-02  1.44675E-03  6.73316E-04
  1716.00000  3.06395E-02  0.00000E+00  1.41491E-02  1.43734E-02  1.44486E-03  6.72094E-04
  1717.00000  3.05913E-02  0.00000E+00  1.41308E-02  1.43466E-02  1.44296E-03  6.70875E-04
  1718.00000  3.05433E-02  0.00000E+00  1.41126E-02  1.43200E-02  1.44108E-03  6.69660E-04
  1719.00000  3.04954E-02  0.00000E+00  1.40944E-02  1.42933E-02  1.43919E-03  6.68447E-04
  1720.00000  3.04475E-02  0.00000E+00  1.40762E-02  1.42668E-02  1.43731E-03  6.67237E-04
  1721.00000  3.03998E-02  0.00000E+00  1.40581E-02  1.42403E-02  1.43543E-03  6.66030E-04
  1722.00000  3.03522E-02  0.00000E+00  1.40399E-02  1.42138E-02  1.43356E-03  6.64825E-04
  1723.00000  3.03046E-02  0.00000E+00  1.40219E-02  1.41875E-02  1.43169E-03  6.63624E-04
  1724.00000  3.02572E-02  0.00000E+00  1.40038E-02  1.41612E-02  1.42982E-03  6.62426E-04
  1725.00000  3.02099E-02  0.00000E+00  1.39858E-02  1.41349E-02  1.42796E-03  6.61230E-04
  1726.00000  3.01627E-02  0.00000E+00  1.39678E-02  1.41087E-02  1.42610E-03  6.60037E-04
  1727.00000  3.01155E-02  0.00000E+00  1.39498E-02  1.40826E-02  1.42424E-03  6.58847E-04
  1728.00000  3.00685E-02  0.00000E+00  1.39319E-02  1.40566E-02  1.42239E-03  6.57660E-04
  1729.00000  3.00216E-02  0.00000E+00  1.39140E-02  1.40306E-02  1.42054E-03  6.56476E-04
  1730.00000  2.99748E-02  0.00000E+00  1.38961E-02  1.40046E-02  1.41869E-03  6.55295E-04
  1731.00000  2.99280E-02  0.00000E+00  1.38783E-02  1.39788E-02  1.41685E-03  6.54116E-04
  1732.00000  2.98814E-02  0.00000E+00  1.38605E-02  1.39529E-02  1.41501E-03  6.52940E-04
  1733.00000  2.98349E-02  0.00000E+00  1.38427E-02  1.39272E-02  1.41317E-03  6.51767E-04
  1734.00000  2.97884E-02  0.00000E+00  1.38250E-02  1.39015E-02  1.41134E-03  6.50596E-04
  1735.00000  2.97421E-02  0.00000E+00  1.38073E-02  1.38759E-02  1.40951E-03  6.49428E-04
  1736.00000  2.96959E-02  0.00000E+00  1.37896E-02  1.38503E-02  1.40768E-03  6.48263E-04
  1737.00000  2.96497E-02  0.00000E+00  1.37720E-02  1.38248E-02  1.40586E-03  6.47101E-04
  1738.00000  2.96037E-02  0.00000E+00  1.37543E-02  1.37994E-02  1.40404E-03  6.45941E-04
  1739.00000  2.95577E-02  0.00000E+00  1.37367E-02  1.37740E-02  1.40222E-03  6.44784E-04
  1740.00000  2.95119E-02  0.00000E+00  1.37192E-02  1.37486E-02  1.40041E-03  6.43630E-04
  1741.00000  2.94661E-02  0.00000E+00  1.37017E-02  1.37234E-02  1.39860E-03  6.42478E-04
  1742.00000  2.94204E-02  0.00000E+00  1.36842E-02  1.36982E-02  1.39679E-03  6.41329E-04
  1743.00000  2.93749E-02  0.00000E+00  1.36667E-02  1.36730E-02  1.39499E-03  6.40183E-04
  1744.00000  2.93294E-02  0.00000E+00  1.36493E-02  1.36479E-02  1.39318E-03  6.39039E-04
  1745.00000  2.92840E-02  0.00000E+00  1.36319E-02  1.36229E-02  1.39139E-03  6.37898E-04
  1746.00000  2.92388E-02  0.00000E+00  1.36145E-02  1.35979E-02  1.38959E-03  6.36759E-04
  1747.00000  2.91936E-02  0.00000E+00  1.35971E-02  1.35730E-02  1.38780E-03  6.35623E-04
  1748.00000  2.91485E-02  0.00000E+00  1.35798E-02  1.35482E-02  1.38601E-03  6.34490E-04
  1749.00000  2.91035E-02  0.00000E+00  1.35625E-02  1.35234E-02  1.38423E-03  6.33359E-04
  1750.00000  2.90586E-02  0.00000E+00  1.35453E-02  1.34986E-02  1.38245E-03  6.32230E-04
  1751.00000  2.90138E-02  0.00000E+00  1.35280E-02  1.34739E-02  1.38067E-03  6.31105E-04
  1752.00000  2.89690E-02  0.00000E+00  1.35109E-02  1.34493E-02  1.37890E-03  6.29981E-04
  1753.00000  2.89244E-02  0.00000E+00  1.34937E-02  1.34247E-02  1.37712E-03  6.28861E-04
  1754.00000  2.88799E-02  0.00000E+00  1.34766E-02  1.34002E-02  1.37535E-03  6.27742E-04
  1755.00000  2.88354E-02  0.00000E+00  1.34594E-02  1.33758E-02  1.37359E-03  6.26627E-04
  1756.00000  2.87911E-02  0.00000E+00  1.34424E-02  1.33514E-02  1.37183E-03  6.25513E-04
  1757.00000  2.87468E-02  0.00000E+00  1.34253E-02  1.33271E-02  1.37007E-03  6.24402E-04
  1758.00000  2.87027E-02  0.00000E+00  1.34083E-02  1.33028E-02  1.36831E-03  6.23294E-04
  1759.00000  2.86586E-02  0.00000E+00  1.33913E-02  1.32786E-02  1.36656E-03  6.22188E-04
  1760.00000  2.86146E-02  0.00000E+00  1.33743E-02  1.32544E-02  1.36481E-03  6.21085E-04
  1761.00000  2.85707E-02  0.00000E+00  1.33574E-02  1.32303E-02  1.36306E-03  6.19984E-04
  1762.00000  2.85269E-02  0.00000E+00  1.33405E-02  1.32062E-02  1.36132E-03  6.18885E-04
  1763.00000  2.84832E-02  0.00000E+00  1.33236E-02  1.31822E-02  1.35958E-03  6.17789E-04
  1764.00000  2.84396E-02  0.00000E+00  1.33068E-02  1.31583E-02  1.35784E-03  6.16695E-04
  1765.00000  2.83961E-02  0.00000E+00  1.32900E-02  1.31344E-02  1.35611E-03  6.15603E-04
  1766.00000  2.83527E-02  0.00000E+00  1.32732E-02  1.31106E-02  1.35437E-03  6.14514E-04
  1767.00000  2.83093E-02  0.00000E+00  1.32564E-02  1.30868E-02  1.35265E-03  6.13428E-04
  1768.00000  2.82660E-02  0.00000E+00  1.32397E-02  1.30631E-02  1.35092E-03  6.12343E-04
  1769.00000  2.82229E-02  0.00000E+00  1.32230E-02  1.30394E-02  1.34920E-03  6.11261E-04
  1770.00000  2.81798E-02  0.00000E+00  1.32064E-02  1.30158E-02  1.34748E-03  6.10182E-04
  1771.00000  2.81368E-02  0.00000E+00  1.31897E-02  1.29922E-02  1.34576E-03  6.09104E-04
  1772.00000  2.80939E-02  0.00000E+00  1.31731E-02  1.29687E-02  1.34405E-03  6.08029E-04
  1773.00000  2.80511E-02  0.00000E+00  1.31565E-02  1.29453E-02  1.34234E-03  6.06956E-04
  1774.00000  2.80084E-02  0.00000E+00  1.31400E-02  1.29219E-02  1.34063E-03  6.05886E-04
  1775.00000  2.79657E-02  0.00000E+00  1.31234E-02  1.28985E-02  1.33893E-03  6.04817E-04
  1776.00000  2.79232E-02  0.00000E+00  1.31069E-02  1.28753E-02  1.33722E-03  6.03751E-04
  1777.00000  2.78807E-02  0.00000E+00  1.30905E-02  1.28520E-02  1.33553E-03  6.02688E-04
  1778.00000  2.78383E-02  0.00000E+00  1.30740E-02  1.28288E-02  1.33383E-03  6.01626E-04
  1779.00000  2.77960E-02  0.00000E+00  1.30576E-02  1.28057E-02  1.33214E-03  6.00567E-04
  1780.00000  2.77538E-02  0.00000E+00  1.30412E-02  1.27826E-02  1.33045E-03  5.99510E-04
  1781.00000  2.77117E-02  0.00000E+00  1.30249E-02  1.27596E-02  1.32876E-03  5.98455E-04
  1782.00000  2.76697E-02  0.00000E+00  1.30085E-02  1.27367E-02  1.32708E-03  5.97402E-04
  1783.00000  2.76277E-02  0.00000E+00  1.29922E-02  1.27137E-02  1.32540E-03  5.96352E-04
  1784.00000  2.75859E-02  0.00000E+00  1.29760E-02  1.26909E-02  1.32372E-03  5.95303E-04
  1785.00000  2.75441E-02  0.00000E+00  1.29597E-02  1.26681E-02  1.32204E-03  5.94257E-04
  1786.00000  2.75024E-02  0.00000E+00  1.29435E-02  1.26453E-02  1.32037E-03  5.93213E-04
  1787.00000  2.74608E-02  0.00000E+00  1.29273E-02  1.26226E-02  1.31870E-03  5.92171E-04
  1788.00000  2.74193E-02  0.00000E+00  1.29112E-02  1.26000E-02  1.31703E-03  5.91132E-04
  1789.00000  2.73778E-02  0.00000E+00  1.28950E-02  1.25773E-02  1.31537E-03  5.90094E-04
  1790.00000  2.73365E-02  0.00000E+00  1.28789E-02  1.25548E-02  1.31371E-03  5.89058E-04
  1791.00000  2.72952E-02  0.00000E+00  1.28628E-02  1.25323E-02  1.31205E-03  5.88025E-04
  1792.00000  2.72540E-02  0.00000E+00  1.28468E-02  1.25099E-02  1.31039E-03  5.86994E-04
  1793.00000  2.72129E-02  0.00000E+00  1.28308E-02  1.24875E-02  1.30874E-03  5.85965E-04
  1794.00000  2.71719E-02  0.00000E+00  1.28148E-02  1.24651E-02  1.30709E-03  5.84937E-04
  1795.00000  2.71310E-02  0.00000E+00  1.27988E-02  1.24428E-02  1.30544E-03  5.83912E-04
  1796.00000  2.70901E-02  0.00000E+00  1.27829E-02  1.24206E-02  1.30380E-03  5.82890E-04
  1797.00000  2.70494E-02  0.00000E+00  1.27670E-02  1.23984E-02  1.30216E-03  5.81869E-04
  1798.00000  2.70087E-02  0.00000E+00  1.27511E-02  1.23762E-02  1.30052E-03  5.80850E-04
  1799.00000  2.69681E-02  0.00000E+00  1.27352E-02  1.23541E-02  1.29888E-03  5.79833E-04
  1800.00000  2.69276E-02  0.00000E+00  1.27194E-02  1.23321E-02  1.29725E-03  5.78818E-04
  1801.00000  2.68871E-02  0.00000E+00  1.27036E-02  1.23101E-02  1.29562E-03  5.77806E-04
  1802.00000  2.68468E-02  0.00000E+00  1.26878E-02  1.22882E-02  1.29399E-03  5.76795E-04
  1803.00000  2.68065E-02  0.00000E+00  1.26721E-02  1.22663E-02  1.29237E-03  5.75787E-04
  1804.00000  2.67663E-02  0.00000E+00  1.26563E-02  1.22444E-02  1.29075E-03  5.74780E-04
  1805.00000  2.67262E-02  0.00000E+00  1.26406E-02  1.22226E-02  1.28913E-03  5.73775E-04
  1806.00000  2.66862E-02  0.00000E+00  1.26250E-02  1.22009E-02  1.28751E-03  5.72773E-04
  1807.00000  2.66462E-02  0.00000E+00  1.26093E-02  1.21792E-02  1.28590E-03  5.71772E-04
  1808.00000  2.66063E-02  0.00000E+00  1.25937E-02  1.21576E-02  1.28429E-03  5.70774E-04
  1809.00000  2.65665E-02  0.00000E+00  1.25781E-02  1.21360E-02  1.28268E-03  5.69778E-04
  1810.00000  2.65268E-02  0.00000E+00  1.25626E-02  1.21144E-02  1.28107E-03  5.68783E-04
  1811.00000  2.64872E-02  0.00000E+00  1.25470E-02  1.20929E-02  1.27947E-03  5.67791E-04
  1812.00000  2.64476E-02  0.00000E+00  1.25315E-02  1.20715E-02  1.27787E-03  5.66800E-04
  1813.00000  2.64082E-02  0.00000E+00  1.25160E-02  1.20501E-02  1.27627E-03  5.65812E-04
  1814.00000  2.63688E-02  0.00000E+00  1.25006E-02  1.20287E-02  1.27468E-03  5.64826E-04
  1815.00000  2.63295E-02  0.00000E+00  1.24852E-02  1.20074E-02  1.27308E-03  5.63842E-04
  1816.00000  2.62902E-02  0.00000E+00  1.24697E-02  1.19861E-02  1.27149E-03  5.62859E-04
  1817.00000  2.62511E-02  0.00000E+00  1.24544E-02  1.19649E-02  1.26991E-03  5.61879E-04
  1818.00000  2.62120E-02  0.00000E+00  1.24390E-02  1.19438E-02  1.26832E-03  5.60901E-04
  1819.00000  2.61730E-02  0.00000E+00  1.24237E-02  1.19226E-02  1.26674E-03  5.59925E-04
  1820.00000  2.61341E-02  0.00000E+00  1.24084E-02  1.19016E-02  1.26516E-03  5.58950E-04
  1821.00000  2.60952E-02  0.00000E+00  1.23931E-02  1.18806E-02  1.26358E-03  5.57978E-04
  1822.00000  2.60565E-02  0.00000E+00  1.23779E-02  1.18596E-02  1.26201E-03  5.57008E-04
  1823.00000  2.60178E-02  0.00000E+00  1.23627E-02  1.18387E-02  1.26044E-03  5.56040E-04
  1824.00000  2.59792E-02  0.00000E+00  1.23475E-02  1.18178E-02  1.25887E-03  5.55074E-04
  1825.00000  2.59406E-02  0.00000E+00  1.23323E-02  1.17969E-02  1.25730E-03  5.54110E-04
  1826.00000  2.59022E-02  0.00000E+00  1.23172E-02  1.17762E-02  1.25574E-03  5.53148E-04
  1827.00000  2.58638E-02  0.00000E+00  1.23020E-02  1.17554E-02  1.25418E-03  5.52188E-04
  1828.00000  2.58255E-02  0.00000E+00  1.22869E-02  1.17347E-02  1.25262E-03  5.51230E-04
  1829.00000  2.57873E-02  0.00000E+00  1.22719E-02  1.17141E-02  1.25107E-03  5.50275E-04
  1830.00000  2.57491E-02  0.00000E+00  1.22568E-02  1.16935E-02  1.24951E-03  5.49321E-04
  1831.00000  2.57111E-02  0.00000E+00  1.22418E-02  1.16729E-02  1.24796E-03  5.48369E-04
  1832.00000  2.56731E-02  0.00000E+00  1.22268E-02  1.16524E-02  1.24641E-03  5.47420E-04
  1833.00000  2.56351E-02  0.00000E+00  1.22119E-02  1.16319E-02  1.24487E-03  5.46472E-04
  1834.00000  2.55973E-02  0.00000E+00  1.21969E-02  1.16115E-02  1.24333E-03  5.45526E-04
  1835.00000  2.55595E-02  0.00000E+00  1.21820E-02  1.15911E-02  1.24179E-03  5.44583E-04
  1836.00000  2.55218E-02  0.00000E+00  1.21671E-02  1.15708E-02  1.24025E-03  5.43641E-04
  1837.00000  2.54842E-02  0.00000E+00  1.21523E-02  1.15505E-02  1.23871E-03  5.42702E-04
  1838.00000  2.54467E-02  0.00000E+00  1.21374E-02  1.15303E-02  1.23718E-03  5.41765E-04
  1839.00000  2.54092E-02  0.00000E+00  1.21226E-02  1.15101E-02  1.23565E-03  5.40830E-04
  1840.00000  2.53718E-02  0.00000E+00  1.21078E-02  1.14899E-02  1.23412E-03  5.39896E-04
  1841.00000  2.53345E-02  0.00000E+00  1.20931E-02  1.14698E-02  1.23260E-03  5.38965E-04
  1842.00000  2.52972E-02  0.00000E+00  1.20783E-02  1.14498E-02  1.23107E-03  5.38036E-04
  1843.00000  2.52601E-02  0.00000E+00  1.20636E-02  1.14298E-02  1.22955E-03  5.37109E-04
  1844.00000  2.52230E-02  0.00000E+00  1.20489E-02  1.14098E-02  1.22804E-03  5.36184E-04
  1845.00000  2.51859E-02  0.00000E+00  1.20343E-02  1.13899E-02  1.22652E-03  5.35262E-04
  1846.00000  2.51490E-02  0.00000E+00  1.20196E-02  1.13700E-02  1.22501E-03  5.34341E-04
  1847.00000  2.51121E-02  0.00000E+00  1.20050E-02  1.13501E-02  1.22350E-03  5.33422E-04
  1848.00000  2.50753E-02  0.00000E+00  1.19904E-02  1.13304E-02  1.22199E-03  5.32505E-04
  1849.00000  2.50385E-02  0.00000E+00  1.19759E-02  1.13106E-02  1.22049E-03  5.31591E-04
  1850.00000  2.50019E-02  0.00000E+00  1.19613E-02  1.12909E-02  1.21898E-03  5.30678E-04
  1851.00000  2.49653E-02  0.00000E+00  1.19468E-02  1.12712E-02  1.21748E-03  5.29768E-04
  1852.00000  2.49288E-02  0.00000E+00  1.19323E-02  1.12516E-02  1.21599E-03  5.28859E-04
  1853.00000  2.48923E-02  0.00000E+00  1.19179E-02  1.12320E-02  1.21449E-03  5.27953E-04
  1854.00000  2.48560E-02  0.00000E+00  1.19034E-02  1.12125E-02  1.21300E-03  5.27049E-04
  1855.00000  2.48197E-02  0.00000E+00  1.18890E-02  1.11930E-02  1.21151E-03  5.26147E-04
  1856.00000  2.47834E-02  0.00000E+00  1.18746E-02  1.11736E-02  1.21002E-03  5.25246E-04
  1857.00000  2.47473E-02  0.00000E+00  1.18602E-02  1.11541E-02  1.20853E-03  5.24348E-04
  1858.00000  2.47112E-02  0.00000E+00  1.18459E-02  1.11348E-02  1.20705E-03  5.23452E-04
  1859.00000  2.46752E-02  0.00000E+00  1.18316E-02  1.11155E-02  1.20557E-03  5.22558E-04
  1860.00000  2.46392E-02  0.00000E+00  1.18173E-02  1.10962E-02  1.20409E-03  5.21666E-04
  1861.00000  2.46033E-02  0.00000E+00  1.18030E-02  1.10769E-02  1.20262E-03  5.20776E-04
  1862.00000  2.45675E-02  0.00000E+00  1.17888E-02  1.10578E-02  1.20114E-03  5.19888E-04
  1863.00000  2.45318E-02  0.00000E+00  1.17745E-02  1.10386E-02  1.19967E-03  5.19003E-04
  1864.00000  2.44961E-02  0.00000E+00  1.17603E-02  1.10195E-02  1.19821E-03  5.18119E-04
  1865.00000  2.44606E-02  0.00000E+00  1.17462E-02  1.10004E-02  1.19674E-03  5.17237E-04
  1866.00000  2.44250E-02  0.00000E+00  1.17320E-02  1.09814E-02  1.19528E-03  5.16357E-04
  1867.00000  2.43896E-02  0.00000E+00  1.17179E-02  1.09624E-02  1.19382E-03  5.15479E-04
  1868.00000  2.43542E-02  0.00000E+00  1.17038E-02  1.09435E-02  1.19236E-03  5.14603E-04
  1869.00000  2.43189E-02  0.00000E+00  1.16897E-02  1.09246E-02  1.19090E-03  5.13730E-04
  1870.00000  2.42836E-02  0.00000E+00  1.16756E-02  1.09057E-02  1.18945E-03  5.12858E-04
  1871.00000  2.42485E-02  0.00000E+00  1.16616E-02  1.08869E-02  1.18800E-03  5.11988E-04
  1872.00000  2.42133E-02  0.00000E+00  1.16476E-02  1.08681E-02  1.18655E-03  5.11120E-04
  1873.00000  2.41783E-02  0.00000E+00  1.16336E-02  1.08494E-02  1.18510E-03  5.10254E-04
  1874.00000  2.41433E-02  0.00000E+00  1.16196E-02  1.08307E-02  1.18366E-03  5.09391E-04
  1875.00000  2.41084E-02  0.00000E+00  1.16057E-02  1.08120E-02  1.18221E-03  5.08529E-04
  1876.00000  2.40736E-02  0.00000E+00  1.15918E-02  1.07934E-02  1.18077E-03  5.07669E-04
  1877.00000  2.40388E-02  0.00000E+00  1.15779E-02  1.07748E-02  1.17934E-03  5.06811E-04
  1878.00000  2.40041E-02  0.00000E+00  1.15640E-02  1.07563E-02  1.17790E-03  5.05955E-04
  1879.00000  2.39695E-02  0.00000E+00  1.15501E-02  1.07378E-02  1.17647E-03  5.05101E-04
  1880.00000  2.39349E-02  0.00000E+00  1.15363E-02  1.07193E-02  1.17504E-03  5.04249E-04
  1881.00000  2.39004E-02  0.00000E+00  1.15225E-02  1.07009E-02  1.17361E-03  5.03399E-04
  1882.00000  2.38660E-02  0.00000E+00  1.15087E-02  1.06826E-02  1.17219E-03  5.02551E-04
  1883.00000  2.38317E-02  0.00000E+00  1.14950E-02  1.06642E-02  1.17077E-03  5.01705E-04
  1884.00000  2.37974E-02  0.00000E+00  1.14812E-02  1.06459E-02  1.16934E-03  5.00860E-04
  1885.00000  2.37631E-02  0.00000E+00  1.14675E-02  1.06277E-02  1.16793E-03  5.00018E-04
  1886.00000  2.37290E-02  0.00000E+00  1.14538E-02  1.06095E-02  1.16651E-03  4.99178E-04
  1887.00000  2.36949E-02  0.00000E+00  1.14402E-02  1.05913E-02  1.16510E-03  4.98339E-04
  1888.00000  2.36608E-02  0.00000E+00  1.14265E-02  1.05731E-02  1.16369E-03  4.97502E-04
  1889.00000  2.36269E-02  0.00000E+00  1.14129E-02  1.05551E-02  1.16228E-03  4.96668E-04
  1890.00000  2.35930E-02  0.00000E+00  1.13993E-02  1.05370E-02  1.16087E-03  4.95835E-04
  1891.00000  2.35592E-02  0.00000E+00  1.13857E-02  1.05190E-02  1.15947E-03  4.95004E-04
  1892.00000  2.35254E-02  0.00000E+00  1.13722E-02  1.05010E-02  1.15807E-03  4.94175E-04
  1893.00000  2.34917E-02  0.00000E+00  1.13586E-02  1.04831E-02  1.15667E-03  4.93348E-04
  1894.00000  2.34581E-02  0.00000E+00  1.13451E-02  1.04652E-02  1.15527E-03  4.92523E-04
  1895.00000  2.34245E-02  0.00000E+00  1.13316E-02  1.04473E-02  1.15387E-03  4.91699E-04
  1896.00000  2.33910E-02  0.00000E+00  1.13182E-02  1.04295E-02  1.15248E-03  4.90878E-04
  1897.00000  2.33575E-02  0.00000E+00  1.13047E-02  1.04117E-02  1.15109E-03  4.90058E-04
  1898.00000  2.33242E-02  0.00000E+00  1.12913E-02  1.03939E-02  1.14970E-03  4.89241E-04
  1899.00000  2.32909E-02  0.00000E+00  1.12779E-02  1.03762E-02  1.14832E-03  4.88425E-04
  1900.00000  2.32576E-02  0.00000E+00  1.12645E-02  1.03585E-02  1.14693E-03  4.87611E-04
  1901.00000  2.32244E-02  0.00000E+00  1.12512E-02  1.03409E-02  1.14555E-03  4.86799E-04
  1902.00000  2.31913E-02  0.00000E+00  1.12378E-02  1.03233E-02  1.14418E-03  4.85988E-04
  1903.00000  2.31582E-02  0.00000E+00  1.12245E-02  1.03058E-02  1.14280E-03  4.85180E-04
  1904.00000  2.31253E-02  0.00000E+00  1.12112E-02  1.02882E-02  1.14142E-03  4.84373E-04
  1905.00000  2.30923E-02  0.00000E+00  1.11979E-02  1.02708E-02  1.14005E-03  4.83569E-04
  1906.00000  2.30595E-02  0.00000E+00  1.11847E-02  1.02533E-02  1.13868E-03  4.82766E-04
  1907.00000  2.30267E-02  0.00000E+00  1.11715E-02  1.02359E-02  1.13732E-03  4.81964E-04
  1908.00000  2.29939E-02  0.00000E+00  1.11583E-02  1.02185E-02  1.13595E-03  4.81165E-04
  1909.00000  2.29613E-02  0.00000E+00  1.11451E-02  1.02012E-02  1.13459E-03  4.80367E-04
  1910.00000  2.29286E-02  0.00000E+00  1.11319E-02  1.01839E-02  1.13323E-03  4.79572E-04
  1911.00000  2.28961E-02  0.00000E+00  1.11188E-02  1.01667E-02  1.13187E-03  4.78778E-04
  1912.00000  2.28636E-02  0.00000E+00  1.11057E-02  1.01494E-02  1.13051E-03  4.77985E-04
  1913.00000  2.28312E-02  0.00000E+00  1.10926E-02  1.01323E-02  1.12916E-03  4.77195E-04
  1914.00000  2.27988E-02  0.00000E+00  1.10795E-02  1.01151E-02  1.12781E-03  4.76406E-04
  1915.00000  2.27665E-02  0.00000E+00  1.10664E-02  1.00980E-02  1.12646E-03  4.75619E-04
  1916.00000  2.27343E-02  0.00000E+00  1.10534E-02  1.00809E-02  1.12511E-03  4.74834E-04
  1917.00000  2.27021E-02  0.00000E+00  1.10404E-02  1.00639E-02  1.12377E-03  4.74051E-04
  1918.00000  2.26700E-02  0.00000E+00  1.10274E-02  1.00469E-02  1.12242E-03  4.73269E-04
  1919.00000  2.26379E-02  0.00000E+00  1.10144E-02  1.00299E-02  1.12108E-03  4.72489E-04
  1920.00000  2.26059E-02  0.00000E+00  1.10015E-02  1.00130E-02  1.11975E-03  4.71711E-04
  1921.00000  2.25740E-02  0.00000E+00  1.09886E-02  9.99610E-03  1.11841E-03  4.70934E-04
  1922.00000  2.25421E-02  0.00000E+00  1.09756E-02  9.97924E-03  1.11708E-03  4.70159E-04
  1923.00000  2.25103E-02  0.00000E+00  1.09628E-02  9.96243E-03  1.11574E-03  4.69386E-04
  1924.00000  2.24786E-02  0.00000E+00  1.09499E-02  9.94564E-03  1.11441E-03  4.68614E-04
  1925.00000  2.24469E-02  0.00000E+00  1.09370E-02  9.92889E-03  1.11309E-03  4.67845E-04
  1926.00000  2.24152E-02  0.00000E+00  1.09242E-02  9.91218E-03  1.11176E-03  4.67076E-04
  1927.00000  2.23837E-02  0.00000E+00  1.09114E-02  9.89551E-03  1.11044E-03  4.66310E-04
  1928.00000  2.23522E-02  0.00000E+00  1.08986E-02  9.87887E-03  1.10912E-03  4.65545E-04
  1929.00000  2.23207E-02  0.00000E+00  1.08859E-02  9.86226E-03  1.10780E-03  4.64782E-04
  1930.00000  2.22893E-02  0.00000E+00  1.08731E-02  9.84569E-03  1.10648E-03  4.64020E-04
  1931.00000  2.22580E-02  0.00000E+00  1.08604E-02  9.82916E-03  1.10517E-03  4.63260E-04
  1932.00000  2.22267E-02  0.00000E+00  1.08477E-02  9.81266E-03  1.10386E-03  4.62501E-04
  1933.00000  2.21955E-02  0.00000E+00  1.08350E-02  9.79619E-03  1.10255E-03  4.61745E-04
  1934.00000  2.21644E-02  0.00000E+00  1.08224E-02  9.77976E-03  1.10124E-03  4.60989E-04
  1935.00000  2.21333E-02  0.00000E+00  1.08097E-02  9.76337E-03  1.09994E-03  4.60236E-04
  1936.00000  2.21022E-02  0.00000E+00  1.07971E-02  9.74701E-03  1.09863E-03  4.59483E-04
  1937.00000  2.20712E-02  0.00000E+00  1.07845E-02  9.73068E-03  1.09733E-03  4.58733E-04
  1938.00000  2.20403E-02  0.00000E+00  1.07719E-02  9.71439E-03  1.09603E-03  4.57984E-04
  1939.00000  2.20095E-02  0.00000E+00  1.07594E-02  9.69814E-03  1.09473E-03  4.57236E-04
  1940.00000  2.19787E-02  0.00000E+00  1.07468E-02  9.68192E-03  1.09344E-03  4.56490E-04
  1941.00000  2.19479E-02  0.00000E+00  1.07343E-02  9.66573E-03  1.09215E-03  4.55746E-04
  1942.00000  2.19172E-02  0.00000E+00  1.07218E-02  9.64958E-03  1.09086E-03  4.55003E-04
  1943.00000  2.18866E-02  0.00000E+00  1.07093E-02  9.63346E-03  1.08957E-03  4.54261E-04
  1944.00000  2.18560E-02  0.00000E+00  1.06969E-02  9.61738E-03  1.08828E-03  4.53521E-04
  1945.00000  2.18255E-02  0.00000E+00  1.06844E-02  9.60133E-03  1.08700E-03  4.52782E-04
  1946.00000  2.17951E-02  0.00000E+00  1.06720E-02  9.58532E-03  1.08571E-03  4.52045E-04
  1947.00000  2.17647E-02  0.00000E+00  1.06596E-02  9.56933E-03  1.08443E-03  4.51310E-04
  1948.00000  2.17343E-02  0.00000E+00  1.06472E-02  9.55339E-03  1.08316E-03  4.50576E-04
  1949.00000  2.17040E-02  0.00000E+00  1.06348E-02  9.53747E-03  1.08188E-03  4.49843E-04
  1950.00000  2.16738E-02  0.00000E+00  1.06225E-02  9.52159E-03  1.08061E-03  4.49111E-04
  1951.00000  2.16436E-02  0.00000E+00  1.06102E-02  9.50575E-03  1.07933E-03  4.48381E-04
  1952.00000  2.16135E-02  0.00000E+00  1.05979E-02  9.48993E-03  1.07806E-03  4.47653E-04
  1953.00000  2.15835E-02  0.00000E+00  1.05856E-02  9.47415E-03  1.07680E-03  4.46926E-04
  1954.00000  2.15535E-02  0.00000E+00  1.05733E-02  9.45841E-03  1.07553E-03  4.46200E-04
  1955.00000  2.15235E-02  0.00000E+00  1.05611E-02  9.44270E-03  1.07427E-03  4.45476E-04
  1956.00000  2.14936E-02  0.00000E+00  1.05489E-02  9.42702E-03  1.07300E-03  4.44753E-04
  1957.00000  2.14638E-02  0.00000E+00  1.05366E-02  9.41137E-03  1.07175E-03  4.44031E-04
  1958.00000  2.14340E-02  0.00000E+00  1.05245E-02  9.39576E-03  1.07049E-03  4.43311E-04
  1959.00000  2.14043E-02  0.00000E+00  1.05123E-02  9.38018E-03  1.06923E-03  4.42592E-04
  1960.00000  2.13746E-02  0.00000E+00  1.05001E-02  9.36463E-03  1.06798E-03  4.41875E-04
  1961.00000  2.13450E-02  0.00000E+00  1.04880E-02  9.34911E-03  1.06673E-03  4.41159E-04
  1962.00000  2.13155E-02  0.00000E+00  1.04759E-02  9.33363E-03  1.06548E-03  4.40444E-04
  1963.00000  2.12859E-02  0.00000E+00  1.04638E-02  9.31818E-03  1.06423E-03  4.39730E-04
  1964.00000  2.12565E-02  0.00000E+00  1.04517E-02  9.30276E-03  1.06298E-03  4.39018E-04
  1965.00000  2.12271E-02  0.00000E+00  1.04397E-02  9.28738E-03  1.06174E-03  4.38307E-04
  1966.00000  2.11978E-02  0.00000E+00  1.04276E-02  9.27203E-03  1.06050E-03  4.37598E-04
  1967.00000  2.11685E-02  0.00000E+00  1.04156E-02  9.25671E-03  1.05926E-03  4.36890E-04
  1968.00000  2.11393E-02  0.00000E+00  1.04036E-02  9.24142E-03  1.05802E-03  4.36183E-04
  1969.00000  2.11101E-02  0.00000E+00  1.03916E-02  9.22616E-03  1.05679E-03  4.35478E-04
  1970.00000  2.10810E-02  0.00000E+00  1.03797E-02  9.21094E-03  1.05555E-03  4.34773E-04
  1971.00000  2.10519E-02  0.00000E+00  1.03677E-02  9.19575E-03  1.05432E-03  4.34070E-04
  1972.00000  2.10229E-02  0.00000E+00  1.03558E-02  9.18059E-03  1.05309E-03  4.33369E-04
  1973.00000  2.09939E-02  0.00000E+00  1.03439E-02  9.16546E-03  1.05186E-03  4.32669E-04
  1974.00000  2.09650E-02  0.00000E+00  1.03320E-02  9.15037E-03  1.05064E-03  4.31970E-04
  1975.00000  2.09362E-02  0.00000E+00  1.03202E-02  9.13530E-03  1.04941E-03  4.31272E-04
  1976.00000  2.09074E-02  0.00000E+00  1.03083E-02  9.12027E-03  1.04819E-03  4.30576E-04
  1977.00000  2.08786E-02  0.00000E+00  1.02965E-02  9.10527E-03  1.04697E-03  4.29881E-04
  1978.00000  2.08499E-02  0.00000E+00  1.02847E-02  9.09030E-03  1.04575E-03  4.29187E-04
  1979.00000  2.08213E-02  0.00000E+00  1.02729E-02  9.07536E-03  1.04454E-03  4.28494E-04
  1980.00000  2.07927E-02  0.00000E+00  1.02611E-02  9.06045E-03  1.04332E-03  4.27803E-04
  1981.00000  2.07641E-02  0.00000E+00  1.02493E-02  9.04558E-03  1.04211E-03  4.27113E-04
  1982.00000  2.07357E-02  0.00000E+00  1.02376E-02  9.03073E-03  1.04090E-03  4.26425E-04
  1983.00000  2.07072E-02  0.00000E+00  1.02259E-02  9.01592E-03  1.03969E-03  4.25737E-04
  1984.00000  2.06789E-02  0.00000E+00  1.02142E-02  9.00113E-03  1.03849E-03  4.25051E-04
  1985.00000  2.06505E-02  0.00000E+00  1.02025E-02  8.98638E-03  1.03728E-03  4.24366E-04
  1986.00000  2.06223E-02  0.00000E+00  1.01908E-02  8.97166E-03  1.03608E-03  4.23683E-04
  1987.00000  2.05940E-02  0.00000E+00  1.01792E-02  8.95697E-03  1.03488E-03  4.23001E-04
  1988.00000  2.05659E-02  0.00000E+00  1.01676E-02  8.94231E-03  1.03368E-03  4.22320E-04
  1989.00000  2.05377E-02  0.00000E+00  1.01559E-02  8.92768E-03  1.03248E-03  4.21640E-04
  1990.00000  2.05097E-02  0.00000E+00  1.01443E-02  8.91309E-03  1.03129E-03  4.20962E-04
  1991.00000  2.04817E-02  0.00000E+00  1.01328E-02  8.89852E-03  1.03009E-03  4.20285E-04
  1992.00000  2.04537E-02  0.00000E+00  1.01212E-02  8.88398E-03  1.02890E-03  4.19609E-04
  1993.00000  2.04258E-02  0.00000E+00  1.01097E-02  8.86947E-03  1.02771E-03  4.18935E-04
  1994.00000  2.03979E-02  0.00000E+00  1.00981E-02  8.85500E-03  1.02652E-03  4.18262E-04
  1995.00000  2.03701E-02  0.00000E+00  1.00866E-02  8.84055E-03  1.02534E-03  4.17590E-04
  1996.00000  2.03424E-02  0.00000E+00  1.00752E-02  8.82613E-03  1.02415E-03  4.16919E-04
  1997.00000  2.03146E-02  0.00000E+00  1.00637E-02  8.81175E-03  1.02297E-03  4.16250E-04
  1998.00000  2.02870E-02  0.00000E+00  1.00522E-02  8.79739E-03  1.02179E-03  4.15582E-04
  1999.00000  2.02594E-02  0.00000E+00  1.00408E-02  8.78306E-03  1.02061E-03  4.14915E-04
  2000.00000  2.02318E-02  0.00000E+00  1.00294E-02  8.76876E-03  1.01944E-03  4.14249E-04
  2001.00000  2.02043E-02  0.00000E+00  1.00180E-02  8.75450E-03  1.01826E-03  4.13585E-04
  2002.00000  2.01769E-02  0.00000E+00  1.00066E-02  8.74026E-03  1.01709E-03  4.12922E-04
  2003.00000  2.01495E-02  0.00000E+00  9.99522E-03  8.72605E-03  1.01592E-03  4.12260E-04
  2004.00000  2.01221E-02  0.00000E+00  9.98388E-03  8.71187E-03  1.01475E-03  4.11600E-04
  2005.00000  2.00948E-02  0.00000E+00  9.97254E-03  8.69772E-03  1.01358E-03  4.10941E-04
  2006.00000  2.00675E-02  0.00000E+00  9.96123E-03  8.68360E-03  1.01242E-03  4.10283E-04
  2007.00000  2.00403E-02  0.00000E+00  9.94994E-03  8.66951E-03  1.01125E-03  4.09626E-04
  2008.00000  2.00132E-02  0.00000E+00  9.93866E-03  8.65545E-03  1.01009E-03  4.08971E-04
  2009.00000  1.99861E-02  0.00000E+00  9.92739E-03  8.64142E-03  1.00893E-03  4.08317E-04
  2010.00000  1.99590E-02  0.00000E+00  9.91615E-03  8.62741E-03  1.00777E-03  4.07664E-04
  2011.00000  1.99320E-02  0.00000E+00  9.90492E-03  8.61344E-03  1.00662E-03  4.07013E-04
  2012.00000  1.99050E-02  0.00000E+00  9.89371E-03  8.59949E-03  1.00546E-03  4.06362E-04
  2013.00000  1.98781E-02  0.00000E+00  9.88252E-03  8.58558E-03  1.00431E-03  4.05713E-04
  2014.00000  1.98513E-02  0.00000E+00  9.87134E-03  8.57169E-03  1.00316E-03  4.05066E-04
  2015.00000  1.98244E-02  0.00000E+00  9.86018E-03  8.55783E-03  1.00201E-03  4.04419E-04
  2016.00000  1.97977E-02  0.00000E+00  9.84904E-03  8.54400E-03  1.00086E-03  4.03774E-04
  2017.00000  1.97710E-02  0.00000E+00  9.83792E-03  8.53020E-03  9.99714E-04  4.03130E-04
  2018.00000  1.97443E-02  0.00000E+00  9.82681E-03  8.51642E-03  9.98570E-04  4.02488E-04
  2019.00000  1.97177E-02  0.00000E+00  9.81572E-03  8.50268E-03  9.97427E-04  4.01846E-04
  2020.00000  1.96911E-02  0.00000E+00  9.80464E-03  8.48896E-03  9.96287E-04  4.01206E-04
  2021.00000  1.96646E-02  0.00000E+00  9.79359E-03  8.47527E-03  9.95148E-04  4.00567E-04
  2022.00000  1.96381E-02  0.00000E+00  9.78255E-03  8.46161E-03  9.94011E-04  3.99930E-04
  2023.00000  1.96117E-02  0.00000E+00  9.77152E-03  8.44798E-03  9.92876E-04  3.99293E-04
  2024.00000  1.95853E-02  0.00000E+00  9.76051E-03  8.43437E-03  9.91742E-04  3.98658E-04
  2025.00000  1.95590E-02  0.00000E+00  9.74952E-03  8.42080E-03  9.90610E-04  3.98024E-04
  2026.00000  1.95327E-02  0.00000E+00  9.73855E-03  8.40725E-03  9.89480E-04  3.97392E-04
  2027.00000  1.95064E-02  0.00000E+00  9.72759E-03  8.39373E-03  9.88352E-04  3.96761E-04
  2028.00000  1.94802E-02  0.00000E+00  9.71665E-03  8.38024E-03  9.87225E-04  3.96130E-04
  2029.00000  1.94541E-02  0.00000E+00  9.70573E-03  8.36677E-03  9.86101E-04  3.95502E-04
  2030.00000  1.94280E-02  0.00000E+00  9.69482E-03  8.35334E-03  9.84978E-04  3.94874E-04
  2031.00000  1.94020E-02  0.00000E+00  9.68393E-03  8.33993E-03  9.83856E-04  3.94248E-04
  2032.00000  1.93760E-02  0.00000E+00  9.67305E-03  8.32654E-03  9.82737E-04  3.93623E-04
  2033.00000  1.93500E-02  0.00000E+00  9.66219E-03  8.31319E-03  9.81619E-04  3.92999E-04
  2034.00000  1.93241E-02  0.00000E+00  9.65135E-03  8.29986E-03  9.80502E-04  3.92376E-04
  2035.00000  1.92982E-02  0.00000E+00  9.64053E-03  8.28656E-03  9.79388E-04  3.91755E-04
  2036.00000  1.92724E-02  0.00000E+00  9.62972E-03  8.27329E-03  9.78275E-04  3.91135E-04
  2037.00000  1.92466E-02  0.00000E+00  9.61892E-03  8.26004E-03  9.77164E-04  3.90516E-04
  2038.00000  1.92209E-02  0.00000E+00  9.60815E-03  8.24683E-03  9.76055E-04  3.89899E-04
  2039.00000  1.91952E-02  0.00000E+00  9.59738E-03  8.23364E-03  9.74948E-04  3.89283E-04
  2040.00000  1.91696E-02  0.00000E+00  9.58664E-03  8.22047E-03  9.73842E-04  3.88668E-04
  2041.00000  1.91440E-02  0.00000E+00  9.57591E-03  8.20733E-03  9.72738E-04  3.88054E-04
  2042.00000  1.91185E-02  0.00000E+00  9.56520E-03  8.19422E-03  9.71635E-04  3.87441E-04
  2043.00000  1.90930E-02  0.00000E+00  9.55450E-03  8.18114E-03  9.70534E-04  3.86830E-04
  2044.00000  1.90676E-02  0.00000E+00  9.54382E-03  8.16808E-03  9.69435E-04  3.86220E-04
  2045.00000  1.90422E-02  0.00000E+00  9.53316E-03  8.15505E-03  9.68338E-04  3.85611E-04
  2046.00000  1.90168E-02  0.00000E+00  9.52251E-03  8.14205E-03  9.67242E-04  3.85004E-04
  2047.00000  1.89915E-02  0.00000E+00  9.51188E-03  8.12907E-03  9.66148E-04  3.84397E-04
  2048.00000  1.89662E-02  0.00000E+00  9.50126E-03  8.11612E-03  9.65056E-04  3.83792E-04
  2049.00000  1.89410E-02  0.00000E+00  9.49066E-03  8.10319E-03  9.63966E-04  3.83189E-04
  2050.00000  1.89158E-02  0.00000E+00  9.48008E-03  8.09029E-03  9.62877E-04  3.82586E-04
  2051.00000  1.88907E-02  0.00000E+00  9.46951E-03  8.07742E-03  9.61790E-04  3.81985E-04
  2052.00000  1.88656E-02  0.00000E+00  9.45896E-03  8.06458E-03  9.60704E-04  3.81385E-04
  2053.00000  1.88406E-02  0.00000E+00  9.44842E-03  8.05176E-03  9.59620E-04  3.80786E-04
  2054.00000  1.88156E-02  0.00000E+00  9.43790E-03  8.03896E-03  9.58538E-04  3.80189E-04
  2055.00000  1.87906E-02  0.00000E+00  9.42740E-03  8.02619E-03  9.57458E-04  3.79593E-04
  2056.00000  1.87657E-02  0.00000E+00  9.41691E-03  8.01345E-03  9.56379E-04  3.78998E-04
  2057.00000  1.87409E-02  0.00000E+00  9.40643E-03  8.00073E-03  9.55302E-04  3.78404E-04
  2058.00000  1.87161E-02  0.00000E+00  9.39598E-03  7.98804E-03  9.54226E-04  3.77812E-04
  2059.00000  1.86913E-02  0.00000E+00  9.38554E-03  7.97538E-03  9.53153E-04  3.77221E-04
  2060.00000  1.86666E-02  0.00000E+00  9.37511E-03  7.96274E-03  9.52080E-04  3.76631E-04
  2061.00000  1.86419E-02  0.00000E+00  9.36470E-03  7.95013E-03  9.51010E-04  3.76042E-04
  2062.00000  1.86172E-02  0.00000E+00  9.35430E-03  7.93754E-03  9.49941E-04  3.75455E-04
  2063.00000  1.85926E-02  0.00000E+00  9.34392E-03  7.92498E-03  9.48874E-04  3.74869E-04
  2064.00000  1.85681E-02  0.00000E+00  9.33356E-03  7.91244E-03  9.47808E-04  3.74284E-04
  2065.00000  1.85436E-02  0.00000E+00  9.32321E-03  7.89993E-03  9.46744E-04  3.73701E-04
  2066.00000  1.85191E-02  0.00000E+00  9.31288E-03  7.88744E-03  9.45682E-04  3.73119E-04
  2067.00000  1.84947E-02  0.00000E+00  9.30256E-03  7.87498E-03  9.44622E-04  3.72538E-04
  2068.00000  1.84703E-02  0.00000E+00  9.29226E-03  7.86254E-03  9.43563E-04  3.71958E-04
  2069.00000  1.84460E-02  0.00000E+00  9.28197E-03  7.85013E-03  9.42505E-04  3.71379E-04
  2070.00000  1.84217E-02  0.00000E+00  9.27170E-03  7.83775E-03  9.41450E-04  3.70802E-04
  2071.00000  1.83974E-02  0.00000E+00  9.26144E-03  7.82539E-03  9.40396E-04  3.70226E-04
  2072.00000  1.83732E-02  0.00000E+00  9.25120E-03  7.81305E-03  9.39343E-04  3.69652E-04
  2073.00000  1.83491E-02  0.00000E+00  9.24097E-03  7.80074E-03  9.38292E-04  3.69078E-04
  2074.00000  1.83250E-02  0.00000E+00  9.23076E-03  7.78845E-03  9.37243E-04  3.68506E-04
  2075.00000  1.83009E-02  0.00000E+00  9.22057E-03  7.77619E-03  9.36196E-04  3.67935E-04
  2076.00000  1.82769E-02  0.00000E+00  9.21039E-03  7.76395E-03  9.35150E-04  3.67366E-04
  2077.00000  1.82529E-02  0.00000E+00  9.20022E-03  7.75174E-03  9.34106E-04  3.66797E-04
  2078.00000  1.82289E-02  0.00000E+00  9.19007E-03  7.73955E-03  9.33063E-04  3.66230E-04
  2079.00000  1.82050E-02  0.00000E+00  9.17994E-03  7.72739E-03  9.32022E-04  3.65664E-04
  2080.00000  1.81811E-02  0.00000E+00  9.16982E-03  7.71525E-03  9.30982E-04  3.65100E-04
  2081.00000  1.81573E-02  0.00000E+00  9.15971E-03  7.70313E-03  9.29945E-04  3.64536E-04
  2082.00000  1.81335E-02  0.00000E+00  9.14962E-03  7.69104E-03  9.28908E-04  3.63974E-04
  2083.00000  1.81098E-02  0.00000E+00  9.13955E-03  7.67898E-03  9.27874E-04  3.63413E-04
  2084.00000  1.80861E-02  0.00000E+00  9.12949E-03  7.66693E-03  9.26841E-04  3.62854E-04
  2085.00000  1.80625E-02  0.00000E+00  9.11944E-03  7.65492E-03  9.25809E-04  3.62295E-04
  2086.00000  1.80389E-02  0.00000E+00  9.10941E-03  7.64292E-03  9.24779E-04  3.61738E-04
  2087.00000  1.80153E-02  0.00000E+00  9.09940E-03  7.63095E-03  9.23751E-04  3.61182E-04
  2088.00000  1.79918E-02  0.00000E+00  9.08940E-03  7.61900E-03  9.22725E-04  3.60627E-04
  2089.00000  1.79683E-02  0.00000E+00  9.07941E-03  7.60708E-03  9.21700E-04  3.60073E-04
  2090.00000  1.79448E-02  0.00000E+00  9.06944E-03  7.59518E-03  9.20676E-04  3.59521E-04
  2091.00000  1.79214E-02  0.00000E+00  9.05949E-03  7.58331E-03  9.19654E-04  3.58970E-04
  2092.00000  1.78981E-02  0.00000E+00  9.04955E-03  7.57146E-03  9.18634E-04  3.58420E-04
  2093.00000  1.78747E-02  0.00000E+00  9.03962E-03  7.55963E-03  9.17615E-04  3.57871E-04
  2094.00000  1.78515E-02  0.00000E+00  9.02971E-03  7.54782E-03  9.16598E-04  3.57323E-04
  2095.00000  1.78282E-02  0.00000E+00  9.01982E-03  7.53604E-03  9.15583E-04  3.56777E-04
  2096.00000  1.78050E-02  0.00000E+00  9.00993E-03  7.52429E-03  9.14569E-04  3.56232E-04
  2097.00000  1.77819E-02  0.00000E+00  9.00007E-03  7.51255E-03  9.13556E-04  3.55688E-04
  2098.00000  1.77587E-02  0.00000E+00  8.99021E-03  7.50084E-03  9.12545E-04  3.55145E-04
  2099.00000  1.77357E-02  0.00000E+00  8.98038E-03  7.48915E-03  9.11536E-04  3.54603E-04
  2100.00000  1.77126E-02  0.00000E+00  8.97055E-03  7.47749E-03  9.10528E-04  3.54062E-04
  2101.00000  1.76896E-02  0.00000E+00  8.96075E-03  7.46585E-03  9.09522E-04  3.53523E-04
  2102.00000  1.76667E-02  0.00000E+00  8.95095E-03  7.45423E-03  9.08517E-04  3.52985E-04
  2103.00000  1.76438E-02  0.00000E+00  8.94117E-03  7.44264E-03  9.07514E-04  3.52447E-04
  2104.00000  1.76209E-02  0.00000E+00  8.93141E-03  7.43106E-03  9.06513E-04  3.51911E-04
  2105.00000  1.75981E-02  0.00000E+00  8.92166E-03  7.41952E-03  9.05513E-04  3.51376E-04
  2106.00000  1.75753E-02  0.00000E+00  8.91192E-03  7.40799E-03  9.04514E-04  3.50843E-04
  2107.00000  1.75525E-02  0.00000E+00  8.90220E-03  7.39649E-03  9.03517E-04  3.50310E-04
  2108.00000  1.75298E-02  0.00000E+00  8.89249E-03  7.38500E-03  9.02522E-04  3.49778E-04
  2109.00000  1.75071E-02  0.00000E+00  8.88280E-03  7.37355E-03  9.01528E-04  3.49248E-04
  2110.00000  1.74845E-02  0.00000E+00  8.87312E-03  7.36211E-03  9.00535E-04  3.48718E-04
  2111.00000  1.74619E-02  0.00000E+00  8.86345E-03  7.35070E-03  8.99545E-04  3.48190E-04
  2112.00000  1.74393E-02  0.00000E+00  8.85380E-03  7.33931E-03  8.98555E-04  3.47663E-04
  2113.00000  1.74168E-02  0.00000E+00  8.84417E-03  7.32794E-03  8.97567E-04  3.47136E-04
  2114.00000  1.73943E-02  0.00000E+00  8.83455E-03  7.31660E-03  8.96581E-04  3.46611E-04
  2115.00000  1.73719E-02  0.00000E+00  8.82494E-03  7.30527E-03  8.95596E-04  3.46087E-04
  2116.00000  1.73495E-02  0.00000E+00  8.81535E-03  7.29397E-03  8.94613E-04  3.45564E-04
  2117.00000  1.73271E-02  0.00000E+00  8.80577E-03  7.28269E-03  8.93631E-04  3.45042E-04
  2118.00000  1.73048E-02  0.00000E+00  8.79620E-03  7.27144E-03  8.92651E-04  3.44521E-04
  2119.00000  1.72825E-02  0.00000E+00  8.78665E-03  7.26020E-03  8.91672E-04  3.44001E-04
  2120.00000  1.72603E-02  0.00000E+00  8.77712E-03  7.24899E-03  8.90695E-04  3.43482E-04
  2121.00000  1.72381E-02  0.00000E+00  8.76759E-03  7.23780E-03  8.89719E-04  3.42964E-04
  2122.00000  1.72159E-02  0.00000E+00  8.75808E-03  7.22663E-03  8.88745E-04  3.42447E-04
  2123.00000  1.71938E-02  0.00000E+00  8.74859E-03  7.21548E-03  8.87772E-04  3.41932E-04
  2124.00000  1.71717E-02  0.00000E+00  8.73911E-03  7.20436E-03  8.86801E-04  3.41417E-04
  2125.00000  1.71496E-02  0.00000E+00  8.72964E-03  7.19326E-03  8.85831E-04  3.40903E-04
  2126.00000  1.71276E-02  0.00000E+00  8.72019E-03  7.18218E-03  8.84863E-04  3.40390E-04
  2127.00000  1.71056E-02  0.00000E+00  8.71075E-03  7.17112E-03  8.83896E-04  3.39878E-04
  2128.00000  1.70837E-02  0.00000E+00  8.70133E-03  7.16008E-03  8.82930E-04  3.39367E-04
  2129.00000  1.70618E-02  0.00000E+00  8.69192E-03  7.14906E-03  8.81966E-04  3.38857E-04
  2130.00000  1.70399E-02  0.00000E+00  8.68252E-03  7.13807E-03  8.81004E-04  3.38348E-04
  2131.00000  1.70181E-02  0.00000E+00  8.67314E-03  7.12709E-03  8.80043E-04  3.37840E-04
  2132.00000  1.69963E-02  0.00000E+00  8.66377E-03  7.11614E-03  8.79083E-04  3.37333E-04
  2133.00000  1.69746E-02  0.00000E+00  8.65442E-03  7.10521E-03  8.78125E-04  3.36827E-04
  2134.00000  1.69529E-02  0.00000E+00  8.64507E-03  7.09430E-03  8.77169E-04  3.36322E-04
  2135.00000  1.69312E-02  0.00000E+00  8.63575E-03  7.08341E-03  8.76214E-04  3.35818E-04
  2136.00000  1.69096E-02  0.00000E+00  8.62643E-03  7.07255E-03  8.75260E-04  3.35315E-04
  2137.00000  1.68880E-02  0.00000E+00  8.61713E-03  7.06170E-03  8.74307E-04  3.34813E-04
  2138.00000  1.68664E-02  0.00000E+00  8.60785E-03  7.05088E-03  8.73357E-04  3.34312E-04
  2139.00000  1.68449E-02  0.00000E+00  8.59858E-03  7.04007E-03  8.72407E-04  3.33811E-04
  2140.00000  1.68234E-02  0.00000E+00  8.58932E-03  7.02929E-03  8.71459E-04  3.33312E-04
  2141.00000  1.68019E-02  0.00000E+00  8.58007E-03  7.01853E-03  8.70513E-04  3.32813E-04
  2142.00000  1.67805E-02  0.00000E+00  8.57084E-03  7.00779E-03  8.69567E-04  3.32316E-04
  2143.00000  1.67591E-02  0.00000E+00  8.56162E-03  6.99707E-03  8.68624E-04  3.31819E-04
  2144.00000  1.67378E-02  0.00000E+00  8.55242E-03  6.98637E-03  8.67681E-04  3.31323E-04
  2145.00000  1.67165E-02  0.00000E+00  8.54323E-03  6.97569E-03  8.66740E-04  3.30829E-04
  2146.00000  1.66952E-02  0.00000E+00  8.53405E-03  6.96503E-03  8.65801E-04  3.30335E-04
  2147.00000  1.66740E-02  0.00000E+00  8.52488E-03  6.95440E-03  8.64863E-04  3.29842E-04
  2148.00000  1.66528E-02  0.00000E+00  8.51573E-03  6.94378E-03  8.63926E-04  3.29350E-04
  2149.00000  1.66316E-02  0.00000E+00  8.50660E-03  6.93319E-03  8.62991E-04  3.28859E-04
  2150.00000  1.66105E-02  0.00000E+00  8.49747E-03  6.92261E-03  8.62057E-04  3.28368E-04
  2151.00000  1.65894E-02  0.00000E+00  8.48836E-03  6.91206E-03  8.61124E-04  3.27879E-04
  2152.00000  1.65684E-02  0.00000E+00  8.47926E-03  6.90152E-03  8.60193E-04  3.27390E-04
  2153.00000  1.65474E-02  0.00000E+00  8.47018E-03  6.89101E-03  8.59263E-04  3.26903E-04
  2154.00000  1.65264E-02  0.00000E+00  8.46111E-03  6.88051E-03  8.58335E-04  3.26416E-04
  2155.00000  1.65054E-02  0.00000E+00  8.45205E-03  6.87004E-03  8.57408E-04  3.25930E-04
  2156.00000  1.64845E-02  0.00000E+00  8.44301E-03  6.85959E-03  8.56482E-04  3.25445E-04
  2157.00000  1.64637E-02  0.00000E+00  8.43398E-03  6.84915E-03  8.55558E-04  3.24961E-04
  2158.00000  1.64428E-02  0.00000E+00  8.42496E-03  6.83874E-03  8.54635E-04  3.24478E-04
  2159.00000  1.64220E-02  0.00000E+00  8.41596E-03  6.82835E-03  8.53713E-04  3.23996E-04
  2160.00000  1.64012E-02  0.00000E+00  8.40697E-03  6.81797E-03  8.52793E-04  3.23514E-04
  2161.00000  1.63805E-02  0.00000E+00  8.39799E-03  6.80762E-03  8.51874E-04  3.23034E-04
  2162.00000  1.63598E-02  0.00000E+00  8.38902E-03  6.79729E-03  8.50957E-04  3.22554E-04
  2163.00000  1.63392E-02  0.00000E+00  8.38007E-03  6.78697E-03  8.50041E-04  3.22075E-04
  2164.00000  1.63185E-02  0.00000E+00  8.37113E-03  6.77668E-03  8.49126E-04  3.21597E-04
  2165.00000  1.62979E-02  0.00000E+00  8.36221E-03  6.76641E-03  8.48213E-04  3.21120E-04
  2166.00000  1.62774E-02  0.00000E+00  8.35330E-03  6.75615E-03  8.47300E-04  3.20644E-04
  2167.00000  1.62569E-02  0.00000E+00  8.34440E-03  6.74592E-03  8.46390E-04  3.20168E-04
  2168.00000  1.62364E-02  0.00000E+00  8.33551E-03  6.73570E-03  8.45480E-04  3.19693E-04
  2169.00000  1.62159E-02  0.00000E+00  8.32664E-03  6.72551E-03  8.44572E-04  3.19220E-04
  2170.00000  1.61955E-02  0.00000E+00  8.31778E-03  6.71533E-03  8.43665E-04  3.18747E-04
  2171.00000  1.61751E-02  0.00000E+00  8.30893E-03  6.70517E-03  8.42760E-04  3.18274E-04
  2172.00000  1.61548E-02  0.00000E+00  8.30010E-03  6.69504E-03  8.41856E-04  3.17803E-04
  2173.00000  1.61345E-02  0.00000E+00  8.29128E-03  6.68492E-03  8.40953E-04  3.17333E-04
  2174.00000  1.61142E-02  0.00000E+00  8.28247E-03  6.67482E-03  8.40051E-04  3.16863E-04
  2175.00000  1.60940E-02  0.00000E+00  8.27367E-03  6.66474E-03  8.39151E-04  3.16394E-04
  2176.00000  1.60737E-02  0.00000E+00  8.26489E-03  6.65468E-03  8.38252E-04  3.15926E-04
  2177.00000  1.60536E-02  0.00000E+00  8.25612E-03  6.64464E-03  8.37355E-04  3.15459E-04
  2178.00000  1.60334E-02  0.00000E+00  8.24736E-03  6.63462E-03  8.36458E-04  3.14992E-04
  2179.00000  1.60133E-02  0.00000E+00  8.23862E-03  6.62461E-03  8.35563E-04  3.14527E-04
  2180.00000  1.59933E-02  0.00000E+00  8.22989E-03  6.61463E-03  8.34670E-04  3.14062E-04
  2181.00000  1.59732E-02  0.00000E+00  8.22117E-03  6.60467E-03  8.33777E-04  3.13598E-04
  2182.00000  1.59532E-02  0.00000E+00  8.21246E-03  6.59472E-03  8.32886E-04  3.13135E-04
  2183.00000  1.59332E-02  0.00000E+00  8.20377E-03  6.58480E-03  8.31996E-04  3.12672E-04
  2184.00000  1.59133E-02  0.00000E+00  8.19509E-03  6.57489E-03  8.31107E-04  3.12211E-04
  2185.00000  1.58934E-02  0.00000E+00  8.18642E-03  6.56500E-03  8.30220E-04  3.11750E-04
  2186.00000  1.58735E-02  0.00000E+00  8.17777E-03  6.55513E-03  8.29334E-04  3.11290E-04
  2187.00000  1.58537E-02  0.00000E+00  8.16912E-03  6.54528E-03  8.28449E-04  3.10831E-04
  2188.00000  1.58339E-02  0.00000E+00  8.16049E-03  6.53544E-03  8.27566E-04  3.10372E-04
  2189.00000  1.58141E-02  0.00000E+00  8.15188E-03  6.52563E-03  8.26683E-04  3.09914E-04
  2190.00000  1.57944E-02  0.00000E+00  8.14327E-03  6.51584E-03  8.25802E-04  3.09457E-04
  2191.00000  1.57747E-02  0.00000E+00  8.13468E-03  6.50606E-03  8.24923E-04  3.09001E-04
  2192.00000  1.57550E-02  0.00000E+00  8.12610E-03  6.49630E-03  8.24044E-04  3.08546E-04
  2193.00000  1.57353E-02  0.00000E+00  8.11753E-03  6.48656E-03  8.23167E-04  3.08091E-04
  2194.00000  1.57157E-02  0.00000E+00  8.10897E-03  6.47684E-03  8.22291E-04  3.07637E-04
  2195.00000  1.56962E-02  0.00000E+00  8.10043E-03  6.46714E-03  8.21416E-04  3.07184E-04
  2196.00000  1.56766E-02  0.00000E+00  8.09190E-03  6.45745E-03  8.20543E-04  3.06732E-04
  2197.00000  1.56571E-02  0.00000E+00  8.08338E-03  6.44779E-03  8.19670E-04  3.06281E-04
  2198.00000  1.56376E-02  0.00000E+00  8.07488E-03  6.43814E-03  8.18799E-04  3.05830E-04
  2199.00000  1.56182E-02  0.00000E+00  8.06638E-03  6.42851E-03  8.17930E-04  3.05380E-04
  2200.00000  1.55988E-02  0.00000E+00  8.05790E-03  6.41890E-03  8.17061E-04  3.04931E-04
  2201.00000  1.55794E-02  0.00000E+00  8.04943E-03  6.40930E-03  8.16194E-04  3.04482E-04
  2202.00000  1.55601E-02  0.00000E+00  8.04097E-03  6.39973E-03  8.15328E-04  3.04034E-04
  2203.00000  1.55407E-02  0.00000E+00  8.03253E-03  6.39017E-03  8.14463E-04  3.03587E-04
  2204.00000  1.55215E-02  0.00000E+00  8.02410E-03  6.38063E-03  8.13599E-04  3.03141E-04
  2205.00000  1.55022E-02  0.00000E+00  8.01568E-03  6.37111E-03  8.12737E-04  3.02696E-04
  2206.00000  1.54830E-02  0.00000E+00  8.00727E-03  6.36160E-03  8.11875E-04  3.02251E-04
  2207.00000  1.54638E-02  0.00000E+00  7.99887E-03  6.35212E-03  8.11015E-04  3.01807E-04
  2208.00000  1.54447E-02  0.00000E+00  7.99049E-03  6.34265E-03  8.10157E-04  3.01364E-04
  2209.00000  1.54255E-02  0.00000E+00  7.98212E-03  6.33320E-03  8.09299E-04  3.00922E-04
  2210.00000  1.54064E-02  0.00000E+00  7.97376E-03  6.32377E-03  8.08443E-04  3.00480E-04
  2211.00000  1.53874E-02  0.00000E+00  7.96541E-03  6.31435E-03  8.07588E-04  3.00039E-04
  2212.00000  1.53684E-02  0.00000E+00  7.95708E-03  6.30496E-03  8.06734E-04  2.99599E-04
  2213.00000  1.53494E-02  0.00000E+00  7.94875E-03  6.29558E-03  8.05881E-04  2.99160E-04
  2214.00000  1.53304E-02  0.00000E+00  7.94044E-03  6.28621E-03  8.05029E-04  2.98721E-04
  2215.00000  1.53115E-02  0.00000E+00  7.93214E-03  6.27687E-03  8.04179E-04  2.98283E-04
  2216.00000  1.52926E-02  0.00000E+00  7.92386E-03  6.26754E-03  8.03330E-04  2.97846E-04
  2217.00000  1.52737E-02  0.00000E+00  7.91558E-03  6.25823E-03  8.02482E-04  2.97410E-04
  2218.00000  1.52549E-02  0.00000E+00  7.90732E-03  6.24894E-03  8.01635E-04  2.96975E-04
  2219.00000  1.52361E-02  0.00000E+00  7.89907E-03  6.23967E-03  8.00790E-04  2.96540E-04
  2220.00000  1.52173E-02  0.00000E+00  7.89083E-03  6.23041E-03  7.99946E-04  2.96106E-04
  2221.00000  1.51985E-02  0.00000E+00  7.88260E-03  6.22117E-03  7.99102E-04  2.95673E-04
  2222.00000  1.51798E-02  0.00000E+00  7.87438E-03  6.21195E-03  7.98260E-04  2.95240E-04
  2223.00000  1.51611E-02  0.00000E+00  7.86618E-03  6.20274E-03  7.97420E-04  2.94809E-04
  2224.00000  1.51425E-02  0.00000E+00  7.85799E-03  6.19356E-03  7.96580E-04  2.94378E-04
  2225.00000  1.51239E-02  0.00000E+00  7.84980E-03  6.18438E-03  7.95742E-04  2.93948E-04
  2226.00000  1.51053E-02  0.00000E+00  7.84164E-03  6.17523E-03  7.94904E-04  2.93519E-04
  2227.00000  1.50867E-02  0.00000E+00  7.83348E-03  6.16609E-03  7.94068E-04  2.93090E-04
  2228.00000  1.50682E-02  0.00000E+00  7.82533E-03  6.15698E-03  7.93233E-04  2.92663E-04
  2229.00000  1.50497E-02  0.00000E+00  7.81720E-03  6.14787E-03  7.92400E-04  2.92236E-04
  2230.00000  1.50312E-02  0.00000E+00  7.80908E-03  6.13879E-03  7.91567E-04  2.91810E-04
  2231.00000  1.50128E-02  0.00000E+00  7.80096E-03  6.12972E-03  7.90736E-04  2.91384E-04
  2232.00000  1.49944E-02  0.00000E+00  7.79286E-03  6.12067E-03  7.89906E-04  2.90960E-04
  2233.00000  1.49760E-02  0.00000E+00  7.78478E-03  6.11163E-03  7.89076E-04  2.90536E-04
  2234.00000  1.49577E-02  0.00000E+00  7.77670E-03  6.10261E-03  7.88249E-04  2.90113E-04
  2235.00000  1.49394E-02  0.00000E+00  7.76864E-03  6.09361E-03  7.87422E-04  2.89691E-04
  2236.00000  1.49211E-02  0.00000E+00  7.76058E-03  6.08463E-03  7.86596E-04  2.89270E-04
  2237.00000  1.49028E-02  0.00000E+00  7.75254E-03  6.07566E-03  7.85772E-04  2.88849E-04
  2238.00000  1.48846E-02  0.00000E+00  7.74451E-03  6.06671E-03  7.84949E-04  2.88430E-04
  2239.00000  1.48664E-02  0.00000E+00  7.73649E-03  6.05777E-03  7.84127E-04  2.88011E-04
  2240.00000  1.48482E-02  0.00000E+00  7.72848E-03  6.04886E-03  7.83306E-04  2.87593E-04
  2241.00000  1.48301E-02  0.00000E+00  7.72049E-03  6.03995E-03  7.82486E-04  2.87175E-04
  2242.00000  1.48120E-02  0.00000E+00  7.71250E-03  6.03107E-03  7.81667E-04  2.86759E-04
  2243.00000  1.47939E-02  0.00000E+00  7.70453E-03  6.02220E-03  7.80850E-04  2.86343E-04
  2244.00000  1.47759E-02  0.00000E+00  7.69657E-03  6.01335E-03  7.80033E-04  2.85928E-04
  2245.00000  1.47579E-02  0.00000E+00  7.68862E-03  6.00451E-03  7.79218E-04  2.85514E-04
  2246.00000  1.47399E-02  0.00000E+00  7.68068E-03  5.99569E-03  7.78404E-04  2.85101E-04
  2247.00000  1.47219E-02  0.00000E+00  7.67275E-03  5.98689E-03  7.77591E-04  2.84689E-04
  2248.00000  1.47040E-02  0.00000E+00  7.66483E-03  5.97810E-03  7.76780E-04  2.84277E-04
  2249.00000  1.46861E-02  0.00000E+00  7.65693E-03  5.96933E-03  7.75969E-04  2.83866E-04
  2250.00000  1.46682E-02  0.00000E+00  7.64903E-03  5.96058E-03  7.75160E-04  2.83456E-04
  2251.00000  1.46504E-02  0.00000E+00  7.64115E-03  5.95184E-03  7.74351E-04  2.83047E-04
  2252.00000  1.46326E-02  0.00000E+00  7.63328E-03  5.94312E-03  7.73544E-04  2.82639E-04
  2253.00000  1.46148E-02  0.00000E+00  7.62542E-03  5.93441E-03  7.72738E-04  2.82231E-04
  2254.00000  1.45971E-02  0.00000E+00  7.61757E-03  5.92572E-03  7.71934E-04  2.81825E-04
  2255.00000  1.45793E-02  0.00000E+00  7.60973E-03  5.91705E-03  7.71130E-04  2.81419E-04
  2256.00000  1.45616E-02  0.00000E+00  7.60190E-03  5.90839E-03  7.70327E-04  2.81013E-04
  2257.00000  1.45440E-02  0.00000E+00  7.59409E-03  5.89975E-03  7.69526E-04  2.80609E-04
  2258.00000  1.45263E-02  0.00000E+00  7.58628E-03  5.89113E-03  7.68725E-04  2.80206E-04
  2259.00000  1.45087E-02  0.00000E+00  7.57849E-03  5.88252E-03  7.67926E-04  2.79803E-04
  2260.00000  1.44912E-02  0.00000E+00  7.57070E-03  5.87392E-03  7.67128E-04  2.79401E-04
  2261.00000  1.44736E-02  0.00000E+00  7.56293E-03  5.86534E-03  7.66331E-04  2.79000E-04
  2262.00000  1.44561E-02  0.00000E+00  7.55517E-03  5.85678E-03  7.65536E-04  2.78600E-04
  2263.00000  1.44386E-02  0.00000E+00  7.54742E-03  5.84824E-03  7.64741E-04  2.78200E-04
  2264.00000  1.44211E-02  0.00000E+00  7.53968E-03  5.83970E-03  7.63947E-04  2.77802E-04
  2265.00000  1.44037E-02  0.00000E+00  7.53195E-03  5.83119E-03  7.63155E-04  2.77404E-04
  2266.00000  1.43863E-02  0.00000E+00  7.52423E-03  5.82269E-03  7.62364E-04  2.77007E-04
  2267.00000  1.43689E-02  0.00000E+00  7.51652E-03  5.81421E-03  7.61573E-04  2.76610E-04
  2268.00000  1.43516E-02  0.00000E+00  7.50883E-03  5.80574E-03  7.60784E-04  2.76215E-04
  2269.00000  1.43342E-02  0.00000E+00  7.50114E-03  5.79729E-03  7.59997E-04  2.75820E-04
  2270.00000  1.43170E-02  0.00000E+00  7.49347E-03  5.78885E-03  7.59210E-04  2.75426E-04
  2271.00000  1.42997E-02  0.00000E+00  7.48580E-03  5.78043E-03  7.58424E-04  2.75033E-04
  2272.00000  1.42824E-02  0.00000E+00  7.47815E-03  5.77202E-03  7.57639E-04  2.74641E-04
  2273.00000  1.42652E-02  0.00000E+00  7.47050E-03  5.76363E-03  7.56856E-04  2.74250E-04
  2274.00000  1.42481E-02  0.00000E+00  7.46287E-03  5.75526E-03  7.56074E-04  2.73859E-04
  2275.00000  1.42309E-02  0.00000E+00  7.45525E-03  5.74690E-03  7.55292E-04  2.73469E-04
  2276.00000  1.42138E-02  0.00000E+00  7.44764E-03  5.73855E-03  7.54512E-04  2.73080E-04
  2277.00000  1.41967E-02  0.00000E+00  7.44004E-03  5.73022E-03  7.53733E-04  2.72691E-04
  2278.00000  1.41796E-02  0.00000E+00  7.43245E-03  5.72191E-03  7.52955E-04  2.72304E-04
  2279.00000  1.41626E-02  0.00000E+00  7.42487E-03  5.71361E-03  7.52179E-04  2.71917E-04
  2280.00000  1.41456E-02  0.00000E+00  7.41730E-03  5.70533E-03  7.51403E-04  2.71531E-04
  2281.00000  1.41286E-02  0.00000E+00  7.40974E-03  5.69706E-03  7.50628E-04  2.71146E-04
  2282.00000  1.41116E-02  0.00000E+00  7.40220E-03  5.68881E-03  7.49855E-04  2.70761E-04
  2283.00000  1.40947E-02  0.00000E+00  7.39466E-03  5.68057E-03  7.49082E-04  2.70378E-04
  2284.00000  1.40778E-02  0.00000E+00  7.38713E-03  5.67234E-03  7.48311E-04  2.69995E-04
  2285.00000  1.40609E-02  0.00000E+00  7.37962E-03  5.66414E-03  7.47541E-04  2.69612E-04
  2286.00000  1.40441E-02  0.00000E+00  7.37211E-03  5.65594E-03  7.46772E-04  2.69231E-04
  2287.00000  1.40272E-02  0.00000E+00  7.36462E-03  5.64776E-03  7.46004E-04  2.68850E-04
  2288.00000  1.40104E-02  0.00000E+00  7.35713E-03  5.63960E-03  7.45237E-04  2.68470E-04
  2289.00000  1.39937E-02  0.00000E+00  7.34966E-03  5.63145E-03  7.44472E-04  2.68091E-04
  2290.00000  1.39769E-02  0.00000E+00  7.34219E-03  5.62332E-03  7.43707E-04  2.67713E-04
  2291.00000  1.39602E-02  0.00000E+00  7.33474E-03  5.61520E-03  7.42943E-04  2.67335E-04
  2292.00000  1.39435E-02  0.00000E+00  7.32730E-03  5.60710E-03  7.42181E-04  2.66958E-04
  2293.00000  1.39269E-02  0.00000E+00  7.31986E-03  5.59901E-03  7.41420E-04  2.66582E-04
  2294.00000  1.39102E-02  0.00000E+00  7.31244E-03  5.59093E-03  7.40659E-04  2.66207E-04
  2295.00000  1.38936E-02  0.00000E+00  7.30503E-03  5.58288E-03  7.39900E-04  2.65832E-04
  2296.00000  1.38771E-02  0.00000E+00  7.29763E-03  5.57483E-03  7.39142E-04  2.65458E-04
  2297.00000  1.38605E-02  0.00000E+00  7.29023E-03  5.56680E-03  7.38385E-04  2.65085E-04
  2298.00000  1.38440E-02  0.00000E+00  7.28285E-03  5.55879E-03  7.37630E-04  2.64713E-04
  2299.00000  1.38275E-02  0.00000E+00  7.27548E-03  5.55078E-03  7.36875E-04  2.64341E-04
  2300.00000  1.38110E-02  0.00000E+00  7.26812E-03  5.54280E-03  7.36121E-04  2.63970E-04
  2301.00000  1.37946E-02  0.00000E+00  7.26077E-03  5.53483E-03  7.35368E-04  2.63600E-04
  2302.00000  1.37781E-02  0.00000E+00  7.25343E-03  5.52687E-03  7.34617E-04  2.63230E-04
  2303.00000  1.37618E-02  0.00000E+00  7.24610E-03  5.51893E-03  7.33867E-04  2.62861E-04
  2304.00000  1.37454E-02  0.00000E+00  7.23877E-03  5.51100E-03  7.33117E-04  2.62493E-04
  2305.00000  1.37290E-02  0.00000E+00  7.23146E-03  5.50308E-03  7.32369E-04  2.62126E-04
  2306.00000  1.37127E-02  0.00000E+00  7.22416E-03  5.49518E-03  7.31622E-04  2.61760E-04
  2307.00000  1.36964E-02  0.00000E+00  7.21687E-03  5.48730E-03  7.30876E-04  2.61394E-04
  2308.00000  1.36802E-02  0.00000E+00  7.20959E-03  5.47943E-03  7.30131E-04  2.61029E-04
  2309.00000  1.36639E-02  0.00000E+00  7.20232E-03  5.47157E-03  7.29387E-04  2.60664E-04
  2310.00000  1.36477E-02  0.00000E+00  7.19506E-03  5.46373E-03  7.28644E-04  2.60301E-04
  2311.00000  1.36315E-02  0.00000E+00  7.18781E-03  5.45590E-03  7.27902E-04  2.59938E-04
  2312.00000  1.36154E-02  0.00000E+00  7.18057E-03  5.44809E-03  7.27161E-04  2.59575E-04
  2313.00000  1.35993E-02  0.00000E+00  7.17333E-03  5.44029E-03  7.26422E-04  2.59214E-04
  2314.00000  1.35832E-02  0.00000E+00  7.16611E-03  5.43250E-03  7.25683E-04  2.58853E-04
  2315.00000  1.35671E-02  0.00000E+00  7.15890E-03  5.42473E-03  7.24946E-04  2.58493E-04
  2316.00000  1.35510E-02  0.00000E+00  7.15170E-03  5.41698E-03  7.24209E-04  2.58133E-04
  2317.00000  1.35350E-02  0.00000E+00  7.14451E-03  5.40923E-03  7.23474E-04  2.57775E-04
  2318.00000  1.35190E-02  0.00000E+00  7.13732E-03  5.40150E-03  7.22739E-04  2.57417E-04
  2319.00000  1.35030E-02  0.00000E+00  7.13015E-03  5.39379E-03  7.22006E-04  2.57060E-04
  2320.00000  1.34871E-02  0.00000E+00  7.12299E-03  5.38609E-03  7.21274E-04  2.56703E-04
  2321.00000  1.34711E-02  0.00000E+00  7.11584E-03  5.37840E-03  7.20543E-04  2.56347E-04
  2322.00000  1.34552E-02  0.00000E+00  7.10869E-03  5.37073E-03  7.19813E-04  2.55992E-04
  2323.00000  1.34393E-02  0.00000E+00  7.10156E-03  5.36307E-03  7.19084E-04  2.55637E-04
  2324.00000  1.34235E-02  0.00000E+00  7.09443E-03  5.35542E-03  7.18356E-04  2.55284E-04
  2325.00000  1.34077E-02  0.00000E+00  7.08732E-03  5.34779E-03  7.17629E-04  2.54930E-04
  2326.00000  1.33919E-02  0.00000E+00  7.08022E-03  5.34017E-03  7.16903E-04  2.54578E-04
  2327.00000  1.33761E-02  0.00000E+00  7.07312E-03  5.33257E-03  7.16178E-04  2.54226E-04
  2328.00000  1.33603E-02  0.00000E+00  7.06604E-03  5.32497E-03  7.15454E-04  2.53875E-04
  2329.00000  1.33446E-02  0.00000E+00  7.05896E-03  5.31740E-03  7.14731E-04  2.53525E-04
  2330.00000  1.33289E-02  0.00000E+00  7.05189E-03  5.30983E-03  7.14010E-04  2.53175E-04
  2331.00000  1.33132E-02  0.00000E+00  7.04484E-03  5.30228E-03  7.13289E-04  2.52826E-04
  2332.00000  1.32976E-02  0.00000E+00  7.03779E-03  5.29475E-03  7.12569E-04  2.52478E-04
  2333.00000  1.32820E-02  0.00000E+00  7.03075E-03  5.28723E-03  7.11851E-04  2.52130E-04
  2334.00000  1.32664E-02  0.00000E+00  7.02373E-03  5.27972E-03  7.11133E-04  2.51783E-04
  2335.00000  1.32508E-02  0.00000E+00  7.01671E-03  5.27222E-03  7.10417E-04  2.51436E-04
  2336.00000  1.32352E-02  0.00000E+00  7.00970E-03  5.26474E-03  7.09701E-04  2.51090E-04
  2337.00000  1.32197E-02  0.00000E+00  7.00270E-03  5.25727E-03  7.08987E-04  2.50745E-04
  2338.00000  1.32042E-02  0.00000E+00  6.99571E-03  5.24982E-03  7.08273E-04  2.50401E-04
  2339.00000  1.31887E-02  0.00000E+00  6.98873E-03  5.24237E-03  7.07561E-04  2.50057E-04
  2340.00000  1.31733E-02  0.00000E+00  6.98176E-03  5.23495E-03  7.06849E-04  2.49714E-04
  2341.00000  1.31578E-02  0.00000E+00  6.97480E-03  5.22753E-03  7.06139E-04  2.49371E-04
  2342.00000  1.31424E-02  0.00000E+00  6.96784E-03  5.22013E-03  7.05430E-04  2.49029E-04
  2343.00000  1.31271E-02  0.00000E+00  6.96090E-03  5.21274E-03  7.04721E-04  2.48688E-04
  2344.00000  1.31117E-02  0.00000E+00  6.95397E-03  5.20537E-03  7.04014E-04  2.48347E-04
  2345.00000  1.30964E-02  0.00000E+00  6.94704E-03  5.19800E-03  7.03308E-04  2.48007E-04
  2346.00000  1.30811E-02  0.00000E+00  6.94013E-03  5.19066E-03  7.02602E-04  2.47668E-04
  2347.00000  1.30658E-02  0.00000E+00  6.93322E-03  5.18332E-03  7.01898E-04  2.47329E-04
  2348.00000  1.30505E-02  0.00000E+00  6.92632E-03  5.17600E-03  7.01195E-04  2.46990E-04
  2349.00000  1.30353E-02  0.00000E+00  6.91944E-03  5.16869E-03  7.00492E-04  2.46653E-04
  2350.00000  1.30201E-02  0.00000E+00  6.91256E-03  5.16139E-03  6.99791E-04  2.46316E-04
  2351.00000  1.30049E-02  0.00000E+00  6.90569E-03  5.15411E-03  6.99091E-04  2.45979E-04
  2352.00000  1.29897E-02  0.00000E+00  6.89883E-03  5.14684E-03  6.98391E-04  2.45643E-04
  2353.00000  1.29746E-02  0.00000E+00  6.89198E-03  5.13959E-03  6.97693E-04  2.45308E-04
  2354.00000  1.29594E-02  0.00000E+00  6.88514E-03  5.13234E-03  6.96996E-04  2.44973E-04
  2355.00000  1.29444E-02  0.00000E+00  6.87830E-03  5.12511E-03  6.96299E-04  2.44639E-04
  2356.00000  1.29293E-02  0.00000E+00  6.87148E-03  5.11789E-03  6.95604E-04  2.44305E-04
  2357.00000  1.29142E-02  0.00000E+00  6.86467E-03  5.11069E-03  6.94909E-04  2.43972E-04
  2358.00000  1.28992E-02  0.00000E+00  6.85786E-03  5.10350E-03  6.94216E-04  2.43640E-04
  2359.00000  1.28842E-02  0.00000E+00  6.85107E-03  5.09632E-03  6.93524E-04  2.43308E-04
  2360.00000  1.28692E-02  0.00000E+00  6.84428E-03  5.08915E-03  6.92832E-04  2.42977E-04
  2361.00000  1.28543E-02  0.00000E+00  6.83750E-03  5.08200E-03  6.92142E-04  2.42646E-04
  2362.00000  1.28394E-02  0.00000E+00  6.83073E-03  5.07486E-03  6.91452E-04  2.42316E-04
  2363.00000  1.28245E-02  0.00000E+00  6.82397E-03  5.06773E-03  6.90764E-04  2.41986E-04
  2364.00000  1.28096E-02  0.00000E+00  6.81722E-03  5.06061E-03  6.90076E-04  2.41657E-04
  2365.00000  1.27947E-02  0.00000E+00  6.81048E-03  5.05351E-03  6.89389E-04  2.41328E-04
  2366.00000  1.27799E-02  0.00000E+00  6.80375E-03  5.04642E-03  6.88704E-04  2.41000E-04
  2367.00000  1.27651E-02  0.00000E+00  6.79702E-03  5.03934E-03  6.88019E-04  2.40672E-04
  2368.00000  1.27503E-02  0.00000E+00  6.79031E-03  5.03228E-03  6.87335E-04  2.40345E-04
  2369.00000  1.27355E-02  0.00000E+00  6.78360E-03  5.02523E-03  6.86652E-04  2.40019E-04
  2370.00000  1.27208E-02  0.00000E+00  6.77690E-03  5.01819E-03  6.85971E-04  2.39693E-04
  2371.00000  1.27060E-02  0.00000E+00  6.77022E-03  5.01116E-03  6.85290E-04  2.39367E-04
  2372.00000  1.26913E-02  0.00000E+00  6.76354E-03  5.00415E-03  6.84610E-04  2.39042E-04
  2373.00000  1.26767E-02  0.00000E+00  6.75687E-03  4.99714E-03  6.83931E-04  2.38717E-04
  2374.00000  1.26620E-02  0.00000E+00  6.75020E-03  4.99015E-03  6.83253E-04  2.38393E-04
  2375.00000  1.26474E-02  0.00000E+00  6.74355E-03  4.98318E-03  6.82576E-04  2.38070E-04
  2376.00000  1.26328E-02  0.00000E+00  6.73691E-03  4.97621E-03  6.81899E-04  2.37747E-04
  2377.00000  1.26182E-02  0.00000E+00  6.73027E-03  4.96926E-03  6.81224E-04  2.37424E-04
  2378.00000  1.26036E-02  0.00000E+00  6.72364E-03  4.96232E-03  6.80550E-04  2.37102E-04
  2379.00000  1.25891E-02  0.00000E+00  6.71703E-03  4.95539E-03  6.79877E-04  2.36781E-04
  2380.00000  1.25746E-02  0.00000E+00  6.71042E-03  4.94848E-03  6.79204E-04  2.36460E-04
  2381.00000  1.25601E-02  0.00000E+00  6.70382E-03  4.94157E-03  6.78533E-04  2.36139E-04
  2382.00000  1.25456E-02  0.00000E+00  6.69723E-03  4.93468E-03  6.77862E-04  2.35819E-04
  2383.00000  1.25311E-02  0.00000E+00  6.69064E-03  4.92780E-03  6.77193E-04  2.35500E-04
  2384.00000  1.25167E-02  0.00000E+00  6.68407E-03  4.92094E-03  6.76524E-04  2.35180E-04
  2385.00000  1.25023E-02  0.00000E+00  6.67750E-03  4.91408E-03  6.75856E-04  2.34862E-04
  2386.00000  1.24879E-02  0.00000E+00  6.67095E-03  4.90724E-03  6.75189E-04  2.34544E-04
  2387.00000  1.24736E-02  0.00000E+00  6.66440E-03  4.90041E-03  6.74523E-04  2.34226E-04
  2388.00000  1.24592E-02  0.00000E+00  6.65786E-03  4.89359E-03  6.73858E-04  2.33909E-04
  2389.00000  1.24449E-02  0.00000E+00  6.65133E-03  4.88679E-03  6.73194E-04  2.33592E-04
  2390.00000  1.24306E-02  0.00000E+00  6.64480E-03  4.87999E-03  6.72531E-04  2.33276E-04
  2391.00000  1.24163E-02  0.00000E+00  6.63829E-03  4.87321E-03  6.71868E-04  2.32960E-04
  2392.00000  1.24021E-02  0.00000E+00  6.63178E-03  4.86644E-03  6.71207E-04  2.32645E-04
  2393.00000  1.23878E-02  0.00000E+00  6.62529E-03  4.85969E-03  6.70546E-04  2.32330E-04
  2394.00000  1.23736E-02  0.00000E+00  6.61880E-03  4.85294E-03  6.69887E-04  2.32015E-04
  2395.00000  1.23595E-02  0.00000E+00  6.61232E-03  4.84621E-03  6.69228E-04  2.31701E-04
  2396.00000  1.23453E-02  0.00000E+00  6.60585E-03  4.83948E-03  6.68570E-04  2.31388E-04
  2397.00000  1.23311E-02  0.00000E+00  6.59938E-03  4.83277E-03  6.67913E-04  2.31075E-04
  2398.00000  1.23170E-02  0.00000E+00  6.59293E-03  4.82608E-03  6.67257E-04  2.30762E-04
  2399.00000  1.23029E-02  0.00000E+00  6.58648E-03  4.81939E-03  6.66602E-04  2.30450E-04
  2400.00000  1.22888E-02  0.00000E+00  6.58005E-03  4.81272E-03  6.65948E-04  2.30139E-04
  2401.00000  1.22748E-02  0.00000E+00  6.57362E-03  4.80605E-03  6.65294E-04  2.29828E-04
  2402.00000  1.22608E-02  0.00000E+00  6.56720E-03  4.79940E-03  6.64642E-04  2.29517E-04
  2403.00000  1.22467E-02  0.00000E+00  6.56078E-03  4.79276E-03  6.63990E-04  2.29207E-04
  2404.00000  1.22328E-02  0.00000E+00  6.55438E-03  4.78613E-03  6.63339E-04  2.28897E-04
  2405.00000  1.22188E-02  0.00000E+00  6.54798E-03  4.77952E-03  6.62689E-04  2.28588E-04
  2406.00000  1.22048E-02  0.00000E+00  6.54160E-03  4.77291E-03  6.62040E-04  2.28279E-04
  2407.00000  1.21909E-02  0.00000E+00  6.53522E-03  4.76632E-03  6.61392E-04  2.27971E-04
  2408.00000  1.21770E-02  0.00000E+00  6.52885E-03  4.75974E-03  6.60745E-04  2.27663E-04
  2409.00000  1.21631E-02  0.00000E+00  6.52249E-03  4.75317E-03  6.60098E-04  2.27355E-04
  2410.00000  1.21492E-02  0.00000E+00  6.51613E-03  4.74661E-03  6.59453E-04  2.27048E-04
  2411.00000  1.21354E-02  0.00000E+00  6.50979E-03  4.74006E-03  6.58808E-04  2.26742E-04
  2412.00000  1.21216E-02  0.00000E+00  6.50345E-03  4.73353E-03  6.58164E-04  2.26436E-04
  2413.00000  1.21078E-02  0.00000E+00  6.49712E-03  4.72701E-03  6.57521E-04  2.26130E-04
  2414.00000  1.20940E-02  0.00000E+00  6.49080E-03  4.72049E-03  6.56879E-04  2.25825E-04
  2415.00000  1.20802E-02  0.00000E+00  6.48449E-03  4.71399E-03  6.56237E-04  2.25521E-04
  2416.00000  1.20665E-02  0.00000E+00  6.47818E-03  4.70750E-03  6.55597E-04  2.25217E-04
  2417.00000  1.20528E-02  0.00000E+00  6.47189E-03  4.70102E-03  6.54957E-04  2.24913E-04
  2418.00000  1.20391E-02  0.00000E+00  6.46560E-03  4.69456E-03  6.54318E-04  2.24610E-04
  2419.00000  1.20254E-02  0.00000E+00  6.45932E-03  4.68810E-03  6.53681E-04  2.24307E-04
  2420.00000  1.20118E-02  0.00000E+00  6.45305E-03  4.68166E-03  6.53043E-04  2.24004E-04
  2421.00000  1.19981E-02  0.00000E+00  6.44679E-03  4.67523E-03  6.52407E-04  2.23703E-04
  2422.00000  1.19845E-02  0.00000E+00  6.44053E-03  4.66880E-03  6.51772E-04  2.23401E-04
  2423.00000  1.19709E-02  0.00000E+00  6.43428E-03  4.66239E-03  6.51137E-04  2.23100E-04
  2424.00000  1.19573E-02  0.00000E+00  6.42805E-03  4.65599E-03  6.50503E-04  2.22800E-04
  2425.00000  1.19438E-02  0.00000E+00  6.42182E-03  4.64961E-03  6.49871E-04  2.22500E-04
  2426.00000  1.19303E-02  0.00000E+00  6.41559E-03  4.64323E-03  6.49238E-04  2.22200E-04
  2427.00000  1.19167E-02  0.00000E+00  6.40938E-03  4.63686E-03  6.48607E-04  2.21901E-04
  2428.00000  1.19033E-02  0.00000E+00  6.40317E-03  4.63051E-03  6.47977E-04  2.21603E-04
  2429.00000  1.18898E-02  0.00000E+00  6.39697E-03  4.62416E-03  6.47347E-04  2.21304E-04
  2430.00000  1.18763E-02  0.00000E+00  6.39078E-03  4.61783E-03  6.46718E-04  2.21007E-04
  2431.00000  1.18629E-02  0.00000E+00  6.38460E-03  4.61151E-03  6.46090E-04  2.20710E-04
  2432.00000  1.18495E-02  0.00000E+00  6.37843E-03  4.60520E-03  6.45463E-04  2.20413E-04
  2433.00000  1.18361E-02  0.00000E+00  6.37226E-03  4.59890E-03  6.44837E-04  2.20116E-04
  2434.00000  1.18227E-02  0.00000E+00  6.36610E-03  4.59261E-03  6.44211E-04  2.19821E-04
  2435.00000  1.18094E-02  0.00000E+00  6.35995E-03  4.58634E-03  6.43587E-04  2.19525E-04
  2436.00000  1.17961E-02  0.00000E+00  6.35381E-03  4.58007E-03  6.42963E-04  2.19230E-04
  2437.00000  1.17828E-02  0.00000E+00  6.34767E-03  4.57381E-03  6.42340E-04  2.18936E-04
  2438.00000  1.17695E-02  0.00000E+00  6.34155E-03  4.56757E-03  6.41717E-04  2.18642E-04
  2439.00000  1.17562E-02  0.00000E+00  6.33543E-03  4.56133E-03  6.41096E-04  2.18348E-04
  2440.00000  1.17430E-02  0.00000E+00  6.32932E-03  4.55511E-03  6.40475E-04  2.18055E-04
  2441.00000  1.17297E-02  0.00000E+00  6.32322E-03  4.54890E-03  6.39855E-04  2.17763E-04
  2442.00000  1.17165E-02  0.00000E+00  6.31712E-03  4.54270E-03  6.39236E-04  2.17470E-04
  2443.00000  1.17033E-02  0.00000E+00  6.31103E-03  4.53651E-03  6.38618E-04  2.17179E-04
  2444.00000  1.16902E-02  0.00000E+00  6.30495E-03  4.53033E-03  6.38001E-04  2.16887E-04
  2445.00000  1.16770E-02  0.00000E+00  6.29888E-03  4.52416E-03  6.37384E-04  2.16597E-04
  2446.00000  1.16639E-02  0.00000E+00  6.29282E-03  4.51800E-03  6.36768E-04  2.16306E-04
  2447.00000  1.16508E-02  0.00000E+00  6.28676E-03  4.51185E-03  6.36153E-04  2.16017E-04
  2448.00000  1.02956E-01  9.13186E-02  6.28072E-03  4.50571E-03  6.35539E-04  2.15727E-04
  2449.00000  1.03812E-01  9.21870E-02  6.27468E-03  4.49959E-03  6.34925E-04  2.15438E-04
  2450.00000  1.04521E-01  9.29094E-02  6.26864E-03  4.49347E-03  6.34312E-04  2.15150E-04
  2451.00000  1.05133E-01  9.35347E-02  6.26262E-03  4.48736E-03  6.33701E-04  2.14862E-04
  2452.00000  1.05684E-01  9.40982E-02  6.25660E-03  4.48127E-03  6.33089E-04  2.14574E-04
  2453.00000  1.06194E-01  9.46212E-02  6.25060E-03  4.47518E-03  6.32479E-04  2.14287E-04
  2454.00000  1.06677E-01  9.51175E-02  6.24459E-03  4.46911E-03  6.31869E-04  2.14000E-04
  2455.00000  1.07142E-01  9.55957E-02  6.23860E-03  4.46305E-03  6.31261E-04  2.13714E-04
  2456.00000  1.07594E-01  9.60603E-02  6.23262E-03  4.45699E-03  6.30653E-04  2.13428E-04
  2457.00000  1.08035E-01  9.65139E-02  6.22664E-03  4.45095E-03  6.30046E-04  2.13143E-04
  2458.00000  1.08465E-01  9.69575E-02  6.22067E-03  4.44492E-03  6.29439E-04  2.12858E-04
  2459.00000  1.08886E-01  9.73910E-02  6.21471E-03  4.43889E-03  6.28833E-04  2.12574E-04
  2460.00000  1.09296E-01  9.78137E-02  6.20875E-03  4.43288E-03  6.28229E-04  2.12290E-04
  2461.00000  1.09694E-01  9.82247E-02  6.20281E-03  4.42688E-03  6.27624E-04  2.12007E-04
  2462.00000  1.10079E-01  9.86228E-02  6.19687E-03  4.42089E-03  6.27021E-04  2.11724E-04
  2463.00000  1.10451E-01  9.90068E-02  6.19094E-03  4.41491E-03  6.26419E-04  2.11441E-04
  2464.00000  1.10806E-01  9.93754E-02  6.18501E-03  4.40894E-03  6.25817E-04  2.11159E-04
  2465.00000  1.11146E-01  9.97275E-02  6.17910E-03  4.40298E-03  6.25216E-04  2.10877E-04
  2466.00000  1.11467E-01  1.00062E-01  6.17319E-03  4.39703E-03  6.24616E-04  2.10596E-04
  2467.00000  1.11771E-01  1.00378E-01  6.16729E-03  4.39109E-03  6.24016E-04  2.10316E-04
  2468.00000  1.12055E-01  1.00675E-01  6.16139E-03  4.38516E-03  6.23418E-04  2.10035E-04
  2469.00000  1.12319E-01  1.00952E-01  6.15551E-03  4.37924E-03  6.22820E-04  2.09756E-04
  2470.00000  1.12563E-01  1.01209E-01  6.14963E-03  4.37333E-03  6.22223E-04  2.09476E-04
  2471.00000  1.12787E-01  1.01445E-01  6.14376E-03  4.36743E-03  6.21626E-04  2.09198E-04
  2472.00000  1.12989E-01  1.01660E-01  6.13789E-03  4.36154E-03  6.21031E-04  2.08919E-04
  2473.00000  1.13171E-01  1.01855E-01  6.13204E-03  4.35566E-03  6.20436E-04  2.08641E-04
  2474.00000  1.13332E-01  1.02028E-01  6.12619E-03  4.34980E-03  6.19842E-04  2.08364E-04
  2475.00000  1.13473E-01  1.02182E-01  6.12035E-03  4.34394E-03  6.19249E-04  2.08087E-04
  2476.00000  1.13594E-01  1.02315E-01  6.11452E-03  4.33809E-03  6.18656E-04  2.07811E-04
  2477.00000  1.13695E-01  1.02428E-01  6.10869E-03  4.33225E-03  6.18064E-04  2.07535E-04
  2478.00000  1.13777E-01  1.02523E-01  6.10287E-03  4.32642E-03  6.17473E-04  2.07259E-04
  2479.00000  1.13840E-01  1.02598E-01  6.09706E-03  4.32060E-03  6.16883E-04  2.06984E-04
  2480.00000  1.13885E-01  1.02656E-01  6.09126E-03  4.31479E-03  6.16294E-04  2.06710E-04
  2481.00000  1.13913E-01  1.02697E-01  6.08546E-03  4.30899E-03  6.15705E-04  2.06436E-04
  2482.00000  1.13925E-01  1.02721E-01  6.07967E-03  4.30320E-03  6.15117E-04  2.06162E-04
  2483.00000  1.13921E-01  1.02729E-01  6.07389E-03  4.29743E-03  6.14530E-04  2.05889E-04
  2484.00000  1.13902E-01  1.02723E-01  6.06812E-03  4.29166E-03  6.13943E-04  2.05616E-04
  2485.00000  1.13870E-01  1.02703E-01  6.06235E-03  4.28590E-03  6.13358E-04  2.05344E-04
  2486.00000  1.13824E-01  1.02670E-01  6.05660E-03  4.28015E-03  6.12773E-04  2.05073E-04
  2487.00000  1.13767E-01  1.02624E-01  6.05084E-03  4.27441E-03  6.12189E-04  2.04801E-04
  2488.00000  1.13698E-01  1.02568E-01  6.04510E-03  4.26868E-03  6.11605E-04  2.04531E-04
  2489.00000  1.13618E-01  1.02501E-01  6.03936E-03  4.26296E-03  6.11023E-04  2.04261E-04
  2490.00000  1.13529E-01  1.02424E-01  6.03363E-03  4.25725E-03  6.10441E-04  2.03991E-04
  2491.00000  1.13431E-01  1.02338E-01  6.02791E-03  4.25154E-03  6.09860E-04  2.03722E-04
  2492.00000  1.13326E-01  1.02245E-01  6.02220E-03  4.24585E-03  6.09279E-04  2.03453E-04
  2493.00000  1.13213E-01  1.02144E-01  6.01649E-03  4.24017E-03  6.08700E-04  2.03185E-04
  2494.00000  1.13094E-01  1.02037E-01  6.01079E-03  4.23450E-03  6.08121E-04  2.02917E-04
  2495.00000  1.12969E-01  1.01925E-01  6.00510E-03  4.22884E-03  6.07542E-04  2.02650E-04
  2496.00000  1.12839E-01  1.01807E-01  5.99941E-03  4.22318E-03  6.06965E-04  2.02383E-04
  2497.00000  1.12705E-01  1.01685E-01  5.99374E-03  4.21754E-03  6.06388E-04  2.02117E-04
  2498.00000  1.12567E-01  1.01559E-01  5.98807E-03  4.21191E-03  6.05812E-04  2.01851E-04
  2499.00000  1.12426E-01  1.01431E-01  5.98240E-03  4.20628E-03  6.05237E-04  2.01586E-04
  2500.00000  1.12283E-01  1.01300E-01  5.97675E-03  4.20067E-03  6.04663E-04  2.01321E-04
  2501.00000  1.12138E-01  1.01167E-01  5.97110E-03  4.19506E-03  6.04089E-04  2.01056E-04
  2502.00000  1.11992E-01  1.01032E-01  5.96546E-03  4.18947E-03  6.03516E-04  2.00793E-04
  2503.00000  1.11844E-01  1.00897E-01  5.95982E-03  4.18388E-03  6.02944E-04  2.00529E-04
  2504.00000  1.11696E-01  1.00761E-01  5.95419E-03  4.17830E-03  6.02373E-04  2.00266E-04
  2505.00000  1.11548E-01  1.00625E-01  5.94857E-03  4.17273E-03  6.01802E-04  2.00004E-04
  2506.00000  1.11400E-01  1.00489E-01  5.94296E-03  4.16718E-03  6.01232E-04  1.99742E-04
  2507.00000  1.11253E-01  1.00354E-01  5.93736E-03  4.16163E-03  6.00663E-04  1.99481E-04
  2508.00000  1.11107E-01  1.00220E-01  5.93176E-03  4.15609E-03  6.00094E-04  1.99220E-04
  2509.00000  1.10961E-01  1.00086E-01  5.92617E-03  4.15056E-03  5.99526E-04  1.98960E-04
  2510.00000  1.10818E-01  9.99544E-02  5.92058E-03  4.14504E-03  5.98959E-04  1.98700E-04
  2511.00000  1.10676E-01  9.98242E-02  5.91501E-03  4.13952E-03  5.98393E-04  1.98440E-04
  2512.00000  1.10535E-01  9.96957E-02  5.90944E-03  4.13402E-03  5.97828E-04  1.98181E-04
  2513.00000  1.10397E-01  9.95692E-02  5.90387E-03  4.12853E-03  5.97263E-04  1.97923E-04
  2514.00000  1.10261E-01  9.94449E-02  5.89832E-03  4.12305E-03  5.96699E-04  1.97665E-04
  2515.00000  1.10127E-01  9.93227E-02  5.89277E-03  4.11757E-03  5.96135E-04  1.97408E-04
  2516.00000  1.09995E-01  9.92030E-02  5.88723E-03  4.11211E-03  5.95573E-04  1.97151E-04
  2517.00000  1.09866E-01  9.90856E-02  5.88169E-03  4.10665E-03  5.95011E-04  1.96894E-04
  2518.00000  1.09739E-01  9.89708E-02  5.87617E-03  4.10120E-03  5.94450E-04  1.96638E-04
  2519.00000  1.09615E-01  9.88585E-02  5.87065E-03  4.09577E-03  5.93890E-04  1.96383E-04
  2520.00000  1.09494E-01  9.87488E-02  5.86513E-03  4.09034E-03  5.93330E-04  1.96128E-04
  2521.00000  1.09375E-01  9.86416E-02  5.85963E-03  4.08492E-03  5.92771E-04  1.95873E-04
  2522.00000  1.09259E-01  9.85371E-02  5.85413E-03  4.07951E-03  5.92213E-04  1.95619E-04
  2523.00000  1.09145E-01  9.84351E-02  5.84863E-03  4.07410E-03  5.91655E-04  1.95365E-04
  2524.00000  1.09034E-01  9.83357E-02  5.84315E-03  4.06871E-03  5.91099E-04  1.95112E-04
  2525.00000  1.08925E-01  9.82388E-02  5.83767E-03  4.06333E-03  5.90543E-04  1.94859E-04
  2526.00000  1.08819E-01  9.81444E-02  5.83220E-03  4.05795E-03  5.89987E-04  1.94607E-04
  2527.00000  1.08716E-01  9.80524E-02  5.82674E-03  4.05259E-03  5.89433E-04  1.94356E-04
  2528.00000  1.08614E-01  9.79628E-02  5.82128E-03  4.04723E-03  5.88879E-04  1.94104E-04
  2529.00000  1.08515E-01  9.78754E-02  5.81583E-03  4.04189E-03  5.88326E-04  1.93853E-04
  2530.00000  1.08419E-01  9.77903E-02  5.81038E-03  4.03655E-03  5.87773E-04  1.93603E-04
  2531.00000  1.08324E-01  9.77073E-02  5.80495E-03  4.03122E-03  5.87222E-04  1.93353E-04
  2532.00000  1.08232E-01  9.76264E-02  5.79952E-03  4.02590E-03  5.86671E-04  1.93104E-04
  2533.00000  1.08141E-01  9.75474E-02  5.79410E-03  4.02058E-03  5.86120E-04  1.92855E-04
  2534.00000  1.08052E-01  9.74703E-02  5.78868E-03  4.01528E-03  5.85571E-04  1.92606E-04
  2535.00000  1.07966E-01  9.73949E-02  5.78327E-03  4.00999E-03  5.85022E-04  1.92358E-04
  2536.00000  1.07880E-01  9.73212E-02  5.77787E-03  4.00470E-03  5.84474E-04  1.92111E-04
  2537.00000  1.07797E-01  9.72491E-02  5.77247E-03  3.99942E-03  5.83926E-04  1.91864E-04
  2538.00000  1.07715E-01  9.71784E-02  5.76709E-03  3.99416E-03  5.83380E-04  1.91617E-04
  2539.00000  1.07634E-01  9.71091E-02  5.76170E-03  3.98890E-03  5.82834E-04  1.91371E-04
  2540.00000  1.07554E-01  9.70410E-02  5.75633E-03  3.98365E-03  5.82288E-04  1.91125E-04
  2541.00000  1.07476E-01  9.69741E-02  5.75096E-03  3.97840E-03  5.81744E-04  1.90879E-04
  2542.00000  1.07399E-01  9.69081E-02  5.74560E-03  3.97317E-03  5.81200E-04  1.90634E-04
  2543.00000  1.07322E-01  9.68432E-02  5.74025E-03  3.96795E-03  5.80657E-04  1.90390E-04
  2544.00000  1.07247E-01  9.67790E-02  5.73490E-03  3.96273E-03  5.80114E-04  1.90146E-04
  2545.00000  1.07172E-01  9.67155E-02  5.72956E-03  3.95752E-03  5.79573E-04  1.89902E-04
  2546.00000  1.07098E-01  9.66527E-02  5.72423E-03  3.95233E-03  5.79032E-04  1.89659E-04
  2547.00000  1.07024E-01  9.65904E-02  5.71890E-03  3.94714E-03  5.78491E-04  1.89416E-04
  2548.00000  1.06951E-01  9.65285E-02  5.71358E-03  3.94196E-03  5.77952E-04  1.89174E-04
  2549.00000  1.06878E-01  9.64670E-02  5.70827E-03  3.93678E-03  5.77413E-04  1.88932E-04
  2550.00000  1.06806E-01  9.64057E-02  5.70296E-03  3.93162E-03  5.76875E-04  1.88690E-04
  2551.00000  1.06733E-01  9.63445E-02  5.69766E-03  3.92646E-03  5.76337E-04  1.88449E-04
  2552.00000  1.06661E-01  9.62834E-02  5.69237E-03  3.92132E-03  5.75800E-04  1.88208E-04
  2553.00000  1.06589E-01  9.62223E-02  5.68708E-03  3.91618E-03  5.75264E-04  1.87968E-04
  2554.00000  1.06516E-01  9.61611E-02  5.68180E-03  3.91105E-03  5.74729E-04  1.87728E-04
  2555.00000  1.06444E-01  9.60997E-02  5.67653E-03  3.90593E-03  5.74194E-04  1.87488E-04
  2556.00000  1.06371E-01  9.60381E-02  5.67126E-03  3.90081E-03  5.73660E-04  1.87249E-04
  2557.00000  1.06298E-01  9.59762E-02  5.66600E-03  3.89571E-03  5.73127E-04  1.87011E-04
  2558.00000  1.06225E-01  9.59139E-02  5.66075E-03  3.89061E-03  5.72594E-04  1.86772E-04
  2559.00000  1.06151E-01  9.58511E-02  5.65550E-03  3.88552E-03  5.72062E-04  1.86534E-04
  2560.00000  1.06076E-01  9.57879E-02  5.65026E-03  3.88044E-03  5.71531E-04  1.86297E-04
  2561.00000  1.06002E-01  9.57241E-02  5.64503E-03  3.87537E-03  5.71001E-04  1.86060E-04
  2562.00000  1.05926E-01  9.56598E-02  5.63980E-03  3.87031E-03  5.70471E-04  1.85823E-04
  2563.00000  1.05850E-01  9.55948E-02  5.63458E-03  3.86526E-03  5.69942E-04  1.85587E-04
  2564.00000  1.05773E-01  9.55291E-02  5.62937E-03  3.86021E-03  5.69413E-04  1.85351E-04
  2565.00000  1.05696E-01  9.54627E-02  5.62416E-03  3.85517E-03  5.68885E-04  1.85115E-04
  2566.00000  1.05618E-01  9.53955E-02  5.61896E-03  3.85014E-03  5.68358E-04  1.84880E-04
  2567.00000  1.05539E-01  9.53276E-02  5.61377E-03  3.84512E-03  5.67832E-04  1.84646E-04
  2568.00000  1.05459E-01  9.52589E-02  5.60858E-03  3.84011E-03  5.67306E-04  1.84411E-04
  2569.00000  1.05379E-01  9.51893E-02  5.60340E-03  3.83511E-03  5.66781E-04  1.84177E-04
  2570.00000  1.05297E-01  9.51189E-02  5.59823E-03  3.83011E-03  5.66257E-04  1.83944E-04
  2571.00000  1.05215E-01  9.50477E-02  5.59306E-03  3.82512E-03  5.65733E-04  1.83710E-04
  2572.00000  1.05132E-01  9.49755E-02  5.58790E-03  3.82014E-03  5.65210E-04  1.83478E-04
  2573.00000  1.05048E-01  9.49025E-02  5.58275E-03  3.81517E-03  5.64688E-04  1.83245E-04
  2574.00000  1.04964E-01  9.48286E-02  5.57760E-03  3.81020E-03  5.64166E-04  1.83013E-04
  2575.00000  1.04878E-01  9.47537E-02  5.57246E-03  3.80525E-03  5.63645E-04  1.82781E-04
  2576.00000  1.04791E-01  9.46780E-02  5.56732E-03  3.80030E-03  5.63125E-04  1.82550E-04
  2577.00000  1.04704E-01  9.46014E-02  5.56219E-03  3.79536E-03  5.62605E-04  1.82319E-04
  2578.00000  1.04616E-01  9.45239E-02  5.55707E-03  3.79043E-03  5.62086E-04  1.82089E-04
  2579.00000  1.04526E-01  9.44456E-02  5.55196E-03  3.78551E-03  5.61568E-04  1.81859E-04
  2580.00000  1.04436E-01  9.43663E-02  5.54685E-03  3.78059E-03  5.61050E-04  1.81629E-04
  2581.00000  1.04346E-01  9.42862E-02  5.54174E-03  3.77569E-03  5.60533E-04  1.81399E-04
  2582.00000  1.04254E-01  9.42053E-02  5.53665E-03  3.77079E-03  5.60017E-04  1.81170E-04
  2583.00000  1.04161E-01  9.41235E-02  5.53156E-03  3.76589E-03  5.59501E-04  1.80942E-04
  2584.00000  1.04068E-01  9.40409E-02  5.52647E-03  3.76101E-03  5.58986E-04  1.80713E-04
  2585.00000  1.03974E-01  9.39576E-02  5.52140E-03  3.75614E-03  5.58472E-04  1.80485E-04
  2586.00000  1.03879E-01  9.38735E-02  5.51633E-03  3.75127E-03  5.57958E-04  1.80258E-04
  2587.00000  1.03784E-01  9.37886E-02  5.51126E-03  3.74641E-03  5.57445E-04  1.80030E-04
  2588.00000  1.03688E-01  9.37030E-02  5.50621E-03  3.74156E-03  5.56932E-04  1.79803E-04
  2589.00000  1.03591E-01  9.36167E-02  5.50115E-03  3.73671E-03  5.56421E-04  1.79577E-04
  2590.00000  1.03493E-01  9.35298E-02  5.49611E-03  3.73188E-03  5.55909E-04  1.79351E-04
  2591.00000  1.03395E-01  9.34422E-02  5.49107E-03  3.72705E-03  5.55399E-04  1.79125E-04
  2592.00000  1.03296E-01  9.33540E-02  5.48604E-03  3.72223E-03  5.54889E-04  1.78900E-04
  2593.00000  1.03197E-01  9.32653E-02  5.48101E-03  3.71742E-03  5.54380E-04  1.78674E-04
  2594.00000  1.03097E-01  9.31760E-02  5.47599E-03  3.71261E-03  5.53872E-04  1.78450E-04
  2595.00000  1.02997E-01  9.30862E-02  5.47098E-03  3.70782E-03  5.53364E-04  1.78225E-04
  2596.00000  1.02896E-01  9.29959E-02  5.46597E-03  3.70303E-03  5.52856E-04  1.78001E-04
  2597.00000  1.02794E-01  9.29051E-02  5.46097E-03  3.69825E-03  5.52350E-04  1.77777E-04
  2598.00000  1.02693E-01  9.28139E-02  5.45597E-03  3.69348E-03  5.51844E-04  1.77554E-04
  2599.00000  1.02591E-01  9.27224E-02  5.45099E-03  3.68871E-03  5.51339E-04  1.77331E-04
  2600.00000  1.02488E-01  9.26304E-02  5.44600E-03  3.68395E-03  5.50834E-04  1.77108E-04
  2601.00000  1.02386E-01  9.25382E-02  5.44103E-03  3.67920E-03  5.50330E-04  1.76886E-04
  2602.00000  1.02283E-01  9.24456E-02  5.43606E-03  3.67446E-03  5.49827E-04  1.76664E-04
  2603.00000  1.02179E-01  9.23528E-02  5.43109E-03  3.66973E-03  5.49324E-04  1.76442E-04
  2604.00000  1.02076E-01  9.22598E-02  5.42614E-03  3.66500E-03  5.48822E-04  1.76221E-04
  2605.00000  1.01972E-01  9.21666E-02  5.42119E-03  3.66028E-03  5.48320E-04  1.76000E-04
  2606.00000  1.01869E-01  9.20732E-02  5.41624E-03  3.65557E-03  5.47819E-04  1.75779E-04
  2607.00000  1.01765E-01  9.19796E-02  5.41130E-03  3.65087E-03  5.47319E-04  1.75559E-04
  2608.00000  1.01661E-01  9.18860E-02  5.40637E-03  3.64617E-03  5.46819E-04  1.75339E-04
  2609.00000  1.01557E-01  9.17923E-02  5.40144E-03  3.64148E-03  5.46320E-04  1.75119E-04
  2610.00000  1.01453E-01  9.16985E-02  5.39652E-03  3.63680E-03  5.45822E-04  1.74900E-04
  2611.00000  1.01348E-01  9.16047E-02  5.39161E-03  3.63213E-03  5.45324E-04  1.74681E-04
  2612.00000  1.01244E-01  9.15109E-02  5.38670E-03  3.62746E-03  5.44827E-04  1.74462E-04
  2613.00000  1.01140E-01  9.14171E-02  5.38180E-03  3.62280E-03  5.44330E-04  1.74244E-04
  2614.00000  1.01036E-01  9.13234E-02  5.37690E-03  3.61815E-03  5.43834E-04  1.74026E-04
  2615.00000  1.00932E-01  9.12297E-02  5.37201E-03  3.61351E-03  5.43339E-04  1.73808E-04
  2616.00000  1.00829E-01  9.11362E-02  5.36713E-03  3.60887E-03  5.42844E-04  1.73591E-04
  2617.00000  1.00725E-01  9.10428E-02  5.36225E-03  3.60424E-03  5.42350E-04  1.73374E-04
  2618.00000  1.00622E-01  9.09495E-02  5.35738E-03  3.59962E-03  5.41857E-04  1.73157E-04
  2619.00000  1.00518E-01  9.08564E-02  5.35251E-03  3.59501E-03  5.41364E-04  1.72940E-04
  2620.00000  1.00415E-01  9.07635E-02  5.34765E-03  3.59040E-03  5.40872E-04  1.72724E-04
  2621.00000  1.00312E-01  9.06708E-02  5.34280E-03  3.58580E-03  5.40380E-04  1.72508E-04
  2622.00000  1.00210E-01  9.05783E-02  5.33795E-03  3.58121E-03  5.39889E-04  1.72292E-04
  2623.00000  1.00107E-01  9.04860E-02  5.33311E-03  3.57663E-03  5.39398E-04  1.72077E-04
  2624.00000  1.00005E-01  9.03940E-02  5.32827E-03  3.57205E-03  5.38908E-04  1.71862E-04
  2625.00000  9.99033E-02  9.03023E-02  5.32344E-03  3.56748E-03  5.38419E-04  1.71647E-04
  2626.00000  9.98017E-02  9.02108E-02  5.31862E-03  3.56292E-03  5.37930E-04  1.71433E-04
  2627.00000  9.97005E-02  9.01197E-02  5.31380E-03  3.55837E-03  5.37442E-04  1.71219E-04
  2628.00000  9.95996E-02  9.00288E-02  5.30899E-03  3.55382E-03  5.36955E-04  1.71005E-04
  2629.00000  9.94990E-02  8.99383E-02  5.30418E-03  3.54928E-03  5.36468E-04  1.70792E-04
  2630.00000  9.93988E-02  8.98481E-02  5.29938E-03  3.54475E-03  5.35981E-04  1.70578E-04
  2631.00000  9.92989E-02  8.97582E-02  5.29459E-03  3.54022E-03  5.35495E-04  1.70365E-04
  2632.00000  9.91994E-02  8.96687E-02  5.28980E-03  3.53571E-03  5.35010E-04  1.70153E-04
  2633.00000  9.91002E-02  8.95795E-02  5.28502E-03  3.53119E-03  5.34526E-04  1.69940E-04
  2634.00000  9.90014E-02  8.94907E-02  5.28024E-03  3.52669E-03  5.34042E-04  1.69728E-04
  2635.00000  9.89030E-02  8.94023E-02  5.27547E-03  3.52220E-03  5.33558E-04  1.69516E-04
  2636.00000  9.88050E-02  8.93142E-02  5.27071E-03  3.51771E-03  5.33075E-04  1.69305E-04
  2637.00000  9.87073E-02  8.92265E-02  5.26595E-03  3.51322E-03  5.32593E-04  1.69093E-04
  2638.00000  9.86101E-02  8.91391E-02  5.26120E-03  3.50875E-03  5.32111E-04  1.68882E-04
  2639.00000  9.85132E-02  8.90521E-02  5.25645E-03  3.50428E-03  5.31630E-04  1.68672E-04
  2640.00000  9.84167E-02  8.89655E-02  5.25171E-03  3.49982E-03  5.31149E-04  1.68461E-04
  2641.00000  9.83206E-02  8.88793E-02  5.24698E-03  3.49537E-03  5.30669E-04  1.68251E-04
  2642.00000  9.82249E-02  8.87935E-02  5.24225E-03  3.49092E-03  5.30190E-04  1.68041E-04
  2643.00000  9.81295E-02  8.87080E-02  5.23752E-03  3.48648E-03  5.29711E-04  1.67832E-04
  2644.00000  9.80346E-02  8.86229E-02  5.23281E-03  3.48205E-03  5.29233E-04  1.67622E-04
  2645.00000  9.79400E-02  8.85381E-02  5.22809E-03  3.47763E-03  5.28755E-04  1.67413E-04
  2646.00000  9.78459E-02  8.84538E-02  5.22339E-03  3.47321E-03  5.28278E-04  1.67204E-04
  2647.00000  9.77520E-02  8.83698E-02  5.21869E-03  3.46880E-03  5.27801E-04  1.66996E-04
  2648.00000  9.76586E-02  8.82861E-02  5.21399E-03  3.46440E-03  5.27325E-04  1.66788E-04
  2649.00000  9.75655E-02  8.82028E-02  5.20930E-03  3.46000E-03  5.26850E-04  1.66580E-04
  2650.00000  9.74728E-02  8.81198E-02  5.20462E-03  3.45561E-03  5.26375E-04  1.66372E-04
  2651.00000  9.73805E-02  8.80372E-02  5.19994E-03  3.45123E-03  5.25901E-04  1.66164E-04
  2652.00000  9.72884E-02  8.79549E-02  5.19527E-03  3.44685E-03  5.25427E-04  1.65957E-04
  2653.00000  9.71968E-02  8.78730E-02  5.19061E-03  3.44248E-03  5.24954E-04  1.65750E-04
  2654.00000  9.71054E-02  8.77913E-02  5.18595E-03  3.43812E-03  5.24481E-04  1.65544E-04
  2655.00000  9.70144E-02  8.77100E-02  5.18129E-03  3.43377E-03  5.24009E-04  1.65337E-04
  2656.00000  9.69237E-02  8.76290E-02  5.17664E-03  3.42942E-03  5.23537E-04  1.65131E-04
  2657.00000  9.68333E-02  8.75482E-02  5.17200E-03  3.42508E-03  5.23066E-04  1.64925E-04
  2658.00000  9.67432E-02  8.74678E-02  5.16736E-03  3.42075E-03  5.22596E-04  1.64720E-04
  2659.00000  9.66534E-02  8.73876E-02  5.16273E-03  3.41642E-03  5.22126E-04  1.64514E-04
  2660.00000  9.65639E-02  8.73077E-02  5.15810E-03  3.41210E-03  5.21657E-04  1.64309E-04
  2661.00000  9.64747E-02  8.72281E-02  5.15348E-03  3.40779E-03  5.21188E-04  1.64105E-04
  2662.00000  9.63857E-02  8.71487E-02  5.14887E-03  3.40348E-03  5.20720E-04  1.63900E-04
  2663.00000  9.62969E-02  8.70696E-02  5.14426E-03  3.39918E-03  5.20252E-04  1.63696E-04
  2664.00000  9.62085E-02  8.69906E-02  5.13966E-03  3.39489E-03  5.19785E-04  1.63492E-04
  2665.00000  9.61202E-02  8.69119E-02  5.13506E-03  3.39060E-03  5.19318E-04  1.63288E-04
  2666.00000  9.60322E-02  8.68335E-02  5.13047E-03  3.38632E-03  5.18852E-04  1.63085E-04
  2667.00000  9.59444E-02  8.67552E-02  5.12588E-03  3.38205E-03  5.18387E-04  1.62882E-04
  2668.00000  9.58568E-02  8.66771E-02  5.12130E-03  3.37779E-03  5.17922E-04  1.62679E-04
  2669.00000  9.57694E-02  8.65992E-02  5.11672E-03  3.37353E-03  5.17457E-04  1.62476E-04
  2670.00000  9.56821E-02  8.65214E-02  5.11215E-03  3.36928E-03  5.16993E-04  1.62274E-04
  2671.00000  9.55951E-02  8.64439E-02  5.10759E-03  3.36503E-03  5.16530E-04  1.62072E-04
  2672.00000  9.55082E-02  8.63664E-02  5.10303E-03  3.36079E-03  5.16067E-04  1.61870E-04
  2673.00000  9.54214E-02  8.62891E-02  5.09848E-03  3.35656E-03  5.15605E-04  1.61669E-04
  2674.00000  9.53349E-02  8.62120E-02  5.09393E-03  3.35234E-03  5.15143E-04  1.61468E-04
  2675.00000  9.52484E-02  8.61350E-02  5.08939E-03  3.34812E-03  5.14682E-04  1.61267E-04
  2676.00000  9.51621E-02  8.60580E-02  5.08485E-03  3.34391E-03  5.14221E-04  1.61066E-04
  2677.00000  9.50759E-02  8.59812E-02  5.08032E-03  3.33970E-03  5.13761E-04  1.60866E-04
  2678.00000  9.49898E-02  8.59045E-02  5.07579E-03  3.33551E-03  5.13301E-04  1.60666E-04
  2679.00000  9.49038E-02  8.58279E-02  5.07127E-03  3.33131E-03  5.12842E-04  1.60466E-04
  2680.00000  9.48178E-02  8.57513E-02  5.06676E-03  3.32713E-03  5.12383E-04  1.60266E-04
  2681.00000  9.47320E-02  8.56748E-02  5.06225E-03  3.32295E-03  5.11925E-04  1.60067E-04
  2682.00000  9.46462E-02  8.55984E-02  5.05774E-03  3.31878E-03  5.11468E-04  1.59868E-04
  2683.00000  9.45605E-02  8.55220E-02  5.05324E-03  3.31461E-03  5.11011E-04  1.59670E-04
  2684.00000  9.44749E-02  8.54457E-02  5.04875E-03  3.31046E-03  5.10554E-04  1.59471E-04
  2685.00000  9.43893E-02  8.53694E-02  5.04426E-03  3.30630E-03  5.10098E-04  1.59273E-04
  2686.00000  9.43038E-02  8.52931E-02  5.03978E-03  3.30216E-03  5.09643E-04  1.59076E-04
  2687.00000  9.42182E-02  8.52169E-02  5.03530E-03  3.29802E-03  5.09188E-04  1.58878E-04
  2688.00000  9.41328E-02  8.51406E-02  5.03083E-03  3.29389E-03  5.08734E-04  1.58681E-04
  2689.00000  9.40473E-02  8.50644E-02  5.02637E-03  3.28976E-03  5.08280E-04  1.58484E-04
  2690.00000  9.39618E-02  8.49882E-02  5.02191E-03  3.28564E-03  5.07826E-04  1.58287E-04
  2691.00000  9.38764E-02  8.49119E-02  5.01745E-03  3.28153E-03  5.07374E-04  1.58091E-04
  2692.00000  9.37909E-02  8.48357E-02  5.01300E-03  3.27742E-03  5.06921E-04  1.57895E-04
  2693.00000  9.37055E-02  8.47595E-02  5.00856E-03  3.27333E-03  5.06470E-04  1.57699E-04
  2694.00000  9.36201E-02  8.46832E-02  5.00412E-03  3.26923E-03  5.06018E-04  1.57504E-04
  2695.00000  9.35346E-02  8.46069E-02  4.99968E-03  3.26515E-03  5.05568E-04  1.57309E-04
  2696.00000  9.34491E-02  8.45306E-02  4.99525E-03  3.26107E-03  5.05117E-04  1.57114E-04
  2697.00000  9.33636E-02  8.44542E-02  4.99083E-03  3.25699E-03  5.04668E-04  1.56919E-04
  2698.00000  9.32781E-02  8.43778E-02  4.98641E-03  3.25292E-03  5.04219E-04  1.56725E-04
  2699.00000  9.31925E-02  8.43013E-02  4.98200E-03  3.24886E-03  5.03770E-04  1.56531E-04
  2700.00000  9.31069E-02  8.42249E-02  4.97759E-03  3.24481E-03  5.03322E-04  1.56337E-04
  2701.00000  9.30213E-02  8.41483E-02  4.97319E-03  3.24076E-03  5.02874E-04  1.56144E-04
  2702.00000  9.29356E-02  8.40717E-02  4.96879E-03  3.23672E-03  5.02427E-04  1.55951E-04
  2703.00000  9.28499E-02  8.39951E-02  4.96440E-03  3.23268E-03  5.01980E-04  1.55758E-04
  2704.00000  9.27642E-02  8.39184E-02  4.96001E-03  3.22865E-03  5.01534E-04  1.55566E-04
  2705.00000  9.26784E-02  8.38417E-02  4.95563E-03  3.22463E-03  5.01089E-04  1.55374E-04
  2706.00000  9.25926E-02  8.37649E-02  4.95125E-03  3.22062E-03  5.00644E-04  1.55182E-04
  2707.00000  9.25067E-02  8.36880E-02  4.94688E-03  3.21661E-03  5.00199E-04  1.54990E-04
  2708.00000  9.24207E-02  8.36111E-02  4.94252E-03  3.21260E-03  4.99755E-04  1.54799E-04
  2709.00000  9.23348E-02  8.35341E-02  4.93816E-03  3.20860E-03  4.99312E-04  1.54608E-04
  2710.00000  9.22487E-02  8.34570E-02  4.93380E-03  3.20461E-03  4.98869E-04  1.54417E-04
  2711.00000  9.21627E-02  8.33799E-02  4.92945E-03  3.20063E-03  4.98426E-04  1.54227E-04
  2712.00000  9.20765E-02  8.33028E-02  4.92511E-03  3.19665E-03  4.97984E-04  1.54037E-04
  2713.00000  9.19904E-02  8.32255E-02  4.92077E-03  3.19268E-03  4.97543E-04  1.53847E-04
  2714.00000  9.19042E-02  8.31483E-02  4.91643E-03  3.18871E-03  4.97102E-04  1.53657E-04
  2715.00000  9.18179E-02  8.30709E-02  4.91210E-03  3.18475E-03  4.96661E-04  1.53468E-04
  2716.00000  9.17316E-02  8.29935E-02  4.90778E-03  3.18080E-03  4.96221E-04  1.53279E-04
  2717.00000  9.16452E-02  8.29161E-02  4.90346E-03  3.17685E-03  4.95782E-04  1.53091E-04
  2718.00000  9.15589E-02  8.28386E-02  4.89915E-03  3.17291E-03  4.95343E-04  1.52902E-04
  2719.00000  9.14724E-02  8.27610E-02  4.89484E-03  3.16897E-03  4.94904E-04  1.52714E-04
  2720.00000  9.13860E-02  8.26834E-02  4.89053E-03  3.16504E-03  4.94466E-04  1.52527E-04
  2721.00000  9.12995E-02  8.26057E-02  4.88624E-03  3.16112E-03  4.94029E-04  1.52339E-04
  2722.00000  9.12129E-02  8.25280E-02  4.88194E-03  3.15720E-03  4.93592E-04  1.52152E-04
  2723.00000  9.11263E-02  8.24503E-02  4.87765E-03  3.15329E-03  4.93156E-04  1.51965E-04
  2724.00000  9.10398E-02  8.23725E-02  4.87337E-03  3.14939E-03  4.92720E-04  1.51779E-04
  2725.00000  9.09531E-02  8.22947E-02  4.86909E-03  3.14549E-03  4.92284E-04  1.51593E-04
  2726.00000  9.08665E-02  8.22168E-02  4.86482E-03  3.14160E-03  4.91849E-04  1.51407E-04
  2727.00000  9.07798E-02  8.21389E-02  4.86055E-03  3.13771E-03  4.91415E-04  1.51221E-04
  2728.00000  9.06932E-02  8.20610E-02  4.85629E-03  3.13383E-03  4.90981E-04  1.51036E-04
  2729.00000  9.06065E-02  8.19831E-02  4.85203E-03  3.12996E-03  4.90548E-04  1.50851E-04
  2730.00000  9.05198E-02  8.19052E-02  4.84778E-03  3.12609E-03  4.90115E-04  1.50666E-04
  2731.00000  9.04331E-02  8.18272E-02  4.84353E-03  3.12223E-03  4.89682E-04  1.50482E-04
  2732.00000  9.03464E-02  8.17492E-02  4.83929E-03  3.11837E-03  4.89251E-04  1.50298E-04
  2733.00000  9.02598E-02  8.16713E-02  4.83505E-03  3.11452E-03  4.88819E-04  1.50114E-04
  2734.00000  9.01731E-02  8.15933E-02  4.83081E-03  3.11068E-03  4.88388E-04  1.49930E-04
  2735.00000  9.00864E-02  8.15153E-02  4.82659E-03  3.10684E-03  4.87958E-04  1.49747E-04
  2736.00000  8.99998E-02  8.14373E-02  4.82236E-03  3.10301E-03  4.87528E-04  1.49564E-04
  2737.00000  8.99132E-02  8.13593E-02  4.81814E-03  3.09918E-03  4.87099E-04  1.49381E-04
  2738.00000  8.98266E-02  8.12814E-02  4.81393E-03  3.09536E-03  4.86670E-04  1.49199E-04
  2739.00000  8.97400E-02  8.12035E-02  4.80972E-03  3.09155E-03  4.86242E-04  1.49017E-04
  2740.00000  8.96535E-02  8.11256E-02  4.80552E-03  3.08774E-03  4.85814E-04  1.48835E-04
  2741.00000  8.95670E-02  8.10477E-02  4.80132E-03  3.08394E-03  4.85386E-04  1.48654E-04
  2742.00000  8.94805E-02  8.09698E-02  4.79713E-03  3.08014E-03  4.84960E-04  1.48473E-04
  2743.00000  8.93941E-02  8.08920E-02  4.79294E-03  3.07635E-03  4.84533E-04  1.48292E-04
  2744.00000  8.93078E-02  8.08142E-02  4.78876E-03  3.07257E-03  4.84107E-04  1.48111E-04
  2745.00000  8.92215E-02  8.07365E-02  4.78458E-03  3.06879E-03  4.83682E-04  1.47931E-04
  2746.00000  8.91353E-02  8.06589E-02  4.78040E-03  3.06502E-03  4.83257E-04  1.47751E-04
  2747.00000  8.90491E-02  8.05812E-02  4.77623E-03  3.06125E-03  4.82833E-04  1.47572E-04
  2748.00000  8.89630E-02  8.05037E-02  4.77207E-03  3.05749E-03  4.82409E-04  1.47392E-04
  2749.00000  8.88770E-02  8.04262E-02  4.76791E-03  3.05374E-03  4.81986E-04  1.47213E-04
  2750.00000  8.87911E-02  8.03488E-02  4.76376E-03  3.04999E-03  4.81563E-04  1.47035E-04
  2751.00000  8.87053E-02  8.02714E-02  4.75961E-03  3.04624E-03  4.81141E-04  1.46856E-04
  2752.00000  8.86195E-02  8.01941E-02  4.75546E-03  3.04251E-03  4.80719E-04  1.46678E-04
  2753.00000  8.85338E-02  8.01169E-02  4.75132E-03  3.03877E-03  4.80298E-04  1.46500E-04
  2754.00000  8.84483E-02  8.00398E-02  4.74719E-03  3.03505E-03  4.79877E-04  1.46323E-04
  2755.00000  8.83628E-02  7.99628E-02  4.74306E-03  3.03133E-03  4.79457E-04  1.46146E-04
  2756.00000  8.82774E-02  7.98859E-02  4.73893E-03  3.02761E-03  4.79037E-04  1.45969E-04
  2757.00000  8.81922E-02  7.98091E-02  4.73481E-03  3.02391E-03  4.78618E-04  1.45792E-04
  2758.00000  8.81070E-02  7.97323E-02  4.73069E-03  3.02020E-03  4.78199E-04  1.45616E-04
  2759.00000  8.80220E-02  7.96557E-02  4.72658E-03  3.01651E-03  4.77781E-04  1.45440E-04
  2760.00000  8.79371E-02  7.95792E-02  4.72248E-03  3.01281E-03  4.77363E-04  1.45264E-04
  2761.00000  8.78523E-02  7.95028E-02  4.71838E-03  3.00913E-03  4.76946E-04  1.45089E-04
  2762.00000  8.77677E-02  7.94265E-02  4.71428E-03  3.00545E-03  4.76529E-04  1.44914E-04
  2763.00000  8.76832E-02  7.93504E-02  4.71019E-03  3.00177E-03  4.76112E-04  1.44739E-04
  2764.00000  8.75988E-02  7.92743E-02  4.70610E-03  2.99811E-03  4.75697E-04  1.44564E-04
  2765.00000  8.75145E-02  7.91984E-02  4.70202E-03  2.99444E-03  4.75281E-04  1.44390E-04
  2766.00000  8.74304E-02  7.91226E-02  4.69794E-03  2.99079E-03  4.74867E-04  1.44216E-04
  2767.00000  8.73465E-02  7.90470E-02  4.69387E-03  2.98713E-03  4.74452E-04  1.44043E-04
  2768.00000  8.72626E-02  7.89714E-02  4.68980E-03  2.98349E-03  4.74038E-04  1.43870E-04
  2769.00000  8.71790E-02  7.88961E-02  4.68574E-03  2.97985E-03  4.73625E-04  1.43697E-04
  2770.00000  8.70955E-02  7.88208E-02  4.68168E-03  2.97621E-03  4.73212E-04  1.43524E-04
  2771.00000  8.70121E-02  7.87457E-02  4.67763E-03  2.97258E-03  4.72800E-04  1.43352E-04
  2772.00000  8.69289E-02  7.86708E-02  4.67358E-03  2.96896E-03  4.72388E-04  1.43180E-04
  2773.00000  8.68458E-02  7.85960E-02  4.66953E-03  2.96534E-03  4.71977E-04  1.43008E-04
  2774.00000  8.67630E-02  7.85213E-02  4.66549E-03  2.96173E-03  4.71566E-04  1.42837E-04
  2775.00000  8.66802E-02  7.84468E-02  4.66146E-03  2.95812E-03  4.71156E-04  1.42666E-04
  2776.00000  8.65977E-02  7.83725E-02  4.65743E-03  2.95452E-03  4.70746E-04  1.42495E-04
  2777.00000  8.65153E-02  7.82983E-02  4.65340E-03  2.95093E-03  4.70337E-04  1.42324E-04
  2778.00000  8.64331E-02  7.82243E-02  4.64938E-03  2.94734E-03  4.69928E-04  1.42154E-04
  2779.00000  8.63510E-02  7.81504E-02  4.64536E-03  2.94375E-03  4.69519E-04  1.41984E-04
  2780.00000  8.62691E-02  7.80767E-02  4.64135E-03  2.94017E-03  4.69112E-04  1.41815E-04
  2781.00000  8.61874E-02  7.80031E-02  4.63735E-03  2.93660E-03  4.68704E-04  1.41645E-04
  2782.00000  8.61059E-02  7.79297E-02  4.63334E-03  2.93303E-03  4.68297E-04  1.41476E-04
  2783.00000  8.60245E-02  7.78565E-02  4.62934E-03  2.92947E-03  4.67891E-04  1.41308E-04
  2784.00000  8.59433E-02  7.77835E-02  4.62535E-03  2.92591E-03  4.67485E-04  1.41139E-04
  2785.00000  8.58623E-02  7.77106E-02  4.62136E-03  2.92236E-03  4.67080E-04  1.40971E-04
  2786.00000  8.57815E-02  7.76378E-02  4.61738E-03  2.91882E-03  4.66675E-04  1.40804E-04
  2787.00000  8.57009E-02  7.75653E-02  4.61340E-03  2.91528E-03  4.66271E-04  1.40636E-04
  2788.00000  8.56204E-02  7.74929E-02  4.60942E-03  2.91174E-03  4.65867E-04  1.40469E-04
  2789.00000  8.55401E-02  7.74207E-02  4.60545E-03  2.90821E-03  4.65463E-04  1.40302E-04
  2790.00000  8.54600E-02  7.73486E-02  4.60149E-03  2.90469E-03  4.65060E-04  1.40135E-04
  2791.00000  8.53800E-02  7.72767E-02  4.59753E-03  2.90117E-03  4.64658E-04  1.39969E-04
  2792.00000  8.53003E-02  7.72050E-02  4.59357E-03  2.89766E-03  4.64256E-04  1.39803E-04
  2793.00000  8.52207E-02  7.71334E-02  4.58962E-03  2.89415E-03  4.63855E-04  1.39637E-04
  2794.00000  8.51413E-02  7.70620E-02  4.58567E-03  2.89065E-03  4.63454E-04  1.39472E-04
  2795.00000  8.50621E-02  7.69908E-02  4.58173E-03  2.88715E-03  4.63053E-04  1.39307E-04
  2796.00000  8.49830E-02  7.69198E-02  4.57779E-03  2.88366E-03  4.62653E-04  1.39142E-04
  2797.00000  8.49041E-02  7.68489E-02  4.57385E-03  2.88017E-03  4.62254E-04  1.38977E-04
  2798.00000  8.48254E-02  7.67782E-02  4.56992E-03  2.87669E-03  4.61855E-04  1.38813E-04
  2799.00000  8.47469E-02  7.67076E-02  4.56600E-03  2.87321E-03  4.61456E-04  1.38649E-04
  2800.00000  8.46686E-02  7.66372E-02  4.56208E-03  2.86974E-03  4.61058E-04  1.38485E-04
  2801.00000  8.45904E-02  7.65670E-02  4.55816E-03  2.86628E-03  4.60661E-04  1.38322E-04
  2802.00000  8.45124E-02  7.64969E-02  4.55425E-03  2.86282E-03  4.60264E-04  1.38159E-04
  2803.00000  8.44346E-02  7.64270E-02  4.55034E-03  2.85936E-03  4.59867E-04  1.37996E-04
  2804.00000  8.43569E-02  7.63573E-02  4.54644E-03  2.85591E-03  4.59471E-04  1.37833E-04
  2805.00000  8.42794E-02  7.62877E-02  4.54254E-03  2.85247E-03  4.59076E-04  1.37671E-04
  2806.00000  8.42021E-02  7.62182E-02  4.53865E-03  2.84903E-03  4.58681E-04  1.37509E-04
  2807.00000  8.41250E-02  7.61490E-02  4.53476E-03  2.84560E-03  4.58286E-04  1.37347E-04
  2808.00000  8.40480E-02  7.60799E-02  4.53088E-03  2.84217E-03  4.57892E-04  1.37186E-04
  2809.00000  8.39712E-02  7.60109E-02  4.52700E-03  2.83875E-03  4.57498E-04  1.37024E-04
  2810.00000  8.38945E-02  7.59421E-02  4.52312E-03  2.83533E-03  4.57105E-04  1.36863E-04
  2811.00000  8.38180E-02  7.58734E-02  4.51925E-03  2.83192E-03  4.56712E-04  1.36703E-04
  2812.00000  8.37416E-02  7.58049E-02  4.51538E-03  2.82851E-03  4.56320E-04  1.36542E-04
  2813.00000  8.36654E-02  7.57365E-02  4.51152E-03  2.82511E-03  4.55928E-04  1.36382E-04
  2814.00000  8.35894E-02  7.56683E-02  4.50766E-03  2.82171E-03  4.55537E-04  1.36222E-04
  2815.00000  8.35135E-02  7.56002E-02  4.50381E-03  2.81832E-03  4.55146E-04  1.36062E-04
  2816.00000  8.34378E-02  7.55322E-02  4.49996E-03  2.81493E-03  4.54756E-04  1.35903E-04
  2817.00000  8.33622E-02  7.54644E-02  4.49612E-03  2.81155E-03  4.54366E-04  1.35744E-04
  2818.00000  8.32868E-02  7.53968E-02  4.49228E-03  2.80817E-03  4.53977E-04  1.35585E-04
  2819.00000  8.32115E-02  7.53292E-02  4.48844E-03  2.80480E-03  4.53588E-04  1.35426E-04
  2820.00000  8.31363E-02  7.52618E-02  4.48461E-03  2.80144E-03  4.53199E-04  1.35268E-04
  2821.00000  8.30613E-02  7.51946E-02  4.48078E-03  2.79808E-03  4.52811E-04  1.35110E-04
  2822.00000  8.29865E-02  7.51274E-02  4.47696E-03  2.79472E-03  4.52424E-04  1.34952E-04
  2823.00000  8.29117E-02  7.50604E-02  4.47314E-03  2.79137E-03  4.52037E-04  1.34794E-04
  2824.00000  8.28371E-02  7.49935E-02  4.46933E-03  2.78802E-03  4.51650E-04  1.34636E-04
  2825.00000  8.27627E-02  7.49267E-02  4.46552E-03  2.78468E-03  4.51264E-04  1.34479E-04
  2826.00000  8.26883E-02  7.48601E-02  4.46171E-03  2.78135E-03  4.50879E-04  1.34322E-04
  2827.00000  8.26141E-02  7.47935E-02  4.45791E-03  2.77802E-03  4.50493E-04  1.34165E-04
  2828.00000  8.25400E-02  7.47271E-02  4.45411E-03  2.77469E-03  4.50109E-04  1.34009E-04
  2829.00000  8.24661E-02  7.46608E-02  4.45032E-03  2.77137E-03  4.49725E-04  1.33853E-04
  2830.00000  8.23922E-02  7.45946E-02  4.44653E-03  2.76806E-03  4.49341E-04  1.33697E-04
  2831.00000  8.23185E-02  7.45285E-02  4.44275E-03  2.76475E-03  4.48958E-04  1.33541E-04
  2832.00000  8.22449E-02  7.44625E-02  4.43897E-03  2.76144E-03  4.48575E-04  1.33385E-04
  2833.00000  8.21714E-02  7.43966E-02  4.43519E-03  2.75814E-03  4.48192E-04  1.33230E-04
  2834.00000  8.20980E-02  7.43309E-02  4.43142E-03  2.75485E-03  4.47810E-04  1.33075E-04
  2835.00000  8.20247E-02  7.42652E-02  4.42765E-03  2.75156E-03  4.47429E-04  1.32920E-04
  2836.00000  8.19516E-02  7.41996E-02  4.42389E-03  2.74827E-03  4.47048E-04  1.32765E-04
  2837.00000  8.18785E-02  7.41341E-02  4.42013E-03  2.74499E-03  4.46668E-04  1.32611E-04
  2838.00000  8.18056E-02  7.40687E-02  4.41638E-03  2.74172E-03  4.46288E-04  1.32456E-04
  2839.00000  8.17327E-02  7.40034E-02  4.41263E-03  2.73845E-03  4.45908E-04  1.32302E-04
  2840.00000  8.16600E-02  7.39382E-02  4.40888E-03  2.73518E-03  4.45529E-04  1.32149E-04
  2841.00000  8.15873E-02  7.38731E-02  4.40514E-03  2.73192E-03  4.45150E-04  1.31995E-04
  2842.00000  8.15147E-02  7.38081E-02  4.40141E-03  2.72867E-03  4.44772E-04  1.31842E-04
  2843.00000  8.14423E-02  7.37431E-02  4.39767E-03  2.72542E-03  4.44394E-04  1.31688E-04
  2844.00000  8.13699E-02  7.36782E-02  4.39395E-03  2.72217E-03  4.44017E-04  1.31535E-04
  2845.00000  8.12976E-02  7.36134E-02  4.39022E-03  2.71893E-03  4.43640E-04  1.31383E-04
  2846.00000  8.12254E-02  7.35487E-02  4.38650E-03  2.71569E-03  4.43264E-04  1.31230E-04
  2847.00000  8.11533E-02  7.34841E-02  4.38279E-03  2.71246E-03  4.42888E-04  1.31078E-04
  2848.00000  8.10813E-02  7.34195E-02  4.37907E-03  2.70924E-03  4.42512E-04  1.30926E-04
  2849.00000  8.10093E-02  7.33550E-02  4.37537E-03  2.70602E-03  4.42137E-04  1.30774E-04
  2850.00000  8.09374E-02  7.32906E-02  4.37166E-03  2.70280E-03  4.41763E-04  1.30622E-04
  2851.00000  8.08656E-02  7.32262E-02  4.36796E-03  2.69959E-03  4.41388E-04  1.30471E-04
  2852.00000  8.07939E-02  7.31619E-02  4.36427E-03  2.69638E-03  4.41015E-04  1.30319E-04
  2853.00000  8.07223E-02  7.30977E-02  4.36058E-03  2.69318E-03  4.40642E-04  1.30168E-04
  2854.00000  8.06507E-02  7.30336E-02  4.35689E-03  2.68998E-03  4.40269E-04  1.30018E-04
  2855.00000  8.05792E-02  7.29695E-02  4.35321E-03  2.68679E-03  4.39896E-04  1.29867E-04
  2856.00000  8.05078E-02  7.29054E-02  4.34953E-03  2.68360E-03  4.39524E-04  1.29716E-04
  2857.00000  8.04364E-02  7.28414E-02  4.34586E-03  2.68042E-03  4.39153E-04  1.29566E-04
  2858.00000  8.03651E-02  7.27775E-02  4.34219E-03  2.67724E-03  4.38782E-04  1.29416E-04
  2859.00000  8.02939E-02  7.27136E-02  4.33852E-03  2.67407E-03  4.38411E-04  1.29266E-04
  2860.00000  8.02227E-02  7.26498E-02  4.33486E-03  2.67090E-03  4.38041E-04  1.29117E-04
  2861.00000  8.01516E-02  7.25861E-02  4.33121E-03  2.66774E-03  4.37671E-04  1.28967E-04
  2862.00000  8.00806E-02  7.25224E-02  4.32755E-03  2.66458E-03  4.37302E-04  1.28818E-04
  2863.00000  8.00096E-02  7.24587E-02  4.32390E-03  2.66142E-03  4.36933E-04  1.28669E-04
  2864.00000  7.99387E-02  7.23951E-02  4.32026E-03  2.65827E-03  4.36564E-04  1.28520E-04
  2865.00000  7.98679E-02  7.23315E-02  4.31662E-03  2.65513E-03  4.36196E-04  1.28372E-04
  2866.00000  7.97971E-02  7.22680E-02  4.31298E-03  2.65199E-03  4.35829E-04  1.28223E-04
  2867.00000  7.97263E-02  7.22046E-02  4.30935E-03  2.64885E-03  4.35462E-04  1.28075E-04
  2868.00000  7.96556E-02  7.21412E-02  4.30572E-03  2.64572E-03  4.35095E-04  1.27927E-04
  2869.00000  7.95850E-02  7.20778E-02  4.30210E-03  2.64260E-03  4.34729E-04  1.27779E-04
  2870.00000  7.95144E-02  7.20145E-02  4.29848E-03  2.63948E-03  4.34363E-04  1.27632E-04
  2871.00000  7.94439E-02  7.19512E-02  4.29486E-03  2.63636E-03  4.33997E-04  1.27484E-04
  2872.00000  7.93734E-02  7.18880E-02  4.29125E-03  2.63325E-03  4.33632E-04  1.27337E-04
  2873.00000  7.93030E-02  7.18248E-02  4.28764E-03  2.63014E-03  4.33268E-04  1.27190E-04
  2874.00000  7.92326E-02  7.17616E-02  4.28404E-03  2.62704E-03  4.32903E-04  1.27043E-04
  2875.00000  7.91623E-02  7.16985E-02  4.28044E-03  2.62394E-03  4.32540E-04  1.26897E-04
  2876.00000  7.90921E-02  7.16354E-02  4.27684E-03  2.62085E-03  4.32176E-04  1.26750E-04
  2877.00000  7.90218E-02  7.15724E-02  4.27325E-03  2.61776E-03  4.31813E-04  1.26604E-04
  2878.00000  7.89517E-02  7.15094E-02  4.26966E-03  2.61468E-03  4.31451E-04  1.26458E-04
  2879.00000  7.88816E-02  7.14465E-02  4.26608E-03  2.61160E-03  4.31089E-04  1.26312E-04
  2880.00000  7.88115E-02  7.13836E-02  4.26250E-03  2.60852E-03  4.30727E-04  1.26166E-04
  2881.00000  7.87415E-02  7.13207E-02  4.25892E-03  2.60545E-03  4.30366E-04  1.26021E-04
  2882.00000  7.86715E-02  7.12579E-02  4.25535E-03  2.60239E-03  4.30005E-04  1.25876E-04
  2883.00000  7.86016E-02  7.11951E-02  4.25179E-03  2.59932E-03  4.29644E-04  1.25730E-04
  2884.00000  7.85317E-02  7.11324E-02  4.24822E-03  2.59627E-03  4.29284E-04  1.25586E-04
  2885.00000  7.84619E-02  7.10697E-02  4.24466E-03  2.59322E-03  4.28925E-04  1.25441E-04
  2886.00000  7.83921E-02  7.10070E-02  4.24111E-03  2.59017E-03  4.28565E-04  1.25296E-04
  2887.00000  7.83224E-02  7.09444E-02  4.23756E-03  2.58713E-03  4.28207E-04  1.25152E-04
  2888.00000  7.82527E-02  7.08818E-02  4.23401E-03  2.58409E-03  4.27848E-04  1.25008E-04
  2889.00000  7.81831E-02  7.08193E-02  4.23046E-03  2.58105E-03  4.27490E-04  1.24864E-04
  2890.00000  7.81136E-02  7.07567E-02  4.22692E-03  2.57802E-03  4.27133E-04  1.24720E-04
  2891.00000  7.80440E-02  7.06943E-02  4.22339E-03  2.57500E-03  4.26775E-04  1.24577E-04
  2892.00000  7.79746E-02  7.06319E-02  4.21986E-03  2.57198E-03  4.26419E-04  1.24433E-04
  2893.00000  7.79051E-02  7.05695E-02  4.21633E-03  2.56896E-03  4.26062E-04  1.24290E-04
  2894.00000  7.78358E-02  7.05071E-02  4.21281E-03  2.56595E-03  4.25706E-04  1.24147E-04
  2895.00000  7.77664E-02  7.04448E-02  4.20929E-03  2.56295E-03  4.25351E-04  1.24004E-04
  2896.00000  7.76972E-02  7.03826E-02  4.20577E-03  2.55994E-03  4.24995E-04  1.23861E-04
  2897.00000  7.76279E-02  7.03204E-02  4.20226E-03  2.55694E-03  4.24641E-04  1.23719E-04
  2898.00000  7.75588E-02  7.02582E-02  4.19875E-03  2.55395E-03  4.24286E-04  1.23577E-04
  2899.00000  7.74897E-02  7.01961E-02  4.19525E-03  2.55096E-03  4.23932E-04  1.23434E-04
  2900.00000  7.74206E-02  7.01340E-02  4.19175E-03  2.54798E-03  4.23579E-04  1.23292E-04
  2901.00000  7.73516E-02  7.00720E-02  4.18825E-03  2.54500E-03  4.23225E-04  1.23151E-04
  2902.00000  7.72827E-02  7.00100E-02  4.18476E-03  2.54202E-03  4.22872E-04  1.23009E-04
  2903.00000  7.72138E-02  6.99480E-02  4.18127E-03  2.53905E-03  4.22520E-04  1.22868E-04
  2904.00000  7.71449E-02  6.98862E-02  4.17779E-03  2.53608E-03  4.22168E-04  1.22726E-04
  2905.00000  7.70761E-02  6.98243E-02  4.17431E-03  2.53312E-03  4.21816E-04  1.22585E-04
  2906.00000  7.70074E-02  6.97625E-02  4.17083E-03  2.53016E-03  4.21465E-04  1.22444E-04
  2907.00000  7.69387E-02  6.97008E-02  4.16736E-03  2.52721E-03  4.21114E-04  1.22304E-04
  2908.00000  7.68701E-02  6.96391E-02  4.16389E-03  2.52426E-03  4.20763E-04  1.22163E-04
  2909.00000  7.68016E-02  6.95774E-02  4.16043E-03  2.52131E-03  4.20413E-04  1.22023E-04
  2910.00000  7.67331E-02  6.95158E-02  4.15697E-03  2.51837E-03  4.20064E-04  1.21883E-04
  2911.00000  7.66647E-02  6.94543E-02  4.15351E-03  2.51543E-03  4.19714E-04  1.21743E-04
  2912.00000  7.65963E-02  6.93928E-02  4.15006E-03  2.51250E-03  4.19365E-04  1.21603E-04
  2913.00000  7.65280E-02  6.93314E-02  4.14661E-03  2.50957E-03  4.19017E-04  1.21463E-04
  2914.00000  7.64598E-02  6.92700E-02  4.14316E-03  2.50665E-03  4.18668E-04  1.21323E-04
  2915.00000  7.63916E-02  6.92087E-02  4.13972E-03  2.50373E-03  4.18320E-04  1.21184E-04
  2916.00000  7.63235E-02  6.91474E-02  4.13628E-03  2.50081E-03  4.17973E-04  1.21045E-04
  2917.00000  7.62555E-02  6.90862E-02  4.13285E-03  2.49790E-03  4.17626E-04  1.20906E-04
  2918.00000  7.61875E-02  6.90250E-02  4.12942E-03  2.49500E-03  4.17279E-04  1.20767E-04
  2919.00000  7.61196E-02  6.89639E-02  4.12599E-03  2.49209E-03  4.16933E-04  1.20628E-04
  2920.00000  7.60518E-02  6.89029E-02  4.12257E-03  2.48920E-03  4.16587E-04  1.20490E-04
  2921.00000  7.59840E-02  6.88419E-02  4.11915E-03  2.48630E-03  4.16241E-04  1.20351E-04
  2922.00000  7.59163E-02  6.87810E-02  4.11574E-03  2.48341E-03  4.15896E-04  1.20213E-04
  2923.00000  7.58487E-02  6.87202E-02  4.11233E-03  2.48053E-03  4.15551E-04  1.20075E-04
  2924.00000  7.57811E-02  6.86594E-02  4.10892E-03  2.47765E-03  4.15206E-04  1.19937E-04
  2925.00000  7.57137E-02  6.85987E-02  4.10552E-03  2.47477E-03  4.14862E-04  1.19800E-04
  2926.00000  7.56463E-02  6.85381E-02  4.10212E-03  2.47190E-03  4.14519E-04  1.19662E-04
  2927.00000  7.55789E-02  6.84775E-02  4.09872E-03  2.46903E-03  4.14175E-04  1.19525E-04
  2928.00000  7.55117E-02  6.84170E-02  4.09533E-03  2.46617E-03  4.13832E-04  1.19388E-04
  2929.00000  7.54445E-02  6.83565E-02  4.09194E-03  2.46331E-03  4.13489E-04  1.19251E-04
  2930.00000  7.53774E-02  6.82961E-02  4.08856E-03  2.46045E-03  4.13147E-04  1.19114E-04
  2931.00000  7.53104E-02  6.82358E-02  4.08518E-03  2.45760E-03  4.12805E-04  1.18977E-04
  2932.00000  7.52435E-02  6.81756E-02  4.08180E-03  2.45475E-03  4.12464E-04  1.18841E-04
  2933.00000  7.51766E-02  6.81155E-02  4.07843E-03  2.45191E-03  4.12122E-04  1.18704E-04
  2934.00000  7.51098E-02  6.80554E-02  4.07506E-03  2.44907E-03  4.11782E-04  1.18568E-04
  2935.00000  7.50432E-02  6.79954E-02  4.07169E-03  2.44623E-03  4.11441E-04  1.18432E-04
  2936.00000  7.49766E-02  6.79354E-02  4.06833E-03  2.44340E-03  4.11101E-04  1.18296E-04
  2937.00000  7.49100E-02  6.78756E-02  4.06498E-03  2.44058E-03  4.10761E-04  1.18160E-04
  2938.00000  7.48436E-02  6.78158E-02  4.06162E-03  2.43775E-03  4.10422E-04  1.18025E-04
  2939.00000  7.47773E-02  6.77561E-02  4.05827E-03  2.43493E-03  4.10083E-04  1.17890E-04
  2940.00000  7.47110E-02  6.76964E-02  4.05492E-03  2.43212E-03  4.09744E-04  1.17754E-04
  2941.00000  7.46448E-02  6.76369E-02  4.05158E-03  2.42931E-03  4.09406E-04  1.17619E-04
  2942.00000  7.45787E-02  6.75774E-02  4.04824E-03  2.42650E-03  4.09068E-04  1.17484E-04
  2943.00000  7.45127E-02  6.75180E-02  4.04491E-03  2.42370E-03  4.08731E-04  1.17350E-04
  2944.00000  7.44468E-02  6.74587E-02  4.04158E-03  2.42090E-03  4.08393E-04  1.17215E-04
  2945.00000  7.43810E-02  6.73995E-02  4.03825E-03  2.41811E-03  4.08057E-04  1.17081E-04
  2946.00000  7.43153E-02  6.73404E-02  4.03492E-03  2.41532E-03  4.07720E-04  1.16947E-04
  2947.00000  7.42496E-02  6.72813E-02  4.03160E-03  2.41253E-03  4.07384E-04  1.16813E-04
  2948.00000  7.41841E-02  6.72223E-02  4.02829E-03  2.40975E-03  4.07048E-04  1.16679E-04
  2949.00000  7.41186E-02  6.71634E-02  4.02497E-03  2.40697E-03  4.06713E-04  1.16545E-04
  2950.00000  7.40533E-02  6.71046E-02  4.02166E-03  2.40420E-03  4.06378E-04  1.16412E-04
  2951.00000  7.39880E-02  6.70459E-02  4.01836E-03  2.40143E-03  4.06043E-04  1.16279E-04
  2952.00000  7.39229E-02  6.69873E-02  4.01506E-03  2.39867E-03  4.05709E-04  1.16145E-04
  2953.00000  7.38578E-02  6.69287E-02  4.01176E-03  2.39590E-03  4.05375E-04  1.16012E-04
  2954.00000  7.37928E-02  6.68703E-02  4.00846E-03  2.39315E-03  4.05041E-04  1.15880E-04
  2955.00000  7.37279E-02  6.68119E-02  4.00517E-03  2.39039E-03  4.04708E-04  1.15747E-04
  2956.00000  7.36631E-02  6.67536E-02  4.00189E-03  2.38764E-03  4.04375E-04  1.15615E-04
  2957.00000  7.35985E-02  6.66954E-02  3.99860E-03  2.38490E-03  4.04042E-04  1.15482E-04
  2958.00000  7.35339E-02  6.66373E-02  3.99532E-03  2.38216E-03  4.03710E-04  1.15350E-04
  2959.00000  7.34694E-02  6.65793E-02  3.99205E-03  2.37942E-03  4.03378E-04  1.15218E-04
  2960.00000  7.34050E-02  6.65214E-02  3.98877E-03  2.37668E-03  4.03046E-04  1.15087E-04
  2961.00000  7.33407E-02  6.64635E-02  3.98551E-03  2.37395E-03  4.02715E-04  1.14955E-04
  2962.00000  7.32765E-02  6.64058E-02  3.98224E-03  2.37123E-03  4.02384E-04  1.14824E-04
  2963.00000  7.32124E-02  6.63481E-02  3.97898E-03  2.36851E-03  4.02054E-04  1.14693E-04
  2964.00000  7.31484E-02  6.62906E-02  3.97572E-03  2.36579E-03  4.01723E-04  1.14562E-04
  2965.00000  7.30845E-02  6.62331E-02  3.97247E-03  2.36307E-03  4.01393E-04  1.14431E-04
  2966.00000  7.30207E-02  6.61757E-02  3.96921E-03  2.36036E-03  4.01064E-04  1.14300E-04
  2967.00000  7.29570E-02  6.61184E-02  3.96597E-03  2.35766E-03  4.00735E-04  1.14170E-04
  2968.00000  7.28934E-02  6.60613E-02  3.96272E-03  2.35496E-03  4.00406E-04  1.14040E-04
  2969.00000  7.28299E-02  6.60041E-02  3.95948E-03  2.35226E-03  4.00078E-04  1.13910E-04
  2970.00000  7.27665E-02  6.59471E-02  3.95625E-03  2.34956E-03  3.99750E-04  1.13780E-04
  2971.00000  7.27032E-02  6.58902E-02  3.95301E-03  2.34687E-03  3.99422E-04  1.13650E-04
  2972.00000  7.26400E-02  6.58334E-02  3.94978E-03  2.34418E-03  3.99094E-04  1.13521E-04
  2973.00000  7.25769E-02  6.57767E-02  3.94656E-03  2.34150E-03  3.98767E-04  1.13392E-04
  2974.00000  7.25139E-02  6.57200E-02  3.94334E-03  2.33882E-03  3.98441E-04  1.13262E-04
  2975.00000  7.24510E-02  6.56635E-02  3.94012E-03  2.33615E-03  3.98114E-04  1.13134E-04
  2976.00000  7.23882E-02  6.56070E-02  3.93690E-03  2.33348E-03  3.97788E-04  1.13005E-04
  2977.00000  7.23255E-02  6.55506E-02  3.93369E-03  2.33081E-03  3.97462E-04  1.12876E-04
  2978.00000  7.22629E-02  6.54944E-02  3.93048E-03  2.32815E-03  3.97137E-04  1.12748E-04
  2979.00000  7.22004E-02  6.54382E-02  3.92728E-03  2.32549E-03  3.96812E-04  1.12620E-04
  2980.00000  7.21380E-02  6.53821E-02  3.92408E-03  2.32283E-03  3.96487E-04  1.12492E-04
  2981.00000  7.20757E-02  6.53261E-02  3.92088E-03  2.32018E-03  3.96163E-04  1.12364E-04
  2982.00000  7.20135E-02  6.52702E-02  3.91769E-03  2.31753E-03  3.95839E-04  1.12237E-04
  2983.00000  7.19514E-02  6.52144E-02  3.91450E-03  2.31488E-03  3.95516E-04  1.12109E-04
  2984.00000  7.18894E-02  6.51587E-02  3.91131E-03  2.31224E-03  3.95192E-04  1.11982E-04
  2985.00000  7.18275E-02  6.51030E-02  3.90813E-03  2.30961E-03  3.94869E-04  1.11855E-04
  2986.00000  7.17657E-02  6.50475E-02  3.90495E-03  2.30697E-03  3.94547E-04  1.11728E-04
  2987.00000  7.17040E-02  6.49920E-02  3.90177E-03  2.30434E-03  3.94225E-04  1.11602E-04
  2988.00000  7.16424E-02  6.49367E-02  3.89860E-03  2.30172E-03  3.93903E-04  1.11475E-04
  2989.00000  7.15809E-02  6.48814E-02  3.89543E-03  2.29910E-03  3.93581E-04  1.11349E-04
  2990.00000  7.15195E-02  6.48262E-02  3.89226E-03  2.29648E-03  3.93260E-04  1.11223E-04
  2991.00000  7.14582E-02  6.47712E-02  3.88910E-03  2.29386E-03  3.92939E-04  1.11097E-04
  2992.00000  7.13969E-02  6.47162E-02  3.88594E-03  2.29125E-03  3.92618E-04  1.10972E-04
  2993.00000  7.13358E-02  6.46612E-02  3.88279E-03  2.28865E-03  3.92298E-04  1.10846E-04
  2994.00000  7.12748E-02  6.46064E-02  3.87964E-03  2.28604E-03  3.91978E-04  1.10721E-04
  2995.00000  7.12139E-02  6.45517E-02  3.87649E-03  2.28344E-03  3.91659E-04  1.10596E-04
  2996.00000  7.11530E-02  6.44970E-02  3.87334E-03  2.28085E-03  3.91340E-04  1.10471E-04
  2997.00000  7.10923E-02  6.44425E-02  3.87020E-03  2.27826E-03  3.91021E-04  1.10346E-04
  2998.00000  7.10317E-02  6.43880E-02  3.86706E-03  2.27567E-03  3.90702E-04  1.10222E-04
  2999.00000  7.09711E-02  6.43336E-02  3.86393E-03  2.27308E-03  3.90384E-04  1.10098E-04
  3000.00000  7.09106E-02  6.42793E-02  3.86080E-03  2.27050E-03  3.90066E-04  1.09974E-04


#
# Current date/time  : 15-Sep-2026 10:22:41
# elapsed real time  : 26.85 seconds on max-exfl-display002.desy.de
# Job time(CPU_time) : 34.24 seconds on max-exfl-display002.desy.de
