# ---------------------------------------------------------------------
# XATOM HFS : electronic structure of atoms and more, v2.0.0-15-g9da229
#
# Job started at  : 15-Sep-2026 10:00:48
# ---------------------------------------------------------------------
# Atom: C
#   nuclear charge:    6
#   total electrons:   6
#   total charge:     +0
#   configuration: 1s2_2s2_2p2
#
# Computational method:
#   exchange functional: Slater (Latter tail correction)
#   correlation functional: none
#
# Grid for the spherical coordinate:
#   N =  200
#   L parameter =      1.0
#   Rmax(a.u.)  =     50.0
#   lmax  =    1
#
# SCF converged after   22 iterations
#   energy convergence  = -4.464E-08
#   density convergence =  3.463E-09
#
# Energies: 
# - zeroth-order energy (a.u.):
#   SUM of E_orb   =     -23.32870033  [      -634.81 eV ]
#   (SUM of E_kin) =      39.06842608
#   (Effec. pot E) =     -62.39712641
#
# - first-order energy (a.u.): with DFT formula
#   Kinetic E      =      39.06842608
#   E Latter corr  =      -0.05883079
#   Nuc-Elec pot E =     -89.83818333    One-Elec E =     -50.82858803
#
#   Hartree E      =      18.23685185
#   Exchange E     =      -6.73036200
#   Correlation E  =       0.00000000    Two-Elec E =      11.50648985
#   ---------------------------------
#   Total Energy   =     -39.32209818  [     -1070.01 eV ]
#
#                E(0)        E(1)
# |E_TOT|     -634.81    -1070.01
#
# Orbital energies: 
#        n_occ        E(a.u.)          E(eV)         KE(eV)
#   1s       2   -10.68941128    -290.873669     446.366327
#   2s       2    -0.64472334     -17.543814      48.276022
#   2p       2    -0.33021555      -8.985622      36.910612
#
#              1s        2s        2p
# |SCF|   -290.87    -17.54     -8.99
#
# Radial wavefunction information (a.u.): (r_m: r_max where |u(r)| >  1.0E-08)
#              <r>       <r^2>         r_m   norm. err
#   1s       0.266       0.096       4.585     9.9E-09
#   2s       1.528       2.841      19.490    -4.8E-08
#   2p       1.728       3.962      27.305    -1.6E-08
#
# Uniform grid parameters for continuum states:
#   N_uniform             =    5473
#   continuum_rmax(a.u.)  =      27.367 (internally determined)
#   dr(a.u.)              =   5.00E-03
#   threshold to determine r_m =   1.00E-08
#   continuum_rmax is just right next to r_m in radial grid.
#
# Photoabsorption cross section (in Mb):
P.E.(eV)        Total          1s           2s           2p 
     0.00000  0.00000E+00  0.00000E+00  0.00000E+00  0.00000E+00
     1.00000  0.00000E+00  0.00000E+00  0.00000E+00  0.00000E+00
     2.00000  0.00000E+00  0.00000E+00  0.00000E+00  0.00000E+00
     3.00000  0.00000E+00  0.00000E+00  0.00000E+00  0.00000E+00
     4.00000  0.00000E+00  0.00000E+00  0.00000E+00  0.00000E+00
     5.00000  0.00000E+00  0.00000E+00  0.00000E+00  0.00000E+00
     6.00000  0.00000E+00  0.00000E+00  0.00000E+00  0.00000E+00
     7.00000  0.00000E+00  0.00000E+00  0.00000E+00  0.00000E+00
     8.00000  0.00000E+00  0.00000E+00  0.00000E+00  0.00000E+00
     9.00000  1.31929E+01  0.00000E+00  0.00000E+00  1.31929E+01
    10.00000  1.27859E+01  0.00000E+00  0.00000E+00  1.27859E+01
    11.00000  1.21406E+01  0.00000E+00  0.00000E+00  1.21406E+01
    12.00000  1.14144E+01  0.00000E+00  0.00000E+00  1.14144E+01
    13.00000  1.06804E+01  0.00000E+00  0.00000E+00  1.06804E+01
    14.00000  9.97228E+00  0.00000E+00  0.00000E+00  9.97228E+00
    15.00000  9.30459E+00  0.00000E+00  0.00000E+00  9.30459E+00
    16.00000  8.68215E+00  0.00000E+00  0.00000E+00  8.68215E+00
    17.00000  8.10511E+00  0.00000E+00  0.00000E+00  8.10511E+00
    18.00000  8.51455E+00  0.00000E+00  9.43092E-01  7.57145E+00
    19.00000  8.13577E+00  0.00000E+00  1.05757E+00  7.07820E+00
    20.00000  7.77114E+00  0.00000E+00  1.14902E+00  6.62211E+00
    21.00000  7.42048E+00  0.00000E+00  1.22048E+00  6.20000E+00
    22.00000  7.08389E+00  0.00000E+00  1.27501E+00  5.80887E+00
    23.00000  6.76140E+00  0.00000E+00  1.31540E+00  5.44600E+00
    24.00000  6.45301E+00  0.00000E+00  1.34408E+00  5.10893E+00
    25.00000  6.15859E+00  0.00000E+00  1.36313E+00  4.79547E+00
    26.00000  5.87793E+00  0.00000E+00  1.37426E+00  4.50366E+00
    27.00000  5.61071E+00  0.00000E+00  1.37894E+00  4.23178E+00
    28.00000  5.35658E+00  0.00000E+00  1.37833E+00  3.97825E+00
    29.00000  5.11511E+00  0.00000E+00  1.37343E+00  3.74168E+00
    30.00000  4.88585E+00  0.00000E+00  1.36504E+00  3.52081E+00
    31.00000  4.66833E+00  0.00000E+00  1.35383E+00  3.31450E+00
    32.00000  4.46205E+00  0.00000E+00  1.34034E+00  3.12171E+00
    33.00000  4.26651E+00  0.00000E+00  1.32503E+00  2.94149E+00
    34.00000  4.08122E+00  0.00000E+00  1.30826E+00  2.77296E+00
    35.00000  3.90569E+00  0.00000E+00  1.29035E+00  2.61533E+00
    36.00000  3.73941E+00  0.00000E+00  1.27155E+00  2.46786E+00
    37.00000  3.58193E+00  0.00000E+00  1.25208E+00  2.32985E+00
    38.00000  3.43277E+00  0.00000E+00  1.23210E+00  2.20067E+00
    39.00000  3.29148E+00  0.00000E+00  1.21176E+00  2.07972E+00
    40.00000  3.15763E+00  0.00000E+00  1.19118E+00  1.96645E+00
    41.00000  3.03081E+00  0.00000E+00  1.17047E+00  1.86035E+00
    42.00000  2.91062E+00  0.00000E+00  1.14970E+00  1.76092E+00
    43.00000  2.79668E+00  0.00000E+00  1.12895E+00  1.66773E+00
    44.00000  2.68863E+00  0.00000E+00  1.10827E+00  1.58036E+00
    45.00000  2.58613E+00  0.00000E+00  1.08772E+00  1.49841E+00
    46.00000  2.48885E+00  0.00000E+00  1.06732E+00  1.42153E+00
    47.00000  2.39648E+00  0.00000E+00  1.04712E+00  1.34936E+00
    48.00000  2.30874E+00  0.00000E+00  1.02714E+00  1.28160E+00
    49.00000  2.22535E+00  0.00000E+00  1.00740E+00  1.21795E+00
    50.00000  2.14606E+00  0.00000E+00  9.87921E-01  1.15814E+00
    51.00000  2.07062E+00  0.00000E+00  9.68719E-01  1.10190E+00
    52.00000  1.99881E+00  0.00000E+00  9.49805E-01  1.04900E+00
    53.00000  1.93041E+00  0.00000E+00  9.31188E-01  9.99226E-01
    54.00000  1.86524E+00  0.00000E+00  9.12877E-01  9.52359E-01
    55.00000  1.80309E+00  0.00000E+00  8.94875E-01  9.08211E-01
    56.00000  1.74379E+00  0.00000E+00  8.77189E-01  8.66602E-01
    57.00000  1.68719E+00  0.00000E+00  8.59819E-01  8.27367E-01
    58.00000  1.63312E+00  0.00000E+00  8.42769E-01  7.90351E-01
    59.00000  1.58145E+00  0.00000E+00  8.26038E-01  7.55409E-01
    60.00000  1.53203E+00  0.00000E+00  8.09627E-01  7.22408E-01
    61.00000  1.48476E+00  0.00000E+00  7.93535E-01  6.91222E-01
    62.00000  1.43950E+00  0.00000E+00  7.77761E-01  6.61735E-01
    63.00000  1.39614E+00  0.00000E+00  7.62302E-01  6.33840E-01
    64.00000  1.35459E+00  0.00000E+00  7.47157E-01  6.07436E-01
    65.00000  1.31475E+00  0.00000E+00  7.32323E-01  5.82429E-01
    66.00000  1.27653E+00  0.00000E+00  7.17796E-01  5.58733E-01
    67.00000  1.23984E+00  0.00000E+00  7.03573E-01  5.36267E-01
    68.00000  1.20461E+00  0.00000E+00  6.89652E-01  5.14954E-01
    69.00000  1.17075E+00  0.00000E+00  6.76026E-01  4.94725E-01
    70.00000  1.13821E+00  0.00000E+00  6.62694E-01  4.75515E-01
    71.00000  1.10691E+00  0.00000E+00  6.49650E-01  4.57261E-01
    72.00000  1.07680E+00  0.00000E+00  6.36891E-01  4.39907E-01
    73.00000  1.04781E+00  0.00000E+00  6.24411E-01  4.23400E-01
    74.00000  1.01990E+00  0.00000E+00  6.12207E-01  4.07691E-01
    75.00000  9.93004E-01  0.00000E+00  6.00273E-01  3.92731E-01
    76.00000  9.67085E-01  0.00000E+00  5.88605E-01  3.78480E-01
    77.00000  9.42093E-01  0.00000E+00  5.77198E-01  3.64895E-01
    78.00000  9.17987E-01  0.00000E+00  5.66047E-01  3.51940E-01
    79.00000  8.94726E-01  0.00000E+00  5.55148E-01  3.39578E-01
    80.00000  8.72273E-01  0.00000E+00  5.44496E-01  3.27778E-01
    81.00000  8.50592E-01  0.00000E+00  5.34085E-01  3.16507E-01
    82.00000  8.29648E-01  0.00000E+00  5.23911E-01  3.05737E-01
    83.00000  8.09410E-01  0.00000E+00  5.13969E-01  2.95441E-01
    84.00000  7.89848E-01  0.00000E+00  5.04255E-01  2.85593E-01
    85.00000  7.70932E-01  0.00000E+00  4.94763E-01  2.76169E-01
    86.00000  7.52636E-01  0.00000E+00  4.85489E-01  2.67147E-01
    87.00000  7.34934E-01  0.00000E+00  4.76427E-01  2.58507E-01
    88.00000  7.17802E-01  0.00000E+00  4.67574E-01  2.50227E-01
    89.00000  7.01215E-01  0.00000E+00  4.58925E-01  2.42290E-01
    90.00000  6.85153E-01  0.00000E+00  4.50475E-01  2.34678E-01
    91.00000  6.69594E-01  0.00000E+00  4.42219E-01  2.27375E-01
    92.00000  6.54518E-01  0.00000E+00  4.34153E-01  2.20365E-01
    93.00000  6.39907E-01  0.00000E+00  4.26273E-01  2.13634E-01
    94.00000  6.25742E-01  0.00000E+00  4.18574E-01  2.07168E-01
    95.00000  6.12006E-01  0.00000E+00  4.11051E-01  2.00955E-01
    96.00000  5.98683E-01  0.00000E+00  4.03702E-01  1.94981E-01
    97.00000  5.85757E-01  0.00000E+00  3.96521E-01  1.89236E-01
    98.00000  5.73213E-01  0.00000E+00  3.89504E-01  1.83709E-01
    99.00000  5.61038E-01  0.00000E+00  3.82648E-01  1.78389E-01
   100.00000  5.49217E-01  0.00000E+00  3.75949E-01  1.73268E-01
   101.00000  5.37737E-01  0.00000E+00  3.69402E-01  1.68335E-01
   102.00000  5.26586E-01  0.00000E+00  3.63003E-01  1.63583E-01
   103.00000  5.15753E-01  0.00000E+00  3.56750E-01  1.59003E-01
   104.00000  5.05226E-01  0.00000E+00  3.50639E-01  1.54587E-01
   105.00000  4.94994E-01  0.00000E+00  3.44665E-01  1.50328E-01
   106.00000  4.85046E-01  0.00000E+00  3.38826E-01  1.46220E-01
   107.00000  4.75373E-01  0.00000E+00  3.33118E-01  1.42255E-01
   108.00000  4.65965E-01  0.00000E+00  3.27537E-01  1.38428E-01
   109.00000  4.56813E-01  0.00000E+00  3.22081E-01  1.34732E-01
   110.00000  4.47909E-01  0.00000E+00  3.16747E-01  1.31162E-01
   111.00000  4.39244E-01  0.00000E+00  3.11530E-01  1.27713E-01
   112.00000  4.30809E-01  0.00000E+00  3.06429E-01  1.24380E-01
   113.00000  4.22597E-01  0.00000E+00  3.01440E-01  1.21157E-01
   114.00000  4.14601E-01  0.00000E+00  2.96560E-01  1.18041E-01
   115.00000  4.06814E-01  0.00000E+00  2.91787E-01  1.15027E-01
   116.00000  3.99228E-01  0.00000E+00  2.87117E-01  1.12111E-01
   117.00000  3.91838E-01  0.00000E+00  2.82549E-01  1.09289E-01
   118.00000  3.84636E-01  0.00000E+00  2.78079E-01  1.06558E-01
   119.00000  3.77617E-01  0.00000E+00  2.73705E-01  1.03913E-01
   120.00000  3.70775E-01  0.00000E+00  2.69424E-01  1.01351E-01
   121.00000  3.64104E-01  0.00000E+00  2.65234E-01  9.88702E-02
   122.00000  3.57600E-01  0.00000E+00  2.61133E-01  9.64661E-02
   123.00000  3.51255E-01  0.00000E+00  2.57119E-01  9.41362E-02
   124.00000  3.45066E-01  0.00000E+00  2.53189E-01  9.18777E-02
   125.00000  3.39028E-01  0.00000E+00  2.49341E-01  8.96879E-02
   126.00000  3.33136E-01  0.00000E+00  2.45572E-01  8.75643E-02
   127.00000  3.27386E-01  0.00000E+00  2.41882E-01  8.55044E-02
   128.00000  3.21773E-01  0.00000E+00  2.38267E-01  8.35060E-02
   129.00000  3.16294E-01  0.00000E+00  2.34727E-01  8.15667E-02
   130.00000  3.10943E-01  0.00000E+00  2.31258E-01  7.96846E-02
   131.00000  3.05718E-01  0.00000E+00  2.27860E-01  7.78575E-02
   132.00000  3.00614E-01  0.00000E+00  2.24530E-01  7.60835E-02
   133.00000  2.95628E-01  0.00000E+00  2.21267E-01  7.43607E-02
   134.00000  2.90757E-01  0.00000E+00  2.18069E-01  7.26874E-02
   135.00000  2.85997E-01  0.00000E+00  2.14935E-01  7.10619E-02
   136.00000  2.81344E-01  0.00000E+00  2.11862E-01  6.94824E-02
   137.00000  2.76797E-01  0.00000E+00  2.08849E-01  6.79475E-02
   138.00000  2.72351E-01  0.00000E+00  2.05896E-01  6.64556E-02
   139.00000  2.68004E-01  0.00000E+00  2.02999E-01  6.50052E-02
   140.00000  2.63754E-01  0.00000E+00  2.00159E-01  6.35950E-02
   141.00000  2.59596E-01  0.00000E+00  1.97373E-01  6.22237E-02
   142.00000  2.55530E-01  0.00000E+00  1.94640E-01  6.08898E-02
   143.00000  2.51551E-01  0.00000E+00  1.91959E-01  5.95923E-02
   144.00000  2.47658E-01  0.00000E+00  1.89328E-01  5.83300E-02
   145.00000  2.43849E-01  0.00000E+00  1.86747E-01  5.71016E-02
   146.00000  2.40120E-01  0.00000E+00  1.84214E-01  5.59060E-02
   147.00000  2.36471E-01  0.00000E+00  1.81729E-01  5.47424E-02
   148.00000  2.32898E-01  0.00000E+00  1.79289E-01  5.36095E-02
   149.00000  2.29400E-01  0.00000E+00  1.76893E-01  5.25065E-02
   150.00000  2.25974E-01  0.00000E+00  1.74542E-01  5.14324E-02
   151.00000  2.22620E-01  0.00000E+00  1.72233E-01  5.03864E-02
   152.00000  2.19334E-01  0.00000E+00  1.69966E-01  4.93674E-02
   153.00000  2.16115E-01  0.00000E+00  1.67740E-01  4.83748E-02
   154.00000  2.12961E-01  0.00000E+00  1.65553E-01  4.74076E-02
   155.00000  2.09871E-01  0.00000E+00  1.63406E-01  4.64652E-02
   156.00000  2.06843E-01  0.00000E+00  1.61296E-01  4.55467E-02
   157.00000  2.03875E-01  0.00000E+00  1.59223E-01  4.46515E-02
   158.00000  2.00965E-01  0.00000E+00  1.57187E-01  4.37788E-02
   159.00000  1.98114E-01  0.00000E+00  1.55186E-01  4.29280E-02
   160.00000  1.95317E-01  0.00000E+00  1.53219E-01  4.20983E-02
   161.00000  1.92576E-01  0.00000E+00  1.51286E-01  4.12893E-02
   162.00000  1.89887E-01  0.00000E+00  1.49387E-01  4.05001E-02
   163.00000  1.87250E-01  0.00000E+00  1.47520E-01  3.97304E-02
   164.00000  1.84664E-01  0.00000E+00  1.45684E-01  3.89795E-02
   165.00000  1.82126E-01  0.00000E+00  1.43879E-01  3.82468E-02
   166.00000  1.79637E-01  0.00000E+00  1.42105E-01  3.75319E-02
   167.00000  1.77194E-01  0.00000E+00  1.40360E-01  3.68341E-02
   168.00000  1.74797E-01  0.00000E+00  1.38644E-01  3.61531E-02
   169.00000  1.72445E-01  0.00000E+00  1.36957E-01  3.54883E-02
   170.00000  1.70136E-01  0.00000E+00  1.35297E-01  3.48394E-02
   171.00000  1.67870E-01  0.00000E+00  1.33664E-01  3.42057E-02
   172.00000  1.65645E-01  0.00000E+00  1.32058E-01  3.35870E-02
   173.00000  1.63461E-01  0.00000E+00  1.30478E-01  3.29827E-02
   174.00000  1.61316E-01  0.00000E+00  1.28923E-01  3.23925E-02
   175.00000  1.59210E-01  0.00000E+00  1.27394E-01  3.18160E-02
   176.00000  1.57141E-01  0.00000E+00  1.25888E-01  3.12529E-02
   177.00000  1.55110E-01  0.00000E+00  1.24407E-01  3.07026E-02
   178.00000  1.53114E-01  0.00000E+00  1.22949E-01  3.01650E-02
   179.00000  1.51154E-01  0.00000E+00  1.21514E-01  2.96396E-02
   180.00000  1.49228E-01  0.00000E+00  1.20102E-01  2.91261E-02
   181.00000  1.47336E-01  0.00000E+00  1.18711E-01  2.86242E-02
   182.00000  1.45476E-01  0.00000E+00  1.17343E-01  2.81336E-02
   183.00000  1.43649E-01  0.00000E+00  1.15995E-01  2.76539E-02
   184.00000  1.41853E-01  0.00000E+00  1.14668E-01  2.71849E-02
   185.00000  1.40088E-01  0.00000E+00  1.13362E-01  2.67262E-02
   186.00000  1.38353E-01  0.00000E+00  1.12075E-01  2.62777E-02
   187.00000  1.36647E-01  0.00000E+00  1.10808E-01  2.58390E-02
   188.00000  1.34971E-01  0.00000E+00  1.09561E-01  2.54099E-02
   189.00000  1.33322E-01  0.00000E+00  1.08332E-01  2.49900E-02
   190.00000  1.31701E-01  0.00000E+00  1.07122E-01  2.45793E-02
   191.00000  1.30107E-01  0.00000E+00  1.05929E-01  2.41774E-02
   192.00000  1.28539E-01  0.00000E+00  1.04755E-01  2.37841E-02
   193.00000  1.26997E-01  0.00000E+00  1.03598E-01  2.33992E-02
   194.00000  1.25481E-01  0.00000E+00  1.02458E-01  2.30225E-02
   195.00000  1.23989E-01  0.00000E+00  1.01335E-01  2.26537E-02
   196.00000  1.22521E-01  0.00000E+00  1.00229E-01  2.22927E-02
   197.00000  1.21078E-01  0.00000E+00  9.91383E-02  2.19392E-02
   198.00000  1.19657E-01  0.00000E+00  9.80639E-02  2.15932E-02
   199.00000  1.18259E-01  0.00000E+00  9.70052E-02  2.12543E-02
   200.00000  1.16884E-01  0.00000E+00  9.59617E-02  2.09223E-02
   201.00000  1.15531E-01  0.00000E+00  9.49334E-02  2.05973E-02
   202.00000  1.14199E-01  0.00000E+00  9.39199E-02  2.02788E-02
   203.00000  1.12888E-01  0.00000E+00  9.29209E-02  1.99669E-02
   204.00000  1.11597E-01  0.00000E+00  9.19361E-02  1.96612E-02
   205.00000  1.10327E-01  0.00000E+00  9.09655E-02  1.93618E-02
   206.00000  1.09077E-01  0.00000E+00  9.00086E-02  1.90683E-02
   207.00000  1.07846E-01  0.00000E+00  8.90652E-02  1.87807E-02
   208.00000  1.06634E-01  0.00000E+00  8.81352E-02  1.84988E-02
   209.00000  1.05441E-01  0.00000E+00  8.72182E-02  1.82225E-02
   210.00000  1.04266E-01  0.00000E+00  8.63141E-02  1.79516E-02
   211.00000  1.03109E-01  0.00000E+00  8.54226E-02  1.76861E-02
   212.00000  1.01969E-01  0.00000E+00  8.45436E-02  1.74257E-02
   213.00000  1.00847E-01  0.00000E+00  8.36767E-02  1.71704E-02
   214.00000  9.97419E-02  0.00000E+00  8.28219E-02  1.69200E-02
   215.00000  9.86532E-02  0.00000E+00  8.19788E-02  1.66744E-02
   216.00000  9.75809E-02  0.00000E+00  8.11474E-02  1.64335E-02
   217.00000  9.65246E-02  0.00000E+00  8.03274E-02  1.61972E-02
   218.00000  9.54840E-02  0.00000E+00  7.95186E-02  1.59654E-02
   219.00000  9.44588E-02  0.00000E+00  7.87208E-02  1.57380E-02
   220.00000  9.34487E-02  0.00000E+00  7.79339E-02  1.55149E-02
   221.00000  9.24535E-02  0.00000E+00  7.71576E-02  1.52959E-02
   222.00000  9.14729E-02  0.00000E+00  7.63919E-02  1.50810E-02
   223.00000  9.05065E-02  0.00000E+00  7.56364E-02  1.48701E-02
   224.00000  8.95542E-02  0.00000E+00  7.48912E-02  1.46630E-02
   225.00000  8.86157E-02  0.00000E+00  7.41559E-02  1.44598E-02
   226.00000  8.76908E-02  0.00000E+00  7.34304E-02  1.42603E-02
   227.00000  8.67791E-02  0.00000E+00  7.27146E-02  1.40644E-02
   228.00000  8.58805E-02  0.00000E+00  7.20084E-02  1.38721E-02
   229.00000  8.49947E-02  0.00000E+00  7.13115E-02  1.36833E-02
   230.00000  8.41215E-02  0.00000E+00  7.06238E-02  1.34978E-02
   231.00000  8.32607E-02  0.00000E+00  6.99451E-02  1.33156E-02
   232.00000  8.24121E-02  0.00000E+00  6.92754E-02  1.31367E-02
   233.00000  8.15754E-02  0.00000E+00  6.86145E-02  1.29609E-02
   234.00000  8.07504E-02  0.00000E+00  6.79622E-02  1.27882E-02
   235.00000  7.99369E-02  0.00000E+00  6.73183E-02  1.26186E-02
   236.00000  7.91348E-02  0.00000E+00  6.66829E-02  1.24519E-02
   237.00000  7.83438E-02  0.00000E+00  6.60557E-02  1.22881E-02
   238.00000  7.75637E-02  0.00000E+00  6.54366E-02  1.21271E-02
   239.00000  7.67944E-02  0.00000E+00  6.48255E-02  1.19689E-02
   240.00000  7.60357E-02  0.00000E+00  6.42222E-02  1.18134E-02
   241.00000  7.52873E-02  0.00000E+00  6.36267E-02  1.16606E-02
   242.00000  7.45491E-02  0.00000E+00  6.30388E-02  1.15103E-02
   243.00000  7.38210E-02  0.00000E+00  6.24583E-02  1.13626E-02
   244.00000  7.31027E-02  0.00000E+00  6.18853E-02  1.12174E-02
   245.00000  7.23941E-02  0.00000E+00  6.13195E-02  1.10746E-02
   246.00000  7.16950E-02  0.00000E+00  6.07609E-02  1.09342E-02
   247.00000  7.10053E-02  0.00000E+00  6.02092E-02  1.07961E-02
   248.00000  7.03248E-02  0.00000E+00  5.96646E-02  1.06603E-02
   249.00000  6.96534E-02  0.00000E+00  5.91267E-02  1.05267E-02
   250.00000  6.89909E-02  0.00000E+00  5.85956E-02  1.03953E-02
   251.00000  6.83371E-02  0.00000E+00  5.80711E-02  1.02660E-02
   252.00000  6.76920E-02  0.00000E+00  5.75531E-02  1.01389E-02
   253.00000  6.70553E-02  0.00000E+00  5.70415E-02  1.00138E-02
   254.00000  6.64270E-02  0.00000E+00  5.65362E-02  9.89072E-03
   255.00000  6.58068E-02  0.00000E+00  5.60372E-02  9.76960E-03
   256.00000  6.51947E-02  0.00000E+00  5.55443E-02  9.65042E-03
   257.00000  6.45905E-02  0.00000E+00  5.50574E-02  9.53313E-03
   258.00000  6.39942E-02  0.00000E+00  5.45765E-02  9.41770E-03
   259.00000  6.34055E-02  0.00000E+00  5.41014E-02  9.30408E-03
   260.00000  6.28243E-02  0.00000E+00  5.36321E-02  9.19223E-03
   261.00000  6.22506E-02  0.00000E+00  5.31684E-02  9.08214E-03
   262.00000  6.16841E-02  0.00000E+00  5.27104E-02  8.97375E-03
   263.00000  6.11249E-02  0.00000E+00  5.22579E-02  8.86703E-03
   264.00000  6.05727E-02  0.00000E+00  5.18108E-02  8.76196E-03
   265.00000  6.00275E-02  0.00000E+00  5.13690E-02  8.65850E-03
   266.00000  5.94891E-02  0.00000E+00  5.09325E-02  8.55662E-03
   267.00000  5.89575E-02  0.00000E+00  5.05012E-02  8.45628E-03
   268.00000  5.84325E-02  0.00000E+00  5.00750E-02  8.35747E-03
   269.00000  5.79140E-02  0.00000E+00  4.96539E-02  8.26014E-03
   270.00000  5.74019E-02  0.00000E+00  4.92377E-02  8.16428E-03
   271.00000  5.68962E-02  0.00000E+00  4.88263E-02  8.06986E-03
   272.00000  5.63967E-02  0.00000E+00  4.84198E-02  7.97684E-03
   273.00000  5.59033E-02  0.00000E+00  4.80181E-02  7.88520E-03
   274.00000  5.54159E-02  0.00000E+00  4.76210E-02  7.79492E-03
   275.00000  5.49345E-02  0.00000E+00  4.72285E-02  7.70597E-03
   276.00000  5.44589E-02  0.00000E+00  4.68406E-02  7.61832E-03
   277.00000  5.39890E-02  0.00000E+00  4.64571E-02  7.53196E-03
   278.00000  5.35249E-02  0.00000E+00  4.60780E-02  7.44685E-03
   279.00000  5.30663E-02  0.00000E+00  4.57033E-02  7.36298E-03
   280.00000  5.26131E-02  0.00000E+00  4.53328E-02  7.28032E-03
   281.00000  5.21654E-02  0.00000E+00  4.49666E-02  7.19885E-03
   282.00000  5.17230E-02  0.00000E+00  4.46045E-02  7.11855E-03
   283.00000  5.12859E-02  0.00000E+00  4.42465E-02  7.03940E-03
   284.00000  5.08539E-02  0.00000E+00  4.38925E-02  6.96137E-03
   285.00000  5.04270E-02  0.00000E+00  4.35425E-02  6.88444E-03
   286.00000  5.00051E-02  0.00000E+00  4.31965E-02  6.80861E-03
   287.00000  4.95881E-02  0.00000E+00  4.28542E-02  6.73384E-03
   288.00000  4.91759E-02  0.00000E+00  4.25158E-02  6.66011E-03
   289.00000  4.87686E-02  0.00000E+00  4.21812E-02  6.58742E-03
   290.00000  4.83659E-02  0.00000E+00  4.18502E-02  6.51573E-03
   291.00000  1.00603E+00  9.58065E-01  4.15229E-02  6.44504E-03
   292.00000  9.90752E-01  9.43177E-01  4.11992E-02  6.37533E-03
   293.00000  9.76304E-01  9.29119E-01  4.08790E-02  6.30657E-03
   294.00000  9.62787E-01  9.15986E-01  4.05623E-02  6.23876E-03
   295.00000  9.50248E-01  9.03827E-01  4.02490E-02  6.17187E-03
   296.00000  9.38651E-01  8.92606E-01  3.99392E-02  6.10590E-03
   297.00000  9.27947E-01  8.82273E-01  3.96326E-02  6.04082E-03
   298.00000  9.18063E-01  8.72757E-01  3.93294E-02  5.97662E-03
   299.00000  9.08925E-01  8.63982E-01  3.90294E-02  5.91329E-03
   300.00000  9.00459E-01  8.55876E-01  3.87327E-02  5.85080E-03
   301.00000  8.92593E-01  8.48365E-01  3.84390E-02  5.78916E-03
   302.00000  8.85261E-01  8.41384E-01  3.81485E-02  5.72834E-03
   303.00000  8.78401E-01  8.34872E-01  3.78611E-02  5.66833E-03
   304.00000  8.71958E-01  8.28772E-01  3.75767E-02  5.60912E-03
   305.00000  8.65882E-01  8.23036E-01  3.72953E-02  5.55069E-03
   306.00000  8.60128E-01  8.17618E-01  3.70168E-02  5.49303E-03
   307.00000  8.54654E-01  8.12477E-01  3.67413E-02  5.43613E-03
   308.00000  8.49424E-01  8.07575E-01  3.64686E-02  5.37998E-03
   309.00000  8.44405E-01  8.02882E-01  3.61987E-02  5.32455E-03
   310.00000  8.39568E-01  7.98366E-01  3.59316E-02  5.26986E-03
   311.00000  8.34886E-01  7.94003E-01  3.56673E-02  5.21587E-03
   312.00000  8.30336E-01  7.89768E-01  3.54056E-02  5.16257E-03
   313.00000  8.25897E-01  7.85641E-01  3.51467E-02  5.10997E-03
   314.00000  8.21551E-01  7.81602E-01  3.48903E-02  5.05804E-03
   315.00000  8.17280E-01  7.77636E-01  3.46366E-02  5.00678E-03
   316.00000  8.13070E-01  7.73728E-01  3.43855E-02  4.95617E-03
   317.00000  8.08908E-01  7.69865E-01  3.41368E-02  4.90620E-03
   318.00000  8.04783E-01  7.66035E-01  3.38907E-02  4.85687E-03
   319.00000  8.00685E-01  7.62229E-01  3.36470E-02  4.80817E-03
   320.00000  7.96604E-01  7.58438E-01  3.34058E-02  4.76007E-03
   321.00000  7.92534E-01  7.54655E-01  3.31670E-02  4.71259E-03
   322.00000  7.88468E-01  7.50872E-01  3.29305E-02  4.66569E-03
   323.00000  7.84401E-01  7.47085E-01  3.26963E-02  4.61939E-03
   324.00000  7.80327E-01  7.43289E-01  3.24645E-02  4.57366E-03
   325.00000  7.76244E-01  7.39481E-01  3.22350E-02  4.52850E-03
   326.00000  7.72148E-01  7.35656E-01  3.20076E-02  4.48390E-03
   327.00000  7.68036E-01  7.31814E-01  3.17825E-02  4.43986E-03
   328.00000  7.63907E-01  7.27951E-01  3.15596E-02  4.39636E-03
   329.00000  7.59760E-01  7.24068E-01  3.13389E-02  4.35339E-03
   330.00000  7.55593E-01  7.20162E-01  3.11202E-02  4.31095E-03
   331.00000  7.51407E-01  7.16234E-01  3.09037E-02  4.26903E-03
   332.00000  7.47201E-01  7.12284E-01  3.06892E-02  4.22763E-03
   333.00000  7.42976E-01  7.08312E-01  3.04768E-02  4.18673E-03
   334.00000  7.38731E-01  7.04319E-01  3.02664E-02  4.14632E-03
   335.00000  7.34469E-01  7.00305E-01  3.00580E-02  4.10641E-03
   336.00000  7.30191E-01  6.96272E-01  2.98516E-02  4.06698E-03
   337.00000  7.25896E-01  6.92221E-01  2.96471E-02  4.02803E-03
   338.00000  7.21588E-01  6.88154E-01  2.94446E-02  3.98954E-03
   339.00000  7.17267E-01  6.84072E-01  2.92439E-02  3.95152E-03
   340.00000  7.12936E-01  6.79977E-01  2.90451E-02  3.91395E-03
   341.00000  7.08596E-01  6.75871E-01  2.88482E-02  3.87683E-03
   342.00000  7.04248E-01  6.71755E-01  2.86530E-02  3.84015E-03
   343.00000  6.99896E-01  6.67632E-01  2.84597E-02  3.80391E-03
   344.00000  6.95540E-01  6.63504E-01  2.82682E-02  3.76809E-03
   345.00000  6.91183E-01  6.59372E-01  2.80784E-02  3.73270E-03
   346.00000  6.86826E-01  6.55238E-01  2.78904E-02  3.69773E-03
   347.00000  6.82473E-01  6.51105E-01  2.77040E-02  3.66316E-03
   348.00000  6.78123E-01  6.46975E-01  2.75194E-02  3.62900E-03
   349.00000  6.73780E-01  6.42849E-01  2.73364E-02  3.59524E-03
   350.00000  6.69446E-01  6.38729E-01  2.71551E-02  3.56186E-03
   351.00000  6.65121E-01  6.34617E-01  2.69755E-02  3.52888E-03
   352.00000  6.60808E-01  6.30515E-01  2.67974E-02  3.49628E-03
   353.00000  6.56509E-01  6.26424E-01  2.66210E-02  3.46406E-03
   354.00000  6.52224E-01  6.22346E-01  2.64461E-02  3.43220E-03
   355.00000  6.47957E-01  6.18283E-01  2.62727E-02  3.40072E-03
   356.00000  6.43707E-01  6.14237E-01  2.61009E-02  3.36959E-03
   357.00000  6.39477E-01  6.10208E-01  2.59307E-02  3.33882E-03
   358.00000  6.35268E-01  6.06197E-01  2.57619E-02  3.30841E-03
   359.00000  6.31081E-01  6.02208E-01  2.55946E-02  3.27834E-03
   360.00000  6.26917E-01  5.98239E-01  2.54288E-02  3.24861E-03
   361.00000  6.22777E-01  5.94294E-01  2.52644E-02  3.21922E-03
   362.00000  6.18663E-01  5.90372E-01  2.51015E-02  3.19016E-03
   363.00000  6.14576E-01  5.86474E-01  2.49400E-02  3.16144E-03
   364.00000  6.10515E-01  5.82603E-01  2.47799E-02  3.13303E-03
   365.00000  6.06483E-01  5.78757E-01  2.46211E-02  3.10495E-03
   366.00000  6.02480E-01  5.74939E-01  2.44637E-02  3.07718E-03
   367.00000  5.98506E-01  5.71149E-01  2.43077E-02  3.04973E-03
   368.00000  5.94563E-01  5.67387E-01  2.41531E-02  3.02258E-03
   369.00000  5.90650E-01  5.63654E-01  2.39997E-02  2.99574E-03
   370.00000  5.86768E-01  5.59951E-01  2.38477E-02  2.96919E-03
   371.00000  5.82918E-01  5.56278E-01  2.36969E-02  2.94294E-03
   372.00000  5.79100E-01  5.52635E-01  2.35474E-02  2.91698E-03
   373.00000  5.75314E-01  5.49023E-01  2.33992E-02  2.89131E-03
   374.00000  5.71561E-01  5.45443E-01  2.32523E-02  2.86592E-03
   375.00000  5.67840E-01  5.41893E-01  2.31065E-02  2.84082E-03
   376.00000  5.64153E-01  5.38375E-01  2.29620E-02  2.81598E-03
   377.00000  5.60498E-01  5.34888E-01  2.28187E-02  2.79142E-03
   378.00000  5.56877E-01  5.31433E-01  2.26766E-02  2.76713E-03
   379.00000  5.53289E-01  5.28010E-01  2.25357E-02  2.74310E-03
   380.00000  5.49734E-01  5.24618E-01  2.23960E-02  2.71933E-03
   381.00000  5.46212E-01  5.21259E-01  2.22574E-02  2.69582E-03
   382.00000  5.42723E-01  5.17930E-01  2.21200E-02  2.67256E-03
   383.00000  5.39267E-01  5.14634E-01  2.19837E-02  2.64955E-03
   384.00000  5.35844E-01  5.11368E-01  2.18485E-02  2.62679E-03
   385.00000  5.32453E-01  5.08134E-01  2.17144E-02  2.60428E-03
   386.00000  5.29095E-01  5.04931E-01  2.15814E-02  2.58200E-03
   387.00000  5.25769E-01  5.01759E-01  2.14495E-02  2.55997E-03
   388.00000  5.22475E-01  4.98618E-01  2.13187E-02  2.53817E-03
   389.00000  5.19212E-01  4.95507E-01  2.11890E-02  2.51660E-03
   390.00000  5.15981E-01  4.92426E-01  2.10603E-02  2.49526E-03
   391.00000  5.12782E-01  4.89375E-01  2.09326E-02  2.47414E-03
   392.00000  5.09612E-01  4.86353E-01  2.08060E-02  2.45325E-03
   393.00000  5.06474E-01  4.83361E-01  2.06804E-02  2.43258E-03
   394.00000  5.03366E-01  4.80398E-01  2.05558E-02  2.41213E-03
   395.00000  5.00287E-01  4.77463E-01  2.04322E-02  2.39189E-03
   396.00000  4.97238E-01  4.74556E-01  2.03095E-02  2.37187E-03
   397.00000  4.94218E-01  4.71678E-01  2.01879E-02  2.35205E-03
   398.00000  4.91226E-01  4.68827E-01  2.00672E-02  2.33245E-03
   399.00000  4.88263E-01  4.66003E-01  1.99475E-02  2.31305E-03
   400.00000  4.85328E-01  4.63206E-01  1.98288E-02  2.29385E-03
   401.00000  4.82421E-01  4.60435E-01  1.97109E-02  2.27485E-03
   402.00000  4.79540E-01  4.57690E-01  1.95941E-02  2.25604E-03
   403.00000  4.76687E-01  4.54971E-01  1.94781E-02  2.23744E-03
   404.00000  4.73859E-01  4.52277E-01  1.93630E-02  2.21902E-03
   405.00000  4.71058E-01  4.49608E-01  1.92489E-02  2.20080E-03
   406.00000  4.68282E-01  4.46964E-01  1.91356E-02  2.18276E-03
   407.00000  4.65532E-01  4.44343E-01  1.90232E-02  2.16491E-03
   408.00000  4.62806E-01  4.41747E-01  1.89118E-02  2.14724E-03
   409.00000  4.60104E-01  4.39173E-01  1.88011E-02  2.12975E-03
   410.00000  4.57427E-01  4.36623E-01  1.86914E-02  2.11244E-03
   411.00000  4.54773E-01  4.34095E-01  1.85824E-02  2.09530E-03
   412.00000  4.52142E-01  4.31589E-01  1.84744E-02  2.07834E-03
   413.00000  4.49534E-01  4.29106E-01  1.83671E-02  2.06156E-03
   414.00000  4.46949E-01  4.26643E-01  1.82607E-02  2.04494E-03
   415.00000  4.44385E-01  4.24202E-01  1.81551E-02  2.02849E-03
   416.00000  4.41844E-01  4.21781E-01  1.80503E-02  2.01220E-03
   417.00000  4.39324E-01  4.19381E-01  1.79463E-02  1.99608E-03
   418.00000  4.36824E-01  4.17001E-01  1.78432E-02  1.98012E-03
   419.00000  4.34346E-01  4.14640E-01  1.77408E-02  1.96432E-03
   420.00000  4.31887E-01  4.12299E-01  1.76391E-02  1.94867E-03
   421.00000  4.29449E-01  4.09977E-01  1.75383E-02  1.93319E-03
   422.00000  4.27030E-01  4.07674E-01  1.74382E-02  1.91785E-03
   423.00000  4.24630E-01  4.05389E-01  1.73389E-02  1.90267E-03
   424.00000  4.22250E-01  4.03122E-01  1.72403E-02  1.88764E-03
   425.00000  4.19888E-01  4.00873E-01  1.71425E-02  1.87276E-03
   426.00000  4.17544E-01  3.98641E-01  1.70454E-02  1.85802E-03
   427.00000  4.15219E-01  3.96426E-01  1.69491E-02  1.84343E-03
   428.00000  4.12911E-01  3.94229E-01  1.68534E-02  1.82898E-03
   429.00000  4.10621E-01  3.92048E-01  1.67585E-02  1.81468E-03
   430.00000  4.08348E-01  3.89883E-01  1.66643E-02  1.80051E-03
   431.00000  4.06092E-01  3.87735E-01  1.65708E-02  1.78648E-03
   432.00000  4.03852E-01  3.85602E-01  1.64780E-02  1.77259E-03
   433.00000  4.01629E-01  3.83485E-01  1.63859E-02  1.75884E-03
   434.00000  3.99423E-01  3.81383E-01  1.62945E-02  1.74521E-03
   435.00000  3.97232E-01  3.79296E-01  1.62037E-02  1.73172E-03
   436.00000  3.95056E-01  3.77224E-01  1.61137E-02  1.71836E-03
   437.00000  3.92896E-01  3.75167E-01  1.60243E-02  1.70513E-03
   438.00000  3.90752E-01  3.73124E-01  1.59355E-02  1.69203E-03
   439.00000  3.88622E-01  3.71096E-01  1.58474E-02  1.67905E-03
   440.00000  3.86507E-01  3.69081E-01  1.57600E-02  1.66620E-03
   441.00000  3.84407E-01  3.67081E-01  1.56732E-02  1.65347E-03
   442.00000  3.82321E-01  3.65093E-01  1.55870E-02  1.64086E-03
   443.00000  3.80250E-01  3.63120E-01  1.55015E-02  1.62837E-03
   444.00000  3.78192E-01  3.61160E-01  1.54166E-02  1.61600E-03
   445.00000  3.76148E-01  3.59212E-01  1.53323E-02  1.60375E-03
   446.00000  3.74118E-01  3.57278E-01  1.52486E-02  1.59161E-03
   447.00000  3.72102E-01  3.55356E-01  1.51655E-02  1.57959E-03
   448.00000  3.70098E-01  3.53448E-01  1.50831E-02  1.56768E-03
   449.00000  3.68108E-01  3.51551E-01  1.50012E-02  1.55588E-03
   450.00000  3.66131E-01  3.49667E-01  1.49200E-02  1.54420E-03
   451.00000  3.64167E-01  3.47795E-01  1.48393E-02  1.53262E-03
   452.00000  3.62215E-01  3.45935E-01  1.47592E-02  1.52115E-03
   453.00000  3.60276E-01  3.44087E-01  1.46796E-02  1.50979E-03
   454.00000  3.58350E-01  3.42251E-01  1.46007E-02  1.49854E-03
   455.00000  3.56436E-01  3.40426E-01  1.45223E-02  1.48739E-03
   456.00000  3.54534E-01  3.38613E-01  1.44445E-02  1.47634E-03
   457.00000  3.52644E-01  3.36812E-01  1.43672E-02  1.46540E-03
   458.00000  3.50767E-01  3.35022E-01  1.42905E-02  1.45456E-03
   459.00000  3.48901E-01  3.33242E-01  1.42143E-02  1.44382E-03
   460.00000  3.47047E-01  3.31475E-01  1.41387E-02  1.43317E-03
   461.00000  3.45204E-01  3.29718E-01  1.40636E-02  1.42263E-03
   462.00000  3.43373E-01  3.27972E-01  1.39891E-02  1.41218E-03
   463.00000  3.41554E-01  3.26237E-01  1.39151E-02  1.40183E-03
   464.00000  3.39746E-01  3.24512E-01  1.38416E-02  1.39158E-03
   465.00000  3.37949E-01  3.22799E-01  1.37686E-02  1.38142E-03
   466.00000  3.36163E-01  3.21096E-01  1.36961E-02  1.37135E-03
   467.00000  3.34389E-01  3.19403E-01  1.36242E-02  1.36138E-03
   468.00000  3.32625E-01  3.17721E-01  1.35527E-02  1.35149E-03
   469.00000  3.30873E-01  3.16049E-01  1.34818E-02  1.34170E-03
   470.00000  3.29131E-01  3.14388E-01  1.34114E-02  1.33200E-03
   471.00000  3.27400E-01  3.12736E-01  1.33414E-02  1.32238E-03
   472.00000  3.25680E-01  3.11095E-01  1.32719E-02  1.31285E-03
   473.00000  3.23970E-01  3.09464E-01  1.32030E-02  1.30341E-03
   474.00000  3.22272E-01  3.07843E-01  1.31345E-02  1.29405E-03
   475.00000  3.20583E-01  3.06232E-01  1.30664E-02  1.28478E-03
   476.00000  3.18905E-01  3.04631E-01  1.29989E-02  1.27559E-03
   477.00000  3.17238E-01  3.03040E-01  1.29318E-02  1.26648E-03
   478.00000  3.15581E-01  3.01458E-01  1.28652E-02  1.25745E-03
   479.00000  3.13934E-01  2.99886E-01  1.27990E-02  1.24851E-03
   480.00000  3.12297E-01  2.98324E-01  1.27333E-02  1.23964E-03
   481.00000  3.10671E-01  2.96772E-01  1.26681E-02  1.23085E-03
   482.00000  3.09054E-01  2.95229E-01  1.26033E-02  1.22214E-03
   483.00000  3.07448E-01  2.93695E-01  1.25390E-02  1.21351E-03
   484.00000  3.05852E-01  2.92172E-01  1.24750E-02  1.20495E-03
   485.00000  3.04265E-01  2.90657E-01  1.24116E-02  1.19647E-03
   486.00000  3.02689E-01  2.89152E-01  1.23485E-02  1.18807E-03
   487.00000  3.01122E-01  2.87656E-01  1.22859E-02  1.17973E-03
   488.00000  2.99565E-01  2.86170E-01  1.22238E-02  1.17147E-03
   489.00000  2.98018E-01  2.84693E-01  1.21620E-02  1.16328E-03
   490.00000  2.96481E-01  2.83225E-01  1.21007E-02  1.15516E-03
   491.00000  2.94953E-01  2.81766E-01  1.20397E-02  1.14712E-03
   492.00000  2.93435E-01  2.80317E-01  1.19792E-02  1.13914E-03
   493.00000  2.91926E-01  2.78876E-01  1.19191E-02  1.13123E-03
   494.00000  2.90427E-01  2.77444E-01  1.18594E-02  1.12339E-03
   495.00000  2.88938E-01  2.76022E-01  1.18001E-02  1.11562E-03
   496.00000  2.87457E-01  2.74608E-01  1.17413E-02  1.10792E-03
   497.00000  2.85987E-01  2.73204E-01  1.16828E-02  1.10028E-03
   498.00000  2.84525E-01  2.71808E-01  1.16247E-02  1.09271E-03
   499.00000  2.83073E-01  2.70421E-01  1.15669E-02  1.08520E-03
   500.00000  2.81630E-01  2.69043E-01  1.15096E-02  1.07776E-03
   501.00000  2.80196E-01  2.67673E-01  1.14527E-02  1.07038E-03
   502.00000  2.78771E-01  2.66312E-01  1.13961E-02  1.06307E-03
   503.00000  2.77356E-01  2.64960E-01  1.13399E-02  1.05582E-03
   504.00000  2.75949E-01  2.63617E-01  1.12841E-02  1.04863E-03
   505.00000  2.74552E-01  2.62282E-01  1.12286E-02  1.04150E-03
   506.00000  2.73163E-01  2.60955E-01  1.11736E-02  1.03444E-03
   507.00000  2.71784E-01  2.59637E-01  1.11188E-02  1.02743E-03
   508.00000  2.70413E-01  2.58328E-01  1.10645E-02  1.02049E-03
   509.00000  2.69051E-01  2.57027E-01  1.10105E-02  1.01360E-03
   510.00000  2.67698E-01  2.55734E-01  1.09568E-02  1.00678E-03
   511.00000  2.66353E-01  2.54450E-01  1.09035E-02  1.00001E-03
   512.00000  2.65018E-01  2.53174E-01  1.08506E-02  9.93298E-04
   513.00000  2.63691E-01  2.51906E-01  1.07980E-02  9.86644E-04
   514.00000  2.62372E-01  2.50646E-01  1.07458E-02  9.80047E-04
   515.00000  2.61062E-01  2.49395E-01  1.06938E-02  9.73506E-04
   516.00000  2.59761E-01  2.48151E-01  1.06423E-02  9.67019E-04
   517.00000  2.58468E-01  2.46916E-01  1.05910E-02  9.60588E-04
   518.00000  2.57183E-01  2.45689E-01  1.05401E-02  9.54211E-04
   519.00000  2.55907E-01  2.44469E-01  1.04896E-02  9.47887E-04
   520.00000  2.54639E-01  2.43258E-01  1.04393E-02  9.41616E-04
   521.00000  2.53379E-01  2.42054E-01  1.03894E-02  9.35398E-04
   522.00000  2.52127E-01  2.40858E-01  1.03398E-02  9.29231E-04
   523.00000  2.50884E-01  2.39670E-01  1.02905E-02  9.23116E-04
   524.00000  2.49649E-01  2.38490E-01  1.02415E-02  9.17052E-04
   525.00000  2.48421E-01  2.37318E-01  1.01929E-02  9.11037E-04
   526.00000  2.47202E-01  2.36153E-01  1.01445E-02  9.05073E-04
   527.00000  2.45991E-01  2.34995E-01  1.00965E-02  8.99158E-04
   528.00000  2.44788E-01  2.33846E-01  1.00488E-02  8.93292E-04
   529.00000  2.43592E-01  2.32703E-01  1.00014E-02  8.87473E-04
   530.00000  2.42405E-01  2.31569E-01  9.95426E-03  8.81703E-04
   531.00000  2.41225E-01  2.30441E-01  9.90744E-03  8.75980E-04
   532.00000  2.40052E-01  2.29321E-01  9.86092E-03  8.70304E-04
   533.00000  2.38888E-01  2.28209E-01  9.81469E-03  8.64674E-04
   534.00000  2.37731E-01  2.27103E-01  9.76875E-03  8.59090E-04
   535.00000  2.36582E-01  2.26005E-01  9.72311E-03  8.53551E-04
   536.00000  2.35440E-01  2.24914E-01  9.67775E-03  8.48058E-04
   537.00000  2.34305E-01  2.23830E-01  9.63268E-03  8.42609E-04
   538.00000  2.33178E-01  2.22753E-01  9.58789E-03  8.37205E-04
   539.00000  2.32059E-01  2.21683E-01  9.54338E-03  8.31844E-04
   540.00000  2.30946E-01  2.20620E-01  9.49915E-03  8.26526E-04
   541.00000  2.29841E-01  2.19565E-01  9.45519E-03  8.21252E-04
   542.00000  2.28743E-01  2.18516E-01  9.41151E-03  8.16020E-04
   543.00000  2.27652E-01  2.17473E-01  9.36810E-03  8.10830E-04
   544.00000  2.26569E-01  2.16438E-01  9.32496E-03  8.05682E-04
   545.00000  2.25492E-01  2.15409E-01  9.28209E-03  8.00576E-04
   546.00000  2.24422E-01  2.14387E-01  9.23949E-03  7.95510E-04
   547.00000  2.23359E-01  2.13372E-01  9.19715E-03  7.90485E-04
   548.00000  2.22303E-01  2.12363E-01  9.15506E-03  7.85500E-04
   549.00000  2.21254E-01  2.11361E-01  9.11324E-03  7.80555E-04
   550.00000  2.20212E-01  2.10365E-01  9.07168E-03  7.75650E-04
   551.00000  2.19177E-01  2.09375E-01  9.03037E-03  7.70783E-04
   552.00000  2.18148E-01  2.08392E-01  8.98931E-03  7.65956E-04
   553.00000  2.17126E-01  2.07416E-01  8.94851E-03  7.61166E-04
   554.00000  2.16110E-01  2.06445E-01  8.90796E-03  7.56415E-04
   555.00000  2.15101E-01  2.05481E-01  8.86765E-03  7.51701E-04
   556.00000  2.14098E-01  2.04523E-01  8.82759E-03  7.47025E-04
   557.00000  2.13102E-01  2.03572E-01  8.78777E-03  7.42385E-04
   558.00000  2.12112E-01  2.02626E-01  8.74819E-03  7.37782E-04
   559.00000  2.11128E-01  2.01686E-01  8.70885E-03  7.33215E-04
   560.00000  2.10151E-01  2.00753E-01  8.66976E-03  7.28685E-04
   561.00000  2.09180E-01  1.99825E-01  8.63089E-03  7.24189E-04
   562.00000  2.08215E-01  1.98903E-01  8.59226E-03  7.19729E-04
   563.00000  2.07256E-01  1.97987E-01  8.55387E-03  7.15304E-04
   564.00000  2.06304E-01  1.97077E-01  8.51570E-03  7.10914E-04
   565.00000  2.05357E-01  1.96172E-01  8.47777E-03  7.06558E-04
   566.00000  2.04416E-01  1.95274E-01  8.44006E-03  7.02236E-04
   567.00000  2.03481E-01  1.94381E-01  8.40258E-03  6.97948E-04
   568.00000  2.02552E-01  1.93493E-01  8.36532E-03  6.93693E-04
   569.00000  2.01629E-01  1.92611E-01  8.32828E-03  6.89472E-04
   570.00000  2.00712E-01  1.91735E-01  8.29147E-03  6.85283E-04
   571.00000  1.99800E-01  1.90864E-01  8.25487E-03  6.81127E-04
   572.00000  1.98894E-01  1.89999E-01  8.21849E-03  6.77003E-04
   573.00000  1.97994E-01  1.89139E-01  8.18233E-03  6.72912E-04
   574.00000  1.97099E-01  1.88284E-01  8.14638E-03  6.68852E-04
   575.00000  1.96210E-01  1.87434E-01  8.11064E-03  6.64824E-04
   576.00000  1.95326E-01  1.86590E-01  8.07511E-03  6.60827E-04
   577.00000  1.94448E-01  1.85751E-01  8.03979E-03  6.56861E-04
   578.00000  1.93575E-01  1.84917E-01  8.00468E-03  6.52926E-04
   579.00000  1.92708E-01  1.84089E-01  7.96978E-03  6.49021E-04
   580.00000  1.91845E-01  1.83265E-01  7.93508E-03  6.45146E-04
   581.00000  1.90988E-01  1.82447E-01  7.90058E-03  6.41301E-04
   582.00000  1.90137E-01  1.81633E-01  7.86628E-03  6.37486E-04
   583.00000  1.89290E-01  1.80824E-01  7.83219E-03  6.33701E-04
   584.00000  1.88449E-01  1.80020E-01  7.79829E-03  6.29944E-04
   585.00000  1.87612E-01  1.79222E-01  7.76459E-03  6.26216E-04
   586.00000  1.86781E-01  1.78427E-01  7.73109E-03  6.22517E-04
   587.00000  1.85955E-01  1.77638E-01  7.69778E-03  6.18846E-04
   588.00000  1.85133E-01  1.76854E-01  7.66466E-03  6.15203E-04
   589.00000  1.84317E-01  1.76074E-01  7.63174E-03  6.11587E-04
   590.00000  1.83505E-01  1.75298E-01  7.59900E-03  6.07999E-04
   591.00000  1.82699E-01  1.74528E-01  7.56646E-03  6.04439E-04
   592.00000  1.81897E-01  1.73762E-01  7.53410E-03  6.00905E-04
   593.00000  1.81100E-01  1.73000E-01  7.50192E-03  5.97397E-04
   594.00000  1.80307E-01  1.72243E-01  7.46993E-03  5.93916E-04
   595.00000  1.79519E-01  1.71491E-01  7.43813E-03  5.90461E-04
   596.00000  1.78736E-01  1.70743E-01  7.40650E-03  5.87032E-04
   597.00000  1.77958E-01  1.69999E-01  7.37506E-03  5.83628E-04
   598.00000  1.77184E-01  1.69260E-01  7.34380E-03  5.80250E-04
   599.00000  1.76414E-01  1.68524E-01  7.31271E-03  5.76896E-04
   600.00000  1.75649E-01  1.67794E-01  7.28180E-03  5.73567E-04
   601.00000  1.74888E-01  1.67067E-01  7.25107E-03  5.70263E-04
   602.00000  1.74132E-01  1.66345E-01  7.22051E-03  5.66983E-04
   603.00000  1.73381E-01  1.65627E-01  7.19012E-03  5.63727E-04
   604.00000  1.72633E-01  1.64913E-01  7.15990E-03  5.60494E-04
   605.00000  1.71890E-01  1.64203E-01  7.12986E-03  5.57286E-04
   606.00000  1.71151E-01  1.63497E-01  7.09998E-03  5.54100E-04
   607.00000  1.70416E-01  1.62795E-01  7.07028E-03  5.50938E-04
   608.00000  1.69686E-01  1.62097E-01  7.04074E-03  5.47798E-04
   609.00000  1.68959E-01  1.61403E-01  7.01136E-03  5.44682E-04
   610.00000  1.68237E-01  1.60713E-01  6.98215E-03  5.41588E-04
   611.00000  1.67519E-01  1.60027E-01  6.95311E-03  5.38516E-04
   612.00000  1.66805E-01  1.59345E-01  6.92422E-03  5.35466E-04
   613.00000  1.66095E-01  1.58667E-01  6.89550E-03  5.32439E-04
   614.00000  1.65389E-01  1.57992E-01  6.86693E-03  5.29433E-04
   615.00000  1.64687E-01  1.57322E-01  6.83853E-03  5.26449E-04
   616.00000  1.63988E-01  1.56655E-01  6.81028E-03  5.23486E-04
   617.00000  1.63294E-01  1.55991E-01  6.78219E-03  5.20545E-04
   618.00000  1.62604E-01  1.55332E-01  6.75426E-03  5.17625E-04
   619.00000  1.61917E-01  1.54676E-01  6.72648E-03  5.14725E-04
   620.00000  1.61234E-01  1.54024E-01  6.69885E-03  5.11847E-04
   621.00000  1.60555E-01  1.53375E-01  6.67138E-03  5.08990E-04
   622.00000  1.59880E-01  1.52730E-01  6.64406E-03  5.06153E-04
   623.00000  1.59209E-01  1.52088E-01  6.61688E-03  5.03336E-04
   624.00000  1.58541E-01  1.51450E-01  6.58986E-03  5.00540E-04
   625.00000  1.57877E-01  1.50816E-01  6.56298E-03  4.97764E-04
   626.00000  1.57216E-01  1.50185E-01  6.53626E-03  4.95007E-04
   627.00000  1.56559E-01  1.49557E-01  6.50968E-03  4.92271E-04
   628.00000  1.55906E-01  1.48933E-01  6.48324E-03  4.89554E-04
   629.00000  1.55256E-01  1.48312E-01  6.45695E-03  4.86857E-04
   630.00000  1.54610E-01  1.47695E-01  6.43080E-03  4.84179E-04
   631.00000  1.53967E-01  1.47080E-01  6.40479E-03  4.81520E-04
   632.00000  1.53327E-01  1.46470E-01  6.37893E-03  4.78881E-04
   633.00000  1.52692E-01  1.45862E-01  6.35320E-03  4.76260E-04
   634.00000  1.52059E-01  1.45258E-01  6.32762E-03  4.73658E-04
   635.00000  1.51430E-01  1.44657E-01  6.30217E-03  4.71074E-04
   636.00000  1.50804E-01  1.44059E-01  6.27686E-03  4.68509E-04
   637.00000  1.50182E-01  1.43464E-01  6.25169E-03  4.65962E-04
   638.00000  1.49563E-01  1.42873E-01  6.22665E-03  4.63433E-04
   639.00000  1.48947E-01  1.42285E-01  6.20175E-03  4.60922E-04
   640.00000  1.48335E-01  1.41700E-01  6.17698E-03  4.58428E-04
   641.00000  1.47726E-01  1.41118E-01  6.15235E-03  4.55952E-04
   642.00000  1.47120E-01  1.40539E-01  6.12785E-03  4.53494E-04
   643.00000  1.46517E-01  1.39963E-01  6.10348E-03  4.51053E-04
   644.00000  1.45918E-01  1.39390E-01  6.07924E-03  4.48629E-04
   645.00000  1.45321E-01  1.38820E-01  6.05513E-03  4.46222E-04
   646.00000  1.44728E-01  1.38253E-01  6.03114E-03  4.43831E-04
   647.00000  1.44138E-01  1.37689E-01  6.00729E-03  4.41458E-04
   648.00000  1.43551E-01  1.37128E-01  5.98356E-03  4.39100E-04
   649.00000  1.42967E-01  1.36570E-01  5.95996E-03  4.36759E-04
   650.00000  1.42386E-01  1.36015E-01  5.93649E-03  4.34435E-04
   651.00000  1.41808E-01  1.35463E-01  5.91314E-03  4.32126E-04
   652.00000  1.41234E-01  1.34914E-01  5.88991E-03  4.29833E-04
   653.00000  1.40662E-01  1.34367E-01  5.86681E-03  4.27556E-04
   654.00000  1.40093E-01  1.33824E-01  5.84382E-03  4.25294E-04
   655.00000  1.39527E-01  1.33283E-01  5.82096E-03  4.23048E-04
   656.00000  1.38964E-01  1.32745E-01  5.79822E-03  4.20817E-04
   657.00000  1.38404E-01  1.32210E-01  5.77560E-03  4.18602E-04
   658.00000  1.37847E-01  1.31678E-01  5.75310E-03  4.16401E-04
   659.00000  1.37293E-01  1.31148E-01  5.73072E-03  4.14215E-04
   660.00000  1.36741E-01  1.30621E-01  5.70846E-03  4.12045E-04
   661.00000  1.36193E-01  1.30097E-01  5.68631E-03  4.09888E-04
   662.00000  1.35647E-01  1.29575E-01  5.66428E-03  4.07747E-04
   663.00000  1.35104E-01  1.29056E-01  5.64236E-03  4.05619E-04
   664.00000  1.34564E-01  1.28540E-01  5.62056E-03  4.03506E-04
   665.00000  1.34027E-01  1.28027E-01  5.59887E-03  4.01408E-04
   666.00000  1.33493E-01  1.27516E-01  5.57729E-03  3.99323E-04
   667.00000  1.32961E-01  1.27008E-01  5.55583E-03  3.97252E-04
   668.00000  1.32432E-01  1.26502E-01  5.53448E-03  3.95195E-04
   669.00000  1.31905E-01  1.25999E-01  5.51324E-03  3.93151E-04
   670.00000  1.31382E-01  1.25499E-01  5.49211E-03  3.91121E-04
   671.00000  1.30861E-01  1.25001E-01  5.47109E-03  3.89105E-04
   672.00000  1.30343E-01  1.24505E-01  5.45017E-03  3.87102E-04
   673.00000  1.29827E-01  1.24012E-01  5.42937E-03  3.85112E-04
   674.00000  1.29314E-01  1.23522E-01  5.40867E-03  3.83134E-04
   675.00000  1.28804E-01  1.23034E-01  5.38808E-03  3.81170E-04
   676.00000  1.28296E-01  1.22549E-01  5.36760E-03  3.79219E-04
   677.00000  1.27791E-01  1.22066E-01  5.34722E-03  3.77280E-04
   678.00000  1.27288E-01  1.21586E-01  5.32695E-03  3.75354E-04
   679.00000  1.26788E-01  1.21108E-01  5.30678E-03  3.73441E-04
   680.00000  1.26290E-01  1.20632E-01  5.28671E-03  3.71540E-04
   681.00000  1.25795E-01  1.20159E-01  5.26675E-03  3.69651E-04
   682.00000  1.25303E-01  1.19688E-01  5.24689E-03  3.67774E-04
   683.00000  1.24813E-01  1.19220E-01  5.22713E-03  3.65909E-04
   684.00000  1.24325E-01  1.18754E-01  5.20747E-03  3.64056E-04
   685.00000  1.23840E-01  1.18290E-01  5.18791E-03  3.62215E-04
   686.00000  1.23357E-01  1.17828E-01  5.16845E-03  3.60386E-04
   687.00000  1.22877E-01  1.17369E-01  5.14909E-03  3.58568E-04
   688.00000  1.22399E-01  1.16913E-01  5.12983E-03  3.56762E-04
   689.00000  1.21924E-01  1.16458E-01  5.11067E-03  3.54967E-04
   690.00000  1.21451E-01  1.16006E-01  5.09160E-03  3.53184E-04
   691.00000  1.20980E-01  1.15556E-01  5.07263E-03  3.51412E-04
   692.00000  1.20512E-01  1.15109E-01  5.05375E-03  3.49651E-04
   693.00000  1.20046E-01  1.14664E-01  5.03498E-03  3.47902E-04
   694.00000  1.19583E-01  1.14220E-01  5.01629E-03  3.46163E-04
   695.00000  1.19122E-01  1.13780E-01  4.99770E-03  3.44436E-04
   696.00000  1.18663E-01  1.13341E-01  4.97920E-03  3.42719E-04
   697.00000  1.18206E-01  1.12904E-01  4.96080E-03  3.41014E-04
   698.00000  1.17752E-01  1.12470E-01  4.94249E-03  3.39319E-04
   699.00000  1.17300E-01  1.12038E-01  4.92427E-03  3.37635E-04
   700.00000  1.16850E-01  1.11608E-01  4.90614E-03  3.35961E-04
   701.00000  1.16403E-01  1.11180E-01  4.88810E-03  3.34298E-04
   702.00000  1.15958E-01  1.10755E-01  4.87015E-03  3.32646E-04
   703.00000  1.15515E-01  1.10331E-01  4.85230E-03  3.31004E-04
   704.00000  1.15074E-01  1.09910E-01  4.83453E-03  3.29372E-04
   705.00000  1.14635E-01  1.09491E-01  4.81685E-03  3.27751E-04
   706.00000  1.14199E-01  1.09073E-01  4.79926E-03  3.26141E-04
   707.00000  1.13765E-01  1.08658E-01  4.78175E-03  3.24540E-04
   708.00000  1.13333E-01  1.08245E-01  4.76433E-03  3.22950E-04
   709.00000  1.12903E-01  1.07834E-01  4.74700E-03  3.21369E-04
   710.00000  1.12475E-01  1.07425E-01  4.72976E-03  3.19799E-04
   711.00000  1.12049E-01  1.07019E-01  4.71259E-03  3.18239E-04
   712.00000  1.11626E-01  1.06614E-01  4.69552E-03  3.16688E-04
   713.00000  1.11205E-01  1.06211E-01  4.67853E-03  3.15148E-04
   714.00000  1.10785E-01  1.05810E-01  4.66162E-03  3.13617E-04
   715.00000  1.10368E-01  1.05411E-01  4.64480E-03  3.12096E-04
   716.00000  1.09953E-01  1.05014E-01  4.62805E-03  3.10584E-04
   717.00000  1.09540E-01  1.04619E-01  4.61140E-03  3.09082E-04
   718.00000  1.09129E-01  1.04226E-01  4.59482E-03  3.07590E-04
   719.00000  1.08720E-01  1.03835E-01  4.57832E-03  3.06107E-04
   720.00000  1.08313E-01  1.03446E-01  4.56191E-03  3.04633E-04
   721.00000  1.07908E-01  1.03059E-01  4.54557E-03  3.03168E-04
   722.00000  1.07505E-01  1.02674E-01  4.52932E-03  3.01712E-04
   723.00000  1.07104E-01  1.02291E-01  4.51314E-03  3.00266E-04
   724.00000  1.06705E-01  1.01909E-01  4.49704E-03  2.98828E-04
   725.00000  1.06308E-01  1.01530E-01  4.48103E-03  2.97399E-04
   726.00000  1.05913E-01  1.01152E-01  4.46508E-03  2.95979E-04
   727.00000  1.05520E-01  1.00776E-01  4.44922E-03  2.94568E-04
   728.00000  1.05129E-01  1.00402E-01  4.43344E-03  2.93165E-04
   729.00000  1.04740E-01  1.00030E-01  4.41773E-03  2.91771E-04
   730.00000  1.04353E-01  9.96601E-02  4.40209E-03  2.90385E-04
   731.00000  1.03967E-01  9.92917E-02  4.38653E-03  2.89007E-04
   732.00000  1.03584E-01  9.89251E-02  4.37105E-03  2.87638E-04
   733.00000  1.03202E-01  9.85602E-02  4.35564E-03  2.86277E-04
   734.00000  1.02822E-01  9.81972E-02  4.34031E-03  2.84924E-04
   735.00000  1.02445E-01  9.78360E-02  4.32505E-03  2.83579E-04
   736.00000  1.02069E-01  9.74765E-02  4.30986E-03  2.82242E-04
   737.00000  1.01694E-01  9.71188E-02  4.29475E-03  2.80913E-04
   738.00000  1.01322E-01  9.67629E-02  4.27971E-03  2.79592E-04
   739.00000  1.00952E-01  9.64087E-02  4.26474E-03  2.78278E-04
   740.00000  1.00583E-01  9.60562E-02  4.24984E-03  2.76973E-04
   741.00000  1.00216E-01  9.57054E-02  4.23501E-03  2.75674E-04
   742.00000  9.98510E-02  9.53564E-02  4.22026E-03  2.74383E-04
   743.00000  9.94877E-02  9.50091E-02  4.20557E-03  2.73100E-04
   744.00000  9.91262E-02  9.46634E-02  4.19096E-03  2.71824E-04
   745.00000  9.87664E-02  9.43195E-02  4.17641E-03  2.70556E-04
   746.00000  9.84084E-02  9.39772E-02  4.16193E-03  2.69295E-04
   747.00000  9.80522E-02  9.36366E-02  4.14752E-03  2.68041E-04
   748.00000  9.76976E-02  9.32976E-02  4.13318E-03  2.66794E-04
   749.00000  9.73448E-02  9.29603E-02  4.11891E-03  2.65554E-04
   750.00000  9.69937E-02  9.26247E-02  4.10471E-03  2.64322E-04
   751.00000  9.66443E-02  9.22906E-02  4.09057E-03  2.63096E-04
   752.00000  9.62966E-02  9.19582E-02  4.07650E-03  2.61877E-04
   753.00000  9.59505E-02  9.16274E-02  4.06249E-03  2.60666E-04
   754.00000  9.56062E-02  9.12982E-02  4.04855E-03  2.59461E-04
   755.00000  9.52635E-02  9.09706E-02  4.03468E-03  2.58263E-04
   756.00000  9.49225E-02  9.06445E-02  4.02087E-03  2.57072E-04
   757.00000  9.45831E-02  9.03201E-02  4.00713E-03  2.55888E-04
   758.00000  9.42453E-02  8.99971E-02  3.99345E-03  2.54710E-04
   759.00000  9.39092E-02  8.96758E-02  3.97983E-03  2.53540E-04
   760.00000  9.35747E-02  8.93560E-02  3.96628E-03  2.52375E-04
   761.00000  9.32417E-02  8.90377E-02  3.95279E-03  2.51218E-04
   762.00000  9.29104E-02  8.87210E-02  3.93936E-03  2.50066E-04
   763.00000  9.25807E-02  8.84058E-02  3.92600E-03  2.48922E-04
   764.00000  9.22526E-02  8.80921E-02  3.91269E-03  2.47784E-04
   765.00000  9.19260E-02  8.77799E-02  3.89945E-03  2.46652E-04
   766.00000  9.16010E-02  8.74692E-02  3.88627E-03  2.45526E-04
   767.00000  9.12775E-02  8.71599E-02  3.87315E-03  2.44407E-04
   768.00000  9.09556E-02  8.68522E-02  3.86010E-03  2.43295E-04
   769.00000  9.06352E-02  8.65459E-02  3.84710E-03  2.42188E-04
   770.00000  9.03163E-02  8.62411E-02  3.83416E-03  2.41088E-04
   771.00000  8.99990E-02  8.59377E-02  3.82128E-03  2.39993E-04
   772.00000  8.96831E-02  8.56357E-02  3.80846E-03  2.38905E-04
   773.00000  8.93688E-02  8.53352E-02  3.79570E-03  2.37823E-04
   774.00000  8.90559E-02  8.50362E-02  3.78300E-03  2.36748E-04
   775.00000  8.87445E-02  8.47385E-02  3.77035E-03  2.35678E-04
   776.00000  8.84346E-02  8.44422E-02  3.75777E-03  2.34614E-04
   777.00000  8.81262E-02  8.41474E-02  3.74524E-03  2.33556E-04
   778.00000  8.78192E-02  8.38539E-02  3.73277E-03  2.32504E-04
   779.00000  8.75136E-02  8.35618E-02  3.72035E-03  2.31457E-04
   780.00000  8.72095E-02  8.32711E-02  3.70799E-03  2.30417E-04
   781.00000  8.69068E-02  8.29817E-02  3.69569E-03  2.29382E-04
   782.00000  8.66055E-02  8.26938E-02  3.68344E-03  2.28354E-04
   783.00000  8.63057E-02  8.24071E-02  3.67125E-03  2.27331E-04
   784.00000  8.60072E-02  8.21218E-02  3.65911E-03  2.26313E-04
   785.00000  8.57102E-02  8.18378E-02  3.64703E-03  2.25301E-04
   786.00000  8.54145E-02  8.15552E-02  3.63500E-03  2.24295E-04
   787.00000  8.51202E-02  8.12739E-02  3.62303E-03  2.23295E-04
   788.00000  8.48273E-02  8.09939E-02  3.61111E-03  2.22300E-04
   789.00000  8.45357E-02  8.07152E-02  3.59924E-03  2.21311E-04
   790.00000  8.42455E-02  8.04377E-02  3.58743E-03  2.20327E-04
   791.00000  8.39566E-02  8.01616E-02  3.57567E-03  2.19349E-04
   792.00000  8.36691E-02  7.98868E-02  3.56396E-03  2.18376E-04
   793.00000  8.33829E-02  7.96132E-02  3.55231E-03  2.17408E-04
   794.00000  8.30980E-02  7.93409E-02  3.54070E-03  2.16447E-04
   795.00000  8.28145E-02  7.90698E-02  3.52915E-03  2.15490E-04
   796.00000  8.25322E-02  7.88000E-02  3.51765E-03  2.14539E-04
   797.00000  8.22512E-02  7.85314E-02  3.50620E-03  2.13593E-04
   798.00000  8.19715E-02  7.82641E-02  3.49480E-03  2.12652E-04
   799.00000  8.16932E-02  7.79980E-02  3.48346E-03  2.11717E-04
   800.00000  8.14160E-02  7.77331E-02  3.47216E-03  2.10787E-04
   801.00000  8.11402E-02  7.74694E-02  3.46091E-03  2.09862E-04
   802.00000  8.08656E-02  7.72069E-02  3.44971E-03  2.08942E-04
   803.00000  8.05922E-02  7.69456E-02  3.43856E-03  2.08027E-04
   804.00000  8.03201E-02  7.66856E-02  3.42747E-03  2.07118E-04
   805.00000  8.00493E-02  7.64267E-02  3.41641E-03  2.06213E-04
   806.00000  7.97796E-02  7.61689E-02  3.40541E-03  2.05314E-04
   807.00000  7.95112E-02  7.59124E-02  3.39446E-03  2.04419E-04
   808.00000  7.92440E-02  7.56570E-02  3.38355E-03  2.03530E-04
   809.00000  7.89780E-02  7.54027E-02  3.37269E-03  2.02645E-04
   810.00000  7.87133E-02  7.51496E-02  3.36188E-03  2.01765E-04
   811.00000  7.84497E-02  7.48976E-02  3.35112E-03  2.00890E-04
   812.00000  7.81872E-02  7.46468E-02  3.34040E-03  2.00020E-04
   813.00000  7.79260E-02  7.43971E-02  3.32973E-03  1.99155E-04
   814.00000  7.76660E-02  7.41485E-02  3.31911E-03  1.98294E-04
   815.00000  7.74071E-02  7.39011E-02  3.30853E-03  1.97438E-04
   816.00000  7.71493E-02  7.36547E-02  3.29800E-03  1.96586E-04
   817.00000  7.68927E-02  7.34095E-02  3.28751E-03  1.95739E-04
   818.00000  7.66373E-02  7.31653E-02  3.27707E-03  1.94896E-04
   819.00000  7.63830E-02  7.29222E-02  3.26667E-03  1.94058E-04
   820.00000  7.61298E-02  7.26802E-02  3.25632E-03  1.93225E-04
   821.00000  7.58777E-02  7.24393E-02  3.24602E-03  1.92395E-04
   822.00000  7.56268E-02  7.21995E-02  3.23575E-03  1.91570E-04
   823.00000  7.53770E-02  7.19607E-02  3.22553E-03  1.90750E-04
   824.00000  7.51282E-02  7.17229E-02  3.21536E-03  1.89933E-04
   825.00000  7.48806E-02  7.14863E-02  3.20523E-03  1.89121E-04
   826.00000  7.46341E-02  7.12506E-02  3.19514E-03  1.88313E-04
   827.00000  7.43886E-02  7.10160E-02  3.18509E-03  1.87509E-04
   828.00000  7.41442E-02  7.07824E-02  3.17509E-03  1.86709E-04
   829.00000  7.39009E-02  7.05499E-02  3.16513E-03  1.85913E-04
   830.00000  7.36587E-02  7.03184E-02  3.15521E-03  1.85122E-04
   831.00000  7.34175E-02  7.00878E-02  3.14534E-03  1.84334E-04
   832.00000  7.31774E-02  6.98583E-02  3.13551E-03  1.83550E-04
   833.00000  7.29383E-02  6.96298E-02  3.12571E-03  1.82770E-04
   834.00000  7.27002E-02  6.94023E-02  3.11596E-03  1.81994E-04
   835.00000  7.24632E-02  6.91758E-02  3.10625E-03  1.81222E-04
   836.00000  7.22273E-02  6.89502E-02  3.09658E-03  1.80454E-04
   837.00000  7.19923E-02  6.87256E-02  3.08696E-03  1.79689E-04
   838.00000  7.17583E-02  6.85021E-02  3.07737E-03  1.78929E-04
   839.00000  7.15254E-02  6.82794E-02  3.06782E-03  1.78172E-04
   840.00000  7.12935E-02  6.80578E-02  3.05831E-03  1.77419E-04
   841.00000  7.10626E-02  6.78370E-02  3.04885E-03  1.76669E-04
   842.00000  7.08326E-02  6.76173E-02  3.03942E-03  1.75924E-04
   843.00000  7.06037E-02  6.73985E-02  3.03003E-03  1.75182E-04
   844.00000  7.03757E-02  6.71806E-02  3.02068E-03  1.74444E-04
   845.00000  7.01487E-02  6.69636E-02  3.01137E-03  1.73709E-04
   846.00000  6.99227E-02  6.67476E-02  3.00209E-03  1.72978E-04
   847.00000  6.96976E-02  6.65325E-02  2.99286E-03  1.72251E-04
   848.00000  6.94735E-02  6.63183E-02  2.98366E-03  1.71527E-04
   849.00000  6.92504E-02  6.61051E-02  2.97451E-03  1.70807E-04
   850.00000  6.90282E-02  6.58927E-02  2.96539E-03  1.70091E-04
   851.00000  6.88069E-02  6.56812E-02  2.95630E-03  1.69378E-04
   852.00000  6.85866E-02  6.54707E-02  2.94726E-03  1.68669E-04
   853.00000  6.83672E-02  6.52610E-02  2.93825E-03  1.67963E-04
   854.00000  6.81487E-02  6.50522E-02  2.92928E-03  1.67261E-04
   855.00000  6.79312E-02  6.48443E-02  2.92034E-03  1.66563E-04
   856.00000  6.77146E-02  6.46373E-02  2.91144E-03  1.65868E-04
   857.00000  6.74989E-02  6.44311E-02  2.90258E-03  1.65176E-04
   858.00000  6.72841E-02  6.42258E-02  2.89376E-03  1.64488E-04
   859.00000  6.70702E-02  6.40214E-02  2.88497E-03  1.63803E-04
   860.00000  6.68571E-02  6.38178E-02  2.87621E-03  1.63122E-04
   861.00000  6.66450E-02  6.36151E-02  2.86750E-03  1.62445E-04
   862.00000  6.64338E-02  6.34132E-02  2.85881E-03  1.61770E-04
   863.00000  6.62235E-02  6.32122E-02  2.85017E-03  1.61100E-04
   864.00000  6.60140E-02  6.30120E-02  2.84155E-03  1.60432E-04
   865.00000  6.58054E-02  6.28126E-02  2.83297E-03  1.59768E-04
   866.00000  6.55976E-02  6.26141E-02  2.82443E-03  1.59108E-04
   867.00000  6.53908E-02  6.24164E-02  2.81592E-03  1.58450E-04
   868.00000  6.51848E-02  6.22195E-02  2.80745E-03  1.57796E-04
   869.00000  6.49796E-02  6.20234E-02  2.79901E-03  1.57146E-04
   870.00000  6.47753E-02  6.18282E-02  2.79060E-03  1.56498E-04
   871.00000  6.45718E-02  6.16337E-02  2.78223E-03  1.55854E-04
   872.00000  6.43692E-02  6.14401E-02  2.77389E-03  1.55213E-04
   873.00000  6.41674E-02  6.12472E-02  2.76558E-03  1.54576E-04
   874.00000  6.39664E-02  6.10552E-02  2.75731E-03  1.53942E-04
   875.00000  6.37663E-02  6.08639E-02  2.74907E-03  1.53311E-04
   876.00000  6.35670E-02  6.06734E-02  2.74086E-03  1.52683E-04
   877.00000  6.33685E-02  6.04837E-02  2.73269E-03  1.52058E-04
   878.00000  6.31708E-02  6.02948E-02  2.72455E-03  1.51436E-04
   879.00000  6.29739E-02  6.01066E-02  2.71644E-03  1.50818E-04
   880.00000  6.27778E-02  5.99192E-02  2.70836E-03  1.50203E-04
   881.00000  6.25825E-02  5.97326E-02  2.70031E-03  1.49591E-04
   882.00000  6.23880E-02  5.95468E-02  2.69230E-03  1.48982E-04
   883.00000  6.21944E-02  5.93617E-02  2.68432E-03  1.48376E-04
   884.00000  6.20014E-02  5.91773E-02  2.67637E-03  1.47773E-04
   885.00000  6.18093E-02  5.89937E-02  2.66845E-03  1.47173E-04
   886.00000  6.16180E-02  5.88108E-02  2.66056E-03  1.46576E-04
   887.00000  6.14274E-02  5.86287E-02  2.65270E-03  1.45983E-04
   888.00000  6.12376E-02  5.84474E-02  2.64488E-03  1.45392E-04
   889.00000  6.10486E-02  5.82667E-02  2.63708E-03  1.44804E-04
   890.00000  6.08603E-02  5.80868E-02  2.62932E-03  1.44219E-04
   891.00000  6.06728E-02  5.79076E-02  2.62158E-03  1.43638E-04
   892.00000  6.04861E-02  5.77291E-02  2.61388E-03  1.43059E-04
   893.00000  6.03001E-02  5.75514E-02  2.60620E-03  1.42483E-04
   894.00000  6.01148E-02  5.73743E-02  2.59856E-03  1.41910E-04
   895.00000  5.99303E-02  5.71980E-02  2.59094E-03  1.41340E-04
   896.00000  5.97465E-02  5.70224E-02  2.58336E-03  1.40773E-04
   897.00000  5.95635E-02  5.68475E-02  2.57580E-03  1.40208E-04
   898.00000  5.93812E-02  5.66733E-02  2.56828E-03  1.39647E-04
   899.00000  5.91996E-02  5.64997E-02  2.56078E-03  1.39088E-04
   900.00000  5.90188E-02  5.63269E-02  2.55331E-03  1.38532E-04
   901.00000  5.88386E-02  5.61548E-02  2.54587E-03  1.37979E-04
   902.00000  5.86592E-02  5.59833E-02  2.53846E-03  1.37429E-04
   903.00000  5.84805E-02  5.58126E-02  2.53108E-03  1.36881E-04
   904.00000  5.83025E-02  5.56425E-02  2.52373E-03  1.36336E-04
   905.00000  5.81253E-02  5.54731E-02  2.51640E-03  1.35794E-04
   906.00000  5.79487E-02  5.53043E-02  2.50911E-03  1.35254E-04
   907.00000  5.77728E-02  5.51363E-02  2.50184E-03  1.34718E-04
   908.00000  5.75976E-02  5.49689E-02  2.49460E-03  1.34183E-04
   909.00000  5.74231E-02  5.48021E-02  2.48738E-03  1.33652E-04
   910.00000  5.72494E-02  5.46360E-02  2.48020E-03  1.33123E-04
   911.00000  5.70762E-02  5.44706E-02  2.47304E-03  1.32597E-04
   912.00000  5.69038E-02  5.43058E-02  2.46591E-03  1.32073E-04
   913.00000  5.67321E-02  5.41417E-02  2.45881E-03  1.31551E-04
   914.00000  5.65610E-02  5.39782E-02  2.45173E-03  1.31032E-04
   915.00000  5.63906E-02  5.38154E-02  2.44468E-03  1.30516E-04
   916.00000  5.62209E-02  5.36532E-02  2.43766E-03  1.30002E-04
   917.00000  5.60518E-02  5.34917E-02  2.43066E-03  1.29491E-04
   918.00000  5.58834E-02  5.33308E-02  2.42369E-03  1.28982E-04
   919.00000  5.57157E-02  5.31705E-02  2.41675E-03  1.28475E-04
   920.00000  5.55486E-02  5.30108E-02  2.40983E-03  1.27971E-04
   921.00000  5.53822E-02  5.28518E-02  2.40294E-03  1.27468E-04
   922.00000  5.52164E-02  5.26934E-02  2.39608E-03  1.26969E-04
   923.00000  5.50513E-02  5.25356E-02  2.38924E-03  1.26471E-04
   924.00000  5.48868E-02  5.23784E-02  2.38242E-03  1.25976E-04
   925.00000  5.47230E-02  5.22219E-02  2.37564E-03  1.25483E-04
   926.00000  5.45598E-02  5.20659E-02  2.36887E-03  1.24993E-04
   927.00000  5.43972E-02  5.19106E-02  2.36214E-03  1.24504E-04
   928.00000  5.42353E-02  5.17558E-02  2.35543E-03  1.24018E-04
   929.00000  5.40740E-02  5.16017E-02  2.34874E-03  1.23534E-04
   930.00000  5.39133E-02  5.14482E-02  2.34208E-03  1.23052E-04
   931.00000  5.37533E-02  5.12952E-02  2.33544E-03  1.22573E-04
   932.00000  5.35938E-02  5.11429E-02  2.32883E-03  1.22095E-04
   933.00000  5.34350E-02  5.09912E-02  2.32224E-03  1.21620E-04
   934.00000  5.32768E-02  5.08400E-02  2.31568E-03  1.21146E-04
   935.00000  5.31192E-02  5.06894E-02  2.30914E-03  1.20675E-04
   936.00000  5.29623E-02  5.05394E-02  2.30263E-03  1.20206E-04
   937.00000  5.28059E-02  5.03900E-02  2.29614E-03  1.19739E-04
   938.00000  5.26501E-02  5.02412E-02  2.28967E-03  1.19274E-04
   939.00000  5.24950E-02  5.00929E-02  2.28323E-03  1.18811E-04
   940.00000  5.23404E-02  4.99452E-02  2.27681E-03  1.18350E-04
   941.00000  5.21864E-02  4.97981E-02  2.27042E-03  1.17892E-04
   942.00000  5.20331E-02  4.96516E-02  2.26405E-03  1.17435E-04
   943.00000  5.18803E-02  4.95056E-02  2.25770E-03  1.16980E-04
   944.00000  5.17281E-02  4.93602E-02  2.25137E-03  1.16528E-04
   945.00000  5.15764E-02  4.92153E-02  2.24507E-03  1.16077E-04
   946.00000  5.14254E-02  4.90710E-02  2.23880E-03  1.15629E-04
   947.00000  5.12750E-02  4.89272E-02  2.23254E-03  1.15182E-04
   948.00000  5.11251E-02  4.87840E-02  2.22631E-03  1.14738E-04
   949.00000  5.09758E-02  4.86414E-02  2.22010E-03  1.14295E-04
   950.00000  5.08271E-02  4.84993E-02  2.21391E-03  1.13855E-04
   951.00000  5.06789E-02  4.83577E-02  2.20775E-03  1.13417E-04
   952.00000  5.05313E-02  4.82167E-02  2.20161E-03  1.12980E-04
   953.00000  5.03843E-02  4.80762E-02  2.19549E-03  1.12546E-04
   954.00000  5.02378E-02  4.79363E-02  2.18939E-03  1.12114E-04
   955.00000  5.00919E-02  4.77969E-02  2.18332E-03  1.11683E-04
   956.00000  4.99465E-02  4.76580E-02  2.17726E-03  1.11255E-04
   957.00000  4.98017E-02  4.75197E-02  2.17123E-03  1.10829E-04
   958.00000  4.96575E-02  4.73819E-02  2.16522E-03  1.10404E-04
   959.00000  4.95138E-02  4.72446E-02  2.15924E-03  1.09982E-04
   960.00000  4.93706E-02  4.71078E-02  2.15327E-03  1.09561E-04
   961.00000  4.92280E-02  4.69715E-02  2.14733E-03  1.09143E-04
   962.00000  4.90860E-02  4.68358E-02  2.14141E-03  1.08727E-04
   963.00000  4.89444E-02  4.67006E-02  2.13550E-03  1.08312E-04
   964.00000  4.88034E-02  4.65659E-02  2.12962E-03  1.07900E-04
   965.00000  4.86630E-02  4.64317E-02  2.12377E-03  1.07489E-04
   966.00000  4.85230E-02  4.62980E-02  2.11793E-03  1.07080E-04
   967.00000  4.83837E-02  4.61649E-02  2.11211E-03  1.06674E-04
   968.00000  4.82448E-02  4.60322E-02  2.10632E-03  1.06269E-04
   969.00000  4.81064E-02  4.59000E-02  2.10054E-03  1.05866E-04
   970.00000  4.79686E-02  4.57684E-02  2.09479E-03  1.05465E-04
   971.00000  4.78313E-02  4.56372E-02  2.08905E-03  1.05066E-04
   972.00000  4.76945E-02  4.55065E-02  2.08334E-03  1.04669E-04
   973.00000  4.75583E-02  4.53764E-02  2.07765E-03  1.04274E-04
   974.00000  4.74225E-02  4.52467E-02  2.07198E-03  1.03880E-04
   975.00000  4.72873E-02  4.51175E-02  2.06632E-03  1.03489E-04
   976.00000  4.71526E-02  4.49888E-02  2.06069E-03  1.03099E-04
   977.00000  4.70183E-02  4.48605E-02  2.05508E-03  1.02711E-04
   978.00000  4.68846E-02  4.47328E-02  2.04949E-03  1.02325E-04
   979.00000  4.67514E-02  4.46055E-02  2.04392E-03  1.01941E-04
   980.00000  4.66187E-02  4.44787E-02  2.03836E-03  1.01559E-04
   981.00000  4.64865E-02  4.43524E-02  2.03283E-03  1.01178E-04
   982.00000  4.63547E-02  4.42266E-02  2.02732E-03  1.00799E-04
   983.00000  4.62235E-02  4.41012E-02  2.02183E-03  1.00422E-04
   984.00000  4.60928E-02  4.39764E-02  2.01635E-03  1.00047E-04
   985.00000  4.59625E-02  4.38519E-02  2.01090E-03  9.96737E-05
   986.00000  4.58327E-02  4.37280E-02  2.00546E-03  9.93020E-05
   987.00000  4.57035E-02  4.36045E-02  2.00005E-03  9.89321E-05
   988.00000  4.55747E-02  4.34815E-02  1.99465E-03  9.85639E-05
   989.00000  4.54464E-02  4.33589E-02  1.98927E-03  9.81974E-05
   990.00000  4.53185E-02  4.32368E-02  1.98392E-03  9.78327E-05
   991.00000  4.51912E-02  4.31151E-02  1.97858E-03  9.74697E-05
   992.00000  4.50643E-02  4.29939E-02  1.97325E-03  9.71084E-05
   993.00000  4.49379E-02  4.28732E-02  1.96795E-03  9.67488E-05
   994.00000  4.48119E-02  4.27529E-02  1.96267E-03  9.63908E-05
   995.00000  4.46864E-02  4.26330E-02  1.95741E-03  9.60346E-05
   996.00000  4.45614E-02  4.25136E-02  1.95216E-03  9.56800E-05
   997.00000  4.44369E-02  4.23946E-02  1.94693E-03  9.53271E-05
   998.00000  4.43128E-02  4.22761E-02  1.94172E-03  9.49758E-05
   999.00000  4.41892E-02  4.21580E-02  1.93653E-03  9.46261E-05
  1000.00000  4.40660E-02  4.20404E-02  1.93136E-03  9.42781E-05
  1001.00000  4.39433E-02  4.19232E-02  1.92620E-03  9.39317E-05
  1002.00000  4.38211E-02  4.18064E-02  1.92107E-03  9.35870E-05
  1003.00000  4.36992E-02  4.16901E-02  1.91595E-03  9.32438E-05
  1004.00000  4.35779E-02  4.15741E-02  1.91085E-03  9.29022E-05
  1005.00000  4.34570E-02  4.14587E-02  1.90576E-03  9.25622E-05
  1006.00000  4.33365E-02  4.13436E-02  1.90070E-03  9.22237E-05
  1007.00000  4.32165E-02  4.12290E-02  1.89565E-03  9.18868E-05
  1008.00000  4.30969E-02  4.11148E-02  1.89062E-03  9.15514E-05
  1009.00000  4.29778E-02  4.10010E-02  1.88561E-03  9.12176E-05
  1010.00000  4.28591E-02  4.08876E-02  1.88061E-03  9.08853E-05
  1011.00000  4.27409E-02  4.07747E-02  1.87564E-03  9.05545E-05
  1012.00000  4.26230E-02  4.06621E-02  1.87068E-03  9.02251E-05
  1013.00000  4.25056E-02  4.05500E-02  1.86573E-03  8.98973E-05
  1014.00000  4.23887E-02  4.04383E-02  1.86081E-03  8.95709E-05
  1015.00000  4.22721E-02  4.03270E-02  1.85590E-03  8.92460E-05
  1016.00000  4.21560E-02  4.02161E-02  1.85101E-03  8.89225E-05
  1017.00000  4.20403E-02  4.01056E-02  1.84613E-03  8.86004E-05
  1018.00000  4.19251E-02  3.99955E-02  1.84127E-03  8.82798E-05
  1019.00000  4.18102E-02  3.98859E-02  1.83643E-03  8.79605E-05
  1020.00000  4.16958E-02  3.97766E-02  1.83161E-03  8.76427E-05
  1021.00000  4.15818E-02  3.96677E-02  1.82680E-03  8.73262E-05
  1022.00000  4.14682E-02  3.95592E-02  1.82201E-03  8.70110E-05
  1023.00000  4.13551E-02  3.94511E-02  1.81723E-03  8.66972E-05
  1024.00000  4.12423E-02  3.93434E-02  1.81247E-03  8.63848E-05
  1025.00000  4.11300E-02  3.92362E-02  1.80773E-03  8.60737E-05
  1026.00000  4.10180E-02  3.91292E-02  1.80300E-03  8.57638E-05
  1027.00000  4.09065E-02  3.90227E-02  1.79829E-03  8.54553E-05
  1028.00000  4.07953E-02  3.89166E-02  1.79360E-03  8.51481E-05
  1029.00000  4.06846E-02  3.88108E-02  1.78892E-03  8.48421E-05
  1030.00000  4.05743E-02  3.87055E-02  1.78426E-03  8.45374E-05
  1031.00000  4.04643E-02  3.86005E-02  1.77962E-03  8.42340E-05
  1032.00000  4.03548E-02  3.84959E-02  1.77499E-03  8.39318E-05
  1033.00000  4.02457E-02  3.83917E-02  1.77037E-03  8.36308E-05
  1034.00000  4.01369E-02  3.82878E-02  1.76577E-03  8.33311E-05
  1035.00000  4.00286E-02  3.81844E-02  1.76119E-03  8.30326E-05
  1036.00000  3.99206E-02  3.80813E-02  1.75662E-03  8.27353E-05
  1037.00000  3.98130E-02  3.79785E-02  1.75207E-03  8.24392E-05
  1038.00000  3.97059E-02  3.78762E-02  1.74754E-03  8.21443E-05
  1039.00000  3.95991E-02  3.77742E-02  1.74302E-03  8.18506E-05
  1040.00000  3.94926E-02  3.76726E-02  1.73851E-03  8.15581E-05
  1041.00000  3.93866E-02  3.75713E-02  1.73402E-03  8.12667E-05
  1042.00000  3.92810E-02  3.74704E-02  1.72954E-03  8.09766E-05
  1043.00000  3.91757E-02  3.73699E-02  1.72509E-03  8.06876E-05
  1044.00000  3.90708E-02  3.72697E-02  1.72064E-03  8.03998E-05
  1045.00000  3.89663E-02  3.71699E-02  1.71621E-03  8.01132E-05
  1046.00000  3.88621E-02  3.70705E-02  1.71180E-03  7.98277E-05
  1047.00000  3.87583E-02  3.69714E-02  1.70740E-03  7.95434E-05
  1048.00000  3.86549E-02  3.68726E-02  1.70301E-03  7.92603E-05
  1049.00000  3.85519E-02  3.67742E-02  1.69864E-03  7.89783E-05
  1050.00000  3.84492E-02  3.66762E-02  1.69428E-03  7.86975E-05
  1051.00000  3.83469E-02  3.65785E-02  1.68994E-03  7.84179E-05
  1052.00000  3.82449E-02  3.64812E-02  1.68562E-03  7.81394E-05
  1053.00000  3.81433E-02  3.63842E-02  1.68130E-03  7.78621E-05
  1054.00000  3.80421E-02  3.62875E-02  1.67701E-03  7.75859E-05
  1055.00000  3.79413E-02  3.61912E-02  1.67272E-03  7.73109E-05
  1056.00000  3.78407E-02  3.60953E-02  1.66845E-03  7.70371E-05
  1057.00000  3.77406E-02  3.59996E-02  1.66420E-03  7.67644E-05
  1058.00000  3.76408E-02  3.59043E-02  1.65996E-03  7.64929E-05
  1059.00000  3.75413E-02  3.58094E-02  1.65573E-03  7.62225E-05
  1060.00000  3.74422E-02  3.57148E-02  1.65152E-03  7.59533E-05
  1061.00000  3.73435E-02  3.56205E-02  1.64732E-03  7.56852E-05
  1062.00000  3.72451E-02  3.55265E-02  1.64314E-03  7.54183E-05
  1063.00000  3.71470E-02  3.54329E-02  1.63897E-03  7.51526E-05
  1064.00000  3.70493E-02  3.53396E-02  1.63481E-03  7.48880E-05
  1065.00000  3.69520E-02  3.52467E-02  1.63067E-03  7.46246E-05
  1066.00000  3.68549E-02  3.51540E-02  1.62654E-03  7.43623E-05
  1067.00000  3.67583E-02  3.50617E-02  1.62242E-03  7.41011E-05
  1068.00000  3.66619E-02  3.49698E-02  1.61832E-03  7.38412E-05
  1069.00000  3.65659E-02  3.48781E-02  1.61423E-03  7.35823E-05
  1070.00000  3.64702E-02  3.47868E-02  1.61016E-03  7.33246E-05
  1071.00000  3.63749E-02  3.46957E-02  1.60610E-03  7.30680E-05
  1072.00000  3.62799E-02  3.46050E-02  1.60205E-03  7.28126E-05
  1073.00000  3.61852E-02  3.45146E-02  1.59801E-03  7.25583E-05
  1074.00000  3.60909E-02  3.44246E-02  1.59399E-03  7.23052E-05
  1075.00000  3.59968E-02  3.43348E-02  1.58999E-03  7.20531E-05
  1076.00000  3.59032E-02  3.42454E-02  1.58599E-03  7.18022E-05
  1077.00000  3.58098E-02  3.41562E-02  1.58201E-03  7.15524E-05
  1078.00000  3.57167E-02  3.40674E-02  1.57804E-03  7.13037E-05
  1079.00000  3.56240E-02  3.39789E-02  1.57409E-03  7.10561E-05
  1080.00000  3.55316E-02  3.38907E-02  1.57014E-03  7.08096E-05
  1081.00000  3.54395E-02  3.38028E-02  1.56621E-03  7.05643E-05
  1082.00000  3.53478E-02  3.37152E-02  1.56230E-03  7.03200E-05
  1083.00000  3.52563E-02  3.36279E-02  1.55839E-03  7.00768E-05
  1084.00000  3.51652E-02  3.35409E-02  1.55450E-03  6.98347E-05
  1085.00000  3.50744E-02  3.34542E-02  1.55063E-03  6.95936E-05
  1086.00000  3.49839E-02  3.33678E-02  1.54676E-03  6.93537E-05
  1087.00000  3.48937E-02  3.32817E-02  1.54291E-03  6.91148E-05
  1088.00000  3.48038E-02  3.31959E-02  1.53907E-03  6.88769E-05
  1089.00000  3.47142E-02  3.31104E-02  1.53524E-03  6.86402E-05
  1090.00000  3.46250E-02  3.30251E-02  1.53142E-03  6.84044E-05
  1091.00000  3.45360E-02  3.29402E-02  1.52762E-03  6.81698E-05
  1092.00000  3.44473E-02  3.28556E-02  1.52383E-03  6.79361E-05
  1093.00000  3.43590E-02  3.27712E-02  1.52005E-03  6.77035E-05
  1094.00000  3.42709E-02  3.26872E-02  1.51629E-03  6.74720E-05
  1095.00000  3.41832E-02  3.26034E-02  1.51254E-03  6.72414E-05
  1096.00000  3.40957E-02  3.25199E-02  1.50880E-03  6.70119E-05
  1097.00000  3.40086E-02  3.24367E-02  1.50507E-03  6.67834E-05
  1098.00000  3.39217E-02  3.23538E-02  1.50135E-03  6.65560E-05
  1099.00000  3.38352E-02  3.22712E-02  1.49765E-03  6.63295E-05
  1100.00000  3.37489E-02  3.21888E-02  1.49395E-03  6.61040E-05
  1101.00000  3.36629E-02  3.21067E-02  1.49027E-03  6.58795E-05
  1102.00000  3.35772E-02  3.20250E-02  1.48660E-03  6.56561E-05
  1103.00000  3.34918E-02  3.19434E-02  1.48295E-03  6.54336E-05
  1104.00000  3.34067E-02  3.18622E-02  1.47930E-03  6.52121E-05
  1105.00000  3.33219E-02  3.17812E-02  1.47567E-03  6.49915E-05
  1106.00000  3.32373E-02  3.17005E-02  1.47205E-03  6.47720E-05
  1107.00000  3.31531E-02  3.16201E-02  1.46844E-03  6.45534E-05
  1108.00000  3.30691E-02  3.15399E-02  1.46484E-03  6.43358E-05
  1109.00000  3.29854E-02  3.14601E-02  1.46126E-03  6.41191E-05
  1110.00000  3.29020E-02  3.13804E-02  1.45768E-03  6.39034E-05
  1111.00000  3.28189E-02  3.13011E-02  1.45412E-03  6.36886E-05
  1112.00000  3.27361E-02  3.12220E-02  1.45057E-03  6.34748E-05
  1113.00000  3.26535E-02  3.11432E-02  1.44703E-03  6.32619E-05
  1114.00000  3.25712E-02  3.10646E-02  1.44350E-03  6.30499E-05
  1115.00000  3.24892E-02  3.09864E-02  1.43998E-03  6.28389E-05
  1116.00000  3.24074E-02  3.09083E-02  1.43648E-03  6.26288E-05
  1117.00000  3.23260E-02  3.08306E-02  1.43298E-03  6.24195E-05
  1118.00000  3.22448E-02  3.07531E-02  1.42950E-03  6.22112E-05
  1119.00000  3.21638E-02  3.06758E-02  1.42603E-03  6.20038E-05
  1120.00000  3.20832E-02  3.05988E-02  1.42257E-03  6.17972E-05
  1121.00000  3.20028E-02  3.05221E-02  1.41912E-03  6.15916E-05
  1122.00000  3.19227E-02  3.04456E-02  1.41568E-03  6.13868E-05
  1123.00000  3.18428E-02  3.03694E-02  1.41225E-03  6.11828E-05
  1124.00000  3.17632E-02  3.02934E-02  1.40883E-03  6.09797E-05
  1125.00000  3.16839E-02  3.02177E-02  1.40543E-03  6.07775E-05
  1126.00000  3.16048E-02  3.01422E-02  1.40203E-03  6.05761E-05
  1127.00000  3.15260E-02  3.00670E-02  1.39865E-03  6.03756E-05
  1128.00000  3.14474E-02  2.99920E-02  1.39528E-03  6.01758E-05
  1129.00000  3.13691E-02  2.99172E-02  1.39191E-03  5.99769E-05
  1130.00000  3.12911E-02  2.98428E-02  1.38856E-03  5.97788E-05
  1131.00000  3.12133E-02  2.97685E-02  1.38522E-03  5.95815E-05
  1132.00000  3.11358E-02  2.96945E-02  1.38189E-03  5.93850E-05
  1133.00000  3.10585E-02  2.96208E-02  1.37857E-03  5.91892E-05
  1134.00000  3.09815E-02  2.95473E-02  1.37526E-03  5.89943E-05
  1135.00000  3.09048E-02  2.94740E-02  1.37196E-03  5.88001E-05
  1136.00000  3.08282E-02  2.94010E-02  1.36867E-03  5.86067E-05
  1137.00000  3.07520E-02  2.93282E-02  1.36540E-03  5.84140E-05
  1138.00000  3.06760E-02  2.92556E-02  1.36213E-03  5.82220E-05
  1139.00000  3.06002E-02  2.91833E-02  1.35887E-03  5.80308E-05
  1140.00000  3.05247E-02  2.91112E-02  1.35562E-03  5.78404E-05
  1141.00000  3.04494E-02  2.90394E-02  1.35239E-03  5.76506E-05
  1142.00000  3.03744E-02  2.89678E-02  1.34916E-03  5.74616E-05
  1143.00000  3.02996E-02  2.88964E-02  1.34594E-03  5.72733E-05
  1144.00000  3.02251E-02  2.88252E-02  1.34274E-03  5.70857E-05
  1145.00000  3.01508E-02  2.87543E-02  1.33954E-03  5.68988E-05
  1146.00000  3.00767E-02  2.86836E-02  1.33635E-03  5.67126E-05
  1147.00000  3.00029E-02  2.86132E-02  1.33318E-03  5.65271E-05
  1148.00000  2.99293E-02  2.85429E-02  1.33001E-03  5.63423E-05
  1149.00000  2.98559E-02  2.84729E-02  1.32686E-03  5.61581E-05
  1150.00000  2.97828E-02  2.84032E-02  1.32371E-03  5.59747E-05
  1151.00000  2.97100E-02  2.83336E-02  1.32057E-03  5.57919E-05
  1152.00000  2.96373E-02  2.82643E-02  1.31745E-03  5.56098E-05
  1153.00000  2.95649E-02  2.81952E-02  1.31433E-03  5.54283E-05
  1154.00000  2.94927E-02  2.81263E-02  1.31122E-03  5.52476E-05
  1155.00000  2.94208E-02  2.80576E-02  1.30812E-03  5.50675E-05
  1156.00000  2.93491E-02  2.79892E-02  1.30503E-03  5.48880E-05
  1157.00000  2.92776E-02  2.79209E-02  1.30196E-03  5.47093E-05
  1158.00000  2.92064E-02  2.78529E-02  1.29889E-03  5.45312E-05
  1159.00000  2.91353E-02  2.77852E-02  1.29583E-03  5.43537E-05
  1160.00000  2.90645E-02  2.77176E-02  1.29278E-03  5.41770E-05
  1161.00000  2.89940E-02  2.76502E-02  1.28974E-03  5.40008E-05
  1162.00000  2.89236E-02  2.75831E-02  1.28671E-03  5.38254E-05
  1163.00000  2.88535E-02  2.75162E-02  1.28368E-03  5.36506E-05
  1164.00000  2.87836E-02  2.74495E-02  1.28067E-03  5.34765E-05
  1165.00000  2.87139E-02  2.73830E-02  1.27767E-03  5.33030E-05
  1166.00000  2.86445E-02  2.73167E-02  1.27467E-03  5.31302E-05
  1167.00000  2.85752E-02  2.72506E-02  1.27169E-03  5.29581E-05
  1168.00000  2.85062E-02  2.71847E-02  1.26871E-03  5.27866E-05
  1169.00000  2.84374E-02  2.71191E-02  1.26575E-03  5.26158E-05
  1170.00000  2.83688E-02  2.70536E-02  1.26279E-03  5.24456E-05
  1171.00000  2.83005E-02  2.69884E-02  1.25984E-03  5.22761E-05
  1172.00000  2.82323E-02  2.69233E-02  1.25690E-03  5.21073E-05
  1173.00000  2.81644E-02  2.68585E-02  1.25397E-03  5.19392E-05
  1174.00000  2.80967E-02  2.67939E-02  1.25105E-03  5.17717E-05
  1175.00000  2.80292E-02  2.67294E-02  1.24814E-03  5.16048E-05
  1176.00000  2.79619E-02  2.66652E-02  1.24523E-03  5.14387E-05
  1177.00000  2.78948E-02  2.66012E-02  1.24234E-03  5.12732E-05
  1178.00000  2.78279E-02  2.65374E-02  1.23945E-03  5.11084E-05
  1179.00000  2.77613E-02  2.64738E-02  1.23658E-03  5.09442E-05
  1180.00000  2.76948E-02  2.64104E-02  1.23371E-03  5.07807E-05
  1181.00000  2.76286E-02  2.63471E-02  1.23085E-03  5.06179E-05
  1182.00000  2.75626E-02  2.62841E-02  1.22800E-03  5.04557E-05
  1183.00000  2.74967E-02  2.62213E-02  1.22516E-03  5.02942E-05
  1184.00000  2.74311E-02  2.61587E-02  1.22232E-03  5.01334E-05
  1185.00000  2.73657E-02  2.60962E-02  1.21950E-03  4.99732E-05
  1186.00000  2.73005E-02  2.60340E-02  1.21668E-03  4.98137E-05
  1187.00000  2.72355E-02  2.59720E-02  1.21387E-03  4.96548E-05
  1188.00000  2.71707E-02  2.59101E-02  1.21107E-03  4.94966E-05
  1189.00000  2.71061E-02  2.58485E-02  1.20828E-03  4.93390E-05
  1190.00000  2.70417E-02  2.57870E-02  1.20550E-03  4.91821E-05
  1191.00000  2.69775E-02  2.57257E-02  1.20273E-03  4.90259E-05
  1192.00000  2.69135E-02  2.56646E-02  1.19996E-03  4.88703E-05
  1193.00000  2.68497E-02  2.56037E-02  1.19720E-03  4.87153E-05
  1194.00000  2.67861E-02  2.55430E-02  1.19445E-03  4.85610E-05
  1195.00000  2.67227E-02  2.54825E-02  1.19171E-03  4.84074E-05
  1196.00000  2.66594E-02  2.54222E-02  1.18898E-03  4.82543E-05
  1197.00000  2.65964E-02  2.53621E-02  1.18626E-03  4.81020E-05
  1198.00000  2.65336E-02  2.53021E-02  1.18354E-03  4.79502E-05
  1199.00000  2.64710E-02  2.52423E-02  1.18083E-03  4.77991E-05
  1200.00000  2.64085E-02  2.51828E-02  1.17813E-03  4.76486E-05
  1201.00000  2.63463E-02  2.51234E-02  1.17544E-03  4.74987E-05
  1202.00000  2.62843E-02  2.50641E-02  1.17276E-03  4.73495E-05
  1203.00000  2.62224E-02  2.50051E-02  1.17008E-03  4.72009E-05
  1204.00000  2.61607E-02  2.49463E-02  1.16742E-03  4.70529E-05
  1205.00000  2.60992E-02  2.48876E-02  1.16476E-03  4.69055E-05
  1206.00000  2.60380E-02  2.48291E-02  1.16210E-03  4.67588E-05
  1207.00000  2.59769E-02  2.47708E-02  1.15946E-03  4.66126E-05
  1208.00000  2.59159E-02  2.47127E-02  1.15683E-03  4.64671E-05
  1209.00000  2.58552E-02  2.46547E-02  1.15420E-03  4.63222E-05
  1210.00000  2.57947E-02  2.45969E-02  1.15158E-03  4.61779E-05
  1211.00000  2.57343E-02  2.45393E-02  1.14897E-03  4.60342E-05
  1212.00000  2.56742E-02  2.44819E-02  1.14636E-03  4.58911E-05
  1213.00000  2.56142E-02  2.44247E-02  1.14377E-03  4.57486E-05
  1214.00000  2.55544E-02  2.43676E-02  1.14118E-03  4.56067E-05
  1215.00000  2.54947E-02  2.43107E-02  1.13860E-03  4.54654E-05
  1216.00000  2.54353E-02  2.42540E-02  1.13602E-03  4.53247E-05
  1217.00000  2.53761E-02  2.41974E-02  1.13346E-03  4.51845E-05
  1218.00000  2.53170E-02  2.41410E-02  1.13090E-03  4.50450E-05
  1219.00000  2.52581E-02  2.40848E-02  1.12835E-03  4.49061E-05
  1220.00000  2.51994E-02  2.40288E-02  1.12581E-03  4.47677E-05
  1221.00000  2.51408E-02  2.39729E-02  1.12327E-03  4.46299E-05
  1222.00000  2.50825E-02  2.39172E-02  1.12075E-03  4.44928E-05
  1223.00000  2.50243E-02  2.38617E-02  1.11823E-03  4.43561E-05
  1224.00000  2.49663E-02  2.38063E-02  1.11571E-03  4.42201E-05
  1225.00000  2.49084E-02  2.37512E-02  1.11321E-03  4.40846E-05
  1226.00000  2.48508E-02  2.36961E-02  1.11071E-03  4.39497E-05
  1227.00000  2.47933E-02  2.36413E-02  1.10822E-03  4.38154E-05
  1228.00000  2.47360E-02  2.35866E-02  1.10574E-03  4.36817E-05
  1229.00000  2.46789E-02  2.35321E-02  1.10326E-03  4.35485E-05
  1230.00000  2.46219E-02  2.34777E-02  1.10080E-03  4.34158E-05
  1231.00000  2.45651E-02  2.34235E-02  1.09834E-03  4.32837E-05
  1232.00000  2.45085E-02  2.33695E-02  1.09588E-03  4.31522E-05
  1233.00000  2.44521E-02  2.33156E-02  1.09344E-03  4.30212E-05
  1234.00000  2.43958E-02  2.32619E-02  1.09100E-03  4.28907E-05
  1235.00000  2.43397E-02  2.32083E-02  1.08857E-03  4.27608E-05
  1236.00000  2.42837E-02  2.31550E-02  1.08614E-03  4.26314E-05
  1237.00000  2.42280E-02  2.31017E-02  1.08372E-03  4.25025E-05
  1238.00000  2.41724E-02  2.30487E-02  1.08131E-03  4.23742E-05
  1239.00000  2.41169E-02  2.29958E-02  1.07891E-03  4.22464E-05
  1240.00000  2.40617E-02  2.29430E-02  1.07652E-03  4.21191E-05
  1241.00000  2.40066E-02  2.28904E-02  1.07413E-03  4.19923E-05
  1242.00000  2.39516E-02  2.28380E-02  1.07174E-03  4.18660E-05
  1243.00000  2.38969E-02  2.27858E-02  1.06937E-03  4.17402E-05
  1244.00000  2.38423E-02  2.27336E-02  1.06700E-03  4.16149E-05
  1245.00000  2.37878E-02  2.26817E-02  1.06464E-03  4.14901E-05
  1246.00000  2.37335E-02  2.26299E-02  1.06229E-03  4.13658E-05
  1247.00000  2.36794E-02  2.25782E-02  1.05994E-03  4.12419E-05
  1248.00000  2.36255E-02  2.25267E-02  1.05760E-03  4.11185E-05
  1249.00000  2.35717E-02  2.24754E-02  1.05527E-03  4.09956E-05
  1250.00000  2.35180E-02  2.24242E-02  1.05294E-03  4.08732E-05
  1251.00000  2.34645E-02  2.23732E-02  1.05062E-03  4.07512E-05
  1252.00000  2.34112E-02  2.23223E-02  1.04831E-03  4.06296E-05
  1253.00000  2.33581E-02  2.22716E-02  1.04600E-03  4.05086E-05
  1254.00000  2.33051E-02  2.22210E-02  1.04370E-03  4.03879E-05
  1255.00000  2.32522E-02  2.21706E-02  1.04141E-03  4.02677E-05
  1256.00000  2.31996E-02  2.21203E-02  1.03913E-03  4.01479E-05
  1257.00000  2.31470E-02  2.20701E-02  1.03685E-03  4.00285E-05
  1258.00000  2.30947E-02  2.20202E-02  1.03457E-03  3.99096E-05
  1259.00000  2.30424E-02  2.19703E-02  1.03231E-03  3.97911E-05
  1260.00000  2.29904E-02  2.19207E-02  1.03005E-03  3.96730E-05
  1261.00000  2.29385E-02  2.18711E-02  1.02780E-03  3.95553E-05
  1262.00000  2.28867E-02  2.18217E-02  1.02555E-03  3.94380E-05
  1263.00000  2.28351E-02  2.17725E-02  1.02331E-03  3.93211E-05
  1264.00000  2.27837E-02  2.17234E-02  1.02108E-03  3.92046E-05
  1265.00000  2.27324E-02  2.16744E-02  1.01885E-03  3.90885E-05
  1266.00000  2.26812E-02  2.16256E-02  1.01663E-03  3.89728E-05
  1267.00000  2.26302E-02  2.15770E-02  1.01441E-03  3.88575E-05
  1268.00000  2.25794E-02  2.15284E-02  1.01221E-03  3.87425E-05
  1269.00000  2.25287E-02  2.14801E-02  1.01001E-03  3.86280E-05
  1270.00000  2.24782E-02  2.14318E-02  1.00781E-03  3.85138E-05
  1271.00000  2.24278E-02  2.13837E-02  1.00562E-03  3.84000E-05
  1272.00000  2.23775E-02  2.13358E-02  1.00344E-03  3.82866E-05
  1273.00000  2.23274E-02  2.12880E-02  1.00126E-03  3.81735E-05
  1274.00000  2.22775E-02  2.12403E-02  9.99093E-04  3.80609E-05
  1275.00000  2.22277E-02  2.11928E-02  9.96929E-04  3.79486E-05
  1276.00000  2.21780E-02  2.11454E-02  9.94772E-04  3.78366E-05
  1277.00000  2.21285E-02  2.10982E-02  9.92620E-04  3.77251E-05
  1278.00000  2.20791E-02  2.10510E-02  9.90475E-04  3.76139E-05
  1279.00000  2.20299E-02  2.10041E-02  9.88336E-04  3.75031E-05
  1280.00000  2.19808E-02  2.09572E-02  9.86203E-04  3.73927E-05
  1281.00000  2.19319E-02  2.09105E-02  9.84076E-04  3.72826E-05
  1282.00000  2.18831E-02  2.08640E-02  9.81955E-04  3.71729E-05
  1283.00000  2.18345E-02  2.08176E-02  9.79840E-04  3.70636E-05
  1284.00000  2.17860E-02  2.07713E-02  9.77731E-04  3.69546E-05
  1285.00000  2.17376E-02  2.07251E-02  9.75628E-04  3.68460E-05
  1286.00000  2.16894E-02  2.06791E-02  9.73531E-04  3.67378E-05
  1287.00000  2.16413E-02  2.06332E-02  9.71440E-04  3.66299E-05
  1288.00000  2.15934E-02  2.05875E-02  9.69355E-04  3.65224E-05
  1289.00000  2.15456E-02  2.05419E-02  9.67276E-04  3.64153E-05
  1290.00000  2.14979E-02  2.04964E-02  9.65202E-04  3.63086E-05
  1291.00000  2.14504E-02  2.04510E-02  9.63135E-04  3.62022E-05
  1292.00000  2.14030E-02  2.04058E-02  9.61073E-04  3.60962E-05
  1293.00000  2.13557E-02  2.03607E-02  9.59017E-04  3.59906E-05
  1294.00000  2.13086E-02  2.03158E-02  9.56967E-04  3.58853E-05
  1295.00000  2.12617E-02  2.02710E-02  9.54923E-04  3.57804E-05
  1296.00000  2.12148E-02  2.02263E-02  9.52884E-04  3.56759E-05
  1297.00000  2.11681E-02  2.01817E-02  9.50851E-04  3.55717E-05
  1298.00000  2.11216E-02  2.01373E-02  9.48824E-04  3.54680E-05
  1299.00000  2.10751E-02  2.00930E-02  9.46802E-04  3.53646E-05
  1300.00000  2.10288E-02  2.00488E-02  9.44787E-04  3.52615E-05
  1301.00000  2.09827E-02  2.00047E-02  9.42776E-04  3.51589E-05
  1302.00000  2.09366E-02  1.99608E-02  9.40772E-04  3.50566E-05
  1303.00000  2.08908E-02  1.99170E-02  9.38773E-04  3.49547E-05
  1304.00000  2.08450E-02  1.98734E-02  9.36779E-04  3.48531E-05
  1305.00000  2.07994E-02  1.98298E-02  9.34791E-04  3.47519E-05
  1306.00000  2.07539E-02  1.97864E-02  9.32809E-04  3.46511E-05
  1307.00000  2.07085E-02  1.97431E-02  9.30832E-04  3.45507E-05
  1308.00000  2.06633E-02  1.97000E-02  9.28861E-04  3.44506E-05
  1309.00000  2.06182E-02  1.96569E-02  9.26895E-04  3.43509E-05
  1310.00000  2.05732E-02  1.96140E-02  9.24935E-04  3.42515E-05
  1311.00000  2.05283E-02  1.95712E-02  9.22980E-04  3.41526E-05
  1312.00000  2.04836E-02  1.95285E-02  9.21031E-04  3.40540E-05
  1313.00000  2.04390E-02  1.94860E-02  9.19087E-04  3.39557E-05
  1314.00000  2.03946E-02  1.94436E-02  9.17148E-04  3.38578E-05
  1315.00000  2.03502E-02  1.94013E-02  9.15215E-04  3.37603E-05
  1316.00000  2.03060E-02  1.93591E-02  9.13287E-04  3.36632E-05
  1317.00000  2.02620E-02  1.93170E-02  9.11364E-04  3.35664E-05
  1318.00000  2.02180E-02  1.92751E-02  9.09447E-04  3.34699E-05
  1319.00000  2.01742E-02  1.92333E-02  9.07535E-04  3.33739E-05
  1320.00000  2.01305E-02  1.91916E-02  9.05629E-04  3.32782E-05
  1321.00000  2.00869E-02  1.91500E-02  9.03727E-04  3.31828E-05
  1322.00000  2.00435E-02  1.91086E-02  9.01831E-04  3.30878E-05
  1323.00000  2.00001E-02  1.90672E-02  8.99941E-04  3.29932E-05
  1324.00000  1.99569E-02  1.90260E-02  8.98055E-04  3.28989E-05
  1325.00000  1.99139E-02  1.89849E-02  8.96175E-04  3.28049E-05
  1326.00000  1.98709E-02  1.89439E-02  8.94300E-04  3.27114E-05
  1327.00000  1.98281E-02  1.89030E-02  8.92430E-04  3.26182E-05
  1328.00000  1.97854E-02  1.88623E-02  8.90565E-04  3.25253E-05
  1329.00000  1.97428E-02  1.88216E-02  8.88705E-04  3.24328E-05
  1330.00000  1.97003E-02  1.87811E-02  8.86851E-04  3.23406E-05
  1331.00000  1.96580E-02  1.87407E-02  8.85001E-04  3.22488E-05
  1332.00000  1.96157E-02  1.87004E-02  8.83157E-04  3.21574E-05
  1333.00000  1.95736E-02  1.86603E-02  8.81318E-04  3.20663E-05
  1334.00000  1.95317E-02  1.86202E-02  8.79484E-04  3.19755E-05
  1335.00000  1.94898E-02  1.85802E-02  8.77655E-04  3.18851E-05
  1336.00000  1.94480E-02  1.85404E-02  8.75831E-04  3.17951E-05
  1337.00000  1.94064E-02  1.85007E-02  8.74012E-04  3.17054E-05
  1338.00000  1.93649E-02  1.84611E-02  8.72198E-04  3.16160E-05
  1339.00000  1.93235E-02  1.84216E-02  8.70389E-04  3.15270E-05
  1340.00000  1.92822E-02  1.83822E-02  8.68585E-04  3.14384E-05
  1341.00000  1.92411E-02  1.83429E-02  8.66786E-04  3.13501E-05
  1342.00000  1.92000E-02  1.83038E-02  8.64992E-04  3.12621E-05
  1343.00000  1.91591E-02  1.82647E-02  8.63203E-04  3.11745E-05
  1344.00000  1.91183E-02  1.82258E-02  8.61418E-04  3.10873E-05
  1345.00000  1.90776E-02  1.81870E-02  8.59639E-04  3.10004E-05
  1346.00000  1.90370E-02  1.81482E-02  8.57865E-04  3.09138E-05
  1347.00000  1.89966E-02  1.81096E-02  8.56095E-04  3.08276E-05
  1348.00000  1.89562E-02  1.80711E-02  8.54331E-04  3.07417E-05
  1349.00000  1.89160E-02  1.80327E-02  8.52571E-04  3.06562E-05
  1350.00000  1.88758E-02  1.79945E-02  8.50816E-04  3.05710E-05
  1351.00000  1.88358E-02  1.79563E-02  8.49066E-04  3.04861E-05
  1352.00000  1.87959E-02  1.79182E-02  8.47321E-04  3.04016E-05
  1353.00000  1.87561E-02  1.78803E-02  8.45580E-04  3.03174E-05
  1354.00000  1.87165E-02  1.78424E-02  8.43844E-04  3.02335E-05
  1355.00000  1.86769E-02  1.78046E-02  8.42113E-04  3.01500E-05
  1356.00000  1.86375E-02  1.77670E-02  8.40387E-04  3.00668E-05
  1357.00000  1.85981E-02  1.77295E-02  8.38666E-04  2.99840E-05
  1358.00000  1.85589E-02  1.76920E-02  8.36949E-04  2.99014E-05
  1359.00000  1.85198E-02  1.76547E-02  8.35237E-04  2.98192E-05
  1360.00000  1.84807E-02  1.76175E-02  8.33530E-04  2.97373E-05
  1361.00000  1.84418E-02  1.75804E-02  8.31827E-04  2.96558E-05
  1362.00000  1.84031E-02  1.75433E-02  8.30129E-04  2.95745E-05
  1363.00000  1.83644E-02  1.75064E-02  8.28436E-04  2.94936E-05
  1364.00000  1.83258E-02  1.74696E-02  8.26747E-04  2.94129E-05
  1365.00000  1.82873E-02  1.74329E-02  8.25063E-04  2.93326E-05
  1366.00000  1.82490E-02  1.73963E-02  8.23384E-04  2.92526E-05
  1367.00000  1.82107E-02  1.73598E-02  8.21709E-04  2.91729E-05
  1368.00000  1.81725E-02  1.73234E-02  8.20039E-04  2.90934E-05
  1369.00000  1.81345E-02  1.72871E-02  8.18373E-04  2.90143E-05
  1370.00000  1.80966E-02  1.72509E-02  8.16712E-04  2.89355E-05
  1371.00000  1.80587E-02  1.72148E-02  8.15055E-04  2.88569E-05
  1372.00000  1.80210E-02  1.71788E-02  8.13403E-04  2.87786E-05
  1373.00000  1.79834E-02  1.71429E-02  8.11755E-04  2.87006E-05
  1374.00000  1.79459E-02  1.71071E-02  8.10112E-04  2.86229E-05
  1375.00000  1.79085E-02  1.70714E-02  8.08474E-04  2.85455E-05
  1376.00000  1.78711E-02  1.70358E-02  8.06839E-04  2.84683E-05
  1377.00000  1.78339E-02  1.70003E-02  8.05210E-04  2.83914E-05
  1378.00000  1.77968E-02  1.69649E-02  8.03584E-04  2.83148E-05
  1379.00000  1.77598E-02  1.69296E-02  8.01964E-04  2.82384E-05
  1380.00000  1.77229E-02  1.68944E-02  8.00347E-04  2.81623E-05
  1381.00000  1.76861E-02  1.68593E-02  7.98735E-04  2.80864E-05
  1382.00000  1.76494E-02  1.68243E-02  7.97127E-04  2.80108E-05
  1383.00000  1.76128E-02  1.67894E-02  7.95524E-04  2.79354E-05
  1384.00000  1.75763E-02  1.67546E-02  7.93925E-04  2.78603E-05
  1385.00000  1.75399E-02  1.67198E-02  7.92330E-04  2.77854E-05
  1386.00000  1.75037E-02  1.66852E-02  7.90740E-04  2.77107E-05
  1387.00000  1.74675E-02  1.66507E-02  7.89154E-04  2.76363E-05
  1388.00000  1.74314E-02  1.66162E-02  7.87572E-04  2.75621E-05
  1389.00000  1.73954E-02  1.65819E-02  7.85994E-04  2.74882E-05
  1390.00000  1.73595E-02  1.65476E-02  7.84421E-04  2.74145E-05
  1391.00000  1.73237E-02  1.65135E-02  7.82852E-04  2.73410E-05
  1392.00000  1.72880E-02  1.64794E-02  7.81287E-04  2.72677E-05
  1393.00000  1.72524E-02  1.64454E-02  7.79726E-04  2.71946E-05
  1394.00000  1.72169E-02  1.64116E-02  7.78170E-04  2.71218E-05
  1395.00000  1.71815E-02  1.63778E-02  7.76618E-04  2.70492E-05
  1396.00000  1.71461E-02  1.63441E-02  7.75069E-04  2.69768E-05
  1397.00000  1.71109E-02  1.63105E-02  7.73525E-04  2.69046E-05
  1398.00000  1.70758E-02  1.62770E-02  7.71986E-04  2.68326E-05
  1399.00000  1.70408E-02  1.62436E-02  7.70450E-04  2.67609E-05
  1400.00000  1.70059E-02  1.62102E-02  7.68918E-04  2.66893E-05
  1401.00000  1.69710E-02  1.61770E-02  7.67391E-04  2.66180E-05
  1402.00000  1.69363E-02  1.61439E-02  7.65867E-04  2.65469E-05
  1403.00000  1.69016E-02  1.61108E-02  7.64348E-04  2.64759E-05
  1404.00000  1.68671E-02  1.60778E-02  7.62832E-04  2.64052E-05
  1405.00000  1.68326E-02  1.60450E-02  7.61321E-04  2.63347E-05
  1406.00000  1.67983E-02  1.60122E-02  7.59814E-04  2.62644E-05
  1407.00000  1.67640E-02  1.59795E-02  7.58310E-04  2.61943E-05
  1408.00000  1.67298E-02  1.59469E-02  7.56811E-04  2.61244E-05
  1409.00000  1.66957E-02  1.59144E-02  7.55315E-04  2.60547E-05
  1410.00000  1.66617E-02  1.58819E-02  7.53824E-04  2.59852E-05
  1411.00000  1.66278E-02  1.58496E-02  7.52336E-04  2.59160E-05
  1412.00000  1.65940E-02  1.58173E-02  7.50853E-04  2.58469E-05
  1413.00000  1.65603E-02  1.57851E-02  7.49373E-04  2.57780E-05
  1414.00000  1.65267E-02  1.57531E-02  7.47897E-04  2.57093E-05
  1415.00000  1.64931E-02  1.57211E-02  7.46425E-04  2.56409E-05
  1416.00000  1.64597E-02  1.56892E-02  7.44957E-04  2.55726E-05
  1417.00000  1.64263E-02  1.56573E-02  7.43493E-04  2.55045E-05
  1418.00000  1.63931E-02  1.56256E-02  7.42032E-04  2.54367E-05
  1419.00000  1.63599E-02  1.55939E-02  7.40576E-04  2.53690E-05
  1420.00000  1.63268E-02  1.55624E-02  7.39123E-04  2.53016E-05
  1421.00000  1.62938E-02  1.55309E-02  7.37674E-04  2.52343E-05
  1422.00000  1.62609E-02  1.54995E-02  7.36229E-04  2.51672E-05
  1423.00000  1.62281E-02  1.54682E-02  7.34787E-04  2.51004E-05
  1424.00000  1.61953E-02  1.54369E-02  7.33349E-04  2.50337E-05
  1425.00000  1.61627E-02  1.54058E-02  7.31915E-04  2.49672E-05
  1426.00000  1.61301E-02  1.53747E-02  7.30485E-04  2.49010E-05
  1427.00000  1.60976E-02  1.53437E-02  7.29059E-04  2.48349E-05
  1428.00000  1.60652E-02  1.53128E-02  7.27636E-04  2.47690E-05
  1429.00000  1.60329E-02  1.52820E-02  7.26217E-04  2.47034E-05
  1430.00000  1.60007E-02  1.52513E-02  7.24801E-04  2.46379E-05
  1431.00000  1.59686E-02  1.52206E-02  7.23389E-04  2.45726E-05
  1432.00000  1.59365E-02  1.51901E-02  7.21981E-04  2.45075E-05
  1433.00000  1.59046E-02  1.51596E-02  7.20577E-04  2.44426E-05
  1434.00000  1.58727E-02  1.51292E-02  7.19176E-04  2.43780E-05
  1435.00000  1.58409E-02  1.50988E-02  7.17779E-04  2.43135E-05
  1436.00000  1.58092E-02  1.50686E-02  7.16385E-04  2.42492E-05
  1437.00000  1.57776E-02  1.50384E-02  7.14995E-04  2.41851E-05
  1438.00000  1.57460E-02  1.50083E-02  7.13608E-04  2.41211E-05
  1439.00000  1.57146E-02  1.49783E-02  7.12225E-04  2.40574E-05
  1440.00000  1.56832E-02  1.49484E-02  7.10846E-04  2.39939E-05
  1441.00000  1.56519E-02  1.49185E-02  7.09470E-04  2.39306E-05
  1442.00000  1.56207E-02  1.48888E-02  7.08098E-04  2.38674E-05
  1443.00000  1.55896E-02  1.48591E-02  7.06729E-04  2.38045E-05
  1444.00000  1.55585E-02  1.48294E-02  7.05363E-04  2.37417E-05
  1445.00000  1.55276E-02  1.47999E-02  7.04002E-04  2.36792E-05
  1446.00000  1.54967E-02  1.47704E-02  7.02643E-04  2.36168E-05
  1447.00000  1.54659E-02  1.47411E-02  7.01288E-04  2.35546E-05
  1448.00000  1.54352E-02  1.47118E-02  6.99937E-04  2.34926E-05
  1449.00000  1.54046E-02  1.46825E-02  6.98589E-04  2.34308E-05
  1450.00000  1.53740E-02  1.46534E-02  6.97244E-04  2.33692E-05
  1451.00000  1.53435E-02  1.46243E-02  6.95903E-04  2.33078E-05
  1452.00000  1.53131E-02  1.45953E-02  6.94565E-04  2.32466E-05
  1453.00000  1.52828E-02  1.45664E-02  6.93231E-04  2.31856E-05
  1454.00000  1.52526E-02  1.45375E-02  6.91900E-04  2.31248E-05
  1455.00000  1.52224E-02  1.45088E-02  6.90573E-04  2.30642E-05
  1456.00000  1.51923E-02  1.44801E-02  6.89248E-04  2.30037E-05
  1457.00000  1.51623E-02  1.44514E-02  6.87928E-04  2.29435E-05
  1458.00000  1.51324E-02  1.44229E-02  6.86610E-04  2.28834E-05
  1459.00000  1.51025E-02  1.43944E-02  6.85296E-04  2.28236E-05
  1460.00000  1.50728E-02  1.43660E-02  6.83985E-04  2.27639E-05
  1461.00000  1.50431E-02  1.43377E-02  6.82678E-04  2.27045E-05
  1462.00000  1.50135E-02  1.43095E-02  6.81374E-04  2.26452E-05
  1463.00000  1.49839E-02  1.42813E-02  6.80073E-04  2.25862E-05
  1464.00000  1.49545E-02  1.42532E-02  6.78775E-04  2.25273E-05
  1465.00000  1.49251E-02  1.42251E-02  6.77481E-04  2.24686E-05
  1466.00000  1.48958E-02  1.41972E-02  6.76190E-04  2.24102E-05
  1467.00000  1.48666E-02  1.41693E-02  6.74903E-04  2.23519E-05
  1468.00000  1.48374E-02  1.41415E-02  6.73618E-04  2.22939E-05
  1469.00000  1.48083E-02  1.41137E-02  6.72337E-04  2.22360E-05
  1470.00000  1.47793E-02  1.40861E-02  6.71059E-04  2.21784E-05
  1471.00000  1.47504E-02  1.40585E-02  6.69784E-04  2.21209E-05
  1472.00000  1.47215E-02  1.40309E-02  6.68513E-04  2.20637E-05
  1473.00000  1.46927E-02  1.40035E-02  6.67245E-04  2.20067E-05
  1474.00000  1.46640E-02  1.39761E-02  6.65980E-04  2.19498E-05
  1475.00000  1.46354E-02  1.39488E-02  6.64718E-04  2.18932E-05
  1476.00000  1.46068E-02  1.39215E-02  6.63459E-04  2.18368E-05
  1477.00000  1.45784E-02  1.38944E-02  6.62204E-04  2.17806E-05
  1478.00000  1.45499E-02  1.38673E-02  6.60951E-04  2.17246E-05
  1479.00000  1.45216E-02  1.38402E-02  6.59702E-04  2.16688E-05
  1480.00000  1.44933E-02  1.38133E-02  6.58456E-04  2.16132E-05
  1481.00000  1.44651E-02  1.37864E-02  6.57213E-04  2.15578E-05
  1482.00000  1.44370E-02  1.37595E-02  6.55974E-04  2.15026E-05
  1483.00000  1.44090E-02  1.37328E-02  6.54737E-04  2.14476E-05
  1484.00000  1.43810E-02  1.37061E-02  6.53504E-04  2.13928E-05
  1485.00000  1.43531E-02  1.36795E-02  6.52273E-04  2.13382E-05
  1486.00000  1.43252E-02  1.36529E-02  6.51046E-04  2.12839E-05
  1487.00000  1.42975E-02  1.36264E-02  6.49822E-04  2.12297E-05
  1488.00000  1.42698E-02  1.36000E-02  6.48601E-04  2.11757E-05
  1489.00000  1.42422E-02  1.35737E-02  6.47383E-04  2.11219E-05
  1490.00000  1.42146E-02  1.35474E-02  6.46168E-04  2.10684E-05
  1491.00000  1.41871E-02  1.35212E-02  6.44956E-04  2.10150E-05
  1492.00000  1.41597E-02  1.34950E-02  6.43747E-04  2.09618E-05
  1493.00000  1.41324E-02  1.34689E-02  6.42542E-04  2.09088E-05
  1494.00000  1.41051E-02  1.34429E-02  6.41339E-04  2.08561E-05
  1495.00000  1.40779E-02  1.34169E-02  6.40139E-04  2.08035E-05
  1496.00000  1.40508E-02  1.33911E-02  6.38943E-04  2.07511E-05
  1497.00000  1.40237E-02  1.33652E-02  6.37749E-04  2.06988E-05
  1498.00000  1.39967E-02  1.33395E-02  6.36558E-04  2.06468E-05
  1499.00000  1.39698E-02  1.33138E-02  6.35371E-04  2.05950E-05
  1500.00000  1.39429E-02  1.32882E-02  6.34186E-04  2.05433E-05


#
# Current date/time  : 15-Sep-2026 10:01:00
# elapsed real time  : 11.57 seconds on max-exfl-display002.desy.de
# Job time(CPU_time) : 23.44 seconds on max-exfl-display002.desy.de
