# ---------------------------------------------------------------------
# XATOM HFS : electronic structure of atoms and more, v2.0.0-15-g9da229
#
# Job started at  : 15-Sep-2026 10:14:50
# ---------------------------------------------------------------------
# Atom: F
#   nuclear charge:    9
#   total electrons:   9
#   total charge:     +0
#   configuration: 1s2_2s2_2p5
#
# Computational method:
#   exchange functional: Slater (Latter tail correction)
#   correlation functional: none
#
# Grid for the spherical coordinate:
#   N =  200
#   L parameter =      1.0
#   Rmax(a.u.)  =     50.0
#   lmax  =    1
#
# SCF converged after   23 iterations
#   energy convergence  = -7.567E-08
#   density convergence =  1.397E-08
#
# Energies: 
# - zeroth-order energy (a.u.):
#   SUM of E_orb   =     -56.29792563  [     -1531.94 eV ]
#   (SUM of E_kin) =     102.73394312
#   (Effec. pot E) =    -159.03186875
#
# - first-order energy (a.u.): with DFT formula
#   Kinetic E      =     102.73394312
#   E Latter corr  =      -0.07231104
#   Nuc-Elec pot E =    -243.28013546    One-Elec E =    -140.61850339
#
#   Hartree E      =      51.41616573
#   Exchange E     =     -13.88381527
#   Correlation E  =       0.00000000    Two-Elec E =      37.53235045
#   ---------------------------------
#   Total Energy   =    -103.08615294  [     -2805.12 eV ]
#
#                E(0)        E(1)
# |E_TOT|    -1531.94    -2805.12
#
# Orbital energies: 
#        n_occ        E(a.u.)          E(eV)         KE(eV)
#   1s       2   -25.26943658    -687.616327    1027.100962
#   2s       2    -1.31725605     -35.844359     119.982637
#   2p       5    -0.62490807     -17.004613     100.273103
#
#              1s        2s        2p
# |SCF|   -687.62    -35.84    -17.00
#
# Radial wavefunction information (a.u.): (r_m: r_max where |u(r)| >  1.0E-08)
#              <r>       <r^2>         r_m   norm. err
#   1s       0.175       0.041       3.005     1.8E-07
#   2s       0.979       1.169      13.310    -3.2E-08
#   2p       1.049       1.475      19.030    -1.5E-08
#
# Uniform grid parameters for continuum states:
#   N_uniform             =    3898
#   continuum_rmax(a.u.)  =      19.490 (internally determined)
#   dr(a.u.)              =   5.00E-03
#   threshold to determine r_m =   1.00E-08
#   continuum_rmax is just right next to r_m in radial grid.
#
# Photoabsorption cross section (in Mb):
P.E.(eV)        Total          1s           2s           2p 
     0.00000  0.00000E+00  0.00000E+00  0.00000E+00  0.00000E+00
     1.00000  0.00000E+00  0.00000E+00  0.00000E+00  0.00000E+00
     2.00000  0.00000E+00  0.00000E+00  0.00000E+00  0.00000E+00
     3.00000  0.00000E+00  0.00000E+00  0.00000E+00  0.00000E+00
     4.00000  0.00000E+00  0.00000E+00  0.00000E+00  0.00000E+00
     5.00000  0.00000E+00  0.00000E+00  0.00000E+00  0.00000E+00
     6.00000  0.00000E+00  0.00000E+00  0.00000E+00  0.00000E+00
     7.00000  0.00000E+00  0.00000E+00  0.00000E+00  0.00000E+00
     8.00000  0.00000E+00  0.00000E+00  0.00000E+00  0.00000E+00
     9.00000  0.00000E+00  0.00000E+00  0.00000E+00  0.00000E+00
    10.00000  0.00000E+00  0.00000E+00  0.00000E+00  0.00000E+00
    11.00000  0.00000E+00  0.00000E+00  0.00000E+00  0.00000E+00
    12.00000  0.00000E+00  0.00000E+00  0.00000E+00  0.00000E+00
    13.00000  0.00000E+00  0.00000E+00  0.00000E+00  0.00000E+00
    14.00000  0.00000E+00  0.00000E+00  0.00000E+00  0.00000E+00
    15.00000  0.00000E+00  0.00000E+00  0.00000E+00  0.00000E+00
    16.00000  0.00000E+00  0.00000E+00  0.00000E+00  0.00000E+00
    17.00000  0.00000E+00  0.00000E+00  0.00000E+00  0.00000E+00
    18.00000  7.86224E+00  0.00000E+00  0.00000E+00  7.86224E+00
    19.00000  8.45231E+00  0.00000E+00  0.00000E+00  8.45231E+00
    20.00000  8.90042E+00  0.00000E+00  0.00000E+00  8.90042E+00
    21.00000  9.23585E+00  0.00000E+00  0.00000E+00  9.23585E+00
    22.00000  9.48129E+00  0.00000E+00  0.00000E+00  9.48129E+00
    23.00000  9.65448E+00  0.00000E+00  0.00000E+00  9.65448E+00
    24.00000  9.76936E+00  0.00000E+00  0.00000E+00  9.76936E+00
    25.00000  9.83695E+00  0.00000E+00  0.00000E+00  9.83695E+00
    26.00000  9.86599E+00  0.00000E+00  0.00000E+00  9.86599E+00
    27.00000  9.86350E+00  0.00000E+00  0.00000E+00  9.86350E+00
    28.00000  9.83510E+00  0.00000E+00  0.00000E+00  9.83510E+00
    29.00000  9.78533E+00  0.00000E+00  0.00000E+00  9.78533E+00
    30.00000  9.71786E+00  0.00000E+00  0.00000E+00  9.71786E+00
    31.00000  9.63572E+00  0.00000E+00  0.00000E+00  9.63572E+00
    32.00000  9.54136E+00  0.00000E+00  0.00000E+00  9.54136E+00
    33.00000  9.43681E+00  0.00000E+00  0.00000E+00  9.43681E+00
    34.00000  9.32376E+00  0.00000E+00  0.00000E+00  9.32376E+00
    35.00000  9.20362E+00  0.00000E+00  0.00000E+00  9.20362E+00
    36.00000  9.43737E+00  0.00000E+00  3.59824E-01  9.07754E+00
    37.00000  9.34354E+00  0.00000E+00  3.96990E-01  8.94655E+00
    38.00000  9.24316E+00  0.00000E+00  4.31693E-01  8.81146E+00
    39.00000  9.13687E+00  0.00000E+00  4.63844E-01  8.67302E+00
    40.00000  9.02532E+00  0.00000E+00  4.93475E-01  8.53184E+00
    41.00000  8.90913E+00  0.00000E+00  5.20654E-01  8.38847E+00
    42.00000  8.78886E+00  0.00000E+00  5.45475E-01  8.24338E+00
    43.00000  8.66505E+00  0.00000E+00  5.68062E-01  8.09699E+00
    44.00000  8.53822E+00  0.00000E+00  5.88542E-01  7.94967E+00
    45.00000  8.40881E+00  0.00000E+00  6.07046E-01  7.80176E+00
    46.00000  8.27726E+00  0.00000E+00  6.23704E-01  7.65355E+00
    47.00000  8.14397E+00  0.00000E+00  6.38644E-01  7.50532E+00
    48.00000  8.00931E+00  0.00000E+00  6.51987E-01  7.35732E+00
    49.00000  7.87361E+00  0.00000E+00  6.63848E-01  7.20976E+00
    50.00000  7.73720E+00  0.00000E+00  6.74337E-01  7.06287E+00
    51.00000  7.60037E+00  0.00000E+00  6.83556E-01  6.91682E+00
    52.00000  7.46339E+00  0.00000E+00  6.91600E-01  6.77179E+00
    53.00000  7.32651E+00  0.00000E+00  6.98558E-01  6.62795E+00
    54.00000  7.18995E+00  0.00000E+00  7.04513E-01  6.48544E+00
    55.00000  7.05394E+00  0.00000E+00  7.09541E-01  6.34439E+00
    56.00000  6.91866E+00  0.00000E+00  7.13712E-01  6.20494E+00
    57.00000  6.78429E+00  0.00000E+00  7.17093E-01  6.06720E+00
    58.00000  6.65101E+00  0.00000E+00  7.19743E-01  5.93127E+00
    59.00000  6.51895E+00  0.00000E+00  7.21718E-01  5.79723E+00
    60.00000  6.38826E+00  0.00000E+00  7.23071E-01  5.66519E+00
    61.00000  6.25905E+00  0.00000E+00  7.23848E-01  5.53520E+00
    62.00000  6.13143E+00  0.00000E+00  7.24094E-01  5.40734E+00
    63.00000  6.00551E+00  0.00000E+00  7.23850E-01  5.28166E+00
    64.00000  5.88137E+00  0.00000E+00  7.23153E-01  5.15822E+00
    65.00000  5.75909E+00  0.00000E+00  7.22038E-01  5.03705E+00
    66.00000  5.63872E+00  0.00000E+00  7.20538E-01  4.91819E+00
    67.00000  5.52034E+00  0.00000E+00  7.18682E-01  4.80166E+00
    68.00000  5.40399E+00  0.00000E+00  7.16497E-01  4.68749E+00
    69.00000  5.28970E+00  0.00000E+00  7.14010E-01  4.57569E+00
    70.00000  5.17751E+00  0.00000E+00  7.11245E-01  4.46627E+00
    71.00000  5.06745E+00  0.00000E+00  7.08222E-01  4.35923E+00
    72.00000  4.95953E+00  0.00000E+00  7.04964E-01  4.25456E+00
    73.00000  4.85376E+00  0.00000E+00  7.01489E-01  4.15227E+00
    74.00000  4.75016E+00  0.00000E+00  6.97814E-01  4.05234E+00
    75.00000  4.64871E+00  0.00000E+00  6.93957E-01  3.95476E+00
    76.00000  4.54943E+00  0.00000E+00  6.89932E-01  3.85950E+00
    77.00000  4.45229E+00  0.00000E+00  6.85754E-01  3.76654E+00
    78.00000  4.35729E+00  0.00000E+00  6.81437E-01  3.67586E+00
    79.00000  4.26442E+00  0.00000E+00  6.76992E-01  3.58742E+00
    80.00000  4.17364E+00  0.00000E+00  6.72432E-01  3.50121E+00
    81.00000  4.08494E+00  0.00000E+00  6.67767E-01  3.41717E+00
    82.00000  3.99829E+00  0.00000E+00  6.63007E-01  3.33529E+00
    83.00000  3.91367E+00  0.00000E+00  6.58163E-01  3.25551E+00
    84.00000  3.83105E+00  0.00000E+00  6.53242E-01  3.17781E+00
    85.00000  3.75039E+00  0.00000E+00  6.48253E-01  3.10214E+00
    86.00000  3.67167E+00  0.00000E+00  6.43204E-01  3.02847E+00
    87.00000  3.59485E+00  0.00000E+00  6.38103E-01  2.95674E+00
    88.00000  3.51989E+00  0.00000E+00  6.32956E-01  2.88693E+00
    89.00000  3.44675E+00  0.00000E+00  6.27769E-01  2.81898E+00
    90.00000  3.37541E+00  0.00000E+00  6.22549E-01  2.75286E+00
    91.00000  3.30583E+00  0.00000E+00  6.17301E-01  2.68852E+00
    92.00000  3.23796E+00  0.00000E+00  6.12030E-01  2.62593E+00
    93.00000  3.17177E+00  0.00000E+00  6.06742E-01  2.56502E+00
    94.00000  3.10722E+00  0.00000E+00  6.01440E-01  2.50578E+00
    95.00000  3.04427E+00  0.00000E+00  5.96130E-01  2.44814E+00
    96.00000  2.98289E+00  0.00000E+00  5.90816E-01  2.39207E+00
    97.00000  2.92304E+00  0.00000E+00  5.85500E-01  2.33754E+00
    98.00000  2.86468E+00  0.00000E+00  5.80188E-01  2.28449E+00
    99.00000  2.80777E+00  0.00000E+00  5.74881E-01  2.23289E+00
   100.00000  2.75228E+00  0.00000E+00  5.69584E-01  2.18269E+00
   101.00000  2.69817E+00  0.00000E+00  5.64299E-01  2.13387E+00
   102.00000  2.64540E+00  0.00000E+00  5.59029E-01  2.08638E+00
   103.00000  2.59395E+00  0.00000E+00  5.53777E-01  2.04017E+00
   104.00000  2.54377E+00  0.00000E+00  5.48544E-01  1.99523E+00
   105.00000  2.49484E+00  0.00000E+00  5.43334E-01  1.95151E+00
   106.00000  2.44712E+00  0.00000E+00  5.38148E-01  1.90897E+00
   107.00000  2.40057E+00  0.00000E+00  5.32988E-01  1.86758E+00
   108.00000  2.35516E+00  0.00000E+00  5.27856E-01  1.82731E+00
   109.00000  2.31088E+00  0.00000E+00  5.22754E-01  1.78812E+00
   110.00000  2.26767E+00  0.00000E+00  5.17683E-01  1.74999E+00
   111.00000  2.22552E+00  0.00000E+00  5.12644E-01  1.71288E+00
   112.00000  2.18439E+00  0.00000E+00  5.07640E-01  1.67675E+00
   113.00000  2.14427E+00  0.00000E+00  5.02670E-01  1.64159E+00
   114.00000  2.10511E+00  0.00000E+00  4.97737E-01  1.60737E+00
   115.00000  2.06689E+00  0.00000E+00  4.92842E-01  1.57405E+00
   116.00000  2.02959E+00  0.00000E+00  4.87984E-01  1.54160E+00
   117.00000  1.99318E+00  0.00000E+00  4.83166E-01  1.51001E+00
   118.00000  1.95763E+00  0.00000E+00  4.78387E-01  1.47925E+00
   119.00000  1.92293E+00  0.00000E+00  4.73650E-01  1.44928E+00
   120.00000  1.88905E+00  0.00000E+00  4.68953E-01  1.42010E+00
   121.00000  1.85596E+00  0.00000E+00  4.64298E-01  1.39166E+00
   122.00000  1.82365E+00  0.00000E+00  4.59686E-01  1.36396E+00
   123.00000  1.79209E+00  0.00000E+00  4.55117E-01  1.33697E+00
   124.00000  1.76126E+00  0.00000E+00  4.50590E-01  1.31067E+00
   125.00000  1.73114E+00  0.00000E+00  4.46107E-01  1.28503E+00
   126.00000  1.70171E+00  0.00000E+00  4.41668E-01  1.26004E+00
   127.00000  1.67295E+00  0.00000E+00  4.37273E-01  1.23568E+00
   128.00000  1.64485E+00  0.00000E+00  4.32922E-01  1.21193E+00
   129.00000  1.61739E+00  0.00000E+00  4.28615E-01  1.18877E+00
   130.00000  1.59054E+00  0.00000E+00  4.24353E-01  1.16619E+00
   131.00000  1.56430E+00  0.00000E+00  4.20136E-01  1.14416E+00
   132.00000  1.53863E+00  0.00000E+00  4.15962E-01  1.12267E+00
   133.00000  1.51354E+00  0.00000E+00  4.11834E-01  1.10171E+00
   134.00000  1.48901E+00  0.00000E+00  4.07750E-01  1.08126E+00
   135.00000  1.46501E+00  0.00000E+00  4.03710E-01  1.06130E+00
   136.00000  1.44153E+00  0.00000E+00  3.99715E-01  1.04182E+00
   137.00000  1.41857E+00  0.00000E+00  3.95764E-01  1.02280E+00
   138.00000  1.39610E+00  0.00000E+00  3.91857E-01  1.00424E+00
   139.00000  1.37411E+00  0.00000E+00  3.87994E-01  9.86117E-01
   140.00000  1.35259E+00  0.00000E+00  3.84174E-01  9.68421E-01
   141.00000  1.33154E+00  0.00000E+00  3.80398E-01  9.51138E-01
   142.00000  1.31092E+00  0.00000E+00  3.76665E-01  9.34258E-01
   143.00000  1.29075E+00  0.00000E+00  3.72976E-01  9.17769E-01
   144.00000  1.27099E+00  0.00000E+00  3.69329E-01  9.01660E-01
   145.00000  1.25164E+00  0.00000E+00  3.65724E-01  8.85919E-01
   146.00000  1.23270E+00  0.00000E+00  3.62162E-01  8.70537E-01
   147.00000  1.21415E+00  0.00000E+00  3.58641E-01  8.55504E-01
   148.00000  1.19597E+00  0.00000E+00  3.55162E-01  8.40809E-01
   149.00000  1.17817E+00  0.00000E+00  3.51725E-01  8.26443E-01
   150.00000  1.16073E+00  0.00000E+00  3.48328E-01  8.12397E-01
   151.00000  1.14363E+00  0.00000E+00  3.44971E-01  7.98663E-01
   152.00000  1.12689E+00  0.00000E+00  3.41655E-01  7.85231E-01
   153.00000  1.11047E+00  0.00000E+00  3.38378E-01  7.72094E-01
   154.00000  1.09438E+00  0.00000E+00  3.35141E-01  7.59243E-01
   155.00000  1.07861E+00  0.00000E+00  3.31943E-01  7.46670E-01
   156.00000  1.06315E+00  0.00000E+00  3.28783E-01  7.34368E-01
   157.00000  1.04799E+00  0.00000E+00  3.25662E-01  7.22331E-01
   158.00000  1.03313E+00  0.00000E+00  3.22579E-01  7.10549E-01
   159.00000  1.01855E+00  0.00000E+00  3.19533E-01  6.99018E-01
   160.00000  1.00425E+00  0.00000E+00  3.16524E-01  6.87730E-01
   161.00000  9.90230E-01  0.00000E+00  3.13551E-01  6.76679E-01
   162.00000  9.76473E-01  0.00000E+00  3.10615E-01  6.65858E-01
   163.00000  9.62976E-01  0.00000E+00  3.07714E-01  6.55262E-01
   164.00000  9.49734E-01  0.00000E+00  3.04849E-01  6.44884E-01
   165.00000  9.36739E-01  0.00000E+00  3.02019E-01  6.34720E-01
   166.00000  9.23987E-01  0.00000E+00  2.99224E-01  6.24763E-01
   167.00000  9.11471E-01  0.00000E+00  2.96462E-01  6.15009E-01
   168.00000  8.99186E-01  0.00000E+00  2.93735E-01  6.05451E-01
   169.00000  8.87126E-01  0.00000E+00  2.91040E-01  5.96086E-01
   170.00000  8.75287E-01  0.00000E+00  2.88379E-01  5.86908E-01
   171.00000  8.63662E-01  0.00000E+00  2.85750E-01  5.77912E-01
   172.00000  8.52248E-01  0.00000E+00  2.83153E-01  5.69095E-01
   173.00000  8.41038E-01  0.00000E+00  2.80587E-01  5.60451E-01
   174.00000  8.30030E-01  0.00000E+00  2.78053E-01  5.51976E-01
   175.00000  8.19217E-01  0.00000E+00  2.75550E-01  5.43667E-01
   176.00000  8.08596E-01  0.00000E+00  2.73077E-01  5.35519E-01
   177.00000  7.98162E-01  0.00000E+00  2.70635E-01  5.27527E-01
   178.00000  7.87911E-01  0.00000E+00  2.68221E-01  5.19690E-01
   179.00000  7.77839E-01  0.00000E+00  2.65838E-01  5.12002E-01
   180.00000  7.67942E-01  0.00000E+00  2.63483E-01  5.04459E-01
   181.00000  7.58216E-01  0.00000E+00  2.61156E-01  4.97060E-01
   182.00000  7.48658E-01  0.00000E+00  2.58858E-01  4.89800E-01
   183.00000  7.39263E-01  0.00000E+00  2.56587E-01  4.82676E-01
   184.00000  7.30028E-01  0.00000E+00  2.54344E-01  4.75684E-01
   185.00000  7.20950E-01  0.00000E+00  2.52127E-01  4.68823E-01
   186.00000  7.12025E-01  0.00000E+00  2.49937E-01  4.62088E-01
   187.00000  7.03250E-01  0.00000E+00  2.47774E-01  4.55476E-01
   188.00000  6.94622E-01  0.00000E+00  2.45636E-01  4.48986E-01
   189.00000  6.86137E-01  0.00000E+00  2.43523E-01  4.42614E-01
   190.00000  6.77793E-01  0.00000E+00  2.41436E-01  4.36357E-01
   191.00000  6.69587E-01  0.00000E+00  2.39374E-01  4.30213E-01
   192.00000  6.61515E-01  0.00000E+00  2.37336E-01  4.24180E-01
   193.00000  6.53576E-01  0.00000E+00  2.35322E-01  4.18254E-01
   194.00000  6.45765E-01  0.00000E+00  2.33331E-01  4.12434E-01
   195.00000  6.38081E-01  0.00000E+00  2.31365E-01  4.06717E-01
   196.00000  6.30521E-01  0.00000E+00  2.29421E-01  4.01101E-01
   197.00000  6.23083E-01  0.00000E+00  2.27500E-01  3.95583E-01
   198.00000  6.15764E-01  0.00000E+00  2.25601E-01  3.90162E-01
   199.00000  6.08561E-01  0.00000E+00  2.23725E-01  3.84836E-01
   200.00000  6.01472E-01  0.00000E+00  2.21870E-01  3.79602E-01
   201.00000  5.94495E-01  0.00000E+00  2.20037E-01  3.74458E-01
   202.00000  5.87628E-01  0.00000E+00  2.18224E-01  3.69403E-01
   203.00000  5.80868E-01  0.00000E+00  2.16433E-01  3.64435E-01
   204.00000  5.74213E-01  0.00000E+00  2.14662E-01  3.59551E-01
   205.00000  5.67662E-01  0.00000E+00  2.12912E-01  3.54750E-01
   206.00000  5.61212E-01  0.00000E+00  2.11182E-01  3.50030E-01
   207.00000  5.54861E-01  0.00000E+00  2.09471E-01  3.45391E-01
   208.00000  5.48608E-01  0.00000E+00  2.07779E-01  3.40829E-01
   209.00000  5.42450E-01  0.00000E+00  2.06107E-01  3.36343E-01
   210.00000  5.36386E-01  0.00000E+00  2.04454E-01  3.31932E-01
   211.00000  5.30413E-01  0.00000E+00  2.02819E-01  3.27594E-01
   212.00000  5.24530E-01  0.00000E+00  2.01202E-01  3.23328E-01
   213.00000  5.18736E-01  0.00000E+00  1.99604E-01  3.19133E-01
   214.00000  5.13029E-01  0.00000E+00  1.98023E-01  3.15006E-01
   215.00000  5.07406E-01  0.00000E+00  1.96460E-01  3.10946E-01
   216.00000  5.01867E-01  0.00000E+00  1.94914E-01  3.06953E-01
   217.00000  4.96410E-01  0.00000E+00  1.93385E-01  3.03025E-01
   218.00000  4.91033E-01  0.00000E+00  1.91873E-01  2.99160E-01
   219.00000  4.85735E-01  0.00000E+00  1.90377E-01  2.95357E-01
   220.00000  4.80514E-01  0.00000E+00  1.88898E-01  2.91616E-01
   221.00000  4.75370E-01  0.00000E+00  1.87435E-01  2.87935E-01
   222.00000  4.70300E-01  0.00000E+00  1.85988E-01  2.84312E-01
   223.00000  4.65303E-01  0.00000E+00  1.84556E-01  2.80747E-01
   224.00000  4.60378E-01  0.00000E+00  1.83140E-01  2.77238E-01
   225.00000  4.55523E-01  0.00000E+00  1.81739E-01  2.73785E-01
   226.00000  4.50738E-01  0.00000E+00  1.80353E-01  2.70386E-01
   227.00000  4.46022E-01  0.00000E+00  1.78982E-01  2.67040E-01
   228.00000  4.41371E-01  0.00000E+00  1.77625E-01  2.63747E-01
   229.00000  4.36787E-01  0.00000E+00  1.76282E-01  2.60505E-01
   230.00000  4.32267E-01  0.00000E+00  1.74954E-01  2.57313E-01
   231.00000  4.27811E-01  0.00000E+00  1.73640E-01  2.54171E-01
   232.00000  4.23416E-01  0.00000E+00  1.72339E-01  2.51077E-01
   233.00000  4.19083E-01  0.00000E+00  1.71052E-01  2.48031E-01
   234.00000  4.14810E-01  0.00000E+00  1.69779E-01  2.45032E-01
   235.00000  4.10596E-01  0.00000E+00  1.68518E-01  2.42078E-01
   236.00000  4.06441E-01  0.00000E+00  1.67271E-01  2.39169E-01
   237.00000  4.02342E-01  0.00000E+00  1.66036E-01  2.36305E-01
   238.00000  3.98299E-01  0.00000E+00  1.64815E-01  2.33484E-01
   239.00000  3.94311E-01  0.00000E+00  1.63605E-01  2.30706E-01
   240.00000  3.90377E-01  0.00000E+00  1.62408E-01  2.27969E-01
   241.00000  3.86497E-01  0.00000E+00  1.61223E-01  2.25274E-01
   242.00000  3.82669E-01  0.00000E+00  1.60050E-01  2.22619E-01
   243.00000  3.78892E-01  0.00000E+00  1.58889E-01  2.20003E-01
   244.00000  3.75166E-01  0.00000E+00  1.57739E-01  2.17427E-01
   245.00000  3.71490E-01  0.00000E+00  1.56601E-01  2.14889E-01
   246.00000  3.67862E-01  0.00000E+00  1.55475E-01  2.12388E-01
   247.00000  3.64283E-01  0.00000E+00  1.54359E-01  2.09924E-01
   248.00000  3.60751E-01  0.00000E+00  1.53255E-01  2.07496E-01
   249.00000  3.57265E-01  0.00000E+00  1.52161E-01  2.05104E-01
   250.00000  3.53825E-01  0.00000E+00  1.51078E-01  2.02747E-01
   251.00000  3.50430E-01  0.00000E+00  1.50006E-01  2.00424E-01
   252.00000  3.47080E-01  0.00000E+00  1.48944E-01  1.98135E-01
   253.00000  3.43773E-01  0.00000E+00  1.47893E-01  1.95880E-01
   254.00000  3.40508E-01  0.00000E+00  1.46852E-01  1.93656E-01
   255.00000  3.37286E-01  0.00000E+00  1.45821E-01  1.91465E-01
   256.00000  3.34105E-01  0.00000E+00  1.44799E-01  1.89306E-01
   257.00000  3.30965E-01  0.00000E+00  1.43788E-01  1.87177E-01
   258.00000  3.27865E-01  0.00000E+00  1.42786E-01  1.85079E-01
   259.00000  3.24805E-01  0.00000E+00  1.41794E-01  1.83011E-01
   260.00000  3.21783E-01  0.00000E+00  1.40811E-01  1.80972E-01
   261.00000  3.18800E-01  0.00000E+00  1.39838E-01  1.78962E-01
   262.00000  3.15854E-01  0.00000E+00  1.38874E-01  1.76981E-01
   263.00000  3.12946E-01  0.00000E+00  1.37918E-01  1.75027E-01
   264.00000  3.10073E-01  0.00000E+00  1.36972E-01  1.73101E-01
   265.00000  3.07237E-01  0.00000E+00  1.36035E-01  1.71202E-01
   266.00000  3.04436E-01  0.00000E+00  1.35106E-01  1.69330E-01
   267.00000  3.01670E-01  0.00000E+00  1.34186E-01  1.67483E-01
   268.00000  2.98938E-01  0.00000E+00  1.33275E-01  1.65663E-01
   269.00000  2.96239E-01  0.00000E+00  1.32372E-01  1.63867E-01
   270.00000  2.93574E-01  0.00000E+00  1.31477E-01  1.62097E-01
   271.00000  2.90942E-01  0.00000E+00  1.30591E-01  1.60351E-01
   272.00000  2.88341E-01  0.00000E+00  1.29712E-01  1.58629E-01
   273.00000  2.85773E-01  0.00000E+00  1.28842E-01  1.56931E-01
   274.00000  2.83235E-01  0.00000E+00  1.27979E-01  1.55256E-01
   275.00000  2.80728E-01  0.00000E+00  1.27125E-01  1.53604E-01
   276.00000  2.78252E-01  0.00000E+00  1.26278E-01  1.51974E-01
   277.00000  2.75805E-01  0.00000E+00  1.25438E-01  1.50367E-01
   278.00000  2.73388E-01  0.00000E+00  1.24607E-01  1.48781E-01
   279.00000  2.70999E-01  0.00000E+00  1.23782E-01  1.47217E-01
   280.00000  2.68639E-01  0.00000E+00  1.22965E-01  1.45674E-01
   281.00000  2.66307E-01  0.00000E+00  1.22156E-01  1.44152E-01
   282.00000  2.64003E-01  0.00000E+00  1.21353E-01  1.42650E-01
   283.00000  2.61726E-01  0.00000E+00  1.20558E-01  1.41168E-01
   284.00000  2.59475E-01  0.00000E+00  1.19770E-01  1.39706E-01
   285.00000  2.57251E-01  0.00000E+00  1.18988E-01  1.38263E-01
   286.00000  2.55054E-01  0.00000E+00  1.18214E-01  1.36840E-01
   287.00000  2.52881E-01  0.00000E+00  1.17446E-01  1.35435E-01
   288.00000  2.50734E-01  0.00000E+00  1.16685E-01  1.34049E-01
   289.00000  2.48612E-01  0.00000E+00  1.15931E-01  1.32682E-01
   290.00000  2.46515E-01  0.00000E+00  1.15183E-01  1.31332E-01
   291.00000  2.44441E-01  0.00000E+00  1.14441E-01  1.30000E-01
   292.00000  2.42392E-01  0.00000E+00  1.13706E-01  1.28685E-01
   293.00000  2.40366E-01  0.00000E+00  1.12978E-01  1.27388E-01
   294.00000  2.38363E-01  0.00000E+00  1.12256E-01  1.26107E-01
   295.00000  2.36383E-01  0.00000E+00  1.11539E-01  1.24843E-01
   296.00000  2.34425E-01  0.00000E+00  1.10829E-01  1.23596E-01
   297.00000  2.32490E-01  0.00000E+00  1.10126E-01  1.22364E-01
   298.00000  2.30576E-01  0.00000E+00  1.09428E-01  1.21148E-01
   299.00000  2.28684E-01  0.00000E+00  1.08736E-01  1.19948E-01
   300.00000  2.26813E-01  0.00000E+00  1.08049E-01  1.18764E-01
   301.00000  2.24963E-01  0.00000E+00  1.07369E-01  1.17594E-01
   302.00000  2.23134E-01  0.00000E+00  1.06695E-01  1.16439E-01
   303.00000  2.21325E-01  0.00000E+00  1.06026E-01  1.15299E-01
   304.00000  2.19536E-01  0.00000E+00  1.05362E-01  1.14174E-01
   305.00000  2.17767E-01  0.00000E+00  1.04705E-01  1.13063E-01
   306.00000  2.16018E-01  0.00000E+00  1.04052E-01  1.11965E-01
   307.00000  2.14288E-01  0.00000E+00  1.03406E-01  1.10882E-01
   308.00000  2.12576E-01  0.00000E+00  1.02764E-01  1.09812E-01
   309.00000  2.10884E-01  0.00000E+00  1.02128E-01  1.08756E-01
   310.00000  2.09210E-01  0.00000E+00  1.01497E-01  1.07712E-01
   311.00000  2.07554E-01  0.00000E+00  1.00872E-01  1.06682E-01
   312.00000  2.05916E-01  0.00000E+00  1.00251E-01  1.05665E-01
   313.00000  2.04296E-01  0.00000E+00  9.96361E-02  1.04660E-01
   314.00000  2.02693E-01  0.00000E+00  9.90258E-02  1.03667E-01
   315.00000  2.01108E-01  0.00000E+00  9.84206E-02  1.02687E-01
   316.00000  1.99539E-01  0.00000E+00  9.78203E-02  1.01719E-01
   317.00000  1.97987E-01  0.00000E+00  9.72249E-02  1.00762E-01
   318.00000  1.96452E-01  0.00000E+00  9.66343E-02  9.98178E-02
   319.00000  1.94933E-01  0.00000E+00  9.60486E-02  9.88847E-02
   320.00000  1.93430E-01  0.00000E+00  9.54676E-02  9.79629E-02
   321.00000  1.91944E-01  0.00000E+00  9.48913E-02  9.70523E-02
   322.00000  1.90472E-01  0.00000E+00  9.43197E-02  9.61527E-02
   323.00000  1.89017E-01  0.00000E+00  9.37527E-02  9.52639E-02
   324.00000  1.87576E-01  0.00000E+00  9.31903E-02  9.43859E-02
   325.00000  1.86151E-01  0.00000E+00  9.26324E-02  9.35184E-02
   326.00000  1.84740E-01  0.00000E+00  9.20789E-02  9.26612E-02
   327.00000  1.83344E-01  0.00000E+00  9.15299E-02  9.18143E-02
   328.00000  1.81963E-01  0.00000E+00  9.09853E-02  9.09775E-02
   329.00000  1.80596E-01  0.00000E+00  9.04451E-02  9.01506E-02
   330.00000  1.79243E-01  0.00000E+00  8.99091E-02  8.93336E-02
   331.00000  1.77904E-01  0.00000E+00  8.93774E-02  8.85261E-02
   332.00000  1.76578E-01  0.00000E+00  8.88499E-02  8.77282E-02
   333.00000  1.75266E-01  0.00000E+00  8.83266E-02  8.69396E-02
   334.00000  1.73968E-01  0.00000E+00  8.78075E-02  8.61603E-02
   335.00000  1.72683E-01  0.00000E+00  8.72924E-02  8.53901E-02
   336.00000  1.71410E-01  0.00000E+00  8.67814E-02  8.46289E-02
   337.00000  1.70151E-01  0.00000E+00  8.62744E-02  8.38765E-02
   338.00000  1.68904E-01  0.00000E+00  8.57714E-02  8.31329E-02
   339.00000  1.67670E-01  0.00000E+00  8.52724E-02  8.23978E-02
   340.00000  1.66449E-01  0.00000E+00  8.47772E-02  8.16713E-02
   341.00000  1.65239E-01  0.00000E+00  8.42860E-02  8.09531E-02
   342.00000  1.64042E-01  0.00000E+00  8.37985E-02  8.02431E-02
   343.00000  1.62856E-01  0.00000E+00  8.33149E-02  7.95413E-02
   344.00000  1.61682E-01  0.00000E+00  8.28350E-02  7.88474E-02
   345.00000  1.60520E-01  0.00000E+00  8.23588E-02  7.81615E-02
   346.00000  1.59370E-01  0.00000E+00  8.18864E-02  7.74833E-02
   347.00000  1.58230E-01  0.00000E+00  8.14176E-02  7.68129E-02
   348.00000  1.57102E-01  0.00000E+00  8.09524E-02  7.61500E-02
   349.00000  1.55985E-01  0.00000E+00  8.04908E-02  7.54945E-02
   350.00000  1.54879E-01  0.00000E+00  8.00327E-02  7.48465E-02
   351.00000  1.53784E-01  0.00000E+00  7.95782E-02  7.42056E-02
   352.00000  1.52699E-01  0.00000E+00  7.91272E-02  7.35720E-02
   353.00000  1.51625E-01  0.00000E+00  7.86796E-02  7.29454E-02
   354.00000  1.50561E-01  0.00000E+00  7.82355E-02  7.23258E-02
   355.00000  1.49508E-01  0.00000E+00  7.77947E-02  7.17130E-02
   356.00000  1.48464E-01  0.00000E+00  7.73573E-02  7.11070E-02
   357.00000  1.47431E-01  0.00000E+00  7.69233E-02  7.05077E-02
   358.00000  1.46408E-01  0.00000E+00  7.64925E-02  6.99150E-02
   359.00000  1.45394E-01  0.00000E+00  7.60651E-02  6.93288E-02
   360.00000  1.44390E-01  0.00000E+00  7.56408E-02  6.87490E-02
   361.00000  1.43395E-01  0.00000E+00  7.52198E-02  6.81755E-02
   362.00000  1.42410E-01  0.00000E+00  7.48019E-02  6.76083E-02
   363.00000  1.41434E-01  0.00000E+00  7.43872E-02  6.70472E-02
   364.00000  1.40468E-01  0.00000E+00  7.39757E-02  6.64921E-02
   365.00000  1.39510E-01  0.00000E+00  7.35672E-02  6.59431E-02
   366.00000  1.38562E-01  0.00000E+00  7.31618E-02  6.54000E-02
   367.00000  1.37622E-01  0.00000E+00  7.27594E-02  6.48627E-02
   368.00000  1.36691E-01  0.00000E+00  7.23601E-02  6.43311E-02
   369.00000  1.35769E-01  0.00000E+00  7.19637E-02  6.38053E-02
   370.00000  1.34855E-01  0.00000E+00  7.15704E-02  6.32850E-02
   371.00000  1.33950E-01  0.00000E+00  7.11799E-02  6.27703E-02
   372.00000  1.33053E-01  0.00000E+00  7.07923E-02  6.22610E-02
   373.00000  1.32165E-01  0.00000E+00  7.04077E-02  6.17570E-02
   374.00000  1.31284E-01  0.00000E+00  7.00258E-02  6.12584E-02
   375.00000  1.30412E-01  0.00000E+00  6.96469E-02  6.07651E-02
   376.00000  1.29548E-01  0.00000E+00  6.92707E-02  6.02769E-02
   377.00000  1.28691E-01  0.00000E+00  6.88973E-02  5.97938E-02
   378.00000  1.27842E-01  0.00000E+00  6.85266E-02  5.93157E-02
   379.00000  1.27001E-01  0.00000E+00  6.81587E-02  5.88426E-02
   380.00000  1.26168E-01  0.00000E+00  6.77935E-02  5.83744E-02
   381.00000  1.25342E-01  0.00000E+00  6.74310E-02  5.79111E-02
   382.00000  1.24524E-01  0.00000E+00  6.70711E-02  5.74525E-02
   383.00000  1.23713E-01  0.00000E+00  6.67139E-02  5.69987E-02
   384.00000  1.22909E-01  0.00000E+00  6.63593E-02  5.65495E-02
   385.00000  1.22112E-01  0.00000E+00  6.60072E-02  5.61049E-02
   386.00000  1.21323E-01  0.00000E+00  6.56578E-02  5.56649E-02
   387.00000  1.20540E-01  0.00000E+00  6.53109E-02  5.52293E-02
   388.00000  1.19765E-01  0.00000E+00  6.49665E-02  5.47982E-02
   389.00000  1.18996E-01  0.00000E+00  6.46246E-02  5.43714E-02
   390.00000  1.18234E-01  0.00000E+00  6.42852E-02  5.39489E-02
   391.00000  1.17479E-01  0.00000E+00  6.39482E-02  5.35307E-02
   392.00000  1.16730E-01  0.00000E+00  6.36137E-02  5.31167E-02
   393.00000  1.15988E-01  0.00000E+00  6.32816E-02  5.27069E-02
   394.00000  1.15253E-01  0.00000E+00  6.29518E-02  5.23011E-02
   395.00000  1.14524E-01  0.00000E+00  6.26245E-02  5.18994E-02
   396.00000  1.13801E-01  0.00000E+00  6.22995E-02  5.15017E-02
   397.00000  1.13085E-01  0.00000E+00  6.19768E-02  5.11080E-02
   398.00000  1.12375E-01  0.00000E+00  6.16565E-02  5.07181E-02
   399.00000  1.11670E-01  0.00000E+00  6.13384E-02  5.03321E-02
   400.00000  1.10972E-01  0.00000E+00  6.10226E-02  4.99499E-02
   401.00000  1.10280E-01  0.00000E+00  6.07091E-02  4.95714E-02
   402.00000  1.09594E-01  0.00000E+00  6.03977E-02  4.91967E-02
   403.00000  1.08914E-01  0.00000E+00  6.00886E-02  4.88256E-02
   404.00000  1.08240E-01  0.00000E+00  5.97817E-02  4.84581E-02
   405.00000  1.07571E-01  0.00000E+00  5.94770E-02  4.80942E-02
   406.00000  1.06908E-01  0.00000E+00  5.91744E-02  4.77338E-02
   407.00000  1.06251E-01  0.00000E+00  5.88739E-02  4.73770E-02
   408.00000  1.05599E-01  0.00000E+00  5.85756E-02  4.70235E-02
   409.00000  1.04953E-01  0.00000E+00  5.82794E-02  4.66735E-02
   410.00000  1.04312E-01  0.00000E+00  5.79852E-02  4.63268E-02
   411.00000  1.03677E-01  0.00000E+00  5.76931E-02  4.59834E-02
   412.00000  1.03046E-01  0.00000E+00  5.74031E-02  4.56434E-02
   413.00000  1.02422E-01  0.00000E+00  5.71151E-02  4.53065E-02
   414.00000  1.01802E-01  0.00000E+00  5.68290E-02  4.49729E-02
   415.00000  1.01187E-01  0.00000E+00  5.65450E-02  4.46424E-02
   416.00000  1.00578E-01  0.00000E+00  5.62630E-02  4.43151E-02
   417.00000  9.99737E-02  0.00000E+00  5.59829E-02  4.39908E-02
   418.00000  9.93744E-02  0.00000E+00  5.57048E-02  4.36696E-02
   419.00000  9.87800E-02  0.00000E+00  5.54285E-02  4.33514E-02
   420.00000  9.81905E-02  0.00000E+00  5.51542E-02  4.30362E-02
   421.00000  9.76058E-02  0.00000E+00  5.48818E-02  4.27240E-02
   422.00000  9.70259E-02  0.00000E+00  5.46113E-02  4.24146E-02
   423.00000  9.64507E-02  0.00000E+00  5.43426E-02  4.21081E-02
   424.00000  9.58803E-02  0.00000E+00  5.40758E-02  4.18045E-02
   425.00000  9.53144E-02  0.00000E+00  5.38108E-02  4.15037E-02
   426.00000  9.47532E-02  0.00000E+00  5.35476E-02  4.12056E-02
   427.00000  9.41965E-02  0.00000E+00  5.32862E-02  4.09103E-02
   428.00000  9.36443E-02  0.00000E+00  5.30265E-02  4.06178E-02
   429.00000  9.30966E-02  0.00000E+00  5.27687E-02  4.03279E-02
   430.00000  9.25532E-02  0.00000E+00  5.25126E-02  4.00406E-02
   431.00000  9.20142E-02  0.00000E+00  5.22582E-02  3.97560E-02
   432.00000  9.14795E-02  0.00000E+00  5.20056E-02  3.94739E-02
   433.00000  9.09491E-02  0.00000E+00  5.17547E-02  3.91945E-02
   434.00000  9.04230E-02  0.00000E+00  5.15054E-02  3.89175E-02
   435.00000  8.99010E-02  0.00000E+00  5.12579E-02  3.86431E-02
   436.00000  8.93831E-02  0.00000E+00  5.10120E-02  3.83711E-02
   437.00000  8.88693E-02  0.00000E+00  5.07677E-02  3.81016E-02
   438.00000  8.83596E-02  0.00000E+00  5.05251E-02  3.78345E-02
   439.00000  8.78540E-02  0.00000E+00  5.02841E-02  3.75698E-02
   440.00000  8.73523E-02  0.00000E+00  5.00447E-02  3.73075E-02
   441.00000  8.68545E-02  0.00000E+00  4.98069E-02  3.70475E-02
   442.00000  8.63606E-02  0.00000E+00  4.95707E-02  3.67899E-02
   443.00000  8.58706E-02  0.00000E+00  4.93361E-02  3.65345E-02
   444.00000  8.53844E-02  0.00000E+00  4.91030E-02  3.62814E-02
   445.00000  8.49019E-02  0.00000E+00  4.88715E-02  3.60305E-02
   446.00000  8.44233E-02  0.00000E+00  4.86415E-02  3.57818E-02
   447.00000  8.39483E-02  0.00000E+00  4.84130E-02  3.55353E-02
   448.00000  8.34770E-02  0.00000E+00  4.81860E-02  3.52910E-02
   449.00000  8.30093E-02  0.00000E+00  4.79605E-02  3.50488E-02
   450.00000  8.25452E-02  0.00000E+00  4.77364E-02  3.48088E-02
   451.00000  8.20847E-02  0.00000E+00  4.75139E-02  3.45708E-02
   452.00000  8.16277E-02  0.00000E+00  4.72928E-02  3.43349E-02
   453.00000  8.11742E-02  0.00000E+00  4.70731E-02  3.41011E-02
   454.00000  8.07241E-02  0.00000E+00  4.68549E-02  3.38693E-02
   455.00000  8.02775E-02  0.00000E+00  4.66380E-02  3.36395E-02
   456.00000  7.98343E-02  0.00000E+00  4.64226E-02  3.34117E-02
   457.00000  7.93944E-02  0.00000E+00  4.62086E-02  3.31858E-02
   458.00000  7.89578E-02  0.00000E+00  4.59959E-02  3.29619E-02
   459.00000  7.85246E-02  0.00000E+00  4.57847E-02  3.27399E-02
   460.00000  7.80946E-02  0.00000E+00  4.55748E-02  3.25198E-02
   461.00000  7.76678E-02  0.00000E+00  4.53662E-02  3.23016E-02
   462.00000  7.72442E-02  0.00000E+00  4.51590E-02  3.20852E-02
   463.00000  7.68238E-02  0.00000E+00  4.49531E-02  3.18707E-02
   464.00000  7.64065E-02  0.00000E+00  4.47485E-02  3.16580E-02
   465.00000  7.59923E-02  0.00000E+00  4.45452E-02  3.14471E-02
   466.00000  7.55812E-02  0.00000E+00  4.43432E-02  3.12380E-02
   467.00000  7.51731E-02  0.00000E+00  4.41425E-02  3.10306E-02
   468.00000  7.47681E-02  0.00000E+00  4.39430E-02  3.08250E-02
   469.00000  7.43660E-02  0.00000E+00  4.37448E-02  3.06212E-02
   470.00000  7.39669E-02  0.00000E+00  4.35479E-02  3.04190E-02
   471.00000  7.35707E-02  0.00000E+00  4.33522E-02  3.02185E-02
   472.00000  7.31775E-02  0.00000E+00  4.31577E-02  3.00197E-02
   473.00000  7.27871E-02  0.00000E+00  4.29645E-02  2.98226E-02
   474.00000  7.23996E-02  0.00000E+00  4.27725E-02  2.96271E-02
   475.00000  7.20148E-02  0.00000E+00  4.25816E-02  2.94332E-02
   476.00000  7.16329E-02  0.00000E+00  4.23920E-02  2.92409E-02
   477.00000  7.12538E-02  0.00000E+00  4.22035E-02  2.90503E-02
   478.00000  7.08774E-02  0.00000E+00  4.20162E-02  2.88612E-02
   479.00000  7.05037E-02  0.00000E+00  4.18301E-02  2.86736E-02
   480.00000  7.01327E-02  0.00000E+00  4.16451E-02  2.84876E-02
   481.00000  6.97644E-02  0.00000E+00  4.14613E-02  2.83031E-02
   482.00000  6.93987E-02  0.00000E+00  4.12786E-02  2.81202E-02
   483.00000  6.90357E-02  0.00000E+00  4.10970E-02  2.79387E-02
   484.00000  6.86752E-02  0.00000E+00  4.09165E-02  2.77587E-02
   485.00000  6.83173E-02  0.00000E+00  4.07371E-02  2.75802E-02
   486.00000  6.79620E-02  0.00000E+00  4.05589E-02  2.74031E-02
   487.00000  6.76092E-02  0.00000E+00  4.03817E-02  2.72275E-02
   488.00000  6.72588E-02  0.00000E+00  4.02056E-02  2.70533E-02
   489.00000  6.69110E-02  0.00000E+00  4.00305E-02  2.68805E-02
   490.00000  6.65656E-02  0.00000E+00  3.98566E-02  2.67091E-02
   491.00000  6.62227E-02  0.00000E+00  3.96836E-02  2.65390E-02
   492.00000  6.58822E-02  0.00000E+00  3.95118E-02  2.63704E-02
   493.00000  6.55440E-02  0.00000E+00  3.93409E-02  2.62031E-02
   494.00000  6.52083E-02  0.00000E+00  3.91711E-02  2.60371E-02
   495.00000  6.48748E-02  0.00000E+00  3.90023E-02  2.58725E-02
   496.00000  6.45437E-02  0.00000E+00  3.88345E-02  2.57092E-02
   497.00000  6.42149E-02  0.00000E+00  3.86678E-02  2.55472E-02
   498.00000  6.38884E-02  0.00000E+00  3.85020E-02  2.53865E-02
   499.00000  6.35642E-02  0.00000E+00  3.83372E-02  2.52270E-02
   500.00000  6.32422E-02  0.00000E+00  3.81734E-02  2.50688E-02
   501.00000  6.29224E-02  0.00000E+00  3.80105E-02  2.49119E-02
   502.00000  6.26048E-02  0.00000E+00  3.78486E-02  2.47562E-02
   503.00000  6.22894E-02  0.00000E+00  3.76877E-02  2.46017E-02
   504.00000  6.19762E-02  0.00000E+00  3.75277E-02  2.44485E-02
   505.00000  6.16651E-02  0.00000E+00  3.73687E-02  2.42964E-02
   506.00000  6.13562E-02  0.00000E+00  3.72106E-02  2.41456E-02
   507.00000  6.10493E-02  0.00000E+00  3.70534E-02  2.39959E-02
   508.00000  6.07446E-02  0.00000E+00  3.68972E-02  2.38474E-02
   509.00000  6.04419E-02  0.00000E+00  3.67418E-02  2.37001E-02
   510.00000  6.01413E-02  0.00000E+00  3.65874E-02  2.35539E-02
   511.00000  5.98427E-02  0.00000E+00  3.64338E-02  2.34089E-02
   512.00000  5.95461E-02  0.00000E+00  3.62812E-02  2.32649E-02
   513.00000  5.92515E-02  0.00000E+00  3.61294E-02  2.31221E-02
   514.00000  5.89589E-02  0.00000E+00  3.59785E-02  2.29804E-02
   515.00000  5.86683E-02  0.00000E+00  3.58285E-02  2.28398E-02
   516.00000  5.83796E-02  0.00000E+00  3.56793E-02  2.27003E-02
   517.00000  5.80929E-02  0.00000E+00  3.55310E-02  2.25618E-02
   518.00000  5.78080E-02  0.00000E+00  3.53836E-02  2.24244E-02
   519.00000  5.75251E-02  0.00000E+00  3.52370E-02  2.22881E-02
   520.00000  5.72440E-02  0.00000E+00  3.50912E-02  2.21528E-02
   521.00000  5.69648E-02  0.00000E+00  3.49463E-02  2.20186E-02
   522.00000  5.66875E-02  0.00000E+00  3.48021E-02  2.18853E-02
   523.00000  5.64120E-02  0.00000E+00  3.46588E-02  2.17531E-02
   524.00000  5.61383E-02  0.00000E+00  3.45164E-02  2.16219E-02
   525.00000  5.58664E-02  0.00000E+00  3.43747E-02  2.14917E-02
   526.00000  5.55963E-02  0.00000E+00  3.42338E-02  2.13625E-02
   527.00000  5.53279E-02  0.00000E+00  3.40937E-02  2.12343E-02
   528.00000  5.50614E-02  0.00000E+00  3.39544E-02  2.11070E-02
   529.00000  5.47965E-02  0.00000E+00  3.38159E-02  2.09807E-02
   530.00000  5.45334E-02  0.00000E+00  3.36781E-02  2.08553E-02
   531.00000  5.42721E-02  0.00000E+00  3.35411E-02  2.07309E-02
   532.00000  5.40124E-02  0.00000E+00  3.34049E-02  2.06074E-02
   533.00000  5.37544E-02  0.00000E+00  3.32695E-02  2.04849E-02
   534.00000  5.34980E-02  0.00000E+00  3.31348E-02  2.03633E-02
   535.00000  5.32434E-02  0.00000E+00  3.30008E-02  2.02425E-02
   536.00000  5.29903E-02  0.00000E+00  3.28676E-02  2.01227E-02
   537.00000  5.27389E-02  0.00000E+00  3.27351E-02  2.00038E-02
   538.00000  5.24891E-02  0.00000E+00  3.26034E-02  1.98858E-02
   539.00000  5.22410E-02  0.00000E+00  3.24724E-02  1.97686E-02
   540.00000  5.19944E-02  0.00000E+00  3.23421E-02  1.96523E-02
   541.00000  5.17494E-02  0.00000E+00  3.22125E-02  1.95369E-02
   542.00000  5.15059E-02  0.00000E+00  3.20836E-02  1.94223E-02
   543.00000  5.12640E-02  0.00000E+00  3.19554E-02  1.93086E-02
   544.00000  5.10236E-02  0.00000E+00  3.18279E-02  1.91957E-02
   545.00000  5.07848E-02  0.00000E+00  3.17011E-02  1.90837E-02
   546.00000  5.05475E-02  0.00000E+00  3.15750E-02  1.89724E-02
   547.00000  5.03116E-02  0.00000E+00  3.14496E-02  1.88620E-02
   548.00000  5.00773E-02  0.00000E+00  3.13249E-02  1.87524E-02
   549.00000  4.98445E-02  0.00000E+00  3.12008E-02  1.86436E-02
   550.00000  4.96131E-02  0.00000E+00  3.10774E-02  1.85356E-02
   551.00000  4.93831E-02  0.00000E+00  3.09547E-02  1.84284E-02
   552.00000  4.91546E-02  0.00000E+00  3.08326E-02  1.83220E-02
   553.00000  4.89275E-02  0.00000E+00  3.07112E-02  1.82164E-02
   554.00000  4.87019E-02  0.00000E+00  3.05904E-02  1.81115E-02
   555.00000  4.84777E-02  0.00000E+00  3.04703E-02  1.80073E-02
   556.00000  4.82548E-02  0.00000E+00  3.03508E-02  1.79040E-02
   557.00000  4.80333E-02  0.00000E+00  3.02320E-02  1.78014E-02
   558.00000  4.78132E-02  0.00000E+00  3.01137E-02  1.76995E-02
   559.00000  4.75945E-02  0.00000E+00  2.99962E-02  1.75984E-02
   560.00000  4.73771E-02  0.00000E+00  2.98792E-02  1.74979E-02
   561.00000  4.71611E-02  0.00000E+00  2.97628E-02  1.73983E-02
   562.00000  4.69464E-02  0.00000E+00  2.96471E-02  1.72993E-02
   563.00000  4.67330E-02  0.00000E+00  2.95320E-02  1.72010E-02
   564.00000  4.65209E-02  0.00000E+00  2.94174E-02  1.71035E-02
   565.00000  4.63101E-02  0.00000E+00  2.93035E-02  1.70066E-02
   566.00000  4.61006E-02  0.00000E+00  2.91902E-02  1.69104E-02
   567.00000  4.58924E-02  0.00000E+00  2.90775E-02  1.68150E-02
   568.00000  4.56855E-02  0.00000E+00  2.89653E-02  1.67202E-02
   569.00000  4.54798E-02  0.00000E+00  2.88537E-02  1.66260E-02
   570.00000  4.52753E-02  0.00000E+00  2.87428E-02  1.65326E-02
   571.00000  4.50721E-02  0.00000E+00  2.86323E-02  1.64398E-02
   572.00000  4.48702E-02  0.00000E+00  2.85225E-02  1.63476E-02
   573.00000  4.46694E-02  0.00000E+00  2.84132E-02  1.62562E-02
   574.00000  4.44699E-02  0.00000E+00  2.83045E-02  1.61653E-02
   575.00000  4.42715E-02  0.00000E+00  2.81964E-02  1.60751E-02
   576.00000  4.40744E-02  0.00000E+00  2.80888E-02  1.59856E-02
   577.00000  4.38784E-02  0.00000E+00  2.79818E-02  1.58966E-02
   578.00000  4.36836E-02  0.00000E+00  2.78753E-02  1.58083E-02
   579.00000  4.34900E-02  0.00000E+00  2.77693E-02  1.57206E-02
   580.00000  4.32975E-02  0.00000E+00  2.76639E-02  1.56336E-02
   581.00000  4.31062E-02  0.00000E+00  2.75591E-02  1.55471E-02
   582.00000  4.29160E-02  0.00000E+00  2.74548E-02  1.54612E-02
   583.00000  4.27269E-02  0.00000E+00  2.73510E-02  1.53760E-02
   584.00000  4.25390E-02  0.00000E+00  2.72477E-02  1.52913E-02
   585.00000  4.23522E-02  0.00000E+00  2.71449E-02  1.52072E-02
   586.00000  4.21664E-02  0.00000E+00  2.70427E-02  1.51237E-02
   587.00000  4.19818E-02  0.00000E+00  2.69410E-02  1.50408E-02
   588.00000  4.17983E-02  0.00000E+00  2.68398E-02  1.49585E-02
   589.00000  4.16158E-02  0.00000E+00  2.67391E-02  1.48767E-02
   590.00000  4.14344E-02  0.00000E+00  2.66390E-02  1.47955E-02
   591.00000  4.12541E-02  0.00000E+00  2.65393E-02  1.47148E-02
   592.00000  4.10748E-02  0.00000E+00  2.64401E-02  1.46347E-02
   593.00000  4.08966E-02  0.00000E+00  2.63414E-02  1.45552E-02
   594.00000  4.07194E-02  0.00000E+00  2.62432E-02  1.44762E-02
   595.00000  4.05433E-02  0.00000E+00  2.61455E-02  1.43977E-02
   596.00000  4.03682E-02  0.00000E+00  2.60483E-02  1.43198E-02
   597.00000  4.01941E-02  0.00000E+00  2.59516E-02  1.42425E-02
   598.00000  4.00210E-02  0.00000E+00  2.58554E-02  1.41656E-02
   599.00000  3.98489E-02  0.00000E+00  2.57596E-02  1.40893E-02
   600.00000  3.96778E-02  0.00000E+00  2.56643E-02  1.40135E-02
   601.00000  3.95076E-02  0.00000E+00  2.55695E-02  1.39382E-02
   602.00000  3.93385E-02  0.00000E+00  2.54751E-02  1.38634E-02
   603.00000  3.91703E-02  0.00000E+00  2.53812E-02  1.37891E-02
   604.00000  3.90032E-02  0.00000E+00  2.52878E-02  1.37153E-02
   605.00000  3.88369E-02  0.00000E+00  2.51948E-02  1.36421E-02
   606.00000  3.86716E-02  0.00000E+00  2.51023E-02  1.35693E-02
   607.00000  3.85073E-02  0.00000E+00  2.50103E-02  1.34970E-02
   608.00000  3.83439E-02  0.00000E+00  2.49187E-02  1.34252E-02
   609.00000  3.81814E-02  0.00000E+00  2.48275E-02  1.33539E-02
   610.00000  3.80199E-02  0.00000E+00  2.47368E-02  1.32831E-02
   611.00000  3.78592E-02  0.00000E+00  2.46465E-02  1.32127E-02
   612.00000  3.76995E-02  0.00000E+00  2.45567E-02  1.31428E-02
   613.00000  3.75407E-02  0.00000E+00  2.44673E-02  1.30734E-02
   614.00000  3.73828E-02  0.00000E+00  2.43783E-02  1.30045E-02
   615.00000  3.72258E-02  0.00000E+00  2.42898E-02  1.29360E-02
   616.00000  3.70696E-02  0.00000E+00  2.42017E-02  1.28679E-02
   617.00000  3.69144E-02  0.00000E+00  2.41140E-02  1.28003E-02
   618.00000  3.67600E-02  0.00000E+00  2.40268E-02  1.27332E-02
   619.00000  3.66065E-02  0.00000E+00  2.39399E-02  1.26665E-02
   620.00000  3.64538E-02  0.00000E+00  2.38535E-02  1.26003E-02
   621.00000  3.63020E-02  0.00000E+00  2.37675E-02  1.25344E-02
   622.00000  3.61510E-02  0.00000E+00  2.36820E-02  1.24691E-02
   623.00000  3.60009E-02  0.00000E+00  2.35968E-02  1.24041E-02
   624.00000  3.58516E-02  0.00000E+00  2.35120E-02  1.23396E-02
   625.00000  3.57032E-02  0.00000E+00  2.34277E-02  1.22755E-02
   626.00000  3.55555E-02  0.00000E+00  2.33437E-02  1.22118E-02
   627.00000  3.54087E-02  0.00000E+00  2.32601E-02  1.21486E-02
   628.00000  3.52627E-02  0.00000E+00  2.31770E-02  1.20858E-02
   629.00000  3.51175E-02  0.00000E+00  2.30942E-02  1.20233E-02
   630.00000  3.49732E-02  0.00000E+00  2.30118E-02  1.19613E-02
   631.00000  3.48296E-02  0.00000E+00  2.29299E-02  1.18997E-02
   632.00000  3.46868E-02  0.00000E+00  2.28483E-02  1.18385E-02
   633.00000  3.45447E-02  0.00000E+00  2.27671E-02  1.17777E-02
   634.00000  3.44035E-02  0.00000E+00  2.26863E-02  1.17172E-02
   635.00000  3.42630E-02  0.00000E+00  2.26058E-02  1.16572E-02
   636.00000  3.41233E-02  0.00000E+00  2.25258E-02  1.15976E-02
   637.00000  3.39844E-02  0.00000E+00  2.24461E-02  1.15383E-02
   638.00000  3.38462E-02  0.00000E+00  2.23668E-02  1.14795E-02
   639.00000  3.37088E-02  0.00000E+00  2.22878E-02  1.14210E-02
   640.00000  3.35721E-02  0.00000E+00  2.22093E-02  1.13629E-02
   641.00000  3.34362E-02  0.00000E+00  2.21311E-02  1.13051E-02
   642.00000  3.33010E-02  0.00000E+00  2.20533E-02  1.12478E-02
   643.00000  3.31666E-02  0.00000E+00  2.19758E-02  1.11908E-02
   644.00000  3.30328E-02  0.00000E+00  2.18987E-02  1.11341E-02
   645.00000  3.28998E-02  0.00000E+00  2.18220E-02  1.10779E-02
   646.00000  3.27675E-02  0.00000E+00  2.17456E-02  1.10220E-02
   647.00000  3.26359E-02  0.00000E+00  2.16695E-02  1.09664E-02
   648.00000  3.25051E-02  0.00000E+00  2.15939E-02  1.09112E-02
   649.00000  3.23749E-02  0.00000E+00  2.15185E-02  1.08564E-02
   650.00000  3.22454E-02  0.00000E+00  2.14436E-02  1.08019E-02
   651.00000  3.21167E-02  0.00000E+00  2.13689E-02  1.07477E-02
   652.00000  3.19886E-02  0.00000E+00  2.12947E-02  1.06939E-02
   653.00000  3.18612E-02  0.00000E+00  2.12207E-02  1.06405E-02
   654.00000  3.17345E-02  0.00000E+00  2.11471E-02  1.05873E-02
   655.00000  3.16084E-02  0.00000E+00  2.10739E-02  1.05345E-02
   656.00000  3.14830E-02  0.00000E+00  2.10010E-02  1.04821E-02
   657.00000  3.13583E-02  0.00000E+00  2.09284E-02  1.04300E-02
   658.00000  3.12343E-02  0.00000E+00  2.08561E-02  1.03782E-02
   659.00000  3.11109E-02  0.00000E+00  2.07842E-02  1.03267E-02
   660.00000  3.09882E-02  0.00000E+00  2.07126E-02  1.02755E-02
   661.00000  3.08661E-02  0.00000E+00  2.06414E-02  1.02247E-02
   662.00000  3.07446E-02  0.00000E+00  2.05704E-02  1.01742E-02
   663.00000  3.06238E-02  0.00000E+00  2.04998E-02  1.01240E-02
   664.00000  3.05037E-02  0.00000E+00  2.04295E-02  1.00741E-02
   665.00000  3.03841E-02  0.00000E+00  2.03596E-02  1.00246E-02
   666.00000  3.02652E-02  0.00000E+00  2.02899E-02  9.97531E-03
   667.00000  3.01470E-02  0.00000E+00  2.02206E-02  9.92636E-03
   668.00000  3.00293E-02  0.00000E+00  2.01516E-02  9.87771E-03
   669.00000  2.99123E-02  0.00000E+00  2.00829E-02  9.82936E-03
   670.00000  2.97958E-02  0.00000E+00  2.00145E-02  9.78132E-03
   671.00000  2.96800E-02  0.00000E+00  1.99464E-02  9.73357E-03
   672.00000  2.95648E-02  0.00000E+00  1.98787E-02  9.68612E-03
   673.00000  2.94502E-02  0.00000E+00  1.98112E-02  9.63896E-03
   674.00000  2.93361E-02  0.00000E+00  1.97440E-02  9.59209E-03
   675.00000  2.92227E-02  0.00000E+00  1.96772E-02  9.54550E-03
   676.00000  2.91098E-02  0.00000E+00  1.96106E-02  9.49921E-03
   677.00000  2.89976E-02  0.00000E+00  1.95444E-02  9.45320E-03
   678.00000  2.88859E-02  0.00000E+00  1.94784E-02  9.40747E-03
   679.00000  2.87748E-02  0.00000E+00  1.94128E-02  9.36202E-03
   680.00000  2.86643E-02  0.00000E+00  1.93474E-02  9.31685E-03
   681.00000  2.85543E-02  0.00000E+00  1.92823E-02  9.27195E-03
   682.00000  2.84449E-02  0.00000E+00  1.92176E-02  9.22733E-03
   683.00000  2.83361E-02  0.00000E+00  1.91531E-02  9.18298E-03
   684.00000  2.82278E-02  0.00000E+00  1.90889E-02  9.13890E-03
   685.00000  2.81201E-02  0.00000E+00  1.90250E-02  9.09509E-03
   686.00000  2.80129E-02  0.00000E+00  1.89613E-02  9.05154E-03
   687.00000  2.79063E-02  0.00000E+00  1.88980E-02  9.00826E-03
   688.00000  3.85547E-01  3.57747E-01  1.88349E-02  8.96523E-03
   689.00000  3.89099E-01  3.61405E-01  1.87722E-02  8.92247E-03
   690.00000  3.91812E-01  3.64223E-01  1.87097E-02  8.87997E-03
   691.00000  3.93848E-01  3.66363E-01  1.86474E-02  8.83772E-03
   692.00000  3.95361E-01  3.67980E-01  1.85855E-02  8.79572E-03
   693.00000  3.96458E-01  3.69180E-01  1.85238E-02  8.75398E-03
   694.00000  3.97226E-01  3.70051E-01  1.84624E-02  8.71249E-03
   695.00000  3.97736E-01  3.70663E-01  1.84013E-02  8.67125E-03
   696.00000  3.98040E-01  3.71070E-01  1.83405E-02  8.63025E-03
   697.00000  3.98181E-01  3.71312E-01  1.82799E-02  8.58950E-03
   698.00000  3.98192E-01  3.71423E-01  1.82196E-02  8.54899E-03
   699.00000  3.98098E-01  3.71429E-01  1.81595E-02  8.50873E-03
   700.00000  3.97919E-01  3.71351E-01  1.80997E-02  8.46870E-03
   701.00000  3.97673E-01  3.71204E-01  1.80402E-02  8.42891E-03
   702.00000  3.97371E-01  3.71001E-01  1.79809E-02  8.38936E-03
   703.00000  3.97024E-01  3.70752E-01  1.79219E-02  8.35004E-03
   704.00000  3.96639E-01  3.70465E-01  1.78632E-02  8.31096E-03
   705.00000  3.96223E-01  3.70146E-01  1.78047E-02  8.27210E-03
   706.00000  3.95781E-01  3.69801E-01  1.77465E-02  8.23348E-03
   707.00000  3.95316E-01  3.69432E-01  1.76885E-02  8.19508E-03
   708.00000  3.94832E-01  3.69044E-01  1.76308E-02  8.15691E-03
   709.00000  3.94330E-01  3.68638E-01  1.75733E-02  8.11897E-03
   710.00000  3.93814E-01  3.68216E-01  1.75161E-02  8.08125E-03
   711.00000  3.93283E-01  3.67780E-01  1.74591E-02  8.04375E-03
   712.00000  3.92739E-01  3.67330E-01  1.74024E-02  8.00647E-03
   713.00000  3.92183E-01  3.66868E-01  1.73459E-02  7.96941E-03
   714.00000  3.91615E-01  3.66393E-01  1.72897E-02  7.93256E-03
   715.00000  3.91036E-01  3.65906E-01  1.72337E-02  7.89593E-03
   716.00000  3.90445E-01  3.65407E-01  1.71780E-02  7.85952E-03
   717.00000  3.89843E-01  3.64897E-01  1.71225E-02  7.82331E-03
   718.00000  3.89230E-01  3.64375E-01  1.70672E-02  7.78732E-03
   719.00000  3.88605E-01  3.63841E-01  1.70122E-02  7.75154E-03
   720.00000  3.87969E-01  3.63296E-01  1.69574E-02  7.71596E-03
   721.00000  3.87322E-01  3.62738E-01  1.69029E-02  7.68060E-03
   722.00000  3.86663E-01  3.62169E-01  1.68486E-02  7.64543E-03
   723.00000  3.85992E-01  3.61587E-01  1.67945E-02  7.61047E-03
   724.00000  3.85310E-01  3.60993E-01  1.67407E-02  7.57571E-03
   725.00000  3.84615E-01  3.60387E-01  1.66871E-02  7.54116E-03
   726.00000  3.83908E-01  3.59768E-01  1.66337E-02  7.50680E-03
   727.00000  3.83189E-01  3.59136E-01  1.65805E-02  7.47264E-03
   728.00000  3.82458E-01  3.58492E-01  1.65276E-02  7.43867E-03
   729.00000  3.81715E-01  3.57835E-01  1.64749E-02  7.40491E-03
   730.00000  3.80959E-01  3.57165E-01  1.64224E-02  7.37133E-03
   731.00000  3.80191E-01  3.56482E-01  1.63702E-02  7.33795E-03
   732.00000  3.79410E-01  3.55787E-01  1.63182E-02  7.30476E-03
   733.00000  3.78617E-01  3.55079E-01  1.62664E-02  7.27175E-03
   734.00000  3.77812E-01  3.54358E-01  1.62148E-02  7.23894E-03
   735.00000  3.76995E-01  3.53625E-01  1.61634E-02  7.20631E-03
   736.00000  3.76165E-01  3.52879E-01  1.61123E-02  7.17387E-03
   737.00000  3.75324E-01  3.52121E-01  1.60614E-02  7.14162E-03
   738.00000  3.74471E-01  3.51351E-01  1.60107E-02  7.10954E-03
   739.00000  3.73606E-01  3.50568E-01  1.59602E-02  7.07765E-03
   740.00000  3.72730E-01  3.49774E-01  1.59099E-02  7.04594E-03
   741.00000  3.71843E-01  3.48968E-01  1.58599E-02  7.01441E-03
   742.00000  3.70944E-01  3.48151E-01  1.58100E-02  6.98305E-03
   743.00000  3.70035E-01  3.47323E-01  1.57604E-02  6.95188E-03
   744.00000  3.69116E-01  3.46484E-01  1.57109E-02  6.92087E-03
   745.00000  3.68186E-01  3.45634E-01  1.56617E-02  6.89005E-03
   746.00000  3.67246E-01  3.44774E-01  1.56127E-02  6.85939E-03
   747.00000  3.66297E-01  3.43904E-01  1.55639E-02  6.82891E-03
   748.00000  3.65338E-01  3.43024E-01  1.55153E-02  6.79860E-03
   749.00000  3.64370E-01  3.42135E-01  1.54669E-02  6.76846E-03
   750.00000  3.63394E-01  3.41237E-01  1.54187E-02  6.73849E-03
   751.00000  3.62409E-01  3.40329E-01  1.53707E-02  6.70868E-03
   752.00000  3.61416E-01  3.39414E-01  1.53229E-02  6.67904E-03
   753.00000  3.60415E-01  3.38491E-01  1.52753E-02  6.64957E-03
   754.00000  3.59407E-01  3.37559E-01  1.52279E-02  6.62026E-03
   755.00000  3.58393E-01  3.36621E-01  1.51808E-02  6.59111E-03
   756.00000  3.57371E-01  3.35675E-01  1.51338E-02  6.56212E-03
   757.00000  3.56343E-01  3.34723E-01  1.50870E-02  6.53330E-03
   758.00000  3.55309E-01  3.33764E-01  1.50404E-02  6.50463E-03
   759.00000  3.54270E-01  3.32799E-01  1.49940E-02  6.47612E-03
   760.00000  3.53225E-01  3.31829E-01  1.49477E-02  6.44777E-03
   761.00000  3.52175E-01  3.30854E-01  1.49017E-02  6.41958E-03
   762.00000  3.51121E-01  3.29873E-01  1.48559E-02  6.39154E-03
   763.00000  3.50062E-01  3.28888E-01  1.48102E-02  6.36366E-03
   764.00000  3.49000E-01  3.27899E-01  1.47648E-02  6.33593E-03
   765.00000  3.47934E-01  3.26906E-01  1.47195E-02  6.30835E-03
   766.00000  3.46865E-01  3.25909E-01  1.46745E-02  6.28092E-03
   767.00000  3.45793E-01  3.24910E-01  1.46296E-02  6.25365E-03
   768.00000  3.44718E-01  3.23907E-01  1.45849E-02  6.22652E-03
   769.00000  3.43641E-01  3.22901E-01  1.45403E-02  6.19954E-03
   770.00000  3.42563E-01  3.21894E-01  1.44960E-02  6.17271E-03
   771.00000  3.41482E-01  3.20884E-01  1.44519E-02  6.14603E-03
   772.00000  3.40401E-01  3.19873E-01  1.44079E-02  6.11949E-03
   773.00000  3.39318E-01  3.18861E-01  1.43641E-02  6.09309E-03
   774.00000  3.38234E-01  3.17847E-01  1.43205E-02  6.06684E-03
   775.00000  3.37150E-01  3.16833E-01  1.42771E-02  6.04073E-03
   776.00000  3.36066E-01  3.15818E-01  1.42338E-02  6.01476E-03
   777.00000  3.34982E-01  3.14803E-01  1.41907E-02  5.98894E-03
   778.00000  3.33898E-01  3.13787E-01  1.41478E-02  5.96325E-03
   779.00000  3.32815E-01  3.12773E-01  1.41051E-02  5.93770E-03
   780.00000  3.31733E-01  3.11758E-01  1.40625E-02  5.91229E-03
   781.00000  3.30652E-01  3.10745E-01  1.40202E-02  5.88702E-03
   782.00000  3.29572E-01  3.09732E-01  1.39780E-02  5.86189E-03
   783.00000  3.28494E-01  3.08721E-01  1.39359E-02  5.83689E-03
   784.00000  3.27417E-01  3.07711E-01  1.38941E-02  5.81202E-03
   785.00000  3.26342E-01  3.06702E-01  1.38524E-02  5.78729E-03
   786.00000  3.25270E-01  3.05696E-01  1.38109E-02  5.76269E-03
   787.00000  3.24199E-01  3.04692E-01  1.37695E-02  5.73822E-03
   788.00000  3.23131E-01  3.03689E-01  1.37283E-02  5.71388E-03
   789.00000  3.22066E-01  3.02689E-01  1.36873E-02  5.68968E-03
   790.00000  3.21004E-01  3.01692E-01  1.36465E-02  5.66560E-03
   791.00000  3.19945E-01  3.00698E-01  1.36058E-02  5.64165E-03
   792.00000  3.18889E-01  2.99706E-01  1.35652E-02  5.61783E-03
   793.00000  3.17836E-01  2.98717E-01  1.35249E-02  5.59414E-03
   794.00000  3.16787E-01  2.97732E-01  1.34847E-02  5.57057E-03
   795.00000  3.15742E-01  2.96750E-01  1.34447E-02  5.54713E-03
   796.00000  3.14700E-01  2.95771E-01  1.34048E-02  5.52381E-03
   797.00000  3.13662E-01  2.94796E-01  1.33651E-02  5.50062E-03
   798.00000  3.12628E-01  2.93825E-01  1.33255E-02  5.47755E-03
   799.00000  3.11598E-01  2.92857E-01  1.32861E-02  5.45460E-03
   800.00000  3.10572E-01  2.91893E-01  1.32469E-02  5.43177E-03
   801.00000  3.09550E-01  2.90933E-01  1.32078E-02  5.40906E-03
   802.00000  3.08533E-01  2.89978E-01  1.31689E-02  5.38648E-03
   803.00000  3.07520E-01  2.89026E-01  1.31301E-02  5.36401E-03
   804.00000  3.06512E-01  2.88079E-01  1.30915E-02  5.34166E-03
   805.00000  3.05509E-01  2.87136E-01  1.30530E-02  5.31942E-03
   806.00000  3.04510E-01  2.86198E-01  1.30147E-02  5.29731E-03
   807.00000  3.03516E-01  2.85264E-01  1.29766E-02  5.27531E-03
   808.00000  3.02526E-01  2.84334E-01  1.29386E-02  5.25342E-03
   809.00000  3.01542E-01  2.83409E-01  1.29007E-02  5.23165E-03
   810.00000  3.00562E-01  2.82489E-01  1.28630E-02  5.21000E-03
   811.00000  2.99587E-01  2.81573E-01  1.28254E-02  5.18845E-03
   812.00000  2.98618E-01  2.80662E-01  1.27880E-02  5.16702E-03
   813.00000  2.97653E-01  2.79756E-01  1.27508E-02  5.14570E-03
   814.00000  2.96693E-01  2.78855E-01  1.27137E-02  5.12450E-03
   815.00000  2.95739E-01  2.77958E-01  1.26767E-02  5.10340E-03
   816.00000  2.94789E-01  2.77067E-01  1.26399E-02  5.08241E-03
   817.00000  2.93845E-01  2.76180E-01  1.26032E-02  5.06153E-03
   818.00000  2.92906E-01  2.75298E-01  1.25667E-02  5.04076E-03
   819.00000  2.91971E-01  2.74421E-01  1.25303E-02  5.02009E-03
   820.00000  2.91043E-01  2.73549E-01  1.24941E-02  4.99954E-03
   821.00000  2.90119E-01  2.72682E-01  1.24580E-02  4.97908E-03
   822.00000  2.89200E-01  2.71819E-01  1.24220E-02  4.95874E-03
   823.00000  2.88287E-01  2.70962E-01  1.23862E-02  4.93850E-03
   824.00000  2.87378E-01  2.70110E-01  1.23505E-02  4.91836E-03
   825.00000  2.86475E-01  2.69262E-01  1.23150E-02  4.89833E-03
   826.00000  2.85577E-01  2.68419E-01  1.22796E-02  4.87840E-03
   827.00000  2.84685E-01  2.67582E-01  1.22443E-02  4.85857E-03
   828.00000  2.83797E-01  2.66749E-01  1.22092E-02  4.83884E-03
   829.00000  2.82914E-01  2.65921E-01  1.21742E-02  4.81922E-03
   830.00000  2.82037E-01  2.65098E-01  1.21393E-02  4.79969E-03
   831.00000  2.81165E-01  2.64280E-01  1.21046E-02  4.78027E-03
   832.00000  2.80297E-01  2.63466E-01  1.20700E-02  4.76094E-03
   833.00000  2.79435E-01  2.62658E-01  1.20356E-02  4.74171E-03
   834.00000  2.78578E-01  2.61854E-01  1.20013E-02  4.72258E-03
   835.00000  2.77725E-01  2.61055E-01  1.19671E-02  4.70355E-03
   836.00000  2.76878E-01  2.60261E-01  1.19330E-02  4.68462E-03
   837.00000  2.76036E-01  2.59471E-01  1.18991E-02  4.66578E-03
   838.00000  2.75198E-01  2.58686E-01  1.18653E-02  4.64703E-03
   839.00000  2.74366E-01  2.57906E-01  1.18317E-02  4.62838E-03
   840.00000  2.73538E-01  2.57130E-01  1.17981E-02  4.60983E-03
   841.00000  2.72715E-01  2.56359E-01  1.17647E-02  4.59137E-03
   842.00000  2.71897E-01  2.55592E-01  1.17314E-02  4.57300E-03
   843.00000  2.71083E-01  2.54830E-01  1.16983E-02  4.55473E-03
   844.00000  2.70274E-01  2.54072E-01  1.16653E-02  4.53655E-03
   845.00000  2.69470E-01  2.53319E-01  1.16324E-02  4.51846E-03
   846.00000  2.68670E-01  2.52570E-01  1.15996E-02  4.50046E-03
   847.00000  2.67875E-01  2.51826E-01  1.15670E-02  4.48255E-03
   848.00000  2.67085E-01  2.51086E-01  1.15345E-02  4.46473E-03
   849.00000  2.66299E-01  2.50350E-01  1.15021E-02  4.44701E-03
   850.00000  2.65517E-01  2.49618E-01  1.14698E-02  4.42937E-03
   851.00000  2.64740E-01  2.48891E-01  1.14376E-02  4.41182E-03
   852.00000  2.63967E-01  2.48168E-01  1.14056E-02  4.39435E-03
   853.00000  2.63199E-01  2.47448E-01  1.13737E-02  4.37698E-03
   854.00000  2.62435E-01  2.46733E-01  1.13419E-02  4.35969E-03
   855.00000  2.61675E-01  2.46022E-01  1.13103E-02  4.34249E-03
   856.00000  2.60919E-01  2.45315E-01  1.12787E-02  4.32537E-03
   857.00000  2.60167E-01  2.44612E-01  1.12473E-02  4.30834E-03
   858.00000  2.59420E-01  2.43912E-01  1.12160E-02  4.29139E-03
   859.00000  2.58676E-01  2.43217E-01  1.11848E-02  4.27453E-03
   860.00000  2.57937E-01  2.42525E-01  1.11537E-02  4.25775E-03
   861.00000  2.57201E-01  2.41837E-01  1.11228E-02  4.24106E-03
   862.00000  2.56470E-01  2.41153E-01  1.10919E-02  4.22445E-03
   863.00000  2.55742E-01  2.40473E-01  1.10612E-02  4.20792E-03
   864.00000  2.55018E-01  2.39796E-01  1.10306E-02  4.19147E-03
   865.00000  2.54298E-01  2.39122E-01  1.10001E-02  4.17511E-03
   866.00000  2.53581E-01  2.38453E-01  1.09697E-02  4.15882E-03
   867.00000  2.52868E-01  2.37786E-01  1.09395E-02  4.14262E-03
   868.00000  2.52159E-01  2.37124E-01  1.09093E-02  4.12649E-03
   869.00000  2.51454E-01  2.36464E-01  1.08793E-02  4.11045E-03
   870.00000  2.50752E-01  2.35808E-01  1.08493E-02  4.09448E-03
   871.00000  2.50053E-01  2.35155E-01  1.08195E-02  4.07859E-03
   872.00000  2.49358E-01  2.34506E-01  1.07898E-02  4.06278E-03
   873.00000  2.48667E-01  2.33860E-01  1.07602E-02  4.04705E-03
   874.00000  2.47979E-01  2.33217E-01  1.07307E-02  4.03140E-03
   875.00000  2.47294E-01  2.32577E-01  1.07013E-02  4.01582E-03
   876.00000  2.46612E-01  2.31940E-01  1.06721E-02  4.00032E-03
   877.00000  2.45934E-01  2.31306E-01  1.06429E-02  3.98489E-03
   878.00000  2.45259E-01  2.30676E-01  1.06139E-02  3.96954E-03
   879.00000  2.44587E-01  2.30048E-01  1.05849E-02  3.95427E-03
   880.00000  2.43918E-01  2.29423E-01  1.05561E-02  3.93907E-03
   881.00000  2.43253E-01  2.28801E-01  1.05274E-02  3.92394E-03
   882.00000  2.42590E-01  2.28182E-01  1.04987E-02  3.90889E-03
   883.00000  2.41930E-01  2.27566E-01  1.04702E-02  3.89391E-03
   884.00000  2.41274E-01  2.26953E-01  1.04418E-02  3.87900E-03
   885.00000  2.40620E-01  2.26342E-01  1.04135E-02  3.86417E-03
   886.00000  2.39969E-01  2.25735E-01  1.03853E-02  3.84940E-03
   887.00000  2.39321E-01  2.25129E-01  1.03572E-02  3.83471E-03
   888.00000  2.38676E-01  2.24527E-01  1.03291E-02  3.82009E-03
   889.00000  2.38034E-01  2.23927E-01  1.03012E-02  3.80554E-03
   890.00000  2.37394E-01  2.23330E-01  1.02734E-02  3.79106E-03
   891.00000  2.36757E-01  2.22735E-01  1.02457E-02  3.77665E-03
   892.00000  2.36123E-01  2.22143E-01  1.02182E-02  3.76231E-03
   893.00000  2.35491E-01  2.21553E-01  1.01907E-02  3.74804E-03
   894.00000  2.34863E-01  2.20965E-01  1.01633E-02  3.73384E-03
   895.00000  2.34236E-01  2.20380E-01  1.01360E-02  3.71971E-03
   896.00000  2.33612E-01  2.19798E-01  1.01088E-02  3.70564E-03
   897.00000  2.32991E-01  2.19218E-01  1.00817E-02  3.69164E-03
   898.00000  2.32372E-01  2.18640E-01  1.00547E-02  3.67771E-03
   899.00000  2.31756E-01  2.18064E-01  1.00277E-02  3.66385E-03
   900.00000  2.31142E-01  2.17491E-01  1.00009E-02  3.65005E-03
   901.00000  2.30530E-01  2.16919E-01  9.97423E-03  3.63632E-03
   902.00000  2.29921E-01  2.16350E-01  9.94761E-03  3.62265E-03
   903.00000  2.29314E-01  2.15784E-01  9.92109E-03  3.60905E-03
   904.00000  2.28709E-01  2.15219E-01  9.89467E-03  3.59551E-03
   905.00000  2.28107E-01  2.14656E-01  9.86834E-03  3.58204E-03
   906.00000  2.27507E-01  2.14096E-01  9.84210E-03  3.56863E-03
   907.00000  2.26909E-01  2.13537E-01  9.81596E-03  3.55529E-03
   908.00000  2.26313E-01  2.12981E-01  9.78991E-03  3.54201E-03
   909.00000  2.25719E-01  2.12427E-01  9.76396E-03  3.52879E-03
   910.00000  2.25128E-01  2.11874E-01  9.73810E-03  3.51564E-03
   911.00000  2.24539E-01  2.11324E-01  9.71233E-03  3.50255E-03
   912.00000  2.23951E-01  2.10775E-01  9.68665E-03  3.48952E-03
   913.00000  2.23366E-01  2.10229E-01  9.66106E-03  3.47655E-03
   914.00000  2.22783E-01  2.09684E-01  9.63557E-03  3.46364E-03
   915.00000  2.22202E-01  2.09141E-01  9.61016E-03  3.45079E-03
   916.00000  2.21623E-01  2.08600E-01  9.58485E-03  3.43801E-03
   917.00000  2.21046E-01  2.08061E-01  9.55962E-03  3.42528E-03
   918.00000  2.20471E-01  2.07524E-01  9.53449E-03  3.41262E-03
   919.00000  2.19898E-01  2.06988E-01  9.50944E-03  3.40001E-03
   920.00000  2.19326E-01  2.06454E-01  9.48448E-03  3.38747E-03
   921.00000  2.18757E-01  2.05922E-01  9.45961E-03  3.37498E-03
   922.00000  2.18189E-01  2.05392E-01  9.43483E-03  3.36255E-03
   923.00000  2.17624E-01  2.04863E-01  9.41014E-03  3.35018E-03
   924.00000  2.17060E-01  2.04336E-01  9.38553E-03  3.33787E-03
   925.00000  2.16498E-01  2.03811E-01  9.36101E-03  3.32562E-03
   926.00000  2.15938E-01  2.03288E-01  9.33657E-03  3.31342E-03
   927.00000  2.15379E-01  2.02766E-01  9.31222E-03  3.30128E-03
   928.00000  2.14823E-01  2.02245E-01  9.28796E-03  3.28920E-03
   929.00000  2.14268E-01  2.01727E-01  9.26378E-03  3.27717E-03
   930.00000  2.13715E-01  2.01210E-01  9.23968E-03  3.26520E-03
   931.00000  2.13163E-01  2.00694E-01  9.21567E-03  3.25328E-03
   932.00000  2.12614E-01  2.00180E-01  9.19175E-03  3.24142E-03
   933.00000  2.12066E-01  1.99668E-01  9.16790E-03  3.22962E-03
   934.00000  2.11519E-01  1.99157E-01  9.14414E-03  3.21787E-03
   935.00000  2.10975E-01  1.98648E-01  9.12047E-03  3.20617E-03
   936.00000  2.10432E-01  1.98140E-01  9.09687E-03  3.19453E-03
   937.00000  2.09890E-01  1.97634E-01  9.07336E-03  3.18295E-03
   938.00000  2.09351E-01  1.97129E-01  9.04993E-03  3.17141E-03
   939.00000  2.08813E-01  1.96626E-01  9.02658E-03  3.15993E-03
   940.00000  2.08276E-01  1.96124E-01  9.00331E-03  3.14850E-03
   941.00000  2.07741E-01  1.95624E-01  8.98012E-03  3.13713E-03
   942.00000  2.07208E-01  1.95125E-01  8.95701E-03  3.12581E-03
   943.00000  2.06676E-01  1.94628E-01  8.93398E-03  3.11454E-03
   944.00000  2.06146E-01  1.94132E-01  8.91104E-03  3.10332E-03
   945.00000  2.05618E-01  1.93637E-01  8.88817E-03  3.09215E-03
   946.00000  2.05091E-01  1.93144E-01  8.86538E-03  3.08104E-03
   947.00000  2.04565E-01  1.92653E-01  8.84266E-03  3.06998E-03
   948.00000  2.04041E-01  1.92162E-01  8.82003E-03  3.05896E-03
   949.00000  2.03519E-01  1.91674E-01  8.79747E-03  3.04800E-03
   950.00000  2.02998E-01  1.91186E-01  8.77499E-03  3.03709E-03
   951.00000  2.02479E-01  1.90700E-01  8.75259E-03  3.02622E-03
   952.00000  2.01961E-01  1.90215E-01  8.73027E-03  3.01541E-03
   953.00000  2.01445E-01  1.89732E-01  8.70802E-03  3.00465E-03
   954.00000  2.00930E-01  1.89250E-01  8.68584E-03  2.99393E-03
   955.00000  2.00416E-01  1.88769E-01  8.66375E-03  2.98327E-03
   956.00000  1.99904E-01  1.88290E-01  8.64173E-03  2.97265E-03
   957.00000  1.99394E-01  1.87812E-01  8.61978E-03  2.96208E-03
   958.00000  1.98885E-01  1.87336E-01  8.59791E-03  2.95156E-03
   959.00000  1.98377E-01  1.86860E-01  8.57611E-03  2.94108E-03
   960.00000  1.97871E-01  1.86386E-01  8.55439E-03  2.93066E-03
   961.00000  1.97367E-01  1.85914E-01  8.53274E-03  2.92028E-03
   962.00000  1.96864E-01  1.85443E-01  8.51116E-03  2.90995E-03
   963.00000  1.96362E-01  1.84973E-01  8.48966E-03  2.89966E-03
   964.00000  1.95862E-01  1.84504E-01  8.46823E-03  2.88942E-03
   965.00000  1.95363E-01  1.84037E-01  8.44687E-03  2.87923E-03
   966.00000  1.94865E-01  1.83571E-01  8.42559E-03  2.86908E-03
   967.00000  1.94369E-01  1.83106E-01  8.40437E-03  2.85898E-03
   968.00000  1.93875E-01  1.82642E-01  8.38323E-03  2.84893E-03
   969.00000  1.93381E-01  1.82180E-01  8.36216E-03  2.83892E-03
   970.00000  1.92890E-01  1.81720E-01  8.34116E-03  2.82895E-03
   971.00000  1.92399E-01  1.81260E-01  8.32023E-03  2.81903E-03
   972.00000  1.91910E-01  1.80802E-01  8.29937E-03  2.80915E-03
   973.00000  1.91423E-01  1.80345E-01  8.27859E-03  2.79932E-03
   974.00000  1.90937E-01  1.79889E-01  8.25787E-03  2.78953E-03
   975.00000  1.90452E-01  1.79435E-01  8.23722E-03  2.77979E-03
   976.00000  1.89968E-01  1.78982E-01  8.21664E-03  2.77009E-03
   977.00000  1.89486E-01  1.78530E-01  8.19613E-03  2.76043E-03
   978.00000  1.89006E-01  1.78079E-01  8.17569E-03  2.75082E-03
   979.00000  1.88527E-01  1.77630E-01  8.15531E-03  2.74125E-03
   980.00000  1.88049E-01  1.77182E-01  8.13501E-03  2.73172E-03
   981.00000  1.87572E-01  1.76735E-01  8.11477E-03  2.72223E-03
   982.00000  1.87097E-01  1.76290E-01  8.09460E-03  2.71279E-03
   983.00000  1.86623E-01  1.75845E-01  8.07450E-03  2.70339E-03
   984.00000  1.86151E-01  1.75403E-01  8.05446E-03  2.69403E-03
   985.00000  1.85680E-01  1.74961E-01  8.03449E-03  2.68471E-03
   986.00000  1.85210E-01  1.74520E-01  8.01459E-03  2.67544E-03
   987.00000  1.84742E-01  1.74081E-01  7.99475E-03  2.66620E-03
   988.00000  1.84275E-01  1.73643E-01  7.97498E-03  2.65700E-03
   989.00000  1.83810E-01  1.73207E-01  7.95527E-03  2.64785E-03
   990.00000  1.83346E-01  1.72771E-01  7.93563E-03  2.63874E-03
   991.00000  1.82883E-01  1.72337E-01  7.91605E-03  2.62966E-03
   992.00000  1.82421E-01  1.71904E-01  7.89654E-03  2.62063E-03
   993.00000  1.81961E-01  1.71473E-01  7.87710E-03  2.61164E-03
   994.00000  1.81503E-01  1.71042E-01  7.85771E-03  2.60268E-03
   995.00000  1.81045E-01  1.70613E-01  7.83840E-03  2.59377E-03
   996.00000  1.80589E-01  1.70185E-01  7.81914E-03  2.58489E-03
   997.00000  1.80135E-01  1.69759E-01  7.79995E-03  2.57606E-03
   998.00000  1.79681E-01  1.69333E-01  7.78082E-03  2.56726E-03
   999.00000  1.79229E-01  1.68909E-01  7.76175E-03  2.55850E-03
  1000.00000  1.78779E-01  1.68486E-01  7.74275E-03  2.54978E-03
  1001.00000  1.78329E-01  1.68065E-01  7.72381E-03  2.54110E-03
  1002.00000  1.77882E-01  1.67644E-01  7.70493E-03  2.53246E-03
  1003.00000  1.77435E-01  1.67225E-01  7.68612E-03  2.52385E-03
  1004.00000  1.76990E-01  1.66807E-01  7.66736E-03  2.51528E-03
  1005.00000  1.76546E-01  1.66390E-01  7.64867E-03  2.50675E-03
  1006.00000  1.76103E-01  1.65975E-01  7.63003E-03  2.49826E-03
  1007.00000  1.75662E-01  1.65561E-01  7.61146E-03  2.48980E-03
  1008.00000  1.75222E-01  1.65148E-01  7.59295E-03  2.48138E-03
  1009.00000  1.74784E-01  1.64736E-01  7.57450E-03  2.47299E-03
  1010.00000  1.74346E-01  1.64326E-01  7.55611E-03  2.46465E-03
  1011.00000  1.73911E-01  1.63916E-01  7.53778E-03  2.45633E-03
  1012.00000  1.73476E-01  1.63509E-01  7.51951E-03  2.44806E-03
  1013.00000  1.73043E-01  1.63102E-01  7.50129E-03  2.43982E-03
  1014.00000  1.72611E-01  1.62696E-01  7.48314E-03  2.43162E-03
  1015.00000  1.72180E-01  1.62292E-01  7.46505E-03  2.42345E-03
  1016.00000  1.71751E-01  1.61889E-01  7.44701E-03  2.41531E-03
  1017.00000  1.71323E-01  1.61487E-01  7.42903E-03  2.40722E-03
  1018.00000  1.70897E-01  1.61087E-01  7.41111E-03  2.39915E-03
  1019.00000  1.70472E-01  1.60687E-01  7.39325E-03  2.39112E-03
  1020.00000  1.70048E-01  1.60289E-01  7.37545E-03  2.38313E-03
  1021.00000  1.69625E-01  1.59892E-01  7.35770E-03  2.37517E-03
  1022.00000  1.69204E-01  1.59497E-01  7.34001E-03  2.36724E-03
  1023.00000  1.68784E-01  1.59102E-01  7.32238E-03  2.35935E-03
  1024.00000  1.68365E-01  1.58709E-01  7.30481E-03  2.35149E-03
  1025.00000  1.67948E-01  1.58317E-01  7.28729E-03  2.34367E-03
  1026.00000  1.67532E-01  1.57926E-01  7.26983E-03  2.33588E-03
  1027.00000  1.67117E-01  1.57537E-01  7.25242E-03  2.32812E-03
  1028.00000  1.66704E-01  1.57148E-01  7.23507E-03  2.32039E-03
  1029.00000  1.66292E-01  1.56761E-01  7.21778E-03  2.31270E-03
  1030.00000  1.65881E-01  1.56375E-01  7.20054E-03  2.30504E-03
  1031.00000  1.65471E-01  1.55991E-01  7.18336E-03  2.29741E-03
  1032.00000  1.65063E-01  1.55607E-01  7.16623E-03  2.28982E-03
  1033.00000  1.64656E-01  1.55225E-01  7.14915E-03  2.28226E-03
  1034.00000  1.64251E-01  1.54844E-01  7.13213E-03  2.27473E-03
  1035.00000  1.63847E-01  1.54464E-01  7.11517E-03  2.26723E-03
  1036.00000  1.63444E-01  1.54086E-01  7.09826E-03  2.25976E-03
  1037.00000  1.63042E-01  1.53708E-01  7.08140E-03  2.25232E-03
  1038.00000  1.62641E-01  1.53332E-01  7.06460E-03  2.24492E-03
  1039.00000  1.62242E-01  1.52957E-01  7.04785E-03  2.23755E-03
  1040.00000  1.61844E-01  1.52583E-01  7.03115E-03  2.23020E-03
  1041.00000  1.61448E-01  1.52211E-01  7.01451E-03  2.22289E-03
  1042.00000  1.61053E-01  1.51839E-01  6.99792E-03  2.21561E-03
  1043.00000  1.60659E-01  1.51469E-01  6.98138E-03  2.20836E-03
  1044.00000  1.60266E-01  1.51100E-01  6.96489E-03  2.20114E-03
  1045.00000  1.59874E-01  1.50732E-01  6.94846E-03  2.19395E-03
  1046.00000  1.59484E-01  1.50365E-01  6.93208E-03  2.18679E-03
  1047.00000  1.59095E-01  1.50000E-01  6.91575E-03  2.17966E-03
  1048.00000  1.58708E-01  1.49636E-01  6.89947E-03  2.17256E-03
  1049.00000  1.58321E-01  1.49273E-01  6.88325E-03  2.16549E-03
  1050.00000  1.57936E-01  1.48911E-01  6.86707E-03  2.15845E-03
  1051.00000  1.57552E-01  1.48550E-01  6.85095E-03  2.15144E-03
  1052.00000  1.57170E-01  1.48190E-01  6.83488E-03  2.14446E-03
  1053.00000  1.56788E-01  1.47832E-01  6.81885E-03  2.13750E-03
  1054.00000  1.56408E-01  1.47475E-01  6.80288E-03  2.13058E-03
  1055.00000  1.56029E-01  1.47119E-01  6.78696E-03  2.12368E-03
  1056.00000  1.55652E-01  1.46764E-01  6.77109E-03  2.11682E-03
  1057.00000  1.55275E-01  1.46410E-01  6.75527E-03  2.10998E-03
  1058.00000  1.54900E-01  1.46058E-01  6.73950E-03  2.10317E-03
  1059.00000  1.54526E-01  1.45706E-01  6.72377E-03  2.09639E-03
  1060.00000  1.54154E-01  1.45356E-01  6.70810E-03  2.08963E-03
  1061.00000  1.53782E-01  1.45007E-01  6.69248E-03  2.08291E-03
  1062.00000  1.53412E-01  1.44659E-01  6.67690E-03  2.07621E-03
  1063.00000  1.53043E-01  1.44312E-01  6.66137E-03  2.06954E-03
  1064.00000  1.52675E-01  1.43966E-01  6.64590E-03  2.06289E-03
  1065.00000  1.52308E-01  1.43622E-01  6.63047E-03  2.05628E-03
  1066.00000  1.51943E-01  1.43278E-01  6.61509E-03  2.04969E-03
  1067.00000  1.51579E-01  1.42936E-01  6.59975E-03  2.04313E-03
  1068.00000  1.51216E-01  1.42595E-01  6.58447E-03  2.03659E-03
  1069.00000  1.50854E-01  1.42255E-01  6.56923E-03  2.03009E-03
  1070.00000  1.50494E-01  1.41916E-01  6.55404E-03  2.02361E-03
  1071.00000  1.50134E-01  1.41578E-01  6.53890E-03  2.01715E-03
  1072.00000  1.49776E-01  1.41241E-01  6.52380E-03  2.01072E-03
  1073.00000  1.49419E-01  1.40906E-01  6.50875E-03  2.00432E-03
  1074.00000  1.49063E-01  1.40571E-01  6.49375E-03  1.99795E-03
  1075.00000  1.48708E-01  1.40238E-01  6.47879E-03  1.99160E-03
  1076.00000  1.48355E-01  1.39906E-01  6.46388E-03  1.98527E-03
  1077.00000  1.48003E-01  1.39575E-01  6.44902E-03  1.97898E-03
  1078.00000  1.47652E-01  1.39245E-01  6.43420E-03  1.97270E-03
  1079.00000  1.47302E-01  1.38916E-01  6.41943E-03  1.96646E-03
  1080.00000  1.46953E-01  1.38588E-01  6.40471E-03  1.96024E-03
  1081.00000  1.46605E-01  1.38261E-01  6.39002E-03  1.95404E-03
  1082.00000  1.46259E-01  1.37935E-01  6.37539E-03  1.94787E-03
  1083.00000  1.45913E-01  1.37611E-01  6.36080E-03  1.94172E-03
  1084.00000  1.45569E-01  1.37287E-01  6.34626E-03  1.93560E-03
  1085.00000  1.45226E-01  1.36965E-01  6.33176E-03  1.92951E-03
  1086.00000  1.44884E-01  1.36643E-01  6.31730E-03  1.92344E-03
  1087.00000  1.44543E-01  1.36323E-01  6.30289E-03  1.91739E-03
  1088.00000  1.44203E-01  1.36003E-01  6.28852E-03  1.91137E-03
  1089.00000  1.43865E-01  1.35685E-01  6.27420E-03  1.90537E-03
  1090.00000  1.43527E-01  1.35368E-01  6.25992E-03  1.89939E-03
  1091.00000  1.43191E-01  1.35052E-01  6.24569E-03  1.89344E-03
  1092.00000  1.42856E-01  1.34737E-01  6.23150E-03  1.88752E-03
  1093.00000  1.42522E-01  1.34423E-01  6.21735E-03  1.88162E-03
  1094.00000  1.42188E-01  1.34109E-01  6.20325E-03  1.87574E-03
  1095.00000  1.41857E-01  1.33797E-01  6.18919E-03  1.86988E-03
  1096.00000  1.41526E-01  1.33486E-01  6.17517E-03  1.86405E-03
  1097.00000  1.41196E-01  1.33176E-01  6.16119E-03  1.85824E-03
  1098.00000  1.40867E-01  1.32868E-01  6.14726E-03  1.85246E-03
  1099.00000  1.40540E-01  1.32560E-01  6.13337E-03  1.84669E-03
  1100.00000  1.40213E-01  1.32253E-01  6.11952E-03  1.84095E-03
  1101.00000  1.39888E-01  1.31947E-01  6.10572E-03  1.83524E-03
  1102.00000  1.39563E-01  1.31642E-01  6.09195E-03  1.82954E-03
  1103.00000  1.39240E-01  1.31338E-01  6.07823E-03  1.82387E-03
  1104.00000  1.38918E-01  1.31035E-01  6.06455E-03  1.81823E-03
  1105.00000  1.38596E-01  1.30733E-01  6.05092E-03  1.81260E-03
  1106.00000  1.38276E-01  1.30432E-01  6.03732E-03  1.80700E-03
  1107.00000  1.37957E-01  1.30132E-01  6.02376E-03  1.80141E-03
  1108.00000  1.37639E-01  1.29833E-01  6.01025E-03  1.79585E-03
  1109.00000  1.37322E-01  1.29535E-01  5.99678E-03  1.79032E-03
  1110.00000  1.37006E-01  1.29238E-01  5.98335E-03  1.78480E-03
  1111.00000  1.36691E-01  1.28942E-01  5.96995E-03  1.77931E-03
  1112.00000  1.36377E-01  1.28647E-01  5.95660E-03  1.77383E-03
  1113.00000  1.36064E-01  1.28352E-01  5.94329E-03  1.76838E-03
  1114.00000  1.35752E-01  1.28059E-01  5.93002E-03  1.76295E-03
  1115.00000  1.35441E-01  1.27767E-01  5.91679E-03  1.75754E-03
  1116.00000  1.35131E-01  1.27475E-01  5.90360E-03  1.75216E-03
  1117.00000  1.34822E-01  1.27185E-01  5.89045E-03  1.74679E-03
  1118.00000  1.34514E-01  1.26896E-01  5.87734E-03  1.74145E-03
  1119.00000  1.34207E-01  1.26607E-01  5.86427E-03  1.73612E-03
  1120.00000  1.33901E-01  1.26319E-01  5.85123E-03  1.73082E-03
  1121.00000  1.33596E-01  1.26033E-01  5.83824E-03  1.72553E-03
  1122.00000  1.33292E-01  1.25747E-01  5.82529E-03  1.72027E-03
  1123.00000  1.32989E-01  1.25462E-01  5.81237E-03  1.71503E-03
  1124.00000  1.32687E-01  1.25178E-01  5.79950E-03  1.70981E-03
  1125.00000  1.32386E-01  1.24895E-01  5.78666E-03  1.70461E-03
  1126.00000  1.32086E-01  1.24613E-01  5.77386E-03  1.69943E-03
  1127.00000  1.31787E-01  1.24332E-01  5.76110E-03  1.69427E-03
  1128.00000  1.31489E-01  1.24051E-01  5.74838E-03  1.68912E-03
  1129.00000  1.31191E-01  1.23772E-01  5.73569E-03  1.68400E-03
  1130.00000  1.30895E-01  1.23493E-01  5.72305E-03  1.67890E-03
  1131.00000  1.30600E-01  1.23215E-01  5.71044E-03  1.67382E-03
  1132.00000  1.30305E-01  1.22939E-01  5.69787E-03  1.66876E-03
  1133.00000  1.30012E-01  1.22663E-01  5.68533E-03  1.66372E-03
  1134.00000  1.29719E-01  1.22388E-01  5.67284E-03  1.65869E-03
  1135.00000  1.29427E-01  1.22113E-01  5.66038E-03  1.65369E-03
  1136.00000  1.29137E-01  1.21840E-01  5.64795E-03  1.64870E-03
  1137.00000  1.28847E-01  1.21567E-01  5.63557E-03  1.64374E-03
  1138.00000  1.28558E-01  1.21296E-01  5.62322E-03  1.63879E-03
  1139.00000  1.28270E-01  1.21025E-01  5.61091E-03  1.63386E-03
  1140.00000  1.27983E-01  1.20755E-01  5.59864E-03  1.62896E-03
  1141.00000  1.27696E-01  1.20486E-01  5.58640E-03  1.62407E-03
  1142.00000  1.27411E-01  1.20218E-01  5.57420E-03  1.61919E-03
  1143.00000  1.27126E-01  1.19950E-01  5.56203E-03  1.61434E-03
  1144.00000  1.26843E-01  1.19683E-01  5.54990E-03  1.60951E-03
  1145.00000  1.26560E-01  1.19418E-01  5.53781E-03  1.60469E-03
  1146.00000  1.26278E-01  1.19153E-01  5.52575E-03  1.59989E-03
  1147.00000  1.25997E-01  1.18888E-01  5.51373E-03  1.59512E-03
  1148.00000  1.25717E-01  1.18625E-01  5.50174E-03  1.59035E-03
  1149.00000  1.25438E-01  1.18362E-01  5.48979E-03  1.58561E-03
  1150.00000  1.25159E-01  1.18101E-01  5.47787E-03  1.58089E-03
  1151.00000  1.24882E-01  1.17840E-01  5.46599E-03  1.57618E-03
  1152.00000  1.24605E-01  1.17580E-01  5.45414E-03  1.57149E-03
  1153.00000  1.24329E-01  1.17320E-01  5.44233E-03  1.56682E-03
  1154.00000  1.24054E-01  1.17062E-01  5.43055E-03  1.56217E-03
  1155.00000  1.23780E-01  1.16804E-01  5.41881E-03  1.55753E-03
  1156.00000  1.23507E-01  1.16547E-01  5.40711E-03  1.55291E-03
  1157.00000  1.23234E-01  1.16290E-01  5.39543E-03  1.54831E-03
  1158.00000  1.22963E-01  1.16035E-01  5.38379E-03  1.54373E-03
  1159.00000  1.22692E-01  1.15780E-01  5.37219E-03  1.53916E-03
  1160.00000  1.22422E-01  1.15526E-01  5.36062E-03  1.53461E-03
  1161.00000  1.22152E-01  1.15273E-01  5.34908E-03  1.53008E-03
  1162.00000  1.21884E-01  1.15021E-01  5.33758E-03  1.52556E-03
  1163.00000  1.21616E-01  1.14769E-01  5.32611E-03  1.52106E-03
  1164.00000  1.21349E-01  1.14518E-01  5.31467E-03  1.51658E-03
  1165.00000  1.21083E-01  1.14268E-01  5.30327E-03  1.51212E-03
  1166.00000  1.20818E-01  1.14018E-01  5.29190E-03  1.50767E-03
  1167.00000  1.20554E-01  1.13770E-01  5.28057E-03  1.50324E-03
  1168.00000  1.20290E-01  1.13522E-01  5.26926E-03  1.49882E-03
  1169.00000  1.20027E-01  1.13275E-01  5.25799E-03  1.49442E-03
  1170.00000  1.19765E-01  1.13028E-01  5.24676E-03  1.49004E-03
  1171.00000  1.19503E-01  1.12782E-01  5.23555E-03  1.48568E-03
  1172.00000  1.19243E-01  1.12537E-01  5.22438E-03  1.48133E-03
  1173.00000  1.18983E-01  1.12293E-01  5.21324E-03  1.47699E-03
  1174.00000  1.18724E-01  1.12049E-01  5.20213E-03  1.47267E-03
  1175.00000  1.18466E-01  1.11806E-01  5.19106E-03  1.46837E-03
  1176.00000  1.18208E-01  1.11564E-01  5.18001E-03  1.46409E-03
  1177.00000  1.17951E-01  1.11323E-01  5.16900E-03  1.45982E-03
  1178.00000  1.17695E-01  1.11082E-01  5.15802E-03  1.45556E-03
  1179.00000  1.17440E-01  1.10842E-01  5.14708E-03  1.45133E-03
  1180.00000  1.17186E-01  1.10602E-01  5.13616E-03  1.44710E-03
  1181.00000  1.16932E-01  1.10364E-01  5.12528E-03  1.44290E-03
  1182.00000  1.16679E-01  1.10125E-01  5.11442E-03  1.43870E-03
  1183.00000  1.16426E-01  1.09888E-01  5.10360E-03  1.43453E-03
  1184.00000  1.16175E-01  1.09651E-01  5.09281E-03  1.43037E-03
  1185.00000  1.15924E-01  1.09415E-01  5.08205E-03  1.42622E-03
  1186.00000  1.15674E-01  1.09180E-01  5.07133E-03  1.42209E-03
  1187.00000  1.15424E-01  1.08945E-01  5.06063E-03  1.41798E-03
  1188.00000  1.15175E-01  1.08711E-01  5.04996E-03  1.41388E-03
  1189.00000  1.14927E-01  1.08478E-01  5.03933E-03  1.40979E-03
  1190.00000  1.14680E-01  1.08245E-01  5.02872E-03  1.40572E-03
  1191.00000  1.14433E-01  1.08013E-01  5.01815E-03  1.40167E-03
  1192.00000  1.14187E-01  1.07782E-01  5.00760E-03  1.39762E-03
  1193.00000  1.13942E-01  1.07551E-01  4.99709E-03  1.39360E-03
  1194.00000  1.13698E-01  1.07321E-01  4.98660E-03  1.38959E-03
  1195.00000  1.13454E-01  1.07092E-01  4.97615E-03  1.38559E-03
  1196.00000  1.13211E-01  1.06863E-01  4.96572E-03  1.38161E-03
  1197.00000  1.12968E-01  1.06635E-01  4.95533E-03  1.37764E-03
  1198.00000  1.12726E-01  1.06408E-01  4.94496E-03  1.37369E-03
  1199.00000  1.12485E-01  1.06181E-01  4.93463E-03  1.36975E-03
  1200.00000  1.12245E-01  1.05955E-01  4.92432E-03  1.36582E-03
  1201.00000  1.12005E-01  1.05729E-01  4.91405E-03  1.36191E-03
  1202.00000  1.11766E-01  1.05504E-01  4.90380E-03  1.35802E-03
  1203.00000  1.11528E-01  1.05280E-01  4.89358E-03  1.35414E-03
  1204.00000  1.11290E-01  1.05056E-01  4.88339E-03  1.35027E-03
  1205.00000  1.11053E-01  1.04833E-01  4.87323E-03  1.34641E-03
  1206.00000  1.10816E-01  1.04611E-01  4.86310E-03  1.34257E-03
  1207.00000  1.10580E-01  1.04389E-01  4.85300E-03  1.33875E-03
  1208.00000  1.10345E-01  1.04167E-01  4.84292E-03  1.33493E-03
  1209.00000  1.10111E-01  1.03947E-01  4.83288E-03  1.33114E-03
  1210.00000  1.09877E-01  1.03727E-01  4.82286E-03  1.32735E-03
  1211.00000  1.09644E-01  1.03507E-01  4.81287E-03  1.32358E-03
  1212.00000  1.09411E-01  1.03288E-01  4.80291E-03  1.31982E-03
  1213.00000  1.09179E-01  1.03070E-01  4.79298E-03  1.31608E-03
  1214.00000  1.08948E-01  1.02853E-01  4.78307E-03  1.31234E-03
  1215.00000  1.08717E-01  1.02636E-01  4.77320E-03  1.30863E-03
  1216.00000  1.08487E-01  1.02419E-01  4.76335E-03  1.30492E-03
  1217.00000  1.08258E-01  1.02203E-01  4.75353E-03  1.30123E-03
  1218.00000  1.08029E-01  1.01988E-01  4.74374E-03  1.29755E-03
  1219.00000  1.07801E-01  1.01773E-01  4.73397E-03  1.29389E-03
  1220.00000  1.07574E-01  1.01559E-01  4.72423E-03  1.29024E-03
  1221.00000  1.07347E-01  1.01346E-01  4.71452E-03  1.28660E-03
  1222.00000  1.07120E-01  1.01133E-01  4.70484E-03  1.28297E-03
  1223.00000  1.06895E-01  1.00920E-01  4.69518E-03  1.27936E-03
  1224.00000  1.06670E-01  1.00708E-01  4.68555E-03  1.27576E-03
  1225.00000  1.06445E-01  1.00497E-01  4.67595E-03  1.27217E-03
  1226.00000  1.06221E-01  1.00286E-01  4.66637E-03  1.26860E-03
  1227.00000  1.05998E-01  1.00076E-01  4.65682E-03  1.26504E-03
  1228.00000  1.05776E-01  9.98667E-02  4.64730E-03  1.26149E-03
  1229.00000  1.05553E-01  9.96577E-02  4.63781E-03  1.25795E-03
  1230.00000  1.05332E-01  9.94493E-02  4.62834E-03  1.25443E-03
  1231.00000  1.05111E-01  9.92414E-02  4.61889E-03  1.25091E-03
  1232.00000  1.04891E-01  9.90341E-02  4.60948E-03  1.24742E-03
  1233.00000  1.04671E-01  9.88273E-02  4.60009E-03  1.24393E-03
  1234.00000  1.04452E-01  9.86210E-02  4.59072E-03  1.24045E-03
  1235.00000  1.04234E-01  9.84153E-02  4.58138E-03  1.23699E-03
  1236.00000  1.04016E-01  9.82102E-02  4.57207E-03  1.23354E-03
  1237.00000  1.03798E-01  9.80056E-02  4.56279E-03  1.23010E-03
  1238.00000  1.03582E-01  9.78015E-02  4.55353E-03  1.22668E-03
  1239.00000  1.03366E-01  9.75980E-02  4.54429E-03  1.22326E-03
  1240.00000  1.03150E-01  9.73950E-02  4.53508E-03  1.21986E-03
  1241.00000  1.02935E-01  9.71925E-02  4.52590E-03  1.21647E-03
  1242.00000  1.02720E-01  9.69906E-02  4.51674E-03  1.21310E-03
  1243.00000  1.02507E-01  9.67892E-02  4.50760E-03  1.20973E-03
  1244.00000  1.02293E-01  9.65884E-02  4.49850E-03  1.20637E-03
  1245.00000  1.02080E-01  9.63880E-02  4.48941E-03  1.20303E-03
  1246.00000  1.01868E-01  9.61882E-02  4.48036E-03  1.19970E-03
  1247.00000  1.01657E-01  9.59889E-02  4.47132E-03  1.19638E-03
  1248.00000  1.01446E-01  9.57902E-02  4.46231E-03  1.19307E-03
  1249.00000  1.01235E-01  9.55919E-02  4.45333E-03  1.18978E-03
  1250.00000  1.01025E-01  9.53942E-02  4.44437E-03  1.18649E-03
  1251.00000  1.00816E-01  9.51970E-02  4.43544E-03  1.18322E-03
  1252.00000  1.00607E-01  9.50003E-02  4.42653E-03  1.17996E-03
  1253.00000  1.00398E-01  9.48041E-02  4.41764E-03  1.17671E-03
  1254.00000  1.00191E-01  9.46084E-02  4.40878E-03  1.17347E-03
  1255.00000  9.99835E-02  9.44133E-02  4.39995E-03  1.17024E-03
  1256.00000  9.97768E-02  9.42186E-02  4.39113E-03  1.16702E-03
  1257.00000  9.95706E-02  9.40245E-02  4.38235E-03  1.16381E-03
  1258.00000  9.93650E-02  9.38308E-02  4.37358E-03  1.16062E-03
  1259.00000  9.91599E-02  9.36377E-02  4.36484E-03  1.15744E-03
  1260.00000  9.89554E-02  9.34450E-02  4.35612E-03  1.15426E-03
  1261.00000  9.87514E-02  9.32529E-02  4.34743E-03  1.15110E-03
  1262.00000  9.85479E-02  9.30612E-02  4.33876E-03  1.14795E-03
  1263.00000  9.83450E-02  9.28701E-02  4.33012E-03  1.14481E-03
  1264.00000  9.81426E-02  9.26794E-02  4.32149E-03  1.14168E-03
  1265.00000  9.79407E-02  9.24893E-02  4.31289E-03  1.13856E-03
  1266.00000  9.77394E-02  9.22996E-02  4.30432E-03  1.13545E-03
  1267.00000  9.75385E-02  9.21104E-02  4.29577E-03  1.13235E-03
  1268.00000  9.73382E-02  9.19217E-02  4.28724E-03  1.12927E-03
  1269.00000  9.71384E-02  9.17335E-02  4.27873E-03  1.12619E-03
  1270.00000  9.69392E-02  9.15458E-02  4.27025E-03  1.12312E-03
  1271.00000  9.67404E-02  9.13586E-02  4.26179E-03  1.12007E-03
  1272.00000  9.65422E-02  9.11718E-02  4.25335E-03  1.11702E-03
  1273.00000  9.63444E-02  9.09855E-02  4.24494E-03  1.11399E-03
  1274.00000  9.61472E-02  9.07997E-02  4.23654E-03  1.11096E-03
  1275.00000  9.59505E-02  9.06144E-02  4.22818E-03  1.10795E-03
  1276.00000  9.57543E-02  9.04296E-02  4.21983E-03  1.10494E-03
  1277.00000  9.55587E-02  9.02452E-02  4.21150E-03  1.10195E-03
  1278.00000  9.53635E-02  9.00613E-02  4.20320E-03  1.09896E-03
  1279.00000  9.51688E-02  8.98779E-02  4.19492E-03  1.09599E-03
  1280.00000  9.49746E-02  8.96949E-02  4.18667E-03  1.09302E-03
  1281.00000  9.47810E-02  8.95125E-02  4.17843E-03  1.09007E-03
  1282.00000  9.45878E-02  8.93304E-02  4.17022E-03  1.08713E-03
  1283.00000  9.43951E-02  8.91489E-02  4.16203E-03  1.08419E-03
  1284.00000  9.42029E-02  8.89678E-02  4.15386E-03  1.08127E-03
  1285.00000  9.40113E-02  8.87872E-02  4.14571E-03  1.07835E-03
  1286.00000  9.38201E-02  8.86071E-02  4.13758E-03  1.07545E-03
  1287.00000  9.36294E-02  8.84274E-02  4.12948E-03  1.07255E-03
  1288.00000  9.34392E-02  8.82481E-02  4.12140E-03  1.06967E-03
  1289.00000  9.32495E-02  8.80694E-02  4.11334E-03  1.06679E-03
  1290.00000  9.30603E-02  8.78910E-02  4.10530E-03  1.06393E-03
  1291.00000  9.28715E-02  8.77132E-02  4.09728E-03  1.06107E-03
  1292.00000  9.26833E-02  8.75358E-02  4.08928E-03  1.05822E-03
  1293.00000  9.24955E-02  8.73588E-02  4.08131E-03  1.05539E-03
  1294.00000  9.23082E-02  8.71823E-02  4.07335E-03  1.05256E-03
  1295.00000  9.21214E-02  8.70063E-02  4.06542E-03  1.04974E-03
  1296.00000  9.19351E-02  8.68307E-02  4.05751E-03  1.04693E-03
  1297.00000  9.17493E-02  8.66555E-02  4.04962E-03  1.04413E-03
  1298.00000  9.15639E-02  8.64808E-02  4.04175E-03  1.04134E-03
  1299.00000  9.13790E-02  8.63066E-02  4.03390E-03  1.03856E-03
  1300.00000  9.11946E-02  8.61328E-02  4.02607E-03  1.03579E-03
  1301.00000  9.10107E-02  8.59594E-02  4.01826E-03  1.03303E-03
  1302.00000  9.08272E-02  8.57865E-02  4.01047E-03  1.03027E-03
  1303.00000  9.06443E-02  8.56140E-02  4.00271E-03  1.02753E-03
  1304.00000  9.04617E-02  8.54420E-02  3.99496E-03  1.02479E-03
  1305.00000  9.02797E-02  8.52704E-02  3.98723E-03  1.02207E-03
  1306.00000  9.00981E-02  8.50992E-02  3.97953E-03  1.01935E-03
  1307.00000  8.99170E-02  8.49285E-02  3.97184E-03  1.01664E-03
  1308.00000  8.97363E-02  8.47582E-02  3.96418E-03  1.01394E-03
  1309.00000  8.95561E-02  8.45884E-02  3.95653E-03  1.01125E-03
  1310.00000  8.93764E-02  8.44189E-02  3.94890E-03  1.00857E-03
  1311.00000  8.91971E-02  8.42499E-02  3.94130E-03  1.00590E-03
  1312.00000  8.90183E-02  8.40814E-02  3.93371E-03  1.00324E-03
  1313.00000  8.88400E-02  8.39133E-02  3.92615E-03  1.00058E-03
  1314.00000  8.86621E-02  8.37456E-02  3.91860E-03  9.97939E-04
  1315.00000  8.84847E-02  8.35783E-02  3.91108E-03  9.95303E-04
  1316.00000  8.83077E-02  8.34115E-02  3.90357E-03  9.92675E-04
  1317.00000  8.81312E-02  8.32450E-02  3.89608E-03  9.90055E-04
  1318.00000  8.79551E-02  8.30791E-02  3.88861E-03  9.87445E-04
  1319.00000  8.77795E-02  8.29135E-02  3.88117E-03  9.84843E-04
  1320.00000  8.76043E-02  8.27483E-02  3.87374E-03  9.82249E-04
  1321.00000  8.74296E-02  8.25836E-02  3.86633E-03  9.79665E-04
  1322.00000  8.72553E-02  8.24193E-02  3.85894E-03  9.77088E-04
  1323.00000  8.70815E-02  8.22554E-02  3.85157E-03  9.74520E-04
  1324.00000  8.69081E-02  8.20920E-02  3.84421E-03  9.71961E-04
  1325.00000  8.67352E-02  8.19289E-02  3.83688E-03  9.69410E-04
  1326.00000  8.65627E-02  8.17663E-02  3.82957E-03  9.66868E-04
  1327.00000  8.63907E-02  8.16041E-02  3.82227E-03  9.64334E-04
  1328.00000  8.62191E-02  8.14423E-02  3.81499E-03  9.61808E-04
  1329.00000  8.60479E-02  8.12809E-02  3.80774E-03  9.59290E-04
  1330.00000  8.58772E-02  8.11199E-02  3.80050E-03  9.56781E-04
  1331.00000  8.57069E-02  8.09593E-02  3.79328E-03  9.54280E-04
  1332.00000  8.55370E-02  8.07992E-02  3.78608E-03  9.51787E-04
  1333.00000  8.53676E-02  8.06394E-02  3.77889E-03  9.49302E-04
  1334.00000  8.51986E-02  8.04801E-02  3.77173E-03  9.46826E-04
  1335.00000  8.50301E-02  8.03212E-02  3.76458E-03  9.44358E-04
  1336.00000  8.48620E-02  8.01626E-02  3.75745E-03  9.41897E-04
  1337.00000  8.46943E-02  8.00045E-02  3.75034E-03  9.39445E-04
  1338.00000  8.45270E-02  7.98468E-02  3.74325E-03  9.37001E-04
  1339.00000  8.43602E-02  7.96895E-02  3.73618E-03  9.34564E-04
  1340.00000  8.41938E-02  7.95326E-02  3.72912E-03  9.32136E-04
  1341.00000  8.40279E-02  7.93760E-02  3.72209E-03  9.29715E-04
  1342.00000  8.38623E-02  7.92199E-02  3.71507E-03  9.27303E-04
  1343.00000  8.36972E-02  7.90642E-02  3.70807E-03  9.24898E-04
  1344.00000  8.35325E-02  7.89089E-02  3.70108E-03  9.22501E-04
  1345.00000  8.33682E-02  7.87540E-02  3.69412E-03  9.20112E-04
  1346.00000  8.32044E-02  7.85995E-02  3.68717E-03  9.17730E-04
  1347.00000  8.30409E-02  7.84453E-02  3.68024E-03  9.15356E-04
  1348.00000  8.28779E-02  7.82916E-02  3.67333E-03  9.12990E-04
  1349.00000  8.27153E-02  7.81383E-02  3.66643E-03  9.10632E-04
  1350.00000  8.25531E-02  7.79853E-02  3.65955E-03  9.08281E-04
  1351.00000  8.23914E-02  7.78327E-02  3.65269E-03  9.05938E-04
  1352.00000  8.22300E-02  7.76806E-02  3.64585E-03  9.03602E-04
  1353.00000  8.20691E-02  7.75288E-02  3.63902E-03  9.01274E-04
  1354.00000  8.19086E-02  7.73774E-02  3.63222E-03  8.98954E-04
  1355.00000  8.17485E-02  7.72264E-02  3.62543E-03  8.96640E-04
  1356.00000  8.15888E-02  7.70758E-02  3.61865E-03  8.94335E-04
  1357.00000  8.14295E-02  7.69255E-02  3.61189E-03  8.92036E-04
  1358.00000  8.12706E-02  7.67757E-02  3.60515E-03  8.89745E-04
  1359.00000  8.11121E-02  7.66262E-02  3.59843E-03  8.87462E-04
  1360.00000  8.09540E-02  7.64771E-02  3.59173E-03  8.85185E-04
  1361.00000  8.07964E-02  7.63284E-02  3.58504E-03  8.82916E-04
  1362.00000  8.06391E-02  7.61801E-02  3.57836E-03  8.80655E-04
  1363.00000  8.04823E-02  7.60321E-02  3.57171E-03  8.78400E-04
  1364.00000  8.03258E-02  7.58846E-02  3.56507E-03  8.76153E-04
  1365.00000  8.01697E-02  7.57374E-02  3.55845E-03  8.73913E-04
  1366.00000  8.00141E-02  7.55906E-02  3.55184E-03  8.71680E-04
  1367.00000  7.98588E-02  7.54441E-02  3.54525E-03  8.69454E-04
  1368.00000  7.97040E-02  7.52981E-02  3.53868E-03  8.67235E-04
  1369.00000  7.95495E-02  7.51524E-02  3.53212E-03  8.65023E-04
  1370.00000  7.93955E-02  7.50071E-02  3.52558E-03  8.62818E-04
  1371.00000  7.92418E-02  7.48621E-02  3.51906E-03  8.60621E-04
  1372.00000  7.90885E-02  7.47175E-02  3.51255E-03  8.58430E-04
  1373.00000  7.89356E-02  7.45733E-02  3.50606E-03  8.56246E-04
  1374.00000  7.87831E-02  7.44295E-02  3.49959E-03  8.54069E-04
  1375.00000  7.86310E-02  7.42860E-02  3.49313E-03  8.51899E-04
  1376.00000  7.84793E-02  7.41429E-02  3.48669E-03  8.49736E-04
  1377.00000  7.83280E-02  7.40002E-02  3.48026E-03  8.47580E-04
  1378.00000  7.81771E-02  7.38578E-02  3.47385E-03  8.45430E-04
  1379.00000  7.80265E-02  7.37158E-02  3.46745E-03  8.43288E-04
  1380.00000  7.78763E-02  7.35741E-02  3.46107E-03  8.41152E-04
  1381.00000  7.77266E-02  7.34328E-02  3.45471E-03  8.39023E-04
  1382.00000  7.75772E-02  7.32919E-02  3.44836E-03  8.36900E-04
  1383.00000  7.74281E-02  7.31513E-02  3.44203E-03  8.34784E-04
  1384.00000  7.72795E-02  7.30111E-02  3.43571E-03  8.32675E-04
  1385.00000  7.71313E-02  7.28713E-02  3.42941E-03  8.30573E-04
  1386.00000  7.69834E-02  7.27318E-02  3.42313E-03  8.28477E-04
  1387.00000  7.68359E-02  7.25926E-02  3.41686E-03  8.26388E-04
  1388.00000  7.66888E-02  7.24539E-02  3.41060E-03  8.24305E-04
  1389.00000  7.65420E-02  7.23154E-02  3.40437E-03  8.22229E-04
  1390.00000  7.63957E-02  7.21774E-02  3.39814E-03  8.20159E-04
  1391.00000  7.62497E-02  7.20396E-02  3.39193E-03  8.18096E-04
  1392.00000  7.61040E-02  7.19023E-02  3.38574E-03  8.16039E-04
  1393.00000  7.59588E-02  7.17652E-02  3.37956E-03  8.13989E-04
  1394.00000  7.58139E-02  7.16286E-02  3.37340E-03  8.11945E-04
  1395.00000  7.56694E-02  7.14922E-02  3.36725E-03  8.09907E-04
  1396.00000  7.55253E-02  7.13563E-02  3.36112E-03  8.07876E-04
  1397.00000  7.53815E-02  7.12206E-02  3.35500E-03  8.05852E-04
  1398.00000  7.52381E-02  7.10854E-02  3.34890E-03  8.03833E-04
  1399.00000  7.50950E-02  7.09504E-02  3.34281E-03  8.01821E-04
  1400.00000  7.49524E-02  7.08158E-02  3.33674E-03  7.99815E-04
  1401.00000  7.48101E-02  7.06816E-02  3.33068E-03  7.97815E-04
  1402.00000  7.46681E-02  7.05476E-02  3.32464E-03  7.95822E-04
  1403.00000  7.45265E-02  7.04141E-02  3.31861E-03  7.93835E-04
  1404.00000  7.43853E-02  7.02808E-02  3.31260E-03  7.91854E-04
  1405.00000  7.42444E-02  7.01480E-02  3.30660E-03  7.89879E-04
  1406.00000  7.41039E-02  7.00154E-02  3.30061E-03  7.87910E-04
  1407.00000  7.39638E-02  6.98832E-02  3.29464E-03  7.85947E-04
  1408.00000  7.38240E-02  6.97513E-02  3.28868E-03  7.83991E-04
  1409.00000  7.36845E-02  6.96198E-02  3.28274E-03  7.82040E-04
  1410.00000  7.35455E-02  6.94885E-02  3.27682E-03  7.80096E-04
  1411.00000  7.34067E-02  6.93577E-02  3.27090E-03  7.78157E-04
  1412.00000  7.32683E-02  6.92271E-02  3.26501E-03  7.76225E-04
  1413.00000  7.31303E-02  6.90969E-02  3.25912E-03  7.74298E-04
  1414.00000  7.29926E-02  6.89670E-02  3.25325E-03  7.72378E-04
  1415.00000  7.28553E-02  6.88375E-02  3.24740E-03  7.70463E-04
  1416.00000  7.27183E-02  6.87082E-02  3.24155E-03  7.68554E-04
  1417.00000  7.25817E-02  6.85793E-02  3.23573E-03  7.66652E-04
  1418.00000  7.24454E-02  6.84508E-02  3.22991E-03  7.64755E-04
  1419.00000  7.23095E-02  6.83225E-02  3.22411E-03  7.62863E-04
  1420.00000  7.21739E-02  6.81946E-02  3.21833E-03  7.60978E-04
  1421.00000  7.20386E-02  6.80670E-02  3.21255E-03  7.59099E-04
  1422.00000  7.19037E-02  6.79397E-02  3.20680E-03  7.57225E-04
  1423.00000  7.17692E-02  6.78128E-02  3.20105E-03  7.55357E-04
  1424.00000  7.16349E-02  6.76861E-02  3.19532E-03  7.53494E-04
  1425.00000  7.15011E-02  6.75598E-02  3.18961E-03  7.51638E-04
  1426.00000  7.13675E-02  6.74338E-02  3.18390E-03  7.49787E-04
  1427.00000  7.12343E-02  6.73081E-02  3.17821E-03  7.47942E-04
  1428.00000  7.11014E-02  6.71828E-02  3.17254E-03  7.46102E-04
  1429.00000  7.09689E-02  6.70577E-02  3.16688E-03  7.44268E-04
  1430.00000  7.08367E-02  6.69330E-02  3.16123E-03  7.42440E-04
  1431.00000  7.07048E-02  6.68086E-02  3.15559E-03  7.40617E-04
  1432.00000  7.05733E-02  6.66845E-02  3.14997E-03  7.38800E-04
  1433.00000  7.04421E-02  6.65607E-02  3.14436E-03  7.36988E-04
  1434.00000  7.03112E-02  6.64372E-02  3.13877E-03  7.35182E-04
  1435.00000  7.01806E-02  6.63141E-02  3.13318E-03  7.33381E-04
  1436.00000  7.00504E-02  6.61912E-02  3.12761E-03  7.31586E-04
  1437.00000  6.99205E-02  6.60687E-02  3.12206E-03  7.29796E-04
  1438.00000  6.97910E-02  6.59464E-02  3.11652E-03  7.28012E-04
  1439.00000  6.96617E-02  6.58245E-02  3.11099E-03  7.26233E-04
  1440.00000  6.95328E-02  6.57029E-02  3.10547E-03  7.24459E-04
  1441.00000  6.94042E-02  6.55815E-02  3.09997E-03  7.22691E-04
  1442.00000  6.92759E-02  6.54605E-02  3.09448E-03  7.20929E-04
  1443.00000  6.91480E-02  6.53398E-02  3.08900E-03  7.19171E-04
  1444.00000  6.90204E-02  6.52194E-02  3.08354E-03  7.17419E-04
  1445.00000  6.88930E-02  6.50993E-02  3.07809E-03  7.15672E-04
  1446.00000  6.87661E-02  6.49795E-02  3.07265E-03  7.13931E-04
  1447.00000  6.86394E-02  6.48600E-02  3.06722E-03  7.12194E-04
  1448.00000  6.85130E-02  6.47408E-02  3.06181E-03  7.10463E-04
  1449.00000  6.83870E-02  6.46218E-02  3.05641E-03  7.08738E-04
  1450.00000  6.82613E-02  6.45032E-02  3.05102E-03  7.07017E-04
  1451.00000  6.81358E-02  6.43849E-02  3.04565E-03  7.05302E-04
  1452.00000  6.80107E-02  6.42669E-02  3.04028E-03  7.03591E-04
  1453.00000  6.78860E-02  6.41491E-02  3.03493E-03  7.01886E-04
  1454.00000  6.77615E-02  6.40317E-02  3.02960E-03  7.00186E-04
  1455.00000  6.76373E-02  6.39145E-02  3.02427E-03  6.98491E-04
  1456.00000  6.75135E-02  6.37977E-02  3.01896E-03  6.96802E-04
  1457.00000  6.73899E-02  6.36811E-02  3.01366E-03  6.95117E-04
  1458.00000  6.72667E-02  6.35648E-02  3.00837E-03  6.93438E-04
  1459.00000  6.71437E-02  6.34489E-02  3.00310E-03  6.91763E-04
  1460.00000  6.70211E-02  6.33332E-02  2.99784E-03  6.90094E-04
  1461.00000  6.68988E-02  6.32177E-02  2.99259E-03  6.88429E-04
  1462.00000  6.67767E-02  6.31026E-02  2.98735E-03  6.86770E-04
  1463.00000  6.66550E-02  6.29878E-02  2.98212E-03  6.85115E-04
  1464.00000  6.65336E-02  6.28732E-02  2.97691E-03  6.83466E-04
  1465.00000  6.64125E-02  6.27589E-02  2.97171E-03  6.81821E-04
  1466.00000  6.62916E-02  6.26449E-02  2.96652E-03  6.80181E-04
  1467.00000  6.61711E-02  6.25312E-02  2.96134E-03  6.78547E-04
  1468.00000  6.60509E-02  6.24178E-02  2.95617E-03  6.76917E-04
  1469.00000  6.59310E-02  6.23046E-02  2.95102E-03  6.75292E-04
  1470.00000  6.58113E-02  6.21918E-02  2.94588E-03  6.73672E-04
  1471.00000  6.56920E-02  6.20792E-02  2.94075E-03  6.72057E-04
  1472.00000  6.55729E-02  6.19668E-02  2.93563E-03  6.70446E-04
  1473.00000  6.54542E-02  6.18548E-02  2.93053E-03  6.68841E-04
  1474.00000  6.53357E-02  6.17430E-02  2.92543E-03  6.67240E-04
  1475.00000  6.52175E-02  6.16315E-02  2.92035E-03  6.65644E-04
  1476.00000  6.50996E-02  6.15203E-02  2.91528E-03  6.64053E-04
  1477.00000  6.49821E-02  6.14094E-02  2.91022E-03  6.62467E-04
  1478.00000  6.48647E-02  6.12987E-02  2.90517E-03  6.60885E-04
  1479.00000  6.47477E-02  6.11883E-02  2.90014E-03  6.59308E-04
  1480.00000  6.46310E-02  6.10781E-02  2.89511E-03  6.57736E-04
  1481.00000  6.45145E-02  6.09683E-02  2.89010E-03  6.56169E-04
  1482.00000  6.43984E-02  6.08587E-02  2.88510E-03  6.54606E-04
  1483.00000  6.42825E-02  6.07493E-02  2.88011E-03  6.53048E-04
  1484.00000  6.41669E-02  6.06403E-02  2.87513E-03  6.51494E-04
  1485.00000  6.40516E-02  6.05315E-02  2.87017E-03  6.49945E-04
  1486.00000  6.39366E-02  6.04229E-02  2.86521E-03  6.48401E-04
  1487.00000  6.38218E-02  6.03147E-02  2.86027E-03  6.46861E-04
  1488.00000  6.37073E-02  6.02067E-02  2.85534E-03  6.45326E-04
  1489.00000  6.35931E-02  6.00989E-02  2.85042E-03  6.43796E-04
  1490.00000  6.34792E-02  5.99914E-02  2.84551E-03  6.42270E-04
  1491.00000  6.33655E-02  5.98842E-02  2.84061E-03  6.40749E-04
  1492.00000  6.32522E-02  5.97772E-02  2.83572E-03  6.39232E-04
  1493.00000  6.31391E-02  5.96705E-02  2.83084E-03  6.37719E-04
  1494.00000  6.30263E-02  5.95641E-02  2.82598E-03  6.36211E-04
  1495.00000  6.29137E-02  5.94579E-02  2.82112E-03  6.34708E-04
  1496.00000  6.28014E-02  5.93519E-02  2.81628E-03  6.33209E-04
  1497.00000  6.26894E-02  5.92463E-02  2.81145E-03  6.31715E-04
  1498.00000  6.25777E-02  5.91408E-02  2.80663E-03  6.30225E-04
  1499.00000  6.24662E-02  5.90357E-02  2.80182E-03  6.28739E-04
  1500.00000  6.23550E-02  5.89307E-02  2.79702E-03  6.27258E-04


#
# Current date/time  : 15-Sep-2026 10:14:57
# elapsed real time  :  6.92 seconds on max-exfl-display002.desy.de
# Job time(CPU_time) : 14.74 seconds on max-exfl-display002.desy.de
