# ---------------------------------------------------------------------
# XATOM HFS : electronic structure of atoms and more, v2.0.0-15-g9da229
#
# Job started at  :  8-Aug-2024 17:34:36
# ---------------------------------------------------------------------
# Atom: Ar
#   nuclear charge:   18
#   total electrons:  18
#   total charge:     +0
#   configuration: 1s2_2s2_2p6_3s2_3p6
#
# Computational method:
#   exchange functional: Slater (Latter tail correction)
#   correlation functional: none
#
# Grid for the spherical coordinate:
#   N =  200
#   L parameter =      1.0
#   Rmax(a.u.)  =     50.0
#   lmax  =    1
#
# SCF converged after   24 iterations
#   energy convergence  = -6.005E-08
#   density convergence =  1.824E-08
#
# Energies: 
# - zeroth-order energy (a.u.):
#   SUM of E_orb   =    -315.32894667  [     -8580.54 eV ]
#   (SUM of E_kin) =     538.31112886
#   (Effec. pot E) =    -853.64007553
#
# - first-order energy (a.u.): with DFT formula
#   Kinetic E      =     538.31112886
#   E Latter corr  =      -0.04560505
#   Nuc-Elec pot E =   -1271.74584183    One-Elec E =    -733.48031802
#
#   Hartree E      =     237.44887030
#   Exchange E     =     -42.55977694
#   Correlation E  =       0.00000000    Two-Elec E =     194.88909336
#   ---------------------------------
#   Total Energy   =    -538.59122466  [    -14655.81 eV ]
#
#                E(0)        E(1)
# |E_TOT|    -8580.54   -14655.81
#
# Orbital energies: 
#        n_occ        E(a.u.)          E(eV)         KE(eV)
#   1s       2  -116.26634367   -3163.768054    4220.775799
#   2s       2   -11.43275460    -311.101069     691.023908
#   2p       6    -9.10418205    -247.737388     673.728820
#   3s       2    -1.05375271     -28.674069     118.403503
#   3p       6    -0.53302540     -14.504359      90.901862
#
#              1s        2s        2p        3s        3p
# |SCF|  -3163.77   -311.10   -247.74    -28.67    -14.50
#
# Radial wavefunction information (a.u.): (r_m: r_max where |u(r)| >  1.0E-08)
#              <r>       <r^2>         r_m   norm. err
#   1s       0.086       0.010       1.445     3.9E-06
#   2s       0.411       0.200       4.630     2.6E-07
#   2p       0.370       0.169       5.040    -3.4E-08
#   3s       1.372       2.191      15.190    -4.9E-08
#   3p       1.592       3.063      21.155    -6.1E-08
#
# Uniform grid parameters for continuum states:
#   N_uniform             =    4362
#   continuum_rmax(a.u.)  =      21.814 (internally determined)
#   dr(a.u.)              =   5.00E-03
#   threshold to determine r_m =   1.00E-08
#   continuum_rmax is just right next to r_m in radial grid.
#
# Photoabsorption cross section (in Mb):
P.E.(eV)        Total          1s           2s           2p           3s           3p 
     0.00000  0.00000E+00  0.00000E+00  0.00000E+00  0.00000E+00  0.00000E+00  0.00000E+00
     1.00000  0.00000E+00  0.00000E+00  0.00000E+00  0.00000E+00  0.00000E+00  0.00000E+00
     2.00000  0.00000E+00  0.00000E+00  0.00000E+00  0.00000E+00  0.00000E+00  0.00000E+00
     3.00000  0.00000E+00  0.00000E+00  0.00000E+00  0.00000E+00  0.00000E+00  0.00000E+00
     4.00000  0.00000E+00  0.00000E+00  0.00000E+00  0.00000E+00  0.00000E+00  0.00000E+00
     5.00000  0.00000E+00  0.00000E+00  0.00000E+00  0.00000E+00  0.00000E+00  0.00000E+00
     6.00000  0.00000E+00  0.00000E+00  0.00000E+00  0.00000E+00  0.00000E+00  0.00000E+00
     7.00000  0.00000E+00  0.00000E+00  0.00000E+00  0.00000E+00  0.00000E+00  0.00000E+00
     8.00000  0.00000E+00  0.00000E+00  0.00000E+00  0.00000E+00  0.00000E+00  0.00000E+00
     9.00000  0.00000E+00  0.00000E+00  0.00000E+00  0.00000E+00  0.00000E+00  0.00000E+00
    10.00000  0.00000E+00  0.00000E+00  0.00000E+00  0.00000E+00  0.00000E+00  0.00000E+00
    11.00000  0.00000E+00  0.00000E+00  0.00000E+00  0.00000E+00  0.00000E+00  0.00000E+00
    12.00000  0.00000E+00  0.00000E+00  0.00000E+00  0.00000E+00  0.00000E+00  0.00000E+00
    13.00000  0.00000E+00  0.00000E+00  0.00000E+00  0.00000E+00  0.00000E+00  0.00000E+00
    14.00000  0.00000E+00  0.00000E+00  0.00000E+00  0.00000E+00  0.00000E+00  0.00000E+00
    15.00000  5.61356E+01  0.00000E+00  0.00000E+00  0.00000E+00  0.00000E+00  5.61356E+01
    16.00000  6.43107E+01  0.00000E+00  0.00000E+00  0.00000E+00  0.00000E+00  6.43107E+01
    17.00000  6.80864E+01  0.00000E+00  0.00000E+00  0.00000E+00  0.00000E+00  6.80864E+01
    18.00000  6.63794E+01  0.00000E+00  0.00000E+00  0.00000E+00  0.00000E+00  6.63794E+01
    19.00000  5.97235E+01  0.00000E+00  0.00000E+00  0.00000E+00  0.00000E+00  5.97235E+01
    20.00000  5.01809E+01  0.00000E+00  0.00000E+00  0.00000E+00  0.00000E+00  5.01809E+01
    21.00000  4.00954E+01  0.00000E+00  0.00000E+00  0.00000E+00  0.00000E+00  4.00954E+01
    22.00000  3.10315E+01  0.00000E+00  0.00000E+00  0.00000E+00  0.00000E+00  3.10315E+01
    23.00000  2.36079E+01  0.00000E+00  0.00000E+00  0.00000E+00  0.00000E+00  2.36079E+01
    24.00000  1.78346E+01  0.00000E+00  0.00000E+00  0.00000E+00  0.00000E+00  1.78346E+01
    25.00000  1.34647E+01  0.00000E+00  0.00000E+00  0.00000E+00  0.00000E+00  1.34647E+01
    26.00000  1.01980E+01  0.00000E+00  0.00000E+00  0.00000E+00  0.00000E+00  1.01980E+01
    27.00000  7.76624E+00  0.00000E+00  0.00000E+00  0.00000E+00  0.00000E+00  7.76624E+00
    28.00000  5.95564E+00  0.00000E+00  0.00000E+00  0.00000E+00  0.00000E+00  5.95564E+00
    29.00000  4.70769E+00  0.00000E+00  0.00000E+00  0.00000E+00  1.03272E-01  4.60442E+00
    30.00000  3.72165E+00  0.00000E+00  0.00000E+00  0.00000E+00  1.28606E-01  3.59305E+00
    31.00000  2.98765E+00  0.00000E+00  0.00000E+00  0.00000E+00  1.53623E-01  2.83403E+00
    32.00000  2.44129E+00  0.00000E+00  0.00000E+00  0.00000E+00  1.77883E-01  2.26341E+00
    33.00000  2.03538E+00  0.00000E+00  0.00000E+00  0.00000E+00  2.01095E-01  1.83429E+00
    34.00000  1.73517E+00  0.00000E+00  0.00000E+00  0.00000E+00  2.23076E-01  1.51209E+00
    35.00000  1.51490E+00  0.00000E+00  0.00000E+00  0.00000E+00  2.43724E-01  1.27118E+00
    36.00000  1.35536E+00  0.00000E+00  0.00000E+00  0.00000E+00  2.62992E-01  1.09237E+00
    37.00000  1.24210E+00  0.00000E+00  0.00000E+00  0.00000E+00  2.80871E-01  9.61230E-01
    38.00000  1.16420E+00  0.00000E+00  0.00000E+00  0.00000E+00  2.97380E-01  8.66817E-01
    39.00000  1.11333E+00  0.00000E+00  0.00000E+00  0.00000E+00  3.12557E-01  8.00775E-01
    40.00000  1.08313E+00  0.00000E+00  0.00000E+00  0.00000E+00  3.26450E-01  7.56681E-01
    41.00000  1.06868E+00  0.00000E+00  0.00000E+00  0.00000E+00  3.39115E-01  7.29567E-01
    42.00000  1.06618E+00  0.00000E+00  0.00000E+00  0.00000E+00  3.50613E-01  7.15571E-01
    43.00000  1.07268E+00  0.00000E+00  0.00000E+00  0.00000E+00  3.61005E-01  7.11674E-01
    44.00000  1.08586E+00  0.00000E+00  0.00000E+00  0.00000E+00  3.70354E-01  7.15501E-01
    45.00000  1.10390E+00  0.00000E+00  0.00000E+00  0.00000E+00  3.78720E-01  7.25183E-01
    46.00000  1.12540E+00  0.00000E+00  0.00000E+00  0.00000E+00  3.86164E-01  7.39237E-01
    47.00000  1.14923E+00  0.00000E+00  0.00000E+00  0.00000E+00  3.92743E-01  7.56486E-01
    48.00000  1.17451E+00  0.00000E+00  0.00000E+00  0.00000E+00  3.98511E-01  7.75994E-01
    49.00000  1.20054E+00  0.00000E+00  0.00000E+00  0.00000E+00  4.03522E-01  7.97014E-01
    50.00000  1.22678E+00  0.00000E+00  0.00000E+00  0.00000E+00  4.07825E-01  8.18950E-01
    51.00000  1.25280E+00  0.00000E+00  0.00000E+00  0.00000E+00  4.11468E-01  8.41327E-01
    52.00000  1.27826E+00  0.00000E+00  0.00000E+00  0.00000E+00  4.14495E-01  8.63767E-01
    53.00000  1.30292E+00  0.00000E+00  0.00000E+00  0.00000E+00  4.16948E-01  8.85967E-01
    54.00000  1.32656E+00  0.00000E+00  0.00000E+00  0.00000E+00  4.18868E-01  9.07692E-01
    55.00000  1.34905E+00  0.00000E+00  0.00000E+00  0.00000E+00  4.20291E-01  9.28755E-01
    56.00000  1.37026E+00  0.00000E+00  0.00000E+00  0.00000E+00  4.21254E-01  9.49011E-01
    57.00000  1.39014E+00  0.00000E+00  0.00000E+00  0.00000E+00  4.21790E-01  9.68350E-01
    58.00000  1.40862E+00  0.00000E+00  0.00000E+00  0.00000E+00  4.21929E-01  9.86690E-01
    59.00000  1.42567E+00  0.00000E+00  0.00000E+00  0.00000E+00  4.21703E-01  1.00397E+00
    60.00000  1.44129E+00  0.00000E+00  0.00000E+00  0.00000E+00  4.21137E-01  1.02016E+00
    61.00000  1.45548E+00  0.00000E+00  0.00000E+00  0.00000E+00  4.20259E-01  1.03522E+00
    62.00000  1.46824E+00  0.00000E+00  0.00000E+00  0.00000E+00  4.19094E-01  1.04914E+00
    63.00000  1.47960E+00  0.00000E+00  0.00000E+00  0.00000E+00  4.17663E-01  1.06193E+00
    64.00000  1.48959E+00  0.00000E+00  0.00000E+00  0.00000E+00  4.15990E-01  1.07360E+00
    65.00000  1.49824E+00  0.00000E+00  0.00000E+00  0.00000E+00  4.14094E-01  1.08415E+00
    66.00000  1.50561E+00  0.00000E+00  0.00000E+00  0.00000E+00  4.11995E-01  1.09361E+00
    67.00000  1.51172E+00  0.00000E+00  0.00000E+00  0.00000E+00  4.09711E-01  1.10201E+00
    68.00000  1.51663E+00  0.00000E+00  0.00000E+00  0.00000E+00  4.07258E-01  1.10937E+00
    69.00000  1.52038E+00  0.00000E+00  0.00000E+00  0.00000E+00  4.04653E-01  1.11573E+00
    70.00000  1.52303E+00  0.00000E+00  0.00000E+00  0.00000E+00  4.01910E-01  1.12112E+00
    71.00000  1.52462E+00  0.00000E+00  0.00000E+00  0.00000E+00  3.99043E-01  1.12558E+00
    72.00000  1.52521E+00  0.00000E+00  0.00000E+00  0.00000E+00  3.96066E-01  1.12914E+00
    73.00000  1.52484E+00  0.00000E+00  0.00000E+00  0.00000E+00  3.92990E-01  1.13185E+00
    74.00000  1.52358E+00  0.00000E+00  0.00000E+00  0.00000E+00  3.89827E-01  1.13375E+00
    75.00000  1.52146E+00  0.00000E+00  0.00000E+00  0.00000E+00  3.86587E-01  1.13488E+00
    76.00000  1.51854E+00  0.00000E+00  0.00000E+00  0.00000E+00  3.83281E-01  1.13526E+00
    77.00000  1.51487E+00  0.00000E+00  0.00000E+00  0.00000E+00  3.79917E-01  1.13495E+00
    78.00000  1.51049E+00  0.00000E+00  0.00000E+00  0.00000E+00  3.76505E-01  1.13399E+00
    79.00000  1.50545E+00  0.00000E+00  0.00000E+00  0.00000E+00  3.73052E-01  1.13240E+00
    80.00000  1.49980E+00  0.00000E+00  0.00000E+00  0.00000E+00  3.69566E-01  1.13023E+00
    81.00000  1.49357E+00  0.00000E+00  0.00000E+00  0.00000E+00  3.66053E-01  1.12751E+00
    82.00000  1.48680E+00  0.00000E+00  0.00000E+00  0.00000E+00  3.62519E-01  1.12428E+00
    83.00000  1.47955E+00  0.00000E+00  0.00000E+00  0.00000E+00  3.58972E-01  1.12058E+00
    84.00000  1.47184E+00  0.00000E+00  0.00000E+00  0.00000E+00  3.55416E-01  1.11642E+00
    85.00000  1.46371E+00  0.00000E+00  0.00000E+00  0.00000E+00  3.51855E-01  1.11186E+00
    86.00000  1.45520E+00  0.00000E+00  0.00000E+00  0.00000E+00  3.48296E-01  1.10691E+00
    87.00000  1.44634E+00  0.00000E+00  0.00000E+00  0.00000E+00  3.44741E-01  1.10160E+00
    88.00000  1.43716E+00  0.00000E+00  0.00000E+00  0.00000E+00  3.41195E-01  1.09597E+00
    89.00000  1.42770E+00  0.00000E+00  0.00000E+00  0.00000E+00  3.37662E-01  1.09003E+00
    90.00000  1.41797E+00  0.00000E+00  0.00000E+00  0.00000E+00  3.34144E-01  1.08382E+00
    91.00000  1.40801E+00  0.00000E+00  0.00000E+00  0.00000E+00  3.30645E-01  1.07736E+00
    92.00000  1.39784E+00  0.00000E+00  0.00000E+00  0.00000E+00  3.27166E-01  1.07067E+00
    93.00000  1.38749E+00  0.00000E+00  0.00000E+00  0.00000E+00  3.23711E-01  1.06377E+00
    94.00000  1.37697E+00  0.00000E+00  0.00000E+00  0.00000E+00  3.20282E-01  1.05669E+00
    95.00000  1.36631E+00  0.00000E+00  0.00000E+00  0.00000E+00  3.16881E-01  1.04943E+00
    96.00000  1.35554E+00  0.00000E+00  0.00000E+00  0.00000E+00  3.13508E-01  1.04203E+00
    97.00000  1.34466E+00  0.00000E+00  0.00000E+00  0.00000E+00  3.10167E-01  1.03449E+00
    98.00000  1.33369E+00  0.00000E+00  0.00000E+00  0.00000E+00  3.06858E-01  1.02683E+00
    99.00000  1.32266E+00  0.00000E+00  0.00000E+00  0.00000E+00  3.03582E-01  1.01908E+00
   100.00000  1.31157E+00  0.00000E+00  0.00000E+00  0.00000E+00  3.00341E-01  1.01123E+00
   101.00000  1.30044E+00  0.00000E+00  0.00000E+00  0.00000E+00  2.97135E-01  1.00330E+00
   102.00000  1.28928E+00  0.00000E+00  0.00000E+00  0.00000E+00  2.93965E-01  9.95317E-01
   103.00000  1.27811E+00  0.00000E+00  0.00000E+00  0.00000E+00  2.90832E-01  9.87277E-01
   104.00000  1.26693E+00  0.00000E+00  0.00000E+00  0.00000E+00  2.87736E-01  9.79196E-01
   105.00000  1.25576E+00  0.00000E+00  0.00000E+00  0.00000E+00  2.84678E-01  9.71082E-01
   106.00000  1.24460E+00  0.00000E+00  0.00000E+00  0.00000E+00  2.81658E-01  9.62945E-01
   107.00000  1.23347E+00  0.00000E+00  0.00000E+00  0.00000E+00  2.78676E-01  9.54794E-01
   108.00000  1.22237E+00  0.00000E+00  0.00000E+00  0.00000E+00  2.75732E-01  9.46636E-01
   109.00000  1.21130E+00  0.00000E+00  0.00000E+00  0.00000E+00  2.72826E-01  9.38478E-01
   110.00000  1.20029E+00  0.00000E+00  0.00000E+00  0.00000E+00  2.69960E-01  9.30326E-01
   111.00000  1.18932E+00  0.00000E+00  0.00000E+00  0.00000E+00  2.67131E-01  9.22188E-01
   112.00000  1.17841E+00  0.00000E+00  0.00000E+00  0.00000E+00  2.64340E-01  9.14068E-01
   113.00000  1.16756E+00  0.00000E+00  0.00000E+00  0.00000E+00  2.61588E-01  9.05972E-01
   114.00000  1.15678E+00  0.00000E+00  0.00000E+00  0.00000E+00  2.58874E-01  8.97904E-01
   115.00000  1.14606E+00  0.00000E+00  0.00000E+00  0.00000E+00  2.56197E-01  8.89868E-01
   116.00000  1.13543E+00  0.00000E+00  0.00000E+00  0.00000E+00  2.53557E-01  8.81868E-01
   117.00000  1.12486E+00  0.00000E+00  0.00000E+00  0.00000E+00  2.50954E-01  8.73908E-01
   118.00000  1.11438E+00  0.00000E+00  0.00000E+00  0.00000E+00  2.48388E-01  8.65991E-01
   119.00000  1.10398E+00  0.00000E+00  0.00000E+00  0.00000E+00  2.45859E-01  8.58120E-01
   120.00000  1.09366E+00  0.00000E+00  0.00000E+00  0.00000E+00  2.43365E-01  8.50297E-01
   121.00000  1.08343E+00  0.00000E+00  0.00000E+00  0.00000E+00  2.40906E-01  8.42524E-01
   122.00000  1.07329E+00  0.00000E+00  0.00000E+00  0.00000E+00  2.38483E-01  8.34803E-01
   123.00000  1.06323E+00  0.00000E+00  0.00000E+00  0.00000E+00  2.36094E-01  8.27137E-01
   124.00000  1.05327E+00  0.00000E+00  0.00000E+00  0.00000E+00  2.33739E-01  8.19527E-01
   125.00000  1.04339E+00  0.00000E+00  0.00000E+00  0.00000E+00  2.31417E-01  8.11974E-01
   126.00000  1.03361E+00  0.00000E+00  0.00000E+00  0.00000E+00  2.29129E-01  8.04479E-01
   127.00000  1.02392E+00  0.00000E+00  0.00000E+00  0.00000E+00  2.26873E-01  7.97044E-01
   128.00000  1.01432E+00  0.00000E+00  0.00000E+00  0.00000E+00  2.24649E-01  7.89669E-01
   129.00000  1.00481E+00  0.00000E+00  0.00000E+00  0.00000E+00  2.22457E-01  7.82355E-01
   130.00000  9.95397E-01  0.00000E+00  0.00000E+00  0.00000E+00  2.20295E-01  7.75102E-01
   131.00000  9.86076E-01  0.00000E+00  0.00000E+00  0.00000E+00  2.18165E-01  7.67911E-01
   132.00000  9.76847E-01  0.00000E+00  0.00000E+00  0.00000E+00  2.16064E-01  7.60783E-01
   133.00000  9.67710E-01  0.00000E+00  0.00000E+00  0.00000E+00  2.13992E-01  7.53718E-01
   134.00000  9.58666E-01  0.00000E+00  0.00000E+00  0.00000E+00  2.11950E-01  7.46716E-01
   135.00000  9.49712E-01  0.00000E+00  0.00000E+00  0.00000E+00  2.09936E-01  7.39776E-01
   136.00000  9.40850E-01  0.00000E+00  0.00000E+00  0.00000E+00  2.07950E-01  7.32900E-01
   137.00000  9.32078E-01  0.00000E+00  0.00000E+00  0.00000E+00  2.05992E-01  7.26087E-01
   138.00000  9.23397E-01  0.00000E+00  0.00000E+00  0.00000E+00  2.04060E-01  7.19336E-01
   139.00000  9.14804E-01  0.00000E+00  0.00000E+00  0.00000E+00  2.02155E-01  7.12649E-01
   140.00000  9.06300E-01  0.00000E+00  0.00000E+00  0.00000E+00  2.00276E-01  7.06024E-01
   141.00000  8.97884E-01  0.00000E+00  0.00000E+00  0.00000E+00  1.98423E-01  6.99461E-01
   142.00000  8.89555E-01  0.00000E+00  0.00000E+00  0.00000E+00  1.96594E-01  6.92961E-01
   143.00000  8.81312E-01  0.00000E+00  0.00000E+00  0.00000E+00  1.94790E-01  6.86522E-01
   144.00000  8.73155E-01  0.00000E+00  0.00000E+00  0.00000E+00  1.93011E-01  6.80145E-01
   145.00000  8.65083E-01  0.00000E+00  0.00000E+00  0.00000E+00  1.91255E-01  6.73829E-01
   146.00000  8.57095E-01  0.00000E+00  0.00000E+00  0.00000E+00  1.89522E-01  6.67573E-01
   147.00000  8.49190E-01  0.00000E+00  0.00000E+00  0.00000E+00  1.87812E-01  6.61378E-01
   148.00000  8.41367E-01  0.00000E+00  0.00000E+00  0.00000E+00  1.86124E-01  6.55243E-01
   149.00000  8.33625E-01  0.00000E+00  0.00000E+00  0.00000E+00  1.84458E-01  6.49167E-01
   150.00000  8.25965E-01  0.00000E+00  0.00000E+00  0.00000E+00  1.82814E-01  6.43151E-01
   151.00000  8.18383E-01  0.00000E+00  0.00000E+00  0.00000E+00  1.81191E-01  6.37193E-01
   152.00000  8.10881E-01  0.00000E+00  0.00000E+00  0.00000E+00  1.79588E-01  6.31293E-01
   153.00000  8.03457E-01  0.00000E+00  0.00000E+00  0.00000E+00  1.78006E-01  6.25451E-01
   154.00000  7.96110E-01  0.00000E+00  0.00000E+00  0.00000E+00  1.76444E-01  6.19666E-01
   155.00000  7.88840E-01  0.00000E+00  0.00000E+00  0.00000E+00  1.74902E-01  6.13938E-01
   156.00000  7.81645E-01  0.00000E+00  0.00000E+00  0.00000E+00  1.73379E-01  6.08266E-01
   157.00000  7.74525E-01  0.00000E+00  0.00000E+00  0.00000E+00  1.71875E-01  6.02650E-01
   158.00000  7.67479E-01  0.00000E+00  0.00000E+00  0.00000E+00  1.70389E-01  5.97090E-01
   159.00000  7.60506E-01  0.00000E+00  0.00000E+00  0.00000E+00  1.68922E-01  5.91584E-01
   160.00000  7.53606E-01  0.00000E+00  0.00000E+00  0.00000E+00  1.67472E-01  5.86133E-01
   161.00000  7.46777E-01  0.00000E+00  0.00000E+00  0.00000E+00  1.66041E-01  5.80736E-01
   162.00000  7.40019E-01  0.00000E+00  0.00000E+00  0.00000E+00  1.64626E-01  5.75393E-01
   163.00000  7.33332E-01  0.00000E+00  0.00000E+00  0.00000E+00  1.63228E-01  5.70103E-01
   164.00000  7.26714E-01  0.00000E+00  0.00000E+00  0.00000E+00  1.61848E-01  5.64866E-01
   165.00000  7.20164E-01  0.00000E+00  0.00000E+00  0.00000E+00  1.60483E-01  5.59681E-01
   166.00000  7.13683E-01  0.00000E+00  0.00000E+00  0.00000E+00  1.59135E-01  5.54548E-01
   167.00000  7.07269E-01  0.00000E+00  0.00000E+00  0.00000E+00  1.57802E-01  5.49466E-01
   168.00000  7.00921E-01  0.00000E+00  0.00000E+00  0.00000E+00  1.56486E-01  5.44436E-01
   169.00000  6.94640E-01  0.00000E+00  0.00000E+00  0.00000E+00  1.55184E-01  5.39455E-01
   170.00000  6.88423E-01  0.00000E+00  0.00000E+00  0.00000E+00  1.53898E-01  5.34526E-01
   171.00000  6.82272E-01  0.00000E+00  0.00000E+00  0.00000E+00  1.52626E-01  5.29646E-01
   172.00000  6.76184E-01  0.00000E+00  0.00000E+00  0.00000E+00  1.51369E-01  5.24815E-01
   173.00000  6.70160E-01  0.00000E+00  0.00000E+00  0.00000E+00  1.50126E-01  5.20033E-01
   174.00000  6.64198E-01  0.00000E+00  0.00000E+00  0.00000E+00  1.48898E-01  5.15300E-01
   175.00000  6.58298E-01  0.00000E+00  0.00000E+00  0.00000E+00  1.47683E-01  5.10615E-01
   176.00000  6.52460E-01  0.00000E+00  0.00000E+00  0.00000E+00  1.46482E-01  5.05978E-01
   177.00000  6.46683E-01  0.00000E+00  0.00000E+00  0.00000E+00  1.45295E-01  5.01388E-01
   178.00000  6.40966E-01  0.00000E+00  0.00000E+00  0.00000E+00  1.44121E-01  4.96845E-01
   179.00000  6.35309E-01  0.00000E+00  0.00000E+00  0.00000E+00  1.42960E-01  4.92349E-01
   180.00000  6.29711E-01  0.00000E+00  0.00000E+00  0.00000E+00  1.41812E-01  4.87899E-01
   181.00000  6.24172E-01  0.00000E+00  0.00000E+00  0.00000E+00  1.40677E-01  4.83495E-01
   182.00000  6.18690E-01  0.00000E+00  0.00000E+00  0.00000E+00  1.39554E-01  4.79137E-01
   183.00000  6.13267E-01  0.00000E+00  0.00000E+00  0.00000E+00  1.38443E-01  4.74823E-01
   184.00000  6.07900E-01  0.00000E+00  0.00000E+00  0.00000E+00  1.37345E-01  4.70555E-01
   185.00000  6.02589E-01  0.00000E+00  0.00000E+00  0.00000E+00  1.36259E-01  4.66331E-01
   186.00000  5.97334E-01  0.00000E+00  0.00000E+00  0.00000E+00  1.35184E-01  4.62150E-01
   187.00000  5.92135E-01  0.00000E+00  0.00000E+00  0.00000E+00  1.34121E-01  4.58014E-01
   188.00000  5.86991E-01  0.00000E+00  0.00000E+00  0.00000E+00  1.33070E-01  4.53921E-01
   189.00000  5.81901E-01  0.00000E+00  0.00000E+00  0.00000E+00  1.32030E-01  4.49871E-01
   190.00000  5.76864E-01  0.00000E+00  0.00000E+00  0.00000E+00  1.31001E-01  4.45863E-01
   191.00000  5.71881E-01  0.00000E+00  0.00000E+00  0.00000E+00  1.29984E-01  4.41898E-01
   192.00000  5.66951E-01  0.00000E+00  0.00000E+00  0.00000E+00  1.28977E-01  4.37974E-01
   193.00000  5.62073E-01  0.00000E+00  0.00000E+00  0.00000E+00  1.27981E-01  4.34092E-01
   194.00000  5.57247E-01  0.00000E+00  0.00000E+00  0.00000E+00  1.26995E-01  4.30252E-01
   195.00000  5.52472E-01  0.00000E+00  0.00000E+00  0.00000E+00  1.26021E-01  4.26452E-01
   196.00000  5.47748E-01  0.00000E+00  0.00000E+00  0.00000E+00  1.25056E-01  4.22692E-01
   197.00000  5.43075E-01  0.00000E+00  0.00000E+00  0.00000E+00  1.24102E-01  4.18973E-01
   198.00000  5.38451E-01  0.00000E+00  0.00000E+00  0.00000E+00  1.23158E-01  4.15293E-01
   199.00000  5.33877E-01  0.00000E+00  0.00000E+00  0.00000E+00  1.22223E-01  4.11653E-01
   200.00000  5.29351E-01  0.00000E+00  0.00000E+00  0.00000E+00  1.21299E-01  4.08052E-01
   201.00000  5.24874E-01  0.00000E+00  0.00000E+00  0.00000E+00  1.20384E-01  4.04490E-01
   202.00000  5.20445E-01  0.00000E+00  0.00000E+00  0.00000E+00  1.19479E-01  4.00965E-01
   203.00000  5.16063E-01  0.00000E+00  0.00000E+00  0.00000E+00  1.18584E-01  3.97479E-01
   204.00000  5.11728E-01  0.00000E+00  0.00000E+00  0.00000E+00  1.17698E-01  3.94031E-01
   205.00000  5.07440E-01  0.00000E+00  0.00000E+00  0.00000E+00  1.16821E-01  3.90619E-01
   206.00000  5.03198E-01  0.00000E+00  0.00000E+00  0.00000E+00  1.15953E-01  3.87245E-01
   207.00000  4.99002E-01  0.00000E+00  0.00000E+00  0.00000E+00  1.15095E-01  3.83907E-01
   208.00000  4.94850E-01  0.00000E+00  0.00000E+00  0.00000E+00  1.14245E-01  3.80605E-01
   209.00000  4.90744E-01  0.00000E+00  0.00000E+00  0.00000E+00  1.13405E-01  3.77339E-01
   210.00000  4.86681E-01  0.00000E+00  0.00000E+00  0.00000E+00  1.12573E-01  3.74109E-01
   211.00000  4.82662E-01  0.00000E+00  0.00000E+00  0.00000E+00  1.11749E-01  3.70913E-01
   212.00000  4.78687E-01  0.00000E+00  0.00000E+00  0.00000E+00  1.10934E-01  3.67753E-01
   213.00000  4.74755E-01  0.00000E+00  0.00000E+00  0.00000E+00  1.10128E-01  3.64627E-01
   214.00000  4.70864E-01  0.00000E+00  0.00000E+00  0.00000E+00  1.09330E-01  3.61534E-01
   215.00000  4.67016E-01  0.00000E+00  0.00000E+00  0.00000E+00  1.08540E-01  3.58476E-01
   216.00000  4.63210E-01  0.00000E+00  0.00000E+00  0.00000E+00  1.07759E-01  3.55451E-01
   217.00000  4.59444E-01  0.00000E+00  0.00000E+00  0.00000E+00  1.06985E-01  3.52459E-01
   218.00000  4.55719E-01  0.00000E+00  0.00000E+00  0.00000E+00  1.06220E-01  3.49499E-01
   219.00000  4.52034E-01  0.00000E+00  0.00000E+00  0.00000E+00  1.05462E-01  3.46572E-01
   220.00000  4.48389E-01  0.00000E+00  0.00000E+00  0.00000E+00  1.04712E-01  3.43677E-01
   221.00000  4.44783E-01  0.00000E+00  0.00000E+00  0.00000E+00  1.03970E-01  3.40814E-01
   222.00000  4.41216E-01  0.00000E+00  0.00000E+00  0.00000E+00  1.03235E-01  3.37981E-01
   223.00000  4.37688E-01  0.00000E+00  0.00000E+00  0.00000E+00  1.02508E-01  3.35180E-01
   224.00000  4.34198E-01  0.00000E+00  0.00000E+00  0.00000E+00  1.01789E-01  3.32409E-01
   225.00000  4.30745E-01  0.00000E+00  0.00000E+00  0.00000E+00  1.01077E-01  3.29668E-01
   226.00000  4.27329E-01  0.00000E+00  0.00000E+00  0.00000E+00  1.00372E-01  3.26957E-01
   227.00000  4.23950E-01  0.00000E+00  0.00000E+00  0.00000E+00  9.96739E-02  3.24276E-01
   228.00000  4.20607E-01  0.00000E+00  0.00000E+00  0.00000E+00  9.89833E-02  3.21624E-01
   229.00000  4.17300E-01  0.00000E+00  0.00000E+00  0.00000E+00  9.82998E-02  3.19000E-01
   230.00000  4.14029E-01  0.00000E+00  0.00000E+00  0.00000E+00  9.76232E-02  3.16406E-01
   231.00000  4.10792E-01  0.00000E+00  0.00000E+00  0.00000E+00  9.69534E-02  3.13839E-01
   232.00000  4.07590E-01  0.00000E+00  0.00000E+00  0.00000E+00  9.62905E-02  3.11300E-01
   233.00000  4.04423E-01  0.00000E+00  0.00000E+00  0.00000E+00  9.56343E-02  3.08788E-01
   234.00000  4.01289E-01  0.00000E+00  0.00000E+00  0.00000E+00  9.49847E-02  3.06304E-01
   235.00000  3.98188E-01  0.00000E+00  0.00000E+00  0.00000E+00  9.43417E-02  3.03847E-01
   236.00000  3.95121E-01  0.00000E+00  0.00000E+00  0.00000E+00  9.37052E-02  3.01416E-01
   237.00000  3.92086E-01  0.00000E+00  0.00000E+00  0.00000E+00  9.30751E-02  2.99011E-01
   238.00000  3.89083E-01  0.00000E+00  0.00000E+00  0.00000E+00  9.24514E-02  2.96632E-01
   239.00000  3.86112E-01  0.00000E+00  0.00000E+00  0.00000E+00  9.18339E-02  2.94278E-01
   240.00000  3.83173E-01  0.00000E+00  0.00000E+00  0.00000E+00  9.12226E-02  2.91950E-01
   241.00000  3.80264E-01  0.00000E+00  0.00000E+00  0.00000E+00  9.06174E-02  2.89647E-01
   242.00000  3.77386E-01  0.00000E+00  0.00000E+00  0.00000E+00  9.00183E-02  2.87368E-01
   243.00000  3.74538E-01  0.00000E+00  0.00000E+00  0.00000E+00  8.94251E-02  2.85113E-01
   244.00000  3.71721E-01  0.00000E+00  0.00000E+00  0.00000E+00  8.88379E-02  2.82883E-01
   245.00000  3.68932E-01  0.00000E+00  0.00000E+00  0.00000E+00  8.82565E-02  2.80676E-01
   246.00000  3.66173E-01  0.00000E+00  0.00000E+00  0.00000E+00  8.76809E-02  2.78492E-01
   247.00000  3.63442E-01  0.00000E+00  0.00000E+00  0.00000E+00  8.71109E-02  2.76331E-01
   248.00000  1.81114E+00  0.00000E+00  0.00000E+00  1.45040E+00  8.65467E-02  2.74194E-01
   249.00000  2.60520E+00  0.00000E+00  0.00000E+00  2.24713E+00  8.59879E-02  2.72078E-01
   250.00000  3.55553E+00  0.00000E+00  0.00000E+00  3.20011E+00  8.54347E-02  2.69985E-01
   251.00000  4.52329E+00  0.00000E+00  0.00000E+00  4.17049E+00  8.48869E-02  2.67913E-01
   252.00000  5.32582E+00  0.00000E+00  0.00000E+00  4.97561E+00  8.43445E-02  2.65864E-01
   253.00000  5.83746E+00  0.00000E+00  0.00000E+00  5.48982E+00  8.38074E-02  2.63835E-01
   254.00000  6.04763E+00  0.00000E+00  0.00000E+00  5.70252E+00  8.32756E-02  2.61828E-01
   255.00000  6.02852E+00  0.00000E+00  0.00000E+00  5.68593E+00  8.27489E-02  2.59841E-01
   256.00000  5.87142E+00  0.00000E+00  0.00000E+00  5.53131E+00  8.22273E-02  2.57875E-01
   257.00000  5.64874E+00  0.00000E+00  0.00000E+00  5.31110E+00  8.17108E-02  2.55929E-01
   258.00000  5.40630E+00  0.00000E+00  0.00000E+00  5.07110E+00  8.11993E-02  2.54002E-01
   259.00000  5.16905E+00  0.00000E+00  0.00000E+00  4.83626E+00  8.06927E-02  2.52096E-01
   260.00000  4.94877E+00  0.00000E+00  0.00000E+00  4.61837E+00  8.01910E-02  2.50209E-01
   261.00000  4.74985E+00  0.00000E+00  0.00000E+00  4.42181E+00  7.96941E-02  2.48341E-01
   262.00000  4.57284E+00  0.00000E+00  0.00000E+00  4.24715E+00  7.92019E-02  2.46492E-01
   263.00000  4.41653E+00  0.00000E+00  0.00000E+00  4.09315E+00  7.87145E-02  2.44661E-01
   264.00000  4.27893E+00  0.00000E+00  0.00000E+00  3.95785E+00  7.82317E-02  2.42849E-01
   265.00000  4.15791E+00  0.00000E+00  0.00000E+00  3.83910E+00  7.77534E-02  2.41056E-01
   266.00000  4.05137E+00  0.00000E+00  0.00000E+00  3.73481E+00  7.72797E-02  2.39280E-01
   267.00000  3.95742E+00  0.00000E+00  0.00000E+00  3.64309E+00  7.68104E-02  2.37521E-01
   268.00000  3.87438E+00  0.00000E+00  0.00000E+00  3.56226E+00  7.63456E-02  2.35781E-01
   269.00000  3.80078E+00  0.00000E+00  0.00000E+00  3.49084E+00  7.58851E-02  2.34057E-01
   270.00000  3.73535E+00  0.00000E+00  0.00000E+00  3.42757E+00  7.54289E-02  2.32350E-01
   271.00000  3.67698E+00  0.00000E+00  0.00000E+00  3.37135E+00  7.49770E-02  2.30660E-01
   272.00000  3.62475E+00  0.00000E+00  0.00000E+00  3.32123E+00  7.45292E-02  2.28987E-01
   273.00000  3.57782E+00  0.00000E+00  0.00000E+00  3.27641E+00  7.40856E-02  2.27330E-01
   274.00000  3.53551E+00  0.00000E+00  0.00000E+00  3.23617E+00  7.36461E-02  2.25689E-01
   275.00000  3.49719E+00  0.00000E+00  0.00000E+00  3.19992E+00  7.32106E-02  2.24063E-01
   276.00000  3.46234E+00  0.00000E+00  0.00000E+00  3.16711E+00  7.27792E-02  2.22454E-01
   277.00000  3.43050E+00  0.00000E+00  0.00000E+00  3.13729E+00  7.23516E-02  2.20860E-01
   278.00000  3.40127E+00  0.00000E+00  0.00000E+00  3.11006E+00  7.19279E-02  2.19281E-01
   279.00000  3.37429E+00  0.00000E+00  0.00000E+00  3.08506E+00  7.15081E-02  2.17717E-01
   280.00000  3.34925E+00  0.00000E+00  0.00000E+00  3.06199E+00  7.10921E-02  2.16169E-01
   281.00000  3.32588E+00  0.00000E+00  0.00000E+00  3.04056E+00  7.06798E-02  2.14634E-01
   282.00000  3.30394E+00  0.00000E+00  0.00000E+00  3.02055E+00  7.02712E-02  2.13115E-01
   283.00000  3.28322E+00  0.00000E+00  0.00000E+00  3.00175E+00  6.98663E-02  2.11609E-01
   284.00000  3.26354E+00  0.00000E+00  0.00000E+00  2.98395E+00  6.94649E-02  2.10118E-01
   285.00000  3.24472E+00  0.00000E+00  0.00000E+00  2.96701E+00  6.90671E-02  2.08641E-01
   286.00000  3.22663E+00  0.00000E+00  0.00000E+00  2.95078E+00  6.86729E-02  2.07177E-01
   287.00000  3.20913E+00  0.00000E+00  0.00000E+00  2.93512E+00  6.82821E-02  2.05727E-01
   288.00000  3.19212E+00  0.00000E+00  0.00000E+00  2.91993E+00  6.78947E-02  2.04290E-01
   289.00000  3.17549E+00  0.00000E+00  0.00000E+00  2.90511E+00  6.75107E-02  2.02867E-01
   290.00000  3.15916E+00  0.00000E+00  0.00000E+00  2.89058E+00  6.71300E-02  2.01456E-01
   291.00000  3.14306E+00  0.00000E+00  0.00000E+00  2.87625E+00  6.67527E-02  2.00059E-01
   292.00000  3.12712E+00  0.00000E+00  0.00000E+00  2.86207E+00  6.63786E-02  1.98674E-01
   293.00000  3.11129E+00  0.00000E+00  0.00000E+00  2.84798E+00  6.60077E-02  1.97302E-01
   294.00000  3.09552E+00  0.00000E+00  0.00000E+00  2.83393E+00  6.56400E-02  1.95942E-01
   295.00000  3.07976E+00  0.00000E+00  0.00000E+00  2.81989E+00  6.52754E-02  1.94595E-01
   296.00000  3.06399E+00  0.00000E+00  0.00000E+00  2.80582E+00  6.49139E-02  1.93259E-01
   297.00000  3.04818E+00  0.00000E+00  0.00000E+00  2.79169E+00  6.45555E-02  1.91936E-01
   298.00000  3.03231E+00  0.00000E+00  0.00000E+00  2.77749E+00  6.42001E-02  1.90624E-01
   299.00000  3.01636E+00  0.00000E+00  0.00000E+00  2.76319E+00  6.38476E-02  1.89324E-01
   300.00000  3.00032E+00  0.00000E+00  0.00000E+00  2.74879E+00  6.34981E-02  1.88036E-01
   301.00000  2.98418E+00  0.00000E+00  0.00000E+00  2.73427E+00  6.31516E-02  1.86759E-01
   302.00000  2.96794E+00  0.00000E+00  0.00000E+00  2.71964E+00  6.28078E-02  1.85493E-01
   303.00000  2.95158E+00  0.00000E+00  0.00000E+00  2.70488E+00  6.24670E-02  1.84238E-01
   304.00000  2.93512E+00  0.00000E+00  0.00000E+00  2.69000E+00  6.21289E-02  1.82995E-01
   305.00000  2.91856E+00  0.00000E+00  0.00000E+00  2.67500E+00  6.17936E-02  1.81762E-01
   306.00000  2.90190E+00  0.00000E+00  0.00000E+00  2.65990E+00  6.14610E-02  1.80540E-01
   307.00000  2.88514E+00  0.00000E+00  0.00000E+00  2.64468E+00  6.11311E-02  1.79328E-01
   308.00000  2.86830E+00  0.00000E+00  0.00000E+00  2.62937E+00  6.08039E-02  1.78128E-01
   309.00000  2.85138E+00  0.00000E+00  0.00000E+00  2.61396E+00  6.04793E-02  1.76937E-01
   310.00000  2.83439E+00  0.00000E+00  0.00000E+00  2.59847E+00  6.01574E-02  1.75757E-01
   311.00000  2.81734E+00  0.00000E+00  0.00000E+00  2.58292E+00  5.98379E-02  1.74586E-01
   312.00000  3.07289E+00  0.00000E+00  2.72644E-01  2.56730E+00  5.95211E-02  1.73426E-01
   313.00000  3.06019E+00  0.00000E+00  2.77068E-01  2.55164E+00  5.92067E-02  1.72276E-01
   314.00000  3.04674E+00  0.00000E+00  2.80770E-01  2.53594E+00  5.88948E-02  1.71135E-01
   315.00000  3.03272E+00  0.00000E+00  2.83914E-01  2.52021E+00  5.85854E-02  1.70004E-01
   316.00000  3.01825E+00  0.00000E+00  2.86612E-01  2.50447E+00  5.82784E-02  1.68883E-01
   317.00000  3.00343E+00  0.00000E+00  2.88955E-01  2.48873E+00  5.79738E-02  1.67771E-01
   318.00000  2.98835E+00  0.00000E+00  2.91010E-01  2.47299E+00  5.76715E-02  1.66669E-01
   319.00000  2.97305E+00  0.00000E+00  2.92827E-01  2.45728E+00  5.73716E-02  1.65576E-01
   320.00000  2.95760E+00  0.00000E+00  2.94444E-01  2.44159E+00  5.70740E-02  1.64492E-01
   321.00000  2.94203E+00  0.00000E+00  2.95891E-01  2.42595E+00  5.67786E-02  1.63417E-01
   322.00000  2.92638E+00  0.00000E+00  2.97190E-01  2.41035E+00  5.64855E-02  1.62351E-01
   323.00000  2.91066E+00  0.00000E+00  2.98357E-01  2.39481E+00  5.61947E-02  1.61294E-01
   324.00000  2.89489E+00  0.00000E+00  2.99406E-01  2.37934E+00  5.59060E-02  1.60246E-01
   325.00000  2.87911E+00  0.00000E+00  3.00347E-01  2.36394E+00  5.56196E-02  1.59206E-01
   326.00000  2.86332E+00  0.00000E+00  3.01189E-01  2.34862E+00  5.53353E-02  1.58175E-01
   327.00000  2.84754E+00  0.00000E+00  3.01936E-01  2.33339E+00  5.50531E-02  1.57152E-01
   328.00000  2.83177E+00  0.00000E+00  3.02596E-01  2.31826E+00  5.47730E-02  1.56138E-01
   329.00000  2.81603E+00  0.00000E+00  3.03172E-01  2.30323E+00  5.44950E-02  1.55133E-01
   330.00000  2.80033E+00  0.00000E+00  3.03667E-01  2.28831E+00  5.42191E-02  1.54135E-01
   331.00000  2.78467E+00  0.00000E+00  3.04084E-01  2.27349E+00  5.39451E-02  1.53146E-01
   332.00000  2.76906E+00  0.00000E+00  3.04427E-01  2.25880E+00  5.36733E-02  1.52165E-01
   333.00000  2.75351E+00  0.00000E+00  3.04697E-01  2.24422E+00  5.34034E-02  1.51191E-01
   334.00000  2.73802E+00  0.00000E+00  3.04897E-01  2.22976E+00  5.31354E-02  1.50226E-01
   335.00000  2.72260E+00  0.00000E+00  3.05029E-01  2.21543E+00  5.28694E-02  1.49269E-01
   336.00000  2.70725E+00  0.00000E+00  3.05095E-01  2.20123E+00  5.26054E-02  1.48319E-01
   337.00000  2.69197E+00  0.00000E+00  3.05096E-01  2.18716E+00  5.23432E-02  1.47377E-01
   338.00000  2.67678E+00  0.00000E+00  3.05035E-01  2.17322E+00  5.20830E-02  1.46443E-01
   339.00000  2.66166E+00  0.00000E+00  3.04913E-01  2.15941E+00  5.18246E-02  1.45516E-01
   340.00000  2.64663E+00  0.00000E+00  3.04733E-01  2.14573E+00  5.15680E-02  1.44597E-01
   341.00000  2.63169E+00  0.00000E+00  3.04497E-01  2.13219E+00  5.13133E-02  1.43685E-01
   342.00000  2.61683E+00  0.00000E+00  3.04206E-01  2.11879E+00  5.10604E-02  1.42780E-01
   343.00000  2.60207E+00  0.00000E+00  3.03862E-01  2.10552E+00  5.08093E-02  1.41883E-01
   344.00000  2.58740E+00  0.00000E+00  3.03469E-01  2.09238E+00  5.05600E-02  1.40993E-01
   345.00000  2.57283E+00  0.00000E+00  3.03027E-01  2.07938E+00  5.03124E-02  1.40110E-01
   346.00000  2.55835E+00  0.00000E+00  3.02539E-01  2.06651E+00  5.00665E-02  1.39234E-01
   347.00000  2.54396E+00  0.00000E+00  3.02007E-01  2.05377E+00  4.98224E-02  1.38365E-01
   348.00000  2.52968E+00  0.00000E+00  3.01433E-01  2.04116E+00  4.95800E-02  1.37502E-01
   349.00000  2.51549E+00  0.00000E+00  3.00820E-01  2.02868E+00  4.93392E-02  1.36647E-01
   350.00000  2.50140E+00  0.00000E+00  3.00169E-01  2.01633E+00  4.91001E-02  1.35799E-01
   351.00000  2.48741E+00  0.00000E+00  2.99483E-01  2.00410E+00  4.88627E-02  1.34957E-01
   352.00000  2.47352E+00  0.00000E+00  2.98763E-01  1.99200E+00  4.86269E-02  1.34122E-01
   353.00000  2.45972E+00  0.00000E+00  2.98012E-01  1.98002E+00  4.83927E-02  1.33294E-01
   354.00000  2.44603E+00  0.00000E+00  2.97232E-01  1.96817E+00  4.81602E-02  1.32472E-01
   355.00000  2.43244E+00  0.00000E+00  2.96425E-01  1.95643E+00  4.79292E-02  1.31656E-01
   356.00000  2.41894E+00  0.00000E+00  2.95593E-01  1.94480E+00  4.76998E-02  1.30847E-01
   357.00000  2.40554E+00  0.00000E+00  2.94737E-01  1.93329E+00  4.74720E-02  1.30045E-01
   358.00000  2.39224E+00  0.00000E+00  2.93860E-01  1.92189E+00  4.72457E-02  1.29249E-01
   359.00000  2.37904E+00  0.00000E+00  2.92964E-01  1.91060E+00  4.70209E-02  1.28459E-01
   360.00000  2.36594E+00  0.00000E+00  2.92049E-01  1.89942E+00  4.67977E-02  1.27675E-01
   361.00000  2.35293E+00  0.00000E+00  2.91119E-01  1.88834E+00  4.65760E-02  1.26897E-01
   362.00000  2.34002E+00  0.00000E+00  2.90174E-01  1.87736E+00  4.63557E-02  1.26125E-01
   363.00000  2.32720E+00  0.00000E+00  2.89216E-01  1.86648E+00  4.61369E-02  1.25360E-01
   364.00000  2.31447E+00  0.00000E+00  2.88247E-01  1.85570E+00  4.59196E-02  1.24600E-01
   365.00000  2.30184E+00  0.00000E+00  2.87268E-01  1.84502E+00  4.57038E-02  1.23847E-01
   366.00000  2.28930E+00  0.00000E+00  2.86281E-01  1.83443E+00  4.54894E-02  1.23099E-01
   367.00000  2.27684E+00  0.00000E+00  2.85286E-01  1.82392E+00  4.52764E-02  1.22357E-01
   368.00000  2.26448E+00  0.00000E+00  2.84286E-01  1.81351E+00  4.50648E-02  1.21621E-01
   369.00000  2.25221E+00  0.00000E+00  2.83280E-01  1.80318E+00  4.48546E-02  1.20891E-01
   370.00000  2.24002E+00  0.00000E+00  2.82272E-01  1.79294E+00  4.46458E-02  1.20166E-01
   371.00000  2.22792E+00  0.00000E+00  2.81260E-01  1.78278E+00  4.44384E-02  1.19447E-01
   372.00000  2.21591E+00  0.00000E+00  2.80248E-01  1.77270E+00  4.42323E-02  1.18733E-01
   373.00000  2.20398E+00  0.00000E+00  2.79234E-01  1.76269E+00  4.40276E-02  1.18025E-01
   374.00000  2.19213E+00  0.00000E+00  2.78221E-01  1.75276E+00  4.38243E-02  1.17323E-01
   375.00000  2.18036E+00  0.00000E+00  2.77210E-01  1.74291E+00  4.36222E-02  1.16625E-01
   376.00000  2.16868E+00  0.00000E+00  2.76200E-01  1.73312E+00  4.34215E-02  1.15934E-01
   377.00000  2.15707E+00  0.00000E+00  2.75193E-01  1.72341E+00  4.32221E-02  1.15247E-01
   378.00000  2.14554E+00  0.00000E+00  2.74189E-01  1.71376E+00  4.30240E-02  1.14566E-01
   379.00000  2.13409E+00  0.00000E+00  2.73189E-01  1.70418E+00  4.28272E-02  1.13890E-01
   380.00000  2.12271E+00  0.00000E+00  2.72193E-01  1.69467E+00  4.26317E-02  1.13220E-01
   381.00000  2.11141E+00  0.00000E+00  2.71203E-01  1.68521E+00  4.24374E-02  1.12554E-01
   382.00000  2.10018E+00  0.00000E+00  2.70218E-01  1.67583E+00  4.22444E-02  1.11894E-01
   383.00000  2.08902E+00  0.00000E+00  2.69238E-01  1.66650E+00  4.20526E-02  1.11238E-01
   384.00000  2.07794E+00  0.00000E+00  2.68266E-01  1.65723E+00  4.18621E-02  1.10588E-01
   385.00000  2.06693E+00  0.00000E+00  2.67299E-01  1.64801E+00  4.16728E-02  1.09942E-01
   386.00000  2.05598E+00  0.00000E+00  2.66340E-01  1.63886E+00  4.14847E-02  1.09302E-01
   387.00000  2.04511E+00  0.00000E+00  2.65387E-01  1.62976E+00  4.12978E-02  1.08666E-01
   388.00000  2.03430E+00  0.00000E+00  2.64443E-01  1.62071E+00  4.11121E-02  1.08035E-01
   389.00000  2.02356E+00  0.00000E+00  2.63505E-01  1.61172E+00  4.09276E-02  1.07409E-01
   390.00000  2.01288E+00  0.00000E+00  2.62576E-01  1.60278E+00  4.07443E-02  1.06788E-01
   391.00000  2.00227E+00  0.00000E+00  2.61654E-01  1.59389E+00  4.05621E-02  1.06172E-01
   392.00000  1.99173E+00  0.00000E+00  2.60741E-01  1.58505E+00  4.03811E-02  1.05560E-01
   393.00000  1.98125E+00  0.00000E+00  2.59835E-01  1.57626E+00  4.02013E-02  1.04953E-01
   394.00000  1.97083E+00  0.00000E+00  2.58938E-01  1.56752E+00  4.00226E-02  1.04350E-01
   395.00000  1.96047E+00  0.00000E+00  2.58049E-01  1.55882E+00  3.98450E-02  1.03752E-01
   396.00000  1.95017E+00  0.00000E+00  2.57168E-01  1.55018E+00  3.96686E-02  1.03159E-01
   397.00000  1.93994E+00  0.00000E+00  2.56296E-01  1.54158E+00  3.94932E-02  1.02569E-01
   398.00000  1.92976E+00  0.00000E+00  2.55431E-01  1.53303E+00  3.93190E-02  1.01985E-01
   399.00000  1.91965E+00  0.00000E+00  2.54575E-01  1.52452E+00  3.91459E-02  1.01405E-01
   400.00000  1.90959E+00  0.00000E+00  2.53727E-01  1.51606E+00  3.89739E-02  1.00829E-01
   401.00000  1.89959E+00  0.00000E+00  2.52887E-01  1.50765E+00  3.88029E-02  1.00257E-01
   402.00000  1.88965E+00  0.00000E+00  2.52055E-01  1.49928E+00  3.86331E-02  9.96898E-02
   403.00000  1.87977E+00  0.00000E+00  2.51231E-01  1.49095E+00  3.84643E-02  9.91267E-02
   404.00000  1.86994E+00  0.00000E+00  2.50414E-01  1.48267E+00  3.82965E-02  9.85679E-02
   405.00000  1.86018E+00  0.00000E+00  2.49606E-01  1.47443E+00  3.81298E-02  9.80132E-02
   406.00000  1.85046E+00  0.00000E+00  2.48805E-01  1.46623E+00  3.79642E-02  9.74626E-02
   407.00000  1.84081E+00  0.00000E+00  2.48011E-01  1.45808E+00  3.77996E-02  9.69162E-02
   408.00000  1.83120E+00  0.00000E+00  2.47225E-01  1.44997E+00  3.76360E-02  9.63738E-02
   409.00000  1.82166E+00  0.00000E+00  2.46445E-01  1.44190E+00  3.74734E-02  9.58354E-02
   410.00000  1.81217E+00  0.00000E+00  2.45673E-01  1.43388E+00  3.73119E-02  9.53011E-02
   411.00000  1.80273E+00  0.00000E+00  2.44908E-01  1.42590E+00  3.71514E-02  9.47706E-02
   412.00000  1.79335E+00  0.00000E+00  2.44149E-01  1.41796E+00  3.69918E-02  9.42441E-02
   413.00000  1.78402E+00  0.00000E+00  2.43397E-01  1.41007E+00  3.68332E-02  9.37215E-02
   414.00000  1.77474E+00  0.00000E+00  2.42651E-01  1.40221E+00  3.66757E-02  9.32027E-02
   415.00000  1.76552E+00  0.00000E+00  2.41911E-01  1.39440E+00  3.65191E-02  9.26878E-02
   416.00000  1.75635E+00  0.00000E+00  2.41177E-01  1.38663E+00  3.63635E-02  9.21766E-02
   417.00000  1.74724E+00  0.00000E+00  2.40450E-01  1.37891E+00  3.62088E-02  9.16691E-02
   418.00000  1.73817E+00  0.00000E+00  2.39727E-01  1.37123E+00  3.60551E-02  9.11654E-02
   419.00000  1.72917E+00  0.00000E+00  2.39011E-01  1.36359E+00  3.59023E-02  9.06654E-02
   420.00000  1.72021E+00  0.00000E+00  2.38299E-01  1.35599E+00  3.57505E-02  9.01690E-02
   421.00000  1.71130E+00  0.00000E+00  2.37593E-01  1.34843E+00  3.55996E-02  8.96762E-02
   422.00000  1.70245E+00  0.00000E+00  2.36892E-01  1.34092E+00  3.54496E-02  8.91870E-02
   423.00000  1.69365E+00  0.00000E+00  2.36196E-01  1.33345E+00  3.53006E-02  8.87013E-02
   424.00000  1.68490E+00  0.00000E+00  2.35504E-01  1.32603E+00  3.51525E-02  8.82192E-02
   425.00000  1.67621E+00  0.00000E+00  2.34817E-01  1.31864E+00  3.50053E-02  8.77406E-02
   426.00000  1.66756E+00  0.00000E+00  2.34134E-01  1.31130E+00  3.48589E-02  8.72654E-02
   427.00000  1.65897E+00  0.00000E+00  2.33455E-01  1.30401E+00  3.47135E-02  8.67936E-02
   428.00000  1.65043E+00  0.00000E+00  2.32780E-01  1.29675E+00  3.45690E-02  8.63252E-02
   429.00000  1.64193E+00  0.00000E+00  2.32110E-01  1.28954E+00  3.44253E-02  8.58602E-02
   430.00000  1.63349E+00  0.00000E+00  2.31442E-01  1.28237E+00  3.42825E-02  8.53986E-02
   431.00000  1.62511E+00  0.00000E+00  2.30779E-01  1.27525E+00  3.41406E-02  8.49402E-02
   432.00000  1.61677E+00  0.00000E+00  2.30119E-01  1.26817E+00  3.39996E-02  8.44851E-02
   433.00000  1.60848E+00  0.00000E+00  2.29462E-01  1.26113E+00  3.38594E-02  8.40333E-02
   434.00000  1.60024E+00  0.00000E+00  2.28808E-01  1.25413E+00  3.37200E-02  8.35847E-02
   435.00000  1.59206E+00  0.00000E+00  2.28157E-01  1.24718E+00  3.35815E-02  8.31392E-02
   436.00000  1.58392E+00  0.00000E+00  2.27509E-01  1.24027E+00  3.34438E-02  8.26970E-02
   437.00000  1.57584E+00  0.00000E+00  2.26864E-01  1.23341E+00  3.33070E-02  8.22578E-02
   438.00000  1.56780E+00  0.00000E+00  2.26222E-01  1.22659E+00  3.31710E-02  8.18218E-02
   439.00000  1.55982E+00  0.00000E+00  2.25582E-01  1.21981E+00  3.30358E-02  8.13888E-02
   440.00000  1.55188E+00  0.00000E+00  2.24944E-01  1.21308E+00  3.29014E-02  8.09589E-02
   441.00000  1.54399E+00  0.00000E+00  2.24309E-01  1.20639E+00  3.27678E-02  8.05321E-02
   442.00000  1.53616E+00  0.00000E+00  2.23676E-01  1.19974E+00  3.26350E-02  8.01082E-02
   443.00000  1.52837E+00  0.00000E+00  2.23045E-01  1.19313E+00  3.25030E-02  7.96873E-02
   444.00000  1.52063E+00  0.00000E+00  2.22416E-01  1.18657E+00  3.23718E-02  7.92693E-02
   445.00000  1.51294E+00  0.00000E+00  2.21790E-01  1.18006E+00  3.22414E-02  7.88543E-02
   446.00000  1.50530E+00  0.00000E+00  2.21164E-01  1.17358E+00  3.21118E-02  7.84421E-02
   447.00000  1.49771E+00  0.00000E+00  2.20541E-01  1.16715E+00  3.19829E-02  7.80329E-02
   448.00000  1.49017E+00  0.00000E+00  2.19920E-01  1.16077E+00  3.18548E-02  7.76264E-02
   449.00000  1.48267E+00  0.00000E+00  2.19300E-01  1.15442E+00  3.17274E-02  7.72228E-02
   450.00000  1.47522E+00  0.00000E+00  2.18681E-01  1.14812E+00  3.16008E-02  7.68220E-02
   451.00000  1.46783E+00  0.00000E+00  2.18064E-01  1.14186E+00  3.14750E-02  7.64239E-02
   452.00000  1.46047E+00  0.00000E+00  2.17449E-01  1.13565E+00  3.13499E-02  7.60286E-02
   453.00000  1.45317E+00  0.00000E+00  2.16835E-01  1.12947E+00  3.12255E-02  7.56360E-02
   454.00000  1.44591E+00  0.00000E+00  2.16222E-01  1.12334E+00  3.11019E-02  7.52461E-02
   455.00000  1.43870E+00  0.00000E+00  2.15611E-01  1.11725E+00  3.09790E-02  7.48589E-02
   456.00000  1.43154E+00  0.00000E+00  2.15000E-01  1.11121E+00  3.08568E-02  7.44743E-02
   457.00000  1.42442E+00  0.00000E+00  2.14391E-01  1.10520E+00  3.07353E-02  7.40924E-02
   458.00000  1.41735E+00  0.00000E+00  2.13784E-01  1.09924E+00  3.06146E-02  7.37130E-02
   459.00000  1.41033E+00  0.00000E+00  2.13177E-01  1.09332E+00  3.04945E-02  7.33362E-02
   460.00000  1.40335E+00  0.00000E+00  2.12572E-01  1.08744E+00  3.03752E-02  7.29620E-02
   461.00000  1.39642E+00  0.00000E+00  2.11967E-01  1.08160E+00  3.02565E-02  7.25903E-02
   462.00000  1.38953E+00  0.00000E+00  2.11364E-01  1.07580E+00  3.01385E-02  7.22212E-02
   463.00000  1.38269E+00  0.00000E+00  2.10762E-01  1.07005E+00  3.00213E-02  7.18545E-02
   464.00000  1.37589E+00  0.00000E+00  2.10160E-01  1.06433E+00  2.99046E-02  7.14903E-02
   465.00000  1.36913E+00  0.00000E+00  2.09560E-01  1.05866E+00  2.97887E-02  7.11285E-02
   466.00000  1.36243E+00  0.00000E+00  2.08961E-01  1.05302E+00  2.96734E-02  7.07692E-02
   467.00000  1.35576E+00  0.00000E+00  2.08363E-01  1.04743E+00  2.95588E-02  7.04123E-02
   468.00000  1.34914E+00  0.00000E+00  2.07766E-01  1.04187E+00  2.94449E-02  7.00577E-02
   469.00000  1.34256E+00  0.00000E+00  2.07170E-01  1.03635E+00  2.93316E-02  6.97055E-02
   470.00000  1.33603E+00  0.00000E+00  2.06575E-01  1.03088E+00  2.92189E-02  6.93557E-02
   471.00000  1.32954E+00  0.00000E+00  2.05981E-01  1.02544E+00  2.91069E-02  6.90082E-02
   472.00000  1.32309E+00  0.00000E+00  2.05388E-01  1.02004E+00  2.89956E-02  6.86629E-02
   473.00000  1.31668E+00  0.00000E+00  2.04796E-01  1.01468E+00  2.88849E-02  6.83200E-02
   474.00000  1.31031E+00  0.00000E+00  2.04206E-01  1.00935E+00  2.87748E-02  6.79793E-02
   475.00000  1.30399E+00  0.00000E+00  2.03616E-01  1.00407E+00  2.86653E-02  6.76409E-02
   476.00000  1.29771E+00  0.00000E+00  2.03027E-01  9.98821E-01  2.85564E-02  6.73047E-02
   477.00000  1.29147E+00  0.00000E+00  2.02440E-01  9.93610E-01  2.84482E-02  6.69707E-02
   478.00000  1.28527E+00  0.00000E+00  2.01853E-01  9.88436E-01  2.83406E-02  6.66389E-02
   479.00000  1.27911E+00  0.00000E+00  2.01268E-01  9.83299E-01  2.82335E-02  6.63093E-02
   480.00000  1.27299E+00  0.00000E+00  2.00684E-01  9.78198E-01  2.81271E-02  6.59818E-02
   481.00000  1.26691E+00  0.00000E+00  2.00101E-01  9.73133E-01  2.80213E-02  6.56564E-02
   482.00000  1.26087E+00  0.00000E+00  1.99519E-01  9.68104E-01  2.79160E-02  6.53332E-02
   483.00000  1.25487E+00  0.00000E+00  1.98938E-01  9.63110E-01  2.78114E-02  6.50121E-02
   484.00000  1.24891E+00  0.00000E+00  1.98359E-01  9.58151E-01  2.77073E-02  6.46930E-02
   485.00000  1.24299E+00  0.00000E+00  1.97781E-01  9.53227E-01  2.76039E-02  6.43760E-02
   486.00000  1.23710E+00  0.00000E+00  1.97204E-01  9.48337E-01  2.75009E-02  6.40611E-02
   487.00000  1.23126E+00  0.00000E+00  1.96629E-01  9.43482E-01  2.73986E-02  6.37482E-02
   488.00000  1.22545E+00  0.00000E+00  1.96055E-01  9.38660E-01  2.72968E-02  6.34373E-02
   489.00000  1.21968E+00  0.00000E+00  1.95482E-01  9.33872E-01  2.71956E-02  6.31284E-02
   490.00000  1.21394E+00  0.00000E+00  1.94911E-01  9.29117E-01  2.70950E-02  6.28215E-02
   491.00000  1.20825E+00  0.00000E+00  1.94341E-01  9.24395E-01  2.69948E-02  6.25165E-02
   492.00000  1.20259E+00  0.00000E+00  1.93772E-01  9.19705E-01  2.68953E-02  6.22135E-02
   493.00000  1.19696E+00  0.00000E+00  1.93205E-01  9.15048E-01  2.67963E-02  6.19125E-02
   494.00000  1.19137E+00  0.00000E+00  1.92640E-01  9.10423E-01  2.66978E-02  6.16133E-02
   495.00000  1.18582E+00  0.00000E+00  1.92076E-01  9.05829E-01  2.65999E-02  6.13161E-02
   496.00000  1.18030E+00  0.00000E+00  1.91513E-01  9.01267E-01  2.65025E-02  6.10207E-02
   497.00000  1.17482E+00  0.00000E+00  1.90953E-01  8.96736E-01  2.64056E-02  6.07272E-02
   498.00000  1.16937E+00  0.00000E+00  1.90393E-01  8.92235E-01  2.63093E-02  6.04356E-02
   499.00000  1.16396E+00  0.00000E+00  1.89836E-01  8.87765E-01  2.62134E-02  6.01458E-02
   500.00000  1.15858E+00  0.00000E+00  1.89280E-01  8.83325E-01  2.61181E-02  5.98578E-02
   501.00000  1.15324E+00  0.00000E+00  1.88726E-01  8.78915E-01  2.60233E-02  5.95716E-02
   502.00000  1.14792E+00  0.00000E+00  1.88173E-01  8.74534E-01  2.59290E-02  5.92873E-02
   503.00000  1.14264E+00  0.00000E+00  1.87622E-01  8.70182E-01  2.58352E-02  5.90047E-02
   504.00000  1.13740E+00  0.00000E+00  1.87073E-01  8.65859E-01  2.57419E-02  5.87239E-02
   505.00000  1.13219E+00  0.00000E+00  1.86526E-01  8.61565E-01  2.56492E-02  5.84448E-02
   506.00000  1.12700E+00  0.00000E+00  1.85980E-01  8.57300E-01  2.55569E-02  5.81675E-02
   507.00000  1.12186E+00  0.00000E+00  1.85437E-01  8.53062E-01  2.54651E-02  5.78919E-02
   508.00000  1.11674E+00  0.00000E+00  1.84895E-01  8.48852E-01  2.53737E-02  5.76181E-02
   509.00000  1.11165E+00  0.00000E+00  1.84355E-01  8.44669E-01  2.52829E-02  5.73459E-02
   510.00000  1.10660E+00  0.00000E+00  1.83817E-01  8.40514E-01  2.51926E-02  5.70754E-02
   511.00000  1.10158E+00  0.00000E+00  1.83281E-01  8.36385E-01  2.51027E-02  5.68066E-02
   512.00000  1.09658E+00  0.00000E+00  1.82746E-01  8.32284E-01  2.50133E-02  5.65394E-02
   513.00000  1.09162E+00  0.00000E+00  1.82214E-01  8.28208E-01  2.49243E-02  5.62739E-02
   514.00000  1.08669E+00  0.00000E+00  1.81684E-01  8.24159E-01  2.48359E-02  5.60101E-02
   515.00000  1.08179E+00  0.00000E+00  1.81155E-01  8.20135E-01  2.47478E-02  5.57478E-02
   516.00000  1.07691E+00  0.00000E+00  1.80629E-01  8.16137E-01  2.46603E-02  5.54872E-02
   517.00000  1.07207E+00  0.00000E+00  1.80104E-01  8.12164E-01  2.45732E-02  5.52282E-02
   518.00000  1.06726E+00  0.00000E+00  1.79582E-01  8.08217E-01  2.44865E-02  5.49707E-02
   519.00000  1.06247E+00  0.00000E+00  1.79061E-01  8.04294E-01  2.44003E-02  5.47148E-02
   520.00000  1.05771E+00  0.00000E+00  1.78543E-01  8.00396E-01  2.43146E-02  5.44605E-02
   521.00000  1.05299E+00  0.00000E+00  1.78027E-01  7.96522E-01  2.42293E-02  5.42078E-02
   522.00000  1.04829E+00  0.00000E+00  1.77512E-01  7.92672E-01  2.41444E-02  5.39565E-02
   523.00000  1.04361E+00  0.00000E+00  1.77000E-01  7.88846E-01  2.40600E-02  5.37068E-02
   524.00000  1.03897E+00  0.00000E+00  1.76490E-01  7.85043E-01  2.39760E-02  5.34587E-02
   525.00000  1.03435E+00  0.00000E+00  1.75982E-01  7.81264E-01  2.38924E-02  5.32120E-02
   526.00000  1.02976E+00  0.00000E+00  1.75476E-01  7.77508E-01  2.38092E-02  5.29668E-02
   527.00000  1.02520E+00  0.00000E+00  1.74972E-01  7.73775E-01  2.37265E-02  5.27231E-02
   528.00000  1.02066E+00  0.00000E+00  1.74470E-01  7.70065E-01  2.36442E-02  5.24809E-02
   529.00000  1.01615E+00  0.00000E+00  1.73971E-01  7.66377E-01  2.35623E-02  5.22401E-02
   530.00000  1.01167E+00  0.00000E+00  1.73473E-01  7.62712E-01  2.34808E-02  5.20008E-02
   531.00000  1.00721E+00  0.00000E+00  1.72978E-01  7.59069E-01  2.33998E-02  5.17629E-02
   532.00000  1.00278E+00  0.00000E+00  1.72484E-01  7.55447E-01  2.33191E-02  5.15265E-02
   533.00000  9.98371E-01  0.00000E+00  1.71993E-01  7.51847E-01  2.32389E-02  5.12914E-02
   534.00000  9.93990E-01  0.00000E+00  1.71504E-01  7.48269E-01  2.31590E-02  5.10578E-02
   535.00000  9.89634E-01  0.00000E+00  1.71017E-01  7.44712E-01  2.30796E-02  5.08256E-02
   536.00000  9.85303E-01  0.00000E+00  1.70532E-01  7.41176E-01  2.30005E-02  5.05948E-02
   537.00000  9.80998E-01  0.00000E+00  1.70049E-01  7.37661E-01  2.29219E-02  5.03653E-02
   538.00000  9.76716E-01  0.00000E+00  1.69568E-01  7.34167E-01  2.28436E-02  5.01372E-02
   539.00000  9.72459E-01  0.00000E+00  1.69090E-01  7.30693E-01  2.27657E-02  4.99105E-02
   540.00000  9.68227E-01  0.00000E+00  1.68613E-01  7.27240E-01  2.26883E-02  4.96851E-02
   541.00000  9.64018E-01  0.00000E+00  1.68139E-01  7.23807E-01  2.26111E-02  4.94611E-02
   542.00000  9.59833E-01  0.00000E+00  1.67666E-01  7.20394E-01  2.25344E-02  4.92384E-02
   543.00000  9.55672E-01  0.00000E+00  1.67196E-01  7.17001E-01  2.24581E-02  4.90170E-02
   544.00000  9.51535E-01  0.00000E+00  1.66728E-01  7.13628E-01  2.23821E-02  4.87970E-02
   545.00000  9.47420E-01  0.00000E+00  1.66262E-01  7.10274E-01  2.23065E-02  4.85782E-02
   546.00000  9.43329E-01  0.00000E+00  1.65798E-01  7.06940E-01  2.22313E-02  4.83607E-02
   547.00000  9.39261E-01  0.00000E+00  1.65335E-01  7.03624E-01  2.21564E-02  4.81445E-02
   548.00000  9.35215E-01  0.00000E+00  1.64875E-01  7.00328E-01  2.20819E-02  4.79296E-02
   549.00000  9.31193E-01  0.00000E+00  1.64417E-01  6.97051E-01  2.20078E-02  4.77159E-02
   550.00000  9.27192E-01  0.00000E+00  1.63961E-01  6.93793E-01  2.19340E-02  4.75036E-02
   551.00000  9.23214E-01  0.00000E+00  1.63507E-01  6.90554E-01  2.18606E-02  4.72924E-02
   552.00000  9.19258E-01  0.00000E+00  1.63055E-01  6.87333E-01  2.17876E-02  4.70825E-02
   553.00000  9.15324E-01  0.00000E+00  1.62605E-01  6.84130E-01  2.17149E-02  4.68738E-02
   554.00000  9.11412E-01  0.00000E+00  1.62157E-01  6.80946E-01  2.16425E-02  4.66664E-02
   555.00000  9.07522E-01  0.00000E+00  1.61711E-01  6.77780E-01  2.15705E-02  4.64601E-02
   556.00000  9.03653E-01  0.00000E+00  1.61267E-01  6.74632E-01  2.14989E-02  4.62551E-02
   557.00000  8.99805E-01  0.00000E+00  1.60825E-01  6.71501E-01  2.14275E-02  4.60512E-02
   558.00000  8.95979E-01  0.00000E+00  1.60385E-01  6.68389E-01  2.13566E-02  4.58486E-02
   559.00000  8.92173E-01  0.00000E+00  1.59946E-01  6.65294E-01  2.12859E-02  4.56471E-02
   560.00000  8.88389E-01  0.00000E+00  1.59510E-01  6.62217E-01  2.12157E-02  4.54468E-02
   561.00000  8.84625E-01  0.00000E+00  1.59075E-01  6.59157E-01  2.11457E-02  4.52477E-02
   562.00000  8.80882E-01  0.00000E+00  1.58642E-01  6.56114E-01  2.10761E-02  4.50497E-02
   563.00000  8.77160E-01  0.00000E+00  1.58211E-01  6.53089E-01  2.10068E-02  4.48528E-02
   564.00000  8.73458E-01  0.00000E+00  1.57782E-01  6.50081E-01  2.09378E-02  4.46571E-02
   565.00000  8.69776E-01  0.00000E+00  1.57355E-01  6.47089E-01  2.08692E-02  4.44626E-02
   566.00000  8.66114E-01  0.00000E+00  1.56930E-01  6.44115E-01  2.08009E-02  4.42691E-02
   567.00000  8.62473E-01  0.00000E+00  1.56506E-01  6.41157E-01  2.07329E-02  4.40768E-02
   568.00000  8.58851E-01  0.00000E+00  1.56084E-01  6.38216E-01  2.06652E-02  4.38856E-02
   569.00000  8.55249E-01  0.00000E+00  1.55664E-01  6.35291E-01  2.05979E-02  4.36955E-02
   570.00000  8.51666E-01  0.00000E+00  1.55246E-01  6.32383E-01  2.05309E-02  4.35064E-02
   571.00000  8.48103E-01  0.00000E+00  1.54829E-01  6.29491E-01  2.04642E-02  4.33185E-02
   572.00000  8.44559E-01  0.00000E+00  1.54414E-01  6.26616E-01  2.03978E-02  4.31316E-02
   573.00000  8.41035E-01  0.00000E+00  1.54001E-01  6.23756E-01  2.03317E-02  4.29458E-02
   574.00000  8.37529E-01  0.00000E+00  1.53589E-01  6.20913E-01  2.02659E-02  4.27611E-02
   575.00000  8.34043E-01  0.00000E+00  1.53180E-01  6.18085E-01  2.02004E-02  4.25774E-02
   576.00000  8.30575E-01  0.00000E+00  1.52771E-01  6.15274E-01  2.01353E-02  4.23948E-02
   577.00000  8.27127E-01  0.00000E+00  1.52365E-01  6.12478E-01  2.00704E-02  4.22132E-02
   578.00000  8.23697E-01  0.00000E+00  1.51960E-01  6.09698E-01  2.00058E-02  4.20327E-02
   579.00000  8.20285E-01  0.00000E+00  1.51557E-01  6.06934E-01  1.99416E-02  4.18532E-02
   580.00000  8.16892E-01  0.00000E+00  1.51155E-01  6.04185E-01  1.98776E-02  4.16747E-02
   581.00000  8.13517E-01  0.00000E+00  1.50755E-01  6.01451E-01  1.98139E-02  4.14972E-02
   582.00000  8.10161E-01  0.00000E+00  1.50356E-01  5.98733E-01  1.97506E-02  4.13207E-02
   583.00000  8.06822E-01  0.00000E+00  1.49959E-01  5.96030E-01  1.96875E-02  4.11452E-02
   584.00000  8.03502E-01  0.00000E+00  1.49563E-01  5.93343E-01  1.96247E-02  4.09708E-02
   585.00000  8.00199E-01  0.00000E+00  1.49169E-01  5.90670E-01  1.95622E-02  4.07973E-02
   586.00000  7.96914E-01  0.00000E+00  1.48777E-01  5.88013E-01  1.95000E-02  4.06248E-02
   587.00000  7.93647E-01  0.00000E+00  1.48386E-01  5.85370E-01  1.94381E-02  4.04532E-02
   588.00000  7.90397E-01  0.00000E+00  1.47996E-01  5.82742E-01  1.93764E-02  4.02827E-02
   589.00000  7.87165E-01  0.00000E+00  1.47608E-01  5.80129E-01  1.93151E-02  4.01131E-02
   590.00000  7.83950E-01  0.00000E+00  1.47221E-01  5.77531E-01  1.92540E-02  3.99444E-02
   591.00000  7.80753E-01  0.00000E+00  1.46836E-01  5.74947E-01  1.91932E-02  3.97767E-02
   592.00000  7.77573E-01  0.00000E+00  1.46452E-01  5.72378E-01  1.91327E-02  3.96100E-02
   593.00000  7.74409E-01  0.00000E+00  1.46070E-01  5.69823E-01  1.90725E-02  3.94442E-02
   594.00000  7.71263E-01  0.00000E+00  1.45689E-01  5.67283E-01  1.90125E-02  3.92793E-02
   595.00000  7.68134E-01  0.00000E+00  1.45309E-01  5.64756E-01  1.89528E-02  3.91153E-02
   596.00000  7.65021E-01  0.00000E+00  1.44931E-01  5.62245E-01  1.88934E-02  3.89523E-02
   597.00000  7.61925E-01  0.00000E+00  1.44554E-01  5.59747E-01  1.88342E-02  3.87901E-02
   598.00000  7.58846E-01  0.00000E+00  1.44178E-01  5.57263E-01  1.87753E-02  3.86289E-02
   599.00000  7.55783E-01  0.00000E+00  1.43804E-01  5.54794E-01  1.87167E-02  3.84686E-02
   600.00000  7.52736E-01  0.00000E+00  1.43431E-01  5.52338E-01  1.86584E-02  3.83091E-02
   601.00000  7.49706E-01  0.00000E+00  1.43059E-01  5.49896E-01  1.86003E-02  3.81506E-02
   602.00000  7.46692E-01  0.00000E+00  1.42688E-01  5.47468E-01  1.85425E-02  3.79929E-02
   603.00000  7.43694E-01  0.00000E+00  1.42319E-01  5.45054E-01  1.84849E-02  3.78361E-02
   604.00000  7.40712E-01  0.00000E+00  1.41951E-01  5.42653E-01  1.84276E-02  3.76802E-02
   605.00000  7.37746E-01  0.00000E+00  1.41584E-01  5.40266E-01  1.83706E-02  3.75252E-02
   606.00000  7.34796E-01  0.00000E+00  1.41219E-01  5.37892E-01  1.83138E-02  3.73710E-02
   607.00000  7.31861E-01  0.00000E+00  1.40855E-01  5.35532E-01  1.82572E-02  3.72176E-02
   608.00000  7.28942E-01  0.00000E+00  1.40492E-01  5.33185E-01  1.82010E-02  3.70651E-02
   609.00000  7.26039E-01  0.00000E+00  1.40130E-01  5.30851E-01  1.81449E-02  3.69135E-02
   610.00000  7.23151E-01  0.00000E+00  1.39769E-01  5.28530E-01  1.80892E-02  3.67626E-02
   611.00000  7.20279E-01  0.00000E+00  1.39410E-01  5.26223E-01  1.80336E-02  3.66126E-02
   612.00000  7.17422E-01  0.00000E+00  1.39052E-01  5.23928E-01  1.79784E-02  3.64635E-02
   613.00000  7.14580E-01  0.00000E+00  1.38694E-01  5.21647E-01  1.79233E-02  3.63151E-02
   614.00000  7.11753E-01  0.00000E+00  1.38338E-01  5.19378E-01  1.78686E-02  3.61675E-02
   615.00000  7.08941E-01  0.00000E+00  1.37984E-01  5.17123E-01  1.78140E-02  3.60208E-02
   616.00000  7.06144E-01  0.00000E+00  1.37630E-01  5.14880E-01  1.77597E-02  3.58749E-02
   617.00000  7.03362E-01  0.00000E+00  1.37277E-01  5.12649E-01  1.77057E-02  3.57297E-02
   618.00000  7.00595E-01  0.00000E+00  1.36926E-01  5.10432E-01  1.76519E-02  3.55854E-02
   619.00000  6.97842E-01  0.00000E+00  1.36576E-01  5.08227E-01  1.75983E-02  3.54418E-02
   620.00000  6.95104E-01  0.00000E+00  1.36226E-01  5.06034E-01  1.75449E-02  3.52990E-02
   621.00000  6.92381E-01  0.00000E+00  1.35878E-01  5.03854E-01  1.74918E-02  3.51570E-02
   622.00000  6.89672E-01  0.00000E+00  1.35531E-01  5.01686E-01  1.74390E-02  3.50158E-02
   623.00000  6.86977E-01  0.00000E+00  1.35185E-01  4.99530E-01  1.73863E-02  3.48753E-02
   624.00000  6.84296E-01  0.00000E+00  1.34841E-01  4.97386E-01  1.73339E-02  3.47356E-02
   625.00000  6.81630E-01  0.00000E+00  1.34497E-01  4.95255E-01  1.72818E-02  3.45966E-02
   626.00000  6.78978E-01  0.00000E+00  1.34154E-01  4.93136E-01  1.72298E-02  3.44584E-02
   627.00000  6.76339E-01  0.00000E+00  1.33812E-01  4.91028E-01  1.71781E-02  3.43209E-02
   628.00000  6.73715E-01  0.00000E+00  1.33472E-01  4.88933E-01  1.71266E-02  3.41841E-02
   629.00000  6.71105E-01  0.00000E+00  1.33132E-01  4.86849E-01  1.70754E-02  3.40481E-02
   630.00000  6.68508E-01  0.00000E+00  1.32794E-01  4.84777E-01  1.70244E-02  3.39129E-02
   631.00000  6.65924E-01  0.00000E+00  1.32456E-01  4.82716E-01  1.69736E-02  3.37783E-02
   632.00000  6.63355E-01  0.00000E+00  1.32120E-01  4.80668E-01  1.69230E-02  3.36445E-02
   633.00000  6.60799E-01  0.00000E+00  1.31784E-01  4.78631E-01  1.68726E-02  3.35114E-02
   634.00000  6.58256E-01  0.00000E+00  1.31450E-01  4.76605E-01  1.68225E-02  3.33789E-02
   635.00000  6.55727E-01  0.00000E+00  1.31116E-01  4.74590E-01  1.67726E-02  3.32472E-02
   636.00000  6.53211E-01  0.00000E+00  1.30784E-01  4.72587E-01  1.67229E-02  3.31162E-02
   637.00000  6.50708E-01  0.00000E+00  1.30453E-01  4.70596E-01  1.66734E-02  3.29859E-02
   638.00000  6.48218E-01  0.00000E+00  1.30122E-01  4.68615E-01  1.66241E-02  3.28563E-02
   639.00000  6.45741E-01  0.00000E+00  1.29793E-01  4.66646E-01  1.65750E-02  3.27274E-02
   640.00000  6.43277E-01  0.00000E+00  1.29464E-01  4.64687E-01  1.65262E-02  3.25991E-02
   641.00000  6.40826E-01  0.00000E+00  1.29137E-01  4.62740E-01  1.64776E-02  3.24716E-02
   642.00000  6.38387E-01  0.00000E+00  1.28811E-01  4.60803E-01  1.64292E-02  3.23447E-02
   643.00000  6.35962E-01  0.00000E+00  1.28485E-01  4.58877E-01  1.63810E-02  3.22184E-02
   644.00000  6.33549E-01  0.00000E+00  1.28161E-01  4.56962E-01  1.63330E-02  3.20929E-02
   645.00000  6.31148E-01  0.00000E+00  1.27837E-01  4.55058E-01  1.62852E-02  3.19679E-02
   646.00000  6.28760E-01  0.00000E+00  1.27515E-01  4.53164E-01  1.62376E-02  3.18437E-02
   647.00000  6.26384E-01  0.00000E+00  1.27193E-01  4.51281E-01  1.61902E-02  3.17201E-02
   648.00000  6.24021E-01  0.00000E+00  1.26873E-01  4.49408E-01  1.61430E-02  3.15971E-02
   649.00000  6.21670E-01  0.00000E+00  1.26553E-01  4.47546E-01  1.60961E-02  3.14748E-02
   650.00000  6.19331E-01  0.00000E+00  1.26234E-01  4.45694E-01  1.60493E-02  3.13531E-02
   651.00000  6.17004E-01  0.00000E+00  1.25917E-01  4.43852E-01  1.60027E-02  3.12321E-02
   652.00000  6.14689E-01  0.00000E+00  1.25600E-01  4.42021E-01  1.59564E-02  3.11117E-02
   653.00000  6.12386E-01  0.00000E+00  1.25284E-01  4.40199E-01  1.59102E-02  3.09919E-02
   654.00000  6.10094E-01  0.00000E+00  1.24970E-01  4.38388E-01  1.58642E-02  3.08727E-02
   655.00000  6.07815E-01  0.00000E+00  1.24656E-01  4.36587E-01  1.58185E-02  3.07542E-02
   656.00000  6.05547E-01  0.00000E+00  1.24343E-01  4.34795E-01  1.57729E-02  3.06362E-02
   657.00000  6.03291E-01  0.00000E+00  1.24031E-01  4.33014E-01  1.57275E-02  3.05189E-02
   658.00000  6.01046E-01  0.00000E+00  1.23720E-01  4.31242E-01  1.56823E-02  3.04022E-02
   659.00000  5.98813E-01  0.00000E+00  1.23410E-01  4.29480E-01  1.56373E-02  3.02860E-02
   660.00000  5.96591E-01  0.00000E+00  1.23101E-01  4.27727E-01  1.55925E-02  3.01705E-02
   661.00000  5.94381E-01  0.00000E+00  1.22793E-01  4.25984E-01  1.55479E-02  3.00556E-02
   662.00000  5.92181E-01  0.00000E+00  1.22486E-01  4.24251E-01  1.55035E-02  2.99412E-02
   663.00000  5.89993E-01  0.00000E+00  1.22180E-01  4.22527E-01  1.54593E-02  2.98274E-02
   664.00000  5.87816E-01  0.00000E+00  1.21874E-01  4.20813E-01  1.54152E-02  2.97142E-02
   665.00000  5.85650E-01  0.00000E+00  1.21570E-01  4.19108E-01  1.53714E-02  2.96016E-02
   666.00000  5.83495E-01  0.00000E+00  1.21267E-01  4.17412E-01  1.53277E-02  2.94896E-02
   667.00000  5.81351E-01  0.00000E+00  1.20964E-01  4.15725E-01  1.52842E-02  2.93781E-02
   668.00000  5.79218E-01  0.00000E+00  1.20663E-01  4.14047E-01  1.52409E-02  2.92672E-02
   669.00000  5.77095E-01  0.00000E+00  1.20362E-01  4.12379E-01  1.51978E-02  2.91568E-02
   670.00000  5.74984E-01  0.00000E+00  1.20062E-01  4.10719E-01  1.51549E-02  2.90471E-02
   671.00000  5.72882E-01  0.00000E+00  1.19764E-01  4.09068E-01  1.51121E-02  2.89378E-02
   672.00000  5.70791E-01  0.00000E+00  1.19466E-01  4.07427E-01  1.50696E-02  2.88291E-02
   673.00000  5.68711E-01  0.00000E+00  1.19169E-01  4.05794E-01  1.50272E-02  2.87210E-02
   674.00000  5.66641E-01  0.00000E+00  1.18873E-01  4.04169E-01  1.49849E-02  2.86134E-02
   675.00000  5.64582E-01  0.00000E+00  1.18578E-01  4.02554E-01  1.49429E-02  2.85063E-02
   676.00000  5.62532E-01  0.00000E+00  1.18284E-01  4.00947E-01  1.49010E-02  2.83998E-02
   677.00000  5.60493E-01  0.00000E+00  1.17991E-01  3.99349E-01  1.48594E-02  2.82938E-02
   678.00000  5.58464E-01  0.00000E+00  1.17699E-01  3.97759E-01  1.48178E-02  2.81883E-02
   679.00000  5.56445E-01  0.00000E+00  1.17408E-01  3.96177E-01  1.47765E-02  2.80834E-02
   680.00000  5.54436E-01  0.00000E+00  1.17118E-01  3.94604E-01  1.47353E-02  2.79790E-02
   681.00000  5.52437E-01  0.00000E+00  1.16829E-01  3.93039E-01  1.46943E-02  2.78750E-02
   682.00000  5.50448E-01  0.00000E+00  1.16540E-01  3.91483E-01  1.46535E-02  2.77717E-02
   683.00000  5.48469E-01  0.00000E+00  1.16253E-01  3.89934E-01  1.46129E-02  2.76688E-02
   684.00000  5.46499E-01  0.00000E+00  1.15966E-01  3.88394E-01  1.45724E-02  2.75664E-02
   685.00000  5.44539E-01  0.00000E+00  1.15681E-01  3.86862E-01  1.45320E-02  2.74645E-02
   686.00000  5.42589E-01  0.00000E+00  1.15396E-01  3.85338E-01  1.44919E-02  2.73632E-02
   687.00000  5.40648E-01  0.00000E+00  1.15112E-01  3.83822E-01  1.44519E-02  2.72623E-02
   688.00000  5.38717E-01  0.00000E+00  1.14829E-01  3.82314E-01  1.44121E-02  2.71619E-02
   689.00000  5.36795E-01  0.00000E+00  1.14547E-01  3.80813E-01  1.43724E-02  2.70620E-02
   690.00000  5.34882E-01  0.00000E+00  1.14266E-01  3.79320E-01  1.43329E-02  2.69626E-02
   691.00000  5.32979E-01  0.00000E+00  1.13986E-01  3.77835E-01  1.42936E-02  2.68637E-02
   692.00000  5.31085E-01  0.00000E+00  1.13707E-01  3.76358E-01  1.42544E-02  2.67653E-02
   693.00000  5.29200E-01  0.00000E+00  1.13429E-01  3.74889E-01  1.42154E-02  2.66673E-02
   694.00000  5.27325E-01  0.00000E+00  1.13152E-01  3.73427E-01  1.41766E-02  2.65698E-02
   695.00000  5.25458E-01  0.00000E+00  1.12875E-01  3.71972E-01  1.41379E-02  2.64728E-02
   696.00000  5.23600E-01  0.00000E+00  1.12600E-01  3.70525E-01  1.40993E-02  2.63763E-02
   697.00000  5.21752E-01  0.00000E+00  1.12325E-01  3.69085E-01  1.40610E-02  2.62802E-02
   698.00000  5.19912E-01  0.00000E+00  1.12052E-01  3.67653E-01  1.40227E-02  2.61846E-02
   699.00000  5.18081E-01  0.00000E+00  1.11779E-01  3.66228E-01  1.39847E-02  2.60895E-02
   700.00000  5.16259E-01  0.00000E+00  1.11507E-01  3.64810E-01  1.39468E-02  2.59948E-02
   701.00000  5.14445E-01  0.00000E+00  1.11236E-01  3.63399E-01  1.39090E-02  2.59005E-02
   702.00000  5.12640E-01  0.00000E+00  1.10966E-01  3.61996E-01  1.38714E-02  2.58067E-02
   703.00000  5.10844E-01  0.00000E+00  1.10697E-01  3.60599E-01  1.38340E-02  2.57134E-02
   704.00000  5.09056E-01  0.00000E+00  1.10429E-01  3.59210E-01  1.37967E-02  2.56205E-02
   705.00000  5.07277E-01  0.00000E+00  1.10162E-01  3.57828E-01  1.37595E-02  2.55281E-02
   706.00000  5.05506E-01  0.00000E+00  1.09895E-01  3.56452E-01  1.37225E-02  2.54360E-02
   707.00000  5.03744E-01  0.00000E+00  1.09630E-01  3.55084E-01  1.36857E-02  2.53445E-02
   708.00000  5.01990E-01  0.00000E+00  1.09365E-01  3.53722E-01  1.36490E-02  2.52533E-02
   709.00000  5.00244E-01  0.00000E+00  1.09102E-01  3.52367E-01  1.36124E-02  2.51626E-02
   710.00000  4.98506E-01  0.00000E+00  1.08839E-01  3.51019E-01  1.35760E-02  2.50724E-02
   711.00000  4.96777E-01  0.00000E+00  1.08577E-01  3.49678E-01  1.35397E-02  2.49825E-02
   712.00000  4.95056E-01  0.00000E+00  1.08316E-01  3.48343E-01  1.35036E-02  2.48931E-02
   713.00000  4.93342E-01  0.00000E+00  1.08056E-01  3.47015E-01  1.34676E-02  2.48041E-02
   714.00000  4.91637E-01  0.00000E+00  1.07797E-01  3.45693E-01  1.34318E-02  2.47155E-02
   715.00000  4.89940E-01  0.00000E+00  1.07538E-01  3.44378E-01  1.33961E-02  2.46273E-02
   716.00000  4.88251E-01  0.00000E+00  1.07281E-01  3.43070E-01  1.33606E-02  2.45395E-02
   717.00000  4.86569E-01  0.00000E+00  1.07024E-01  3.41767E-01  1.33252E-02  2.44522E-02
   718.00000  4.84895E-01  0.00000E+00  1.06769E-01  3.40472E-01  1.32899E-02  2.43652E-02
   719.00000  4.83229E-01  0.00000E+00  1.06514E-01  3.39182E-01  1.32548E-02  2.42787E-02
   720.00000  4.81571E-01  0.00000E+00  1.06260E-01  3.37899E-01  1.32198E-02  2.41926E-02
   721.00000  4.79921E-01  0.00000E+00  1.06007E-01  3.36622E-01  1.31849E-02  2.41068E-02
   722.00000  4.78278E-01  0.00000E+00  1.05755E-01  3.35352E-01  1.31502E-02  2.40215E-02
   723.00000  4.76643E-01  0.00000E+00  1.05503E-01  3.34087E-01  1.31156E-02  2.39365E-02
   724.00000  4.75015E-01  0.00000E+00  1.05253E-01  3.32829E-01  1.30812E-02  2.38520E-02
   725.00000  4.73394E-01  0.00000E+00  1.05003E-01  3.31576E-01  1.30469E-02  2.37678E-02
   726.00000  4.71782E-01  0.00000E+00  1.04755E-01  3.30330E-01  1.30127E-02  2.36840E-02
   727.00000  4.70176E-01  0.00000E+00  1.04507E-01  3.29090E-01  1.29786E-02  2.36007E-02
   728.00000  4.68578E-01  0.00000E+00  1.04260E-01  3.27856E-01  1.29447E-02  2.35177E-02
   729.00000  4.66987E-01  0.00000E+00  1.04014E-01  3.26628E-01  1.29109E-02  2.34350E-02
   730.00000  4.65404E-01  0.00000E+00  1.03768E-01  3.25405E-01  1.28773E-02  2.33528E-02
   731.00000  4.63827E-01  0.00000E+00  1.03524E-01  3.24189E-01  1.28438E-02  2.32709E-02
   732.00000  4.62258E-01  0.00000E+00  1.03280E-01  3.22978E-01  1.28104E-02  2.31894E-02
   733.00000  4.60696E-01  0.00000E+00  1.03037E-01  3.21773E-01  1.27771E-02  2.31083E-02
   734.00000  4.59141E-01  0.00000E+00  1.02795E-01  3.20574E-01  1.27440E-02  2.30275E-02
   735.00000  4.57593E-01  0.00000E+00  1.02554E-01  3.19381E-01  1.27110E-02  2.29472E-02
   736.00000  4.56052E-01  0.00000E+00  1.02314E-01  3.18193E-01  1.26781E-02  2.28671E-02
   737.00000  4.54518E-01  0.00000E+00  1.02074E-01  3.17011E-01  1.26454E-02  2.27875E-02
   738.00000  4.52991E-01  0.00000E+00  1.01836E-01  3.15834E-01  1.26127E-02  2.27082E-02
   739.00000  4.51471E-01  0.00000E+00  1.01598E-01  3.14663E-01  1.25802E-02  2.26292E-02
   740.00000  4.49957E-01  0.00000E+00  1.01361E-01  3.13498E-01  1.25479E-02  2.25507E-02
   741.00000  4.48451E-01  0.00000E+00  1.01125E-01  3.12338E-01  1.25156E-02  2.24724E-02
   742.00000  4.46951E-01  0.00000E+00  1.00889E-01  3.11183E-01  1.24835E-02  2.23945E-02
   743.00000  4.45458E-01  0.00000E+00  1.00655E-01  3.10034E-01  1.24515E-02  2.23170E-02
   744.00000  4.43971E-01  0.00000E+00  1.00421E-01  3.08891E-01  1.24196E-02  2.22398E-02
   745.00000  4.42491E-01  0.00000E+00  1.00188E-01  3.07753E-01  1.23878E-02  2.21630E-02
   746.00000  4.41018E-01  0.00000E+00  9.99556E-02  3.06620E-01  1.23562E-02  2.20865E-02
   747.00000  4.39551E-01  0.00000E+00  9.97242E-02  3.05492E-01  1.23246E-02  2.20104E-02
   748.00000  4.38091E-01  0.00000E+00  9.94936E-02  3.04370E-01  1.22932E-02  2.19346E-02
   749.00000  4.36638E-01  0.00000E+00  9.92638E-02  3.03253E-01  1.22619E-02  2.18591E-02
   750.00000  4.35190E-01  0.00000E+00  9.90347E-02  3.02141E-01  1.22308E-02  2.17840E-02
   751.00000  4.33750E-01  0.00000E+00  9.88065E-02  3.01034E-01  1.21997E-02  2.17092E-02
   752.00000  4.32315E-01  0.00000E+00  9.85790E-02  2.99933E-01  1.21688E-02  2.16347E-02
   753.00000  4.30887E-01  0.00000E+00  9.83523E-02  2.98836E-01  1.21379E-02  2.15606E-02
   754.00000  4.29465E-01  0.00000E+00  9.81263E-02  2.97745E-01  1.21072E-02  2.14868E-02
   755.00000  4.28050E-01  0.00000E+00  9.79011E-02  2.96659E-01  1.20766E-02  2.14133E-02
   756.00000  4.26640E-01  0.00000E+00  9.76767E-02  2.95577E-01  1.20461E-02  2.13402E-02
   757.00000  4.25237E-01  0.00000E+00  9.74530E-02  2.94501E-01  1.20158E-02  2.12674E-02
   758.00000  4.23840E-01  0.00000E+00  9.72301E-02  2.93430E-01  1.19855E-02  2.11949E-02
   759.00000  4.22450E-01  0.00000E+00  9.70079E-02  2.92364E-01  1.19553E-02  2.11227E-02
   760.00000  4.21065E-01  0.00000E+00  9.67864E-02  2.91302E-01  1.19253E-02  2.10508E-02
   761.00000  4.19686E-01  0.00000E+00  9.65658E-02  2.90246E-01  1.18954E-02  2.09793E-02
   762.00000  4.18314E-01  0.00000E+00  9.63458E-02  2.89194E-01  1.18656E-02  2.09080E-02
   763.00000  4.16947E-01  0.00000E+00  9.61266E-02  2.88147E-01  1.18359E-02  2.08371E-02
   764.00000  4.15586E-01  0.00000E+00  9.59081E-02  2.87105E-01  1.18063E-02  2.07665E-02
   765.00000  4.14231E-01  0.00000E+00  9.56903E-02  2.86068E-01  1.17768E-02  2.06962E-02
   766.00000  4.12883E-01  0.00000E+00  9.54733E-02  2.85036E-01  1.17474E-02  2.06262E-02
   767.00000  4.11540E-01  0.00000E+00  9.52569E-02  2.84008E-01  1.17181E-02  2.05565E-02
   768.00000  4.10202E-01  0.00000E+00  9.50413E-02  2.82985E-01  1.16889E-02  2.04871E-02
   769.00000  4.08871E-01  0.00000E+00  9.48264E-02  2.81967E-01  1.16599E-02  2.04181E-02
   770.00000  4.07545E-01  0.00000E+00  9.46122E-02  2.80953E-01  1.16309E-02  2.03493E-02
   771.00000  4.06226E-01  0.00000E+00  9.43987E-02  2.79944E-01  1.16021E-02  2.02808E-02
   772.00000  4.04911E-01  0.00000E+00  9.41859E-02  2.78940E-01  1.15733E-02  2.02126E-02
   773.00000  4.03603E-01  0.00000E+00  9.39738E-02  2.77940E-01  1.15447E-02  2.01447E-02
   774.00000  4.02300E-01  0.00000E+00  9.37624E-02  2.76944E-01  1.15161E-02  2.00771E-02
   775.00000  4.01003E-01  0.00000E+00  9.35517E-02  2.75954E-01  1.14877E-02  2.00098E-02
   776.00000  3.99711E-01  0.00000E+00  9.33417E-02  2.74967E-01  1.14593E-02  1.99428E-02
   777.00000  3.98425E-01  0.00000E+00  9.31323E-02  2.73986E-01  1.14311E-02  1.98761E-02
   778.00000  3.97144E-01  0.00000E+00  9.29236E-02  2.73008E-01  1.14029E-02  1.98096E-02
   779.00000  3.95869E-01  0.00000E+00  9.27156E-02  2.72035E-01  1.13749E-02  1.97435E-02
   780.00000  3.94600E-01  0.00000E+00  9.25083E-02  2.71067E-01  1.13470E-02  1.96776E-02
   781.00000  3.93336E-01  0.00000E+00  9.23016E-02  2.70103E-01  1.13191E-02  1.96120E-02
   782.00000  3.92077E-01  0.00000E+00  9.20956E-02  2.69143E-01  1.12914E-02  1.95467E-02
   783.00000  3.90823E-01  0.00000E+00  9.18902E-02  2.68188E-01  1.12638E-02  1.94817E-02
   784.00000  3.89575E-01  0.00000E+00  9.16855E-02  2.67237E-01  1.12362E-02  1.94169E-02
   785.00000  3.88333E-01  0.00000E+00  9.14815E-02  2.66290E-01  1.12088E-02  1.93524E-02
   786.00000  3.87095E-01  0.00000E+00  9.12781E-02  2.65348E-01  1.11814E-02  1.92882E-02
   787.00000  3.85863E-01  0.00000E+00  9.10753E-02  2.64409E-01  1.11542E-02  1.92243E-02
   788.00000  3.84636E-01  0.00000E+00  9.08732E-02  2.63476E-01  1.11270E-02  1.91607E-02
   789.00000  3.83415E-01  0.00000E+00  9.06717E-02  2.62546E-01  1.10999E-02  1.90973E-02
   790.00000  3.82198E-01  0.00000E+00  9.04709E-02  2.61620E-01  1.10730E-02  1.90342E-02
   791.00000  3.80987E-01  0.00000E+00  9.02706E-02  2.60699E-01  1.10461E-02  1.89713E-02
   792.00000  3.79781E-01  0.00000E+00  9.00710E-02  2.59782E-01  1.10193E-02  1.89087E-02
   793.00000  3.78580E-01  0.00000E+00  8.98721E-02  2.58869E-01  1.09926E-02  1.88464E-02
   794.00000  3.77384E-01  0.00000E+00  8.96737E-02  2.57960E-01  1.09660E-02  1.87844E-02
   795.00000  3.76193E-01  0.00000E+00  8.94760E-02  2.57055E-01  1.09395E-02  1.87226E-02
   796.00000  3.75007E-01  0.00000E+00  8.92788E-02  2.56154E-01  1.09131E-02  1.86610E-02
   797.00000  3.73826E-01  0.00000E+00  8.90823E-02  2.55257E-01  1.08868E-02  1.85998E-02
   798.00000  3.72650E-01  0.00000E+00  8.88864E-02  2.54364E-01  1.08606E-02  1.85387E-02
   799.00000  3.71479E-01  0.00000E+00  8.86911E-02  2.53476E-01  1.08344E-02  1.84780E-02
   800.00000  3.70313E-01  0.00000E+00  8.84963E-02  2.52591E-01  1.08084E-02  1.84175E-02
   801.00000  3.69152E-01  0.00000E+00  8.83022E-02  2.51710E-01  1.07824E-02  1.83573E-02
   802.00000  3.67996E-01  0.00000E+00  8.81087E-02  2.50833E-01  1.07566E-02  1.82973E-02
   803.00000  3.66845E-01  0.00000E+00  8.79157E-02  2.49961E-01  1.07308E-02  1.82375E-02
   804.00000  3.65698E-01  0.00000E+00  8.77234E-02  2.49092E-01  1.07051E-02  1.81780E-02
   805.00000  3.64556E-01  0.00000E+00  8.75316E-02  2.48226E-01  1.06795E-02  1.81188E-02
   806.00000  3.63419E-01  0.00000E+00  8.73404E-02  2.47365E-01  1.06540E-02  1.80598E-02
   807.00000  3.62287E-01  0.00000E+00  8.71497E-02  2.46508E-01  1.06286E-02  1.80011E-02
   808.00000  3.61160E-01  0.00000E+00  8.69597E-02  2.45654E-01  1.06032E-02  1.79426E-02
   809.00000  3.60037E-01  0.00000E+00  8.67702E-02  2.44805E-01  1.05780E-02  1.78843E-02
   810.00000  3.58919E-01  0.00000E+00  8.65813E-02  2.43959E-01  1.05528E-02  1.78263E-02
   811.00000  3.57806E-01  0.00000E+00  8.63929E-02  2.43116E-01  1.05277E-02  1.77685E-02
   812.00000  3.56697E-01  0.00000E+00  8.62051E-02  2.42278E-01  1.05027E-02  1.77110E-02
   813.00000  3.55593E-01  0.00000E+00  8.60179E-02  2.41443E-01  1.04778E-02  1.76537E-02
   814.00000  3.54493E-01  0.00000E+00  8.58312E-02  2.40612E-01  1.04530E-02  1.75967E-02
   815.00000  3.53398E-01  0.00000E+00  8.56451E-02  2.39785E-01  1.04282E-02  1.75399E-02
   816.00000  3.52308E-01  0.00000E+00  8.54595E-02  2.38962E-01  1.04035E-02  1.74833E-02
   817.00000  3.51222E-01  0.00000E+00  8.52744E-02  2.38142E-01  1.03790E-02  1.74270E-02
   818.00000  3.50141E-01  0.00000E+00  8.50899E-02  2.37326E-01  1.03545E-02  1.73709E-02
   819.00000  3.49064E-01  0.00000E+00  8.49060E-02  2.36513E-01  1.03301E-02  1.73150E-02
   820.00000  3.47992E-01  0.00000E+00  8.47226E-02  2.35704E-01  1.03057E-02  1.72593E-02
   821.00000  3.46924E-01  0.00000E+00  8.45397E-02  2.34899E-01  1.02815E-02  1.72039E-02
   822.00000  3.45860E-01  0.00000E+00  8.43573E-02  2.34097E-01  1.02573E-02  1.71488E-02
   823.00000  3.44801E-01  0.00000E+00  8.41755E-02  2.33298E-01  1.02332E-02  1.70938E-02
   824.00000  3.43746E-01  0.00000E+00  8.39942E-02  2.32504E-01  1.02092E-02  1.70391E-02
   825.00000  3.42696E-01  0.00000E+00  8.38134E-02  2.31713E-01  1.01853E-02  1.69846E-02
   826.00000  3.41650E-01  0.00000E+00  8.36332E-02  2.30925E-01  1.01614E-02  1.69303E-02
   827.00000  3.40608E-01  0.00000E+00  8.34535E-02  2.30141E-01  1.01376E-02  1.68763E-02
   828.00000  3.39571E-01  0.00000E+00  8.32743E-02  2.29360E-01  1.01139E-02  1.68224E-02
   829.00000  3.38537E-01  0.00000E+00  8.30956E-02  2.28583E-01  1.00903E-02  1.67688E-02
   830.00000  3.37508E-01  0.00000E+00  8.29174E-02  2.27809E-01  1.00668E-02  1.67155E-02
   831.00000  3.36484E-01  0.00000E+00  8.27397E-02  2.27038E-01  1.00433E-02  1.66623E-02
   832.00000  3.35463E-01  0.00000E+00  8.25625E-02  2.26271E-01  1.00200E-02  1.66094E-02
   833.00000  3.34447E-01  0.00000E+00  8.23859E-02  2.25508E-01  9.99665E-03  1.65566E-02
   834.00000  3.33435E-01  0.00000E+00  8.22097E-02  2.24747E-01  9.97343E-03  1.65041E-02
   835.00000  3.32426E-01  0.00000E+00  8.20341E-02  2.23990E-01  9.95028E-03  1.64518E-02
   836.00000  3.31423E-01  0.00000E+00  8.18589E-02  2.23237E-01  9.92720E-03  1.63997E-02
   837.00000  3.30423E-01  0.00000E+00  8.16842E-02  2.22486E-01  9.90420E-03  1.63479E-02
   838.00000  3.29427E-01  0.00000E+00  8.15101E-02  2.21739E-01  9.88128E-03  1.62962E-02
   839.00000  3.28435E-01  0.00000E+00  8.13364E-02  2.20996E-01  9.85843E-03  1.62448E-02
   840.00000  3.27448E-01  0.00000E+00  8.11632E-02  2.20255E-01  9.83565E-03  1.61935E-02
   841.00000  3.26464E-01  0.00000E+00  8.09905E-02  2.19518E-01  9.81295E-03  1.61425E-02
   842.00000  3.25484E-01  0.00000E+00  8.08183E-02  2.18784E-01  9.79033E-03  1.60917E-02
   843.00000  3.24509E-01  0.00000E+00  8.06466E-02  2.18053E-01  9.76778E-03  1.60410E-02
   844.00000  3.23537E-01  0.00000E+00  8.04753E-02  2.17326E-01  9.74530E-03  1.59906E-02
   845.00000  3.22569E-01  0.00000E+00  8.03046E-02  2.16602E-01  9.72289E-03  1.59404E-02
   846.00000  3.21606E-01  0.00000E+00  8.01343E-02  2.15880E-01  9.70056E-03  1.58904E-02
   847.00000  3.20646E-01  0.00000E+00  7.99645E-02  2.15162E-01  9.67830E-03  1.58406E-02
   848.00000  3.19690E-01  0.00000E+00  7.97951E-02  2.14447E-01  9.65611E-03  1.57910E-02
   849.00000  3.18738E-01  0.00000E+00  7.96263E-02  2.13736E-01  9.63399E-03  1.57416E-02
   850.00000  3.17789E-01  0.00000E+00  7.94579E-02  2.13027E-01  9.61195E-03  1.56924E-02
   851.00000  3.16845E-01  0.00000E+00  7.92899E-02  2.12321E-01  9.58997E-03  1.56434E-02
   852.00000  3.15904E-01  0.00000E+00  7.91225E-02  2.11619E-01  9.56807E-03  1.55946E-02
   853.00000  3.14967E-01  0.00000E+00  7.89555E-02  2.10919E-01  9.54624E-03  1.55460E-02
   854.00000  3.14034E-01  0.00000E+00  7.87890E-02  2.10223E-01  9.52448E-03  1.54976E-02
   855.00000  3.13105E-01  0.00000E+00  7.86229E-02  2.09530E-01  9.50278E-03  1.54494E-02
   856.00000  3.12179E-01  0.00000E+00  7.84573E-02  2.08839E-01  9.48116E-03  1.54013E-02
   857.00000  3.11257E-01  0.00000E+00  7.82922E-02  2.08152E-01  9.45961E-03  1.53535E-02
   858.00000  3.10339E-01  0.00000E+00  7.81275E-02  2.07467E-01  9.43813E-03  1.53059E-02
   859.00000  3.09424E-01  0.00000E+00  7.79633E-02  2.06786E-01  9.41671E-03  1.52584E-02
   860.00000  3.08514E-01  0.00000E+00  7.77995E-02  2.06107E-01  9.39537E-03  1.52112E-02
   861.00000  3.07606E-01  0.00000E+00  7.76362E-02  2.05432E-01  9.37409E-03  1.51641E-02
   862.00000  3.06703E-01  0.00000E+00  7.74733E-02  2.04759E-01  9.35288E-03  1.51172E-02
   863.00000  3.05803E-01  0.00000E+00  7.73109E-02  2.04090E-01  9.33174E-03  1.50705E-02
   864.00000  3.04906E-01  0.00000E+00  7.71489E-02  2.03423E-01  9.31066E-03  1.50240E-02
   865.00000  3.04013E-01  0.00000E+00  7.69874E-02  2.02759E-01  9.28965E-03  1.49777E-02
   866.00000  3.03124E-01  0.00000E+00  7.68263E-02  2.02098E-01  9.26871E-03  1.49315E-02
   867.00000  3.02238E-01  0.00000E+00  7.66657E-02  2.01439E-01  9.24784E-03  1.48856E-02
   868.00000  3.01356E-01  0.00000E+00  7.65055E-02  2.00784E-01  9.22703E-03  1.48398E-02
   869.00000  3.00477E-01  0.00000E+00  7.63457E-02  2.00131E-01  9.20629E-03  1.47942E-02
   870.00000  2.99602E-01  0.00000E+00  7.61864E-02  1.99481E-01  9.18561E-03  1.47488E-02
   871.00000  2.98730E-01  0.00000E+00  7.60275E-02  1.98834E-01  9.16500E-03  1.47036E-02
   872.00000  2.97862E-01  0.00000E+00  7.58691E-02  1.98190E-01  9.14446E-03  1.46585E-02
   873.00000  2.96997E-01  0.00000E+00  7.57111E-02  1.97548E-01  9.12398E-03  1.46137E-02
   874.00000  2.96136E-01  0.00000E+00  7.55536E-02  1.96909E-01  9.10357E-03  1.45690E-02
   875.00000  2.95277E-01  0.00000E+00  7.53964E-02  1.96273E-01  9.08321E-03  1.45244E-02
   876.00000  2.94423E-01  0.00000E+00  7.52397E-02  1.95640E-01  9.06293E-03  1.44801E-02
   877.00000  2.93571E-01  0.00000E+00  7.50835E-02  1.95009E-01  9.04271E-03  1.44359E-02
   878.00000  2.92723E-01  0.00000E+00  7.49276E-02  1.94381E-01  9.02255E-03  1.43919E-02
   879.00000  2.91879E-01  0.00000E+00  7.47722E-02  1.93756E-01  9.00245E-03  1.43481E-02
   880.00000  2.91037E-01  0.00000E+00  7.46173E-02  1.93133E-01  8.98242E-03  1.43045E-02
   881.00000  2.90199E-01  0.00000E+00  7.44627E-02  1.92513E-01  8.96245E-03  1.42610E-02
   882.00000  2.89365E-01  0.00000E+00  7.43086E-02  1.91896E-01  8.94255E-03  1.42177E-02
   883.00000  2.88533E-01  0.00000E+00  7.41549E-02  1.91281E-01  8.92270E-03  1.41746E-02
   884.00000  2.87705E-01  0.00000E+00  7.40016E-02  1.90669E-01  8.90292E-03  1.41316E-02
   885.00000  2.86880E-01  0.00000E+00  7.38488E-02  1.90059E-01  8.88320E-03  1.40888E-02
   886.00000  2.86058E-01  0.00000E+00  7.36963E-02  1.89452E-01  8.86355E-03  1.40462E-02
   887.00000  2.85239E-01  0.00000E+00  7.35443E-02  1.88847E-01  8.84395E-03  1.40037E-02
   888.00000  2.84424E-01  0.00000E+00  7.33927E-02  1.88245E-01  8.82442E-03  1.39614E-02
   889.00000  2.83612E-01  0.00000E+00  7.32416E-02  1.87646E-01  8.80494E-03  1.39193E-02
   890.00000  2.82803E-01  0.00000E+00  7.30908E-02  1.87049E-01  8.78553E-03  1.38773E-02
   891.00000  2.81997E-01  0.00000E+00  7.29405E-02  1.86454E-01  8.76618E-03  1.38355E-02
   892.00000  2.81194E-01  0.00000E+00  7.27906E-02  1.85862E-01  8.74689E-03  1.37939E-02
   893.00000  2.80394E-01  0.00000E+00  7.26410E-02  1.85273E-01  8.72766E-03  1.37524E-02
   894.00000  2.79597E-01  0.00000E+00  7.24919E-02  1.84686E-01  8.70848E-03  1.37111E-02
   895.00000  2.78804E-01  0.00000E+00  7.23433E-02  1.84101E-01  8.68937E-03  1.36700E-02
   896.00000  2.78013E-01  0.00000E+00  7.21950E-02  1.83519E-01  8.67032E-03  1.36290E-02
   897.00000  2.77226E-01  0.00000E+00  7.20471E-02  1.82939E-01  8.65133E-03  1.35881E-02
   898.00000  2.76441E-01  0.00000E+00  7.18997E-02  1.82362E-01  8.63239E-03  1.35475E-02
   899.00000  2.75660E-01  0.00000E+00  7.17526E-02  1.81787E-01  8.61352E-03  1.35069E-02
   900.00000  2.74882E-01  0.00000E+00  7.16060E-02  1.81214E-01  8.59470E-03  1.34666E-02
   901.00000  2.74106E-01  0.00000E+00  7.14597E-02  1.80644E-01  8.57594E-03  1.34264E-02
   902.00000  2.73334E-01  0.00000E+00  7.13139E-02  1.80076E-01  8.55724E-03  1.33863E-02
   903.00000  2.72564E-01  0.00000E+00  7.11685E-02  1.79511E-01  8.53860E-03  1.33464E-02
   904.00000  2.71798E-01  0.00000E+00  7.10234E-02  1.78948E-01  8.52001E-03  1.33067E-02
   905.00000  2.71034E-01  0.00000E+00  7.08788E-02  1.78387E-01  8.50148E-03  1.32671E-02
   906.00000  2.70273E-01  0.00000E+00  7.07346E-02  1.77828E-01  8.48301E-03  1.32277E-02
   907.00000  2.69516E-01  0.00000E+00  7.05908E-02  1.77272E-01  8.46460E-03  1.31884E-02
   908.00000  2.68761E-01  0.00000E+00  7.04473E-02  1.76718E-01  8.44624E-03  1.31493E-02
   909.00000  2.68009E-01  0.00000E+00  7.03043E-02  1.76166E-01  8.42794E-03  1.31103E-02
   910.00000  2.67260E-01  0.00000E+00  7.01617E-02  1.75617E-01  8.40970E-03  1.30715E-02
   911.00000  2.66513E-01  0.00000E+00  7.00194E-02  1.75069E-01  8.39151E-03  1.30328E-02
   912.00000  2.65770E-01  0.00000E+00  6.98776E-02  1.74524E-01  8.37338E-03  1.29943E-02
   913.00000  2.65029E-01  0.00000E+00  6.97362E-02  1.73982E-01  8.35530E-03  1.29559E-02
   914.00000  2.64291E-01  0.00000E+00  6.95951E-02  1.73441E-01  8.33728E-03  1.29176E-02
   915.00000  2.63556E-01  0.00000E+00  6.94544E-02  1.72903E-01  8.31932E-03  1.28796E-02
   916.00000  2.62824E-01  0.00000E+00  6.93142E-02  1.72366E-01  8.30141E-03  1.28416E-02
   917.00000  2.62094E-01  0.00000E+00  6.91743E-02  1.71832E-01  8.28355E-03  1.28038E-02
   918.00000  2.61367E-01  0.00000E+00  6.90348E-02  1.71301E-01  8.26575E-03  1.27662E-02
   919.00000  2.60643E-01  0.00000E+00  6.88957E-02  1.70771E-01  8.24800E-03  1.27286E-02
   920.00000  2.59922E-01  0.00000E+00  6.87570E-02  1.70243E-01  8.23031E-03  1.26913E-02
   921.00000  2.59203E-01  0.00000E+00  6.86187E-02  1.69718E-01  8.21267E-03  1.26541E-02
   922.00000  2.58487E-01  0.00000E+00  6.84807E-02  1.69194E-01  8.19509E-03  1.26170E-02
   923.00000  2.57774E-01  0.00000E+00  6.83432E-02  1.68673E-01  8.17756E-03  1.25800E-02
   924.00000  2.57063E-01  0.00000E+00  6.82060E-02  1.68154E-01  8.16008E-03  1.25432E-02
   925.00000  2.56355E-01  0.00000E+00  6.80692E-02  1.67637E-01  8.14266E-03  1.25066E-02
   926.00000  2.55650E-01  0.00000E+00  6.79328E-02  1.67122E-01  8.12529E-03  1.24700E-02
   927.00000  2.54947E-01  0.00000E+00  6.77968E-02  1.66609E-01  8.10797E-03  1.24337E-02
   928.00000  2.54247E-01  0.00000E+00  6.76611E-02  1.66098E-01  8.09071E-03  1.23974E-02
   929.00000  2.53550E-01  0.00000E+00  6.75258E-02  1.65589E-01  8.07349E-03  1.23613E-02
   930.00000  2.52855E-01  0.00000E+00  6.73910E-02  1.65082E-01  8.05633E-03  1.23253E-02
   931.00000  2.52162E-01  0.00000E+00  6.72564E-02  1.64577E-01  8.03922E-03  1.22895E-02
   932.00000  2.51473E-01  0.00000E+00  6.71223E-02  1.64074E-01  8.02217E-03  1.22538E-02
   933.00000  2.50785E-01  0.00000E+00  6.69885E-02  1.63574E-01  8.00516E-03  1.22182E-02
   934.00000  2.50101E-01  0.00000E+00  6.68551E-02  1.63075E-01  7.98821E-03  1.21828E-02
   935.00000  2.49419E-01  0.00000E+00  6.67221E-02  1.62578E-01  7.97131E-03  1.21475E-02
   936.00000  2.48739E-01  0.00000E+00  6.65895E-02  1.62083E-01  7.95446E-03  1.21123E-02
   937.00000  2.48062E-01  0.00000E+00  6.64572E-02  1.61590E-01  7.93766E-03  1.20773E-02
   938.00000  2.47387E-01  0.00000E+00  6.63253E-02  1.61099E-01  7.92091E-03  1.20424E-02
   939.00000  2.46715E-01  0.00000E+00  6.61938E-02  1.60610E-01  7.90421E-03  1.20076E-02
   940.00000  2.46046E-01  0.00000E+00  6.60626E-02  1.60122E-01  7.88756E-03  1.19730E-02
   941.00000  2.45378E-01  0.00000E+00  6.59318E-02  1.59637E-01  7.87096E-03  1.19384E-02
   942.00000  2.44714E-01  0.00000E+00  6.58014E-02  1.59154E-01  7.85441E-03  1.19041E-02
   943.00000  2.44051E-01  0.00000E+00  6.56713E-02  1.58672E-01  7.83791E-03  1.18698E-02
   944.00000  2.43391E-01  0.00000E+00  6.55416E-02  1.58193E-01  7.82146E-03  1.18357E-02
   945.00000  2.42734E-01  0.00000E+00  6.54122E-02  1.57715E-01  7.80506E-03  1.18017E-02
   946.00000  2.42079E-01  0.00000E+00  6.52833E-02  1.57239E-01  7.78871E-03  1.17678E-02
   947.00000  2.41426E-01  0.00000E+00  6.51546E-02  1.56765E-01  7.77241E-03  1.17340E-02
   948.00000  2.40776E-01  0.00000E+00  6.50264E-02  1.56293E-01  7.75616E-03  1.17004E-02
   949.00000  2.40128E-01  0.00000E+00  6.48985E-02  1.55822E-01  7.73995E-03  1.16669E-02
   950.00000  2.39482E-01  0.00000E+00  6.47709E-02  1.55354E-01  7.72380E-03  1.16335E-02
   951.00000  2.38839E-01  0.00000E+00  6.46437E-02  1.54887E-01  7.70769E-03  1.16003E-02
   952.00000  2.38198E-01  0.00000E+00  6.45169E-02  1.54422E-01  7.69163E-03  1.15672E-02
   953.00000  2.37559E-01  0.00000E+00  6.43904E-02  1.53959E-01  7.67562E-03  1.15342E-02
   954.00000  2.36923E-01  0.00000E+00  6.42643E-02  1.53498E-01  7.65966E-03  1.15013E-02
   955.00000  2.36289E-01  0.00000E+00  6.41385E-02  1.53038E-01  7.64374E-03  1.14685E-02
   956.00000  2.35657E-01  0.00000E+00  6.40131E-02  1.52580E-01  7.62787E-03  1.14359E-02
   957.00000  2.35028E-01  0.00000E+00  6.38881E-02  1.52124E-01  7.61205E-03  1.14033E-02
   958.00000  2.34400E-01  0.00000E+00  6.37633E-02  1.51670E-01  7.59628E-03  1.13709E-02
   959.00000  2.33776E-01  0.00000E+00  6.36390E-02  1.51217E-01  7.58055E-03  1.13387E-02
   960.00000  2.33153E-01  0.00000E+00  6.35149E-02  1.50767E-01  7.56487E-03  1.13065E-02
   961.00000  2.32532E-01  0.00000E+00  6.33913E-02  1.50317E-01  7.54923E-03  1.12744E-02
   962.00000  2.31914E-01  0.00000E+00  6.32679E-02  1.49870E-01  7.53365E-03  1.12425E-02
   963.00000  2.31298E-01  0.00000E+00  6.31449E-02  1.49424E-01  7.51811E-03  1.12107E-02
   964.00000  2.30684E-01  0.00000E+00  6.30223E-02  1.48980E-01  7.50261E-03  1.11790E-02
   965.00000  2.30073E-01  0.00000E+00  6.29000E-02  1.48538E-01  7.48716E-03  1.11474E-02
   966.00000  2.29463E-01  0.00000E+00  6.27780E-02  1.48097E-01  7.47175E-03  1.11159E-02
   967.00000  2.28856E-01  0.00000E+00  6.26564E-02  1.47659E-01  7.45640E-03  1.10846E-02
   968.00000  2.28251E-01  0.00000E+00  6.25351E-02  1.47221E-01  7.44108E-03  1.10533E-02
   969.00000  2.27648E-01  0.00000E+00  6.24141E-02  1.46786E-01  7.42581E-03  1.10222E-02
   970.00000  2.27047E-01  0.00000E+00  6.22935E-02  1.46352E-01  7.41059E-03  1.09912E-02
   971.00000  2.26448E-01  0.00000E+00  6.21733E-02  1.45919E-01  7.39541E-03  1.09603E-02
   972.00000  2.25852E-01  0.00000E+00  6.20533E-02  1.45489E-01  7.38028E-03  1.09295E-02
   973.00000  2.25257E-01  0.00000E+00  6.19337E-02  1.45060E-01  7.36519E-03  1.08988E-02
   974.00000  2.24665E-01  0.00000E+00  6.18144E-02  1.44632E-01  7.35014E-03  1.08682E-02
   975.00000  2.24075E-01  0.00000E+00  6.16955E-02  1.44206E-01  7.33514E-03  1.08378E-02
   976.00000  2.23487E-01  0.00000E+00  6.15768E-02  1.43782E-01  7.32018E-03  1.08074E-02
   977.00000  2.22900E-01  0.00000E+00  6.14585E-02  1.43359E-01  7.30527E-03  1.07772E-02
   978.00000  2.22316E-01  0.00000E+00  6.13406E-02  1.42938E-01  7.29040E-03  1.07471E-02
   979.00000  2.21734E-01  0.00000E+00  6.12229E-02  1.42519E-01  7.27557E-03  1.07170E-02
   980.00000  2.21154E-01  0.00000E+00  6.11056E-02  1.42101E-01  7.26079E-03  1.06871E-02
   981.00000  2.20577E-01  0.00000E+00  6.09886E-02  1.41685E-01  7.24605E-03  1.06573E-02
   982.00000  2.20001E-01  0.00000E+00  6.08720E-02  1.41270E-01  7.23135E-03  1.06276E-02
   983.00000  2.19427E-01  0.00000E+00  6.07556E-02  1.40857E-01  7.21670E-03  1.05980E-02
   984.00000  2.18855E-01  0.00000E+00  6.06396E-02  1.40445E-01  7.20208E-03  1.05685E-02
   985.00000  2.18285E-01  0.00000E+00  6.05239E-02  1.40035E-01  7.18751E-03  1.05391E-02
   986.00000  2.17717E-01  0.00000E+00  6.04085E-02  1.39626E-01  7.17299E-03  1.05099E-02
   987.00000  2.17151E-01  0.00000E+00  6.02934E-02  1.39219E-01  7.15850E-03  1.04807E-02
   988.00000  2.16588E-01  0.00000E+00  6.01786E-02  1.38813E-01  7.14406E-03  1.04516E-02
   989.00000  2.16026E-01  0.00000E+00  6.00642E-02  1.38409E-01  7.12966E-03  1.04226E-02
   990.00000  2.15466E-01  0.00000E+00  5.99501E-02  1.38007E-01  7.11530E-03  1.03938E-02
   991.00000  2.14908E-01  0.00000E+00  5.98363E-02  1.37605E-01  7.10098E-03  1.03650E-02
   992.00000  2.14352E-01  0.00000E+00  5.97227E-02  1.37206E-01  7.08670E-03  1.03364E-02
   993.00000  2.13797E-01  0.00000E+00  5.96095E-02  1.36808E-01  7.07247E-03  1.03078E-02
   994.00000  2.13245E-01  0.00000E+00  5.94967E-02  1.36411E-01  7.05827E-03  1.02793E-02
   995.00000  2.12695E-01  0.00000E+00  5.93841E-02  1.36016E-01  7.04412E-03  1.02510E-02
   996.00000  2.12147E-01  0.00000E+00  5.92718E-02  1.35622E-01  7.03001E-03  1.02227E-02
   997.00000  2.11600E-01  0.00000E+00  5.91598E-02  1.35230E-01  7.01593E-03  1.01946E-02
   998.00000  2.11055E-01  0.00000E+00  5.90482E-02  1.34839E-01  7.00190E-03  1.01665E-02
   999.00000  2.10513E-01  0.00000E+00  5.89368E-02  1.34449E-01  6.98791E-03  1.01386E-02
  1000.00000  2.09972E-01  0.00000E+00  5.88257E-02  1.34061E-01  6.97396E-03  1.01107E-02
  1001.00000  2.09433E-01  0.00000E+00  5.87150E-02  1.33675E-01  6.96005E-03  1.00830E-02
  1002.00000  2.08896E-01  0.00000E+00  5.86045E-02  1.33290E-01  6.94617E-03  1.00553E-02
  1003.00000  2.08360E-01  0.00000E+00  5.84943E-02  1.32906E-01  6.93234E-03  1.00277E-02
  1004.00000  2.07827E-01  0.00000E+00  5.83845E-02  1.32524E-01  6.91855E-03  1.00003E-02
  1005.00000  2.07295E-01  0.00000E+00  5.82749E-02  1.32143E-01  6.90480E-03  9.97292E-03
  1006.00000  2.06766E-01  0.00000E+00  5.81656E-02  1.31763E-01  6.89108E-03  9.94565E-03
  1007.00000  2.06238E-01  0.00000E+00  5.80566E-02  1.31385E-01  6.87741E-03  9.91848E-03
  1008.00000  2.05711E-01  0.00000E+00  5.79480E-02  1.31008E-01  6.86377E-03  9.89140E-03
  1009.00000  2.05187E-01  0.00000E+00  5.78396E-02  1.30633E-01  6.85017E-03  9.86442E-03
  1010.00000  2.04664E-01  0.00000E+00  5.77314E-02  1.30259E-01  6.83661E-03  9.83753E-03
  1011.00000  2.04144E-01  0.00000E+00  5.76236E-02  1.29886E-01  6.82309E-03  9.81074E-03
  1012.00000  2.03625E-01  0.00000E+00  5.75161E-02  1.29515E-01  6.80961E-03  9.78405E-03
  1013.00000  2.03107E-01  0.00000E+00  5.74088E-02  1.29145E-01  6.79616E-03  9.75744E-03
  1014.00000  2.02592E-01  0.00000E+00  5.73019E-02  1.28776E-01  6.78276E-03  9.73093E-03
  1015.00000  2.02078E-01  0.00000E+00  5.71952E-02  1.28409E-01  6.76939E-03  9.70452E-03
  1016.00000  2.01566E-01  0.00000E+00  5.70888E-02  1.28043E-01  6.75606E-03  9.67819E-03
  1017.00000  2.01056E-01  0.00000E+00  5.69827E-02  1.27679E-01  6.74277E-03  9.65196E-03
  1018.00000  2.00548E-01  0.00000E+00  5.68769E-02  1.27315E-01  6.72951E-03  9.62582E-03
  1019.00000  2.00041E-01  0.00000E+00  5.67713E-02  1.26953E-01  6.71629E-03  9.59977E-03
  1020.00000  1.99536E-01  0.00000E+00  5.66660E-02  1.26593E-01  6.70311E-03  9.57381E-03
  1021.00000  1.99032E-01  0.00000E+00  5.65611E-02  1.26233E-01  6.68997E-03  9.54795E-03
  1022.00000  1.98531E-01  0.00000E+00  5.64563E-02  1.25875E-01  6.67686E-03  9.52217E-03
  1023.00000  1.98031E-01  0.00000E+00  5.63519E-02  1.25519E-01  6.66379E-03  9.49648E-03
  1024.00000  1.97532E-01  0.00000E+00  5.62477E-02  1.25163E-01  6.65075E-03  9.47088E-03
  1025.00000  1.97036E-01  0.00000E+00  5.61438E-02  1.24809E-01  6.63775E-03  9.44538E-03
  1026.00000  1.96541E-01  0.00000E+00  5.60402E-02  1.24456E-01  6.62479E-03  9.41996E-03
  1027.00000  1.96048E-01  0.00000E+00  5.59369E-02  1.24104E-01  6.61187E-03  9.39463E-03
  1028.00000  1.95556E-01  0.00000E+00  5.58338E-02  1.23754E-01  6.59898E-03  9.36938E-03
  1029.00000  1.95066E-01  0.00000E+00  5.57310E-02  1.23405E-01  6.58613E-03  9.34423E-03
  1030.00000  1.94578E-01  0.00000E+00  5.56284E-02  1.23057E-01  6.57331E-03  9.31916E-03
  1031.00000  1.94091E-01  0.00000E+00  5.55261E-02  1.22711E-01  6.56053E-03  9.29418E-03
  1032.00000  1.93606E-01  0.00000E+00  5.54241E-02  1.22365E-01  6.54778E-03  9.26928E-03
  1033.00000  1.93123E-01  0.00000E+00  5.53224E-02  1.22021E-01  6.53507E-03  9.24447E-03
  1034.00000  1.92641E-01  0.00000E+00  5.52209E-02  1.21678E-01  6.52239E-03  9.21975E-03
  1035.00000  1.92161E-01  0.00000E+00  5.51197E-02  1.21337E-01  6.50975E-03  9.19511E-03
  1036.00000  1.91683E-01  0.00000E+00  5.50187E-02  1.20996E-01  6.49714E-03  9.17055E-03
  1037.00000  1.91206E-01  0.00000E+00  5.49180E-02  1.20657E-01  6.48457E-03  9.14608E-03
  1038.00000  1.90730E-01  0.00000E+00  5.48176E-02  1.20319E-01  6.47204E-03  9.12170E-03
  1039.00000  1.90257E-01  0.00000E+00  5.47174E-02  1.19982E-01  6.45953E-03  9.09739E-03
  1040.00000  1.89784E-01  0.00000E+00  5.46174E-02  1.19647E-01  6.44707E-03  9.07318E-03
  1041.00000  1.89314E-01  0.00000E+00  5.45178E-02  1.19312E-01  6.43463E-03  9.04904E-03
  1042.00000  1.88845E-01  0.00000E+00  5.44184E-02  1.18979E-01  6.42223E-03  9.02499E-03
  1043.00000  1.88377E-01  0.00000E+00  5.43192E-02  1.18647E-01  6.40987E-03  9.00102E-03
  1044.00000  1.87911E-01  0.00000E+00  5.42203E-02  1.18317E-01  6.39754E-03  8.97713E-03
  1045.00000  1.87447E-01  0.00000E+00  5.41216E-02  1.17987E-01  6.38524E-03  8.95332E-03
  1046.00000  1.86984E-01  0.00000E+00  5.40232E-02  1.17658E-01  6.37298E-03  8.92959E-03
  1047.00000  1.86523E-01  0.00000E+00  5.39250E-02  1.17331E-01  6.36075E-03  8.90595E-03
  1048.00000  1.86063E-01  0.00000E+00  5.38271E-02  1.17005E-01  6.34855E-03  8.88238E-03
  1049.00000  1.85605E-01  0.00000E+00  5.37295E-02  1.16680E-01  6.33639E-03  8.85890E-03
  1050.00000  1.85148E-01  0.00000E+00  5.36321E-02  1.16356E-01  6.32425E-03  8.83549E-03
  1051.00000  1.84693E-01  0.00000E+00  5.35349E-02  1.16034E-01  6.31216E-03  8.81217E-03
  1052.00000  1.84239E-01  0.00000E+00  5.34380E-02  1.15712E-01  6.30009E-03  8.78892E-03
  1053.00000  1.83787E-01  0.00000E+00  5.33413E-02  1.15392E-01  6.28806E-03  8.76575E-03
  1054.00000  1.83336E-01  0.00000E+00  5.32449E-02  1.15073E-01  6.27606E-03  8.74266E-03
  1055.00000  1.82887E-01  0.00000E+00  5.31487E-02  1.14755E-01  6.26409E-03  8.71965E-03
  1056.00000  1.82439E-01  0.00000E+00  5.30527E-02  1.14438E-01  6.25216E-03  8.69672E-03
  1057.00000  1.81993E-01  0.00000E+00  5.29570E-02  1.14122E-01  6.24026E-03  8.67386E-03
  1058.00000  1.81548E-01  0.00000E+00  5.28615E-02  1.13807E-01  6.22839E-03  8.65108E-03
  1059.00000  1.81105E-01  0.00000E+00  5.27663E-02  1.13494E-01  6.21655E-03  8.62838E-03
  1060.00000  1.80663E-01  0.00000E+00  5.26713E-02  1.13181E-01  6.20474E-03  8.60576E-03
  1061.00000  1.80223E-01  0.00000E+00  5.25765E-02  1.12870E-01  6.19297E-03  8.58321E-03
  1062.00000  1.79784E-01  0.00000E+00  5.24820E-02  1.12560E-01  6.18123E-03  8.56073E-03
  1063.00000  1.79346E-01  0.00000E+00  5.23877E-02  1.12251E-01  6.16952E-03  8.53834E-03
  1064.00000  1.78910E-01  0.00000E+00  5.22936E-02  1.11943E-01  6.15784E-03  8.51601E-03
  1065.00000  1.78475E-01  0.00000E+00  5.21998E-02  1.11636E-01  6.14619E-03  8.49377E-03
  1066.00000  1.78042E-01  0.00000E+00  5.21062E-02  1.11330E-01  6.13457E-03  8.47159E-03
  1067.00000  1.77610E-01  0.00000E+00  5.20128E-02  1.11025E-01  6.12299E-03  8.44949E-03
  1068.00000  1.77180E-01  0.00000E+00  5.19197E-02  1.10721E-01  6.11143E-03  8.42747E-03
  1069.00000  1.76751E-01  0.00000E+00  5.18268E-02  1.10418E-01  6.09991E-03  8.40552E-03
  1070.00000  1.76323E-01  0.00000E+00  5.17341E-02  1.10117E-01  6.08841E-03  8.38364E-03
  1071.00000  1.75897E-01  0.00000E+00  5.16417E-02  1.09816E-01  6.07695E-03  8.36184E-03
  1072.00000  1.75472E-01  0.00000E+00  5.15494E-02  1.09517E-01  6.06552E-03  8.34011E-03
  1073.00000  1.75048E-01  0.00000E+00  5.14574E-02  1.09218E-01  6.05412E-03  8.31845E-03
  1074.00000  1.74626E-01  0.00000E+00  5.13657E-02  1.08921E-01  6.04275E-03  8.29686E-03
  1075.00000  1.74206E-01  0.00000E+00  5.12741E-02  1.08625E-01  6.03141E-03  8.27535E-03
  1076.00000  1.73786E-01  0.00000E+00  5.11828E-02  1.08329E-01  6.02010E-03  8.25391E-03
  1077.00000  1.73368E-01  0.00000E+00  5.10917E-02  1.08035E-01  6.00881E-03  8.23254E-03
  1078.00000  1.72952E-01  0.00000E+00  5.10008E-02  1.07742E-01  5.99756E-03  8.21124E-03
  1079.00000  1.72536E-01  0.00000E+00  5.09102E-02  1.07450E-01  5.98634E-03  8.19001E-03
  1080.00000  1.72122E-01  0.00000E+00  5.08197E-02  1.07159E-01  5.97515E-03  8.16885E-03
  1081.00000  1.71710E-01  0.00000E+00  5.07295E-02  1.06868E-01  5.96399E-03  8.14776E-03
  1082.00000  1.71298E-01  0.00000E+00  5.06395E-02  1.06579E-01  5.95285E-03  8.12675E-03
  1083.00000  1.70888E-01  0.00000E+00  5.05497E-02  1.06291E-01  5.94175E-03  8.10580E-03
  1084.00000  1.70480E-01  0.00000E+00  5.04601E-02  1.06004E-01  5.93068E-03  8.08492E-03
  1085.00000  1.70072E-01  0.00000E+00  5.03708E-02  1.05718E-01  5.91963E-03  8.06411E-03
  1086.00000  1.69666E-01  0.00000E+00  5.02816E-02  1.05433E-01  5.90862E-03  8.04337E-03
  1087.00000  1.69262E-01  0.00000E+00  5.01927E-02  1.05149E-01  5.89763E-03  8.02270E-03
  1088.00000  1.68858E-01  0.00000E+00  5.01040E-02  1.04865E-01  5.88667E-03  8.00210E-03
  1089.00000  1.68456E-01  0.00000E+00  5.00155E-02  1.04583E-01  5.87574E-03  7.98156E-03
  1090.00000  1.68055E-01  0.00000E+00  4.99272E-02  1.04302E-01  5.86484E-03  7.96110E-03
  1091.00000  1.67656E-01  0.00000E+00  4.98392E-02  1.04022E-01  5.85397E-03  7.94070E-03
  1092.00000  1.67258E-01  0.00000E+00  4.97513E-02  1.03743E-01  5.84312E-03  7.92037E-03
  1093.00000  1.66861E-01  0.00000E+00  4.96636E-02  1.03465E-01  5.83231E-03  7.90010E-03
  1094.00000  1.66465E-01  0.00000E+00  4.95762E-02  1.03187E-01  5.82152E-03  7.87990E-03
  1095.00000  1.66070E-01  0.00000E+00  4.94890E-02  1.02911E-01  5.81076E-03  7.85977E-03
  1096.00000  1.65677E-01  0.00000E+00  4.94019E-02  1.02636E-01  5.80003E-03  7.83971E-03
  1097.00000  1.65285E-01  0.00000E+00  4.93151E-02  1.02361E-01  5.78933E-03  7.81971E-03
  1098.00000  1.64895E-01  0.00000E+00  4.92285E-02  1.02088E-01  5.77865E-03  7.79978E-03
  1099.00000  1.64505E-01  0.00000E+00  4.91421E-02  1.01815E-01  5.76800E-03  7.77991E-03
  1100.00000  1.64117E-01  0.00000E+00  4.90559E-02  1.01544E-01  5.75738E-03  7.76011E-03
  1101.00000  1.63730E-01  0.00000E+00  4.89699E-02  1.01273E-01  5.74679E-03  7.74037E-03
  1102.00000  1.63344E-01  0.00000E+00  4.88841E-02  1.01003E-01  5.73622E-03  7.72070E-03
  1103.00000  1.62960E-01  0.00000E+00  4.87985E-02  1.00735E-01  5.72568E-03  7.70109E-03
  1104.00000  1.62577E-01  0.00000E+00  4.87131E-02  1.00467E-01  5.71517E-03  7.68155E-03
  1105.00000  1.62195E-01  0.00000E+00  4.86280E-02  1.00200E-01  5.70469E-03  7.66207E-03
  1106.00000  1.61814E-01  0.00000E+00  4.85430E-02  9.99339E-02  5.69423E-03  7.64266E-03
  1107.00000  1.61434E-01  0.00000E+00  4.84582E-02  9.96689E-02  5.68380E-03  7.62331E-03
  1108.00000  1.61056E-01  0.00000E+00  4.83736E-02  9.94047E-02  5.67340E-03  7.60402E-03
  1109.00000  1.60679E-01  0.00000E+00  4.82892E-02  9.91415E-02  5.66302E-03  7.58480E-03
  1110.00000  1.60303E-01  0.00000E+00  4.82051E-02  9.88792E-02  5.65267E-03  7.56563E-03
  1111.00000  1.59928E-01  0.00000E+00  4.81211E-02  9.86177E-02  5.64235E-03  7.54653E-03
  1112.00000  1.59554E-01  0.00000E+00  4.80373E-02  9.83572E-02  5.63205E-03  7.52750E-03
  1113.00000  1.59182E-01  0.00000E+00  4.79537E-02  9.80976E-02  5.62178E-03  7.50852E-03
  1114.00000  1.58810E-01  0.00000E+00  4.78703E-02  9.78388E-02  5.61154E-03  7.48961E-03
  1115.00000  1.58440E-01  0.00000E+00  4.77871E-02  9.75810E-02  5.60132E-03  7.47076E-03
  1116.00000  1.58071E-01  0.00000E+00  4.77041E-02  9.73240E-02  5.59113E-03  7.45197E-03
  1117.00000  1.57703E-01  0.00000E+00  4.76213E-02  9.70679E-02  5.58097E-03  7.43325E-03
  1118.00000  1.57337E-01  0.00000E+00  4.75387E-02  9.68127E-02  5.57083E-03  7.41458E-03
  1119.00000  1.56971E-01  0.00000E+00  4.74562E-02  9.65583E-02  5.56071E-03  7.39597E-03
  1120.00000  1.56607E-01  0.00000E+00  4.73740E-02  9.63049E-02  5.55063E-03  7.37743E-03
  1121.00000  1.56244E-01  0.00000E+00  4.72920E-02  9.60523E-02  5.54056E-03  7.35895E-03
  1122.00000  1.55882E-01  0.00000E+00  4.72101E-02  9.58005E-02  5.53053E-03  7.34052E-03
  1123.00000  1.55521E-01  0.00000E+00  4.71285E-02  9.55496E-02  5.52052E-03  7.32216E-03
  1124.00000  1.55161E-01  0.00000E+00  4.70470E-02  9.52996E-02  5.51053E-03  7.30385E-03
  1125.00000  1.54802E-01  0.00000E+00  4.69657E-02  9.50504E-02  5.50057E-03  7.28561E-03
  1126.00000  1.54445E-01  0.00000E+00  4.68847E-02  9.48020E-02  5.49064E-03  7.26742E-03
  1127.00000  1.54088E-01  0.00000E+00  4.68038E-02  9.45545E-02  5.48073E-03  7.24930E-03
  1128.00000  1.53733E-01  0.00000E+00  4.67231E-02  9.43079E-02  5.47084E-03  7.23123E-03
  1129.00000  1.53379E-01  0.00000E+00  4.66425E-02  9.40621E-02  5.46098E-03  7.21322E-03
  1130.00000  1.53026E-01  0.00000E+00  4.65622E-02  9.38171E-02  5.45115E-03  7.19527E-03
  1131.00000  1.52674E-01  0.00000E+00  4.64821E-02  9.35729E-02  5.44134E-03  7.17738E-03
  1132.00000  1.52323E-01  0.00000E+00  4.64021E-02  9.33296E-02  5.43155E-03  7.15955E-03
  1133.00000  1.51973E-01  0.00000E+00  4.63223E-02  9.30871E-02  5.42179E-03  7.14177E-03
  1134.00000  1.51624E-01  0.00000E+00  4.62428E-02  9.28454E-02  5.41206E-03  7.12405E-03
  1135.00000  1.51277E-01  0.00000E+00  4.61634E-02  9.26045E-02  5.40235E-03  7.10639E-03
  1136.00000  1.50930E-01  0.00000E+00  4.60841E-02  9.23645E-02  5.39266E-03  7.08879E-03
  1137.00000  1.50585E-01  0.00000E+00  4.60051E-02  9.21252E-02  5.38300E-03  7.07124E-03
  1138.00000  1.50240E-01  0.00000E+00  4.59263E-02  9.18868E-02  5.37336E-03  7.05375E-03
  1139.00000  1.49897E-01  0.00000E+00  4.58476E-02  9.16492E-02  5.36375E-03  7.03632E-03
  1140.00000  1.49555E-01  0.00000E+00  4.57691E-02  9.14123E-02  5.35416E-03  7.01894E-03
  1141.00000  1.49213E-01  0.00000E+00  4.56908E-02  9.11763E-02  5.34459E-03  7.00162E-03
  1142.00000  1.48873E-01  0.00000E+00  4.56127E-02  9.09410E-02  5.33505E-03  6.98436E-03
  1143.00000  1.48534E-01  0.00000E+00  4.55347E-02  9.07066E-02  5.32553E-03  6.96715E-03
  1144.00000  1.48196E-01  0.00000E+00  4.54570E-02  9.04729E-02  5.31604E-03  6.95000E-03
  1145.00000  1.47859E-01  0.00000E+00  4.53794E-02  9.02400E-02  5.30657E-03  6.93290E-03
  1146.00000  1.47523E-01  0.00000E+00  4.53020E-02  9.00079E-02  5.29712E-03  6.91586E-03
  1147.00000  1.47188E-01  0.00000E+00  4.52248E-02  8.97765E-02  5.28770E-03  6.89887E-03
  1148.00000  1.46854E-01  0.00000E+00  4.51477E-02  8.95460E-02  5.27830E-03  6.88193E-03
  1149.00000  1.46521E-01  0.00000E+00  4.50709E-02  8.93162E-02  5.26893E-03  6.86506E-03
  1150.00000  1.46189E-01  0.00000E+00  4.49942E-02  8.90872E-02  5.25957E-03  6.84823E-03
  1151.00000  1.45858E-01  0.00000E+00  4.49177E-02  8.88589E-02  5.25024E-03  6.83146E-03
  1152.00000  1.45528E-01  0.00000E+00  4.48414E-02  8.86314E-02  5.24094E-03  6.81474E-03
  1153.00000  1.45200E-01  0.00000E+00  4.47652E-02  8.84046E-02  5.23166E-03  6.79808E-03
  1154.00000  1.44872E-01  0.00000E+00  4.46892E-02  8.81787E-02  5.22240E-03  6.78147E-03
  1155.00000  1.44545E-01  0.00000E+00  4.46134E-02  8.79534E-02  5.21316E-03  6.76491E-03
  1156.00000  1.44219E-01  0.00000E+00  4.45378E-02  8.77289E-02  5.20395E-03  6.74841E-03
  1157.00000  1.43894E-01  0.00000E+00  4.44623E-02  8.75052E-02  5.19476E-03  6.73195E-03
  1158.00000  1.43570E-01  0.00000E+00  4.43871E-02  8.72822E-02  5.18559E-03  6.71556E-03
  1159.00000  1.43247E-01  0.00000E+00  4.43119E-02  8.70599E-02  5.17644E-03  6.69921E-03
  1160.00000  1.42926E-01  0.00000E+00  4.42370E-02  8.68383E-02  5.16732E-03  6.68291E-03
  1161.00000  1.42605E-01  0.00000E+00  4.41623E-02  8.66175E-02  5.15822E-03  6.66667E-03
  1162.00000  1.42285E-01  0.00000E+00  4.40877E-02  8.63975E-02  5.14915E-03  6.65048E-03
  1163.00000  1.41966E-01  0.00000E+00  4.40132E-02  8.61781E-02  5.14009E-03  6.63434E-03
  1164.00000  1.41648E-01  0.00000E+00  4.39390E-02  8.59595E-02  5.13106E-03  6.61825E-03
  1165.00000  1.41331E-01  0.00000E+00  4.38649E-02  8.57416E-02  5.12205E-03  6.60221E-03
  1166.00000  1.41015E-01  0.00000E+00  4.37910E-02  8.55244E-02  5.11306E-03  6.58622E-03
  1167.00000  1.40700E-01  0.00000E+00  4.37173E-02  8.53079E-02  5.10410E-03  6.57028E-03
  1168.00000  1.40385E-01  0.00000E+00  4.36437E-02  8.50921E-02  5.09515E-03  6.55440E-03
  1169.00000  1.40072E-01  0.00000E+00  4.35703E-02  8.48771E-02  5.08623E-03  6.53856E-03
  1170.00000  1.39760E-01  0.00000E+00  4.34971E-02  8.46627E-02  5.07733E-03  6.52277E-03
  1171.00000  1.39449E-01  0.00000E+00  4.34241E-02  8.44491E-02  5.06845E-03  6.50704E-03
  1172.00000  1.39138E-01  0.00000E+00  4.33512E-02  8.42361E-02  5.05960E-03  6.49135E-03
  1173.00000  1.38829E-01  0.00000E+00  4.32785E-02  8.40239E-02  5.05076E-03  6.47571E-03
  1174.00000  1.38520E-01  0.00000E+00  4.32059E-02  8.38123E-02  5.04195E-03  6.46012E-03
  1175.00000  1.38213E-01  0.00000E+00  4.31335E-02  8.36014E-02  5.03316E-03  6.44458E-03
  1176.00000  1.37906E-01  0.00000E+00  4.30613E-02  8.33912E-02  5.02439E-03  6.42908E-03
  1177.00000  1.37600E-01  0.00000E+00  4.29893E-02  8.31817E-02  5.01564E-03  6.41364E-03
  1178.00000  1.37295E-01  0.00000E+00  4.29174E-02  8.29729E-02  5.00692E-03  6.39824E-03
  1179.00000  1.36992E-01  0.00000E+00  4.28457E-02  8.27647E-02  4.99821E-03  6.38290E-03
  1180.00000  1.36689E-01  0.00000E+00  4.27741E-02  8.25573E-02  4.98953E-03  6.36760E-03
  1181.00000  1.36386E-01  0.00000E+00  4.27027E-02  8.23505E-02  4.98087E-03  6.35234E-03
  1182.00000  1.36085E-01  0.00000E+00  4.26315E-02  8.21444E-02  4.97223E-03  6.33714E-03
  1183.00000  1.35785E-01  0.00000E+00  4.25604E-02  8.19389E-02  4.96361E-03  6.32198E-03
  1184.00000  1.35485E-01  0.00000E+00  4.24895E-02  8.17341E-02  4.95501E-03  6.30687E-03
  1185.00000  1.35187E-01  0.00000E+00  4.24188E-02  8.15300E-02  4.94643E-03  6.29180E-03
  1186.00000  1.34889E-01  0.00000E+00  4.23482E-02  8.13265E-02  4.93787E-03  6.27678E-03
  1187.00000  1.34593E-01  0.00000E+00  4.22778E-02  8.11237E-02  4.92934E-03  6.26181E-03
  1188.00000  1.34297E-01  0.00000E+00  4.22076E-02  8.09215E-02  4.92082E-03  6.24689E-03
  1189.00000  1.34002E-01  0.00000E+00  4.21375E-02  8.07200E-02  4.91233E-03  6.23201E-03
  1190.00000  1.33708E-01  0.00000E+00  4.20675E-02  8.05191E-02  4.90386E-03  6.21718E-03
  1191.00000  1.33414E-01  0.00000E+00  4.19978E-02  8.03189E-02  4.89540E-03  6.20239E-03
  1192.00000  1.33122E-01  0.00000E+00  4.19282E-02  8.01193E-02  4.88697E-03  6.18765E-03
  1193.00000  1.32831E-01  0.00000E+00  4.18587E-02  7.99204E-02  4.87856E-03  6.17295E-03
  1194.00000  1.32540E-01  0.00000E+00  4.17894E-02  7.97221E-02  4.87017E-03  6.15830E-03
  1195.00000  1.32250E-01  0.00000E+00  4.17203E-02  7.95244E-02  4.86179E-03  6.14369E-03
  1196.00000  1.31961E-01  0.00000E+00  4.16514E-02  7.93274E-02  4.85344E-03  6.12913E-03
  1197.00000  1.31673E-01  0.00000E+00  4.15825E-02  7.91310E-02  4.84511E-03  6.11461E-03
  1198.00000  1.31386E-01  0.00000E+00  4.15139E-02  7.89352E-02  4.83680E-03  6.10014E-03
  1199.00000  1.31100E-01  0.00000E+00  4.14454E-02  7.87400E-02  4.82851E-03  6.08571E-03
  1200.00000  1.30814E-01  0.00000E+00  4.13771E-02  7.85455E-02  4.82024E-03  6.07133E-03
  1201.00000  1.30529E-01  0.00000E+00  4.13089E-02  7.83516E-02  4.81199E-03  6.05699E-03
  1202.00000  1.30246E-01  0.00000E+00  4.12409E-02  7.81583E-02  4.80376E-03  6.04269E-03
  1203.00000  1.29963E-01  0.00000E+00  4.11730E-02  7.79656E-02  4.79555E-03  6.02844E-03
  1204.00000  1.29680E-01  0.00000E+00  4.11053E-02  7.77736E-02  4.78736E-03  6.01423E-03
  1205.00000  1.29399E-01  0.00000E+00  4.10377E-02  7.75821E-02  4.77919E-03  6.00007E-03
  1206.00000  1.29119E-01  0.00000E+00  4.09703E-02  7.73912E-02  4.77104E-03  5.98594E-03
  1207.00000  1.28839E-01  0.00000E+00  4.09031E-02  7.72010E-02  4.76291E-03  5.97187E-03
  1208.00000  1.28560E-01  0.00000E+00  4.08360E-02  7.70113E-02  4.75480E-03  5.95783E-03
  1209.00000  1.28282E-01  0.00000E+00  4.07691E-02  7.68223E-02  4.74670E-03  5.94384E-03
  1210.00000  1.28005E-01  0.00000E+00  4.07023E-02  7.66338E-02  4.73863E-03  5.92989E-03
  1211.00000  1.27728E-01  0.00000E+00  4.06357E-02  7.64460E-02  4.73058E-03  5.91598E-03
  1212.00000  1.27453E-01  0.00000E+00  4.05692E-02  7.62587E-02  4.72254E-03  5.90211E-03
  1213.00000  1.27178E-01  0.00000E+00  4.05028E-02  7.60720E-02  4.71453E-03  5.88829E-03
  1214.00000  1.26904E-01  0.00000E+00  4.04367E-02  7.58859E-02  4.70653E-03  5.87451E-03
  1215.00000  1.26630E-01  0.00000E+00  4.03707E-02  7.57004E-02  4.69856E-03  5.86077E-03
  1216.00000  1.26358E-01  0.00000E+00  4.03048E-02  7.55155E-02  4.69060E-03  5.84707E-03
  1217.00000  1.26086E-01  0.00000E+00  4.02391E-02  7.53311E-02  4.68266E-03  5.83342E-03
  1218.00000  1.25815E-01  0.00000E+00  4.01735E-02  7.51474E-02  4.67474E-03  5.81980E-03
  1219.00000  1.25545E-01  0.00000E+00  4.01081E-02  7.49642E-02  4.66684E-03  5.80623E-03
  1220.00000  1.25276E-01  0.00000E+00  4.00428E-02  7.47816E-02  4.65896E-03  5.79270E-03
  1221.00000  1.25007E-01  0.00000E+00  3.99777E-02  7.45995E-02  4.65110E-03  5.77921E-03
  1222.00000  1.24740E-01  0.00000E+00  3.99127E-02  7.44180E-02  4.64326E-03  5.76576E-03
  1223.00000  1.24473E-01  0.00000E+00  3.98479E-02  7.42371E-02  4.63543E-03  5.75235E-03
  1224.00000  1.24207E-01  0.00000E+00  3.97832E-02  7.40568E-02  4.62762E-03  5.73898E-03
  1225.00000  1.23941E-01  0.00000E+00  3.97187E-02  7.38770E-02  4.61984E-03  5.72566E-03
  1226.00000  1.23676E-01  0.00000E+00  3.96543E-02  7.36977E-02  4.61207E-03  5.71237E-03
  1227.00000  1.23413E-01  0.00000E+00  3.95901E-02  7.35191E-02  4.60432E-03  5.69912E-03
  1228.00000  1.23149E-01  0.00000E+00  3.95260E-02  7.33409E-02  4.59659E-03  5.68591E-03
  1229.00000  1.22887E-01  0.00000E+00  3.94620E-02  7.31634E-02  4.58887E-03  5.67275E-03
  1230.00000  1.22625E-01  0.00000E+00  3.93982E-02  7.29864E-02  4.58118E-03  5.65962E-03
  1231.00000  1.22365E-01  0.00000E+00  3.93346E-02  7.28099E-02  4.57350E-03  5.64653E-03
  1232.00000  1.22104E-01  0.00000E+00  3.92711E-02  7.26340E-02  4.56584E-03  5.63348E-03
  1233.00000  1.21845E-01  0.00000E+00  3.92077E-02  7.24586E-02  4.55820E-03  5.62047E-03
  1234.00000  1.21586E-01  0.00000E+00  3.91445E-02  7.22837E-02  4.55058E-03  5.60751E-03
  1235.00000  1.21328E-01  0.00000E+00  3.90814E-02  7.21094E-02  4.54298E-03  5.59457E-03
  1236.00000  1.21071E-01  0.00000E+00  3.90185E-02  7.19357E-02  4.53539E-03  5.58168E-03
  1237.00000  1.20815E-01  0.00000E+00  3.89557E-02  7.17625E-02  4.52782E-03  5.56883E-03
  1238.00000  1.20559E-01  0.00000E+00  3.88931E-02  7.15898E-02  4.52027E-03  5.55602E-03
  1239.00000  1.20304E-01  0.00000E+00  3.88306E-02  7.14176E-02  4.51274E-03  5.54324E-03
  1240.00000  1.20050E-01  0.00000E+00  3.87682E-02  7.12460E-02  4.50523E-03  5.53050E-03
  1241.00000  1.19796E-01  0.00000E+00  3.87060E-02  7.10749E-02  4.49773E-03  5.51780E-03
  1242.00000  1.19544E-01  0.00000E+00  3.86439E-02  7.09043E-02  4.49025E-03  5.50514E-03
  1243.00000  1.19292E-01  0.00000E+00  3.85820E-02  7.07342E-02  4.48279E-03  5.49252E-03
  1244.00000  1.19040E-01  0.00000E+00  3.85202E-02  7.05647E-02  4.47535E-03  5.47993E-03
  1245.00000  1.18790E-01  0.00000E+00  3.84585E-02  7.03957E-02  4.46792E-03  5.46739E-03
  1246.00000  1.18540E-01  0.00000E+00  3.83970E-02  7.02272E-02  4.46052E-03  5.45488E-03
  1247.00000  1.18290E-01  0.00000E+00  3.83356E-02  7.00592E-02  4.45313E-03  5.44240E-03
  1248.00000  1.18042E-01  0.00000E+00  3.82744E-02  6.98917E-02  4.44575E-03  5.42997E-03
  1249.00000  1.17794E-01  0.00000E+00  3.82133E-02  6.97247E-02  4.43840E-03  5.41757E-03
  1250.00000  1.17547E-01  0.00000E+00  3.81523E-02  6.95583E-02  4.43106E-03  5.40521E-03
  1251.00000  1.17300E-01  0.00000E+00  3.80915E-02  6.93923E-02  4.42374E-03  5.39288E-03
  1252.00000  1.17055E-01  0.00000E+00  3.80308E-02  6.92269E-02  4.41643E-03  5.38059E-03
  1253.00000  1.16810E-01  0.00000E+00  3.79703E-02  6.90620E-02  4.40915E-03  5.36834E-03
  1254.00000  1.16565E-01  0.00000E+00  3.79099E-02  6.88975E-02  4.40188E-03  5.35612E-03
  1255.00000  1.16322E-01  0.00000E+00  3.78496E-02  6.87336E-02  4.39462E-03  5.34394E-03
  1256.00000  1.16079E-01  0.00000E+00  3.77895E-02  6.85701E-02  4.38739E-03  5.33180E-03
  1257.00000  1.15837E-01  0.00000E+00  3.77295E-02  6.84072E-02  4.38017E-03  5.31969E-03
  1258.00000  1.15595E-01  0.00000E+00  3.76696E-02  6.82447E-02  4.37297E-03  5.30762E-03
  1259.00000  1.15354E-01  0.00000E+00  3.76098E-02  6.80828E-02  4.36578E-03  5.29559E-03
  1260.00000  1.15114E-01  0.00000E+00  3.75502E-02  6.79213E-02  4.35861E-03  5.28359E-03
  1261.00000  1.14874E-01  0.00000E+00  3.74908E-02  6.77603E-02  4.35146E-03  5.27162E-03
  1262.00000  1.14635E-01  0.00000E+00  3.74314E-02  6.75998E-02  4.34433E-03  5.25969E-03
  1263.00000  1.14397E-01  0.00000E+00  3.73722E-02  6.74398E-02  4.33721E-03  5.24780E-03
  1264.00000  1.14159E-01  0.00000E+00  3.73132E-02  6.72803E-02  4.33011E-03  5.23594E-03
  1265.00000  1.13923E-01  0.00000E+00  3.72542E-02  6.71212E-02  4.32303E-03  5.22411E-03
  1266.00000  1.13686E-01  0.00000E+00  3.71954E-02  6.69627E-02  4.31596E-03  5.21232E-03
  1267.00000  1.13451E-01  0.00000E+00  3.71368E-02  6.68046E-02  4.30891E-03  5.20056E-03
  1268.00000  1.13216E-01  0.00000E+00  3.70782E-02  6.66469E-02  4.30187E-03  5.18884E-03
  1269.00000  1.12982E-01  0.00000E+00  3.70198E-02  6.64898E-02  4.29485E-03  5.17716E-03
  1270.00000  1.12748E-01  0.00000E+00  3.69615E-02  6.63331E-02  4.28785E-03  5.16550E-03
  1271.00000  1.12515E-01  0.00000E+00  3.69034E-02  6.61769E-02  4.28086E-03  5.15388E-03
  1272.00000  1.12283E-01  0.00000E+00  3.68453E-02  6.60212E-02  4.27389E-03  5.14230E-03
  1273.00000  1.12051E-01  0.00000E+00  3.67875E-02  6.58659E-02  4.26694E-03  5.13075E-03
  1274.00000  1.11820E-01  0.00000E+00  3.67297E-02  6.57111E-02  4.26000E-03  5.11923E-03
  1275.00000  1.11590E-01  0.00000E+00  3.66721E-02  6.55568E-02  4.25308E-03  5.10775E-03
  1276.00000  1.11360E-01  0.00000E+00  3.66145E-02  6.54029E-02  4.24618E-03  5.09630E-03
  1277.00000  1.11131E-01  0.00000E+00  3.65572E-02  6.52495E-02  4.23929E-03  5.08488E-03
  1278.00000  1.10902E-01  0.00000E+00  3.64999E-02  6.50965E-02  4.23241E-03  5.07350E-03
  1279.00000  1.10675E-01  0.00000E+00  3.64428E-02  6.49440E-02  4.22556E-03  5.06215E-03
  1280.00000  1.10447E-01  0.00000E+00  3.63858E-02  6.47920E-02  4.21871E-03  5.05083E-03
  1281.00000  1.10221E-01  0.00000E+00  3.63289E-02  6.46404E-02  4.21189E-03  5.03954E-03
  1282.00000  1.09995E-01  0.00000E+00  3.62722E-02  6.44892E-02  4.20508E-03  5.02829E-03
  1283.00000  1.09769E-01  0.00000E+00  3.62155E-02  6.43385E-02  4.19828E-03  5.01707E-03
  1284.00000  1.09545E-01  0.00000E+00  3.61590E-02  6.41883E-02  4.19150E-03  5.00588E-03
  1285.00000  1.09321E-01  0.00000E+00  3.61027E-02  6.40385E-02  4.18474E-03  4.99473E-03
  1286.00000  1.09097E-01  0.00000E+00  3.60464E-02  6.38891E-02  4.17799E-03  4.98360E-03
  1287.00000  1.08874E-01  0.00000E+00  3.59903E-02  6.37402E-02  4.17126E-03  4.97251E-03
  1288.00000  1.08652E-01  0.00000E+00  3.59343E-02  6.35917E-02  4.16455E-03  4.96145E-03
  1289.00000  1.08430E-01  0.00000E+00  3.58784E-02  6.34437E-02  4.15784E-03  4.95042E-03
  1290.00000  1.08209E-01  0.00000E+00  3.58227E-02  6.32961E-02  4.15116E-03  4.93943E-03
  1291.00000  1.07989E-01  0.00000E+00  3.57670E-02  6.31489E-02  4.14449E-03  4.92846E-03
  1292.00000  1.07769E-01  0.00000E+00  3.57115E-02  6.30022E-02  4.13783E-03  4.91753E-03
  1293.00000  1.07550E-01  0.00000E+00  3.56561E-02  6.28559E-02  4.13119E-03  4.90663E-03
  1294.00000  1.07331E-01  0.00000E+00  3.56009E-02  6.27101E-02  4.12457E-03  4.89576E-03
  1295.00000  1.07113E-01  0.00000E+00  3.55457E-02  6.25647E-02  4.11796E-03  4.88492E-03
  1296.00000  1.06896E-01  0.00000E+00  3.54907E-02  6.24197E-02  4.11136E-03  4.87411E-03
  1297.00000  1.06679E-01  0.00000E+00  3.54358E-02  6.22751E-02  4.10479E-03  4.86333E-03
  1298.00000  1.06463E-01  0.00000E+00  3.53810E-02  6.21310E-02  4.09822E-03  4.85258E-03
  1299.00000  1.06247E-01  0.00000E+00  3.53263E-02  6.19873E-02  4.09167E-03  4.84186E-03
  1300.00000  1.06032E-01  0.00000E+00  3.52718E-02  6.18440E-02  4.08514E-03  4.83118E-03
  1301.00000  1.05818E-01  0.00000E+00  3.52173E-02  6.17011E-02  4.07862E-03  4.82052E-03
  1302.00000  1.05604E-01  0.00000E+00  3.51630E-02  6.15586E-02  4.07211E-03  4.80989E-03
  1303.00000  1.05390E-01  0.00000E+00  3.51088E-02  6.14166E-02  4.06562E-03  4.79930E-03
  1304.00000  1.05178E-01  0.00000E+00  3.50548E-02  6.12750E-02  4.05915E-03  4.78873E-03
  1305.00000  1.04965E-01  0.00000E+00  3.50008E-02  6.11338E-02  4.05269E-03  4.77819E-03
  1306.00000  1.04754E-01  0.00000E+00  3.49470E-02  6.09930E-02  4.04624E-03  4.76769E-03
  1307.00000  1.04543E-01  0.00000E+00  3.48932E-02  6.08526E-02  4.03981E-03  4.75721E-03
  1308.00000  1.04332E-01  0.00000E+00  3.48396E-02  6.07127E-02  4.03339E-03  4.74676E-03
  1309.00000  1.04123E-01  0.00000E+00  3.47861E-02  6.05731E-02  4.02699E-03  4.73634E-03
  1310.00000  1.03913E-01  0.00000E+00  3.47327E-02  6.04340E-02  4.02060E-03  4.72595E-03
  1311.00000  1.03705E-01  0.00000E+00  3.46795E-02  6.02953E-02  4.01423E-03  4.71559E-03
  1312.00000  1.03496E-01  0.00000E+00  3.46263E-02  6.01569E-02  4.00787E-03  4.70526E-03
  1313.00000  1.03289E-01  0.00000E+00  3.45733E-02  6.00190E-02  4.00153E-03  4.69496E-03
  1314.00000  1.03082E-01  0.00000E+00  3.45204E-02  5.98815E-02  3.99520E-03  4.68468E-03
  1315.00000  1.02875E-01  0.00000E+00  3.44675E-02  5.97444E-02  3.98888E-03  4.67444E-03
  1316.00000  1.02669E-01  0.00000E+00  3.44149E-02  5.96077E-02  3.98258E-03  4.66422E-03
  1317.00000  1.02464E-01  0.00000E+00  3.43623E-02  5.94713E-02  3.97629E-03  4.65403E-03
  1318.00000  1.02259E-01  0.00000E+00  3.43098E-02  5.93354E-02  3.97002E-03  4.64387E-03
  1319.00000  1.02055E-01  0.00000E+00  3.42574E-02  5.91999E-02  3.96376E-03  4.63374E-03
  1320.00000  1.01851E-01  0.00000E+00  3.42052E-02  5.90648E-02  3.95751E-03  4.62363E-03
  1321.00000  1.01648E-01  0.00000E+00  3.41531E-02  5.89300E-02  3.95128E-03  4.61356E-03
  1322.00000  1.01445E-01  0.00000E+00  3.41010E-02  5.87957E-02  3.94507E-03  4.60351E-03
  1323.00000  1.01243E-01  0.00000E+00  3.40491E-02  5.86617E-02  3.93886E-03  4.59349E-03
  1324.00000  1.01042E-01  0.00000E+00  3.39973E-02  5.85282E-02  3.93267E-03  4.58349E-03
  1325.00000  1.00841E-01  0.00000E+00  3.39456E-02  5.83950E-02  3.92650E-03  4.57353E-03
  1326.00000  1.00640E-01  0.00000E+00  3.38940E-02  5.82622E-02  3.92034E-03  4.56359E-03
  1327.00000  1.00440E-01  0.00000E+00  3.38426E-02  5.81298E-02  3.91419E-03  4.55368E-03
  1328.00000  1.00241E-01  0.00000E+00  3.37912E-02  5.79978E-02  3.90805E-03  4.54380E-03
  1329.00000  1.00042E-01  0.00000E+00  3.37399E-02  5.78661E-02  3.90193E-03  4.53394E-03
  1330.00000  9.98436E-02  0.00000E+00  3.36888E-02  5.77349E-02  3.89582E-03  4.52411E-03
  1331.00000  9.96458E-02  0.00000E+00  3.36377E-02  5.76040E-02  3.88973E-03  4.51431E-03
  1332.00000  9.94485E-02  0.00000E+00  3.35868E-02  5.74735E-02  3.88365E-03  4.50453E-03
  1333.00000  9.92517E-02  0.00000E+00  3.35360E-02  5.73434E-02  3.87758E-03  4.49478E-03
  1334.00000  9.90555E-02  0.00000E+00  3.34853E-02  5.72137E-02  3.87153E-03  4.48506E-03
  1335.00000  9.88598E-02  0.00000E+00  3.34346E-02  5.70843E-02  3.86549E-03  4.47536E-03
  1336.00000  9.86646E-02  0.00000E+00  3.33841E-02  5.69553E-02  3.85946E-03  4.46569E-03
  1337.00000  9.84699E-02  0.00000E+00  3.33337E-02  5.68267E-02  3.85345E-03  4.45605E-03
  1338.00000  9.82758E-02  0.00000E+00  3.32834E-02  5.66984E-02  3.84745E-03  4.44644E-03
  1339.00000  9.80821E-02  0.00000E+00  3.32332E-02  5.65706E-02  3.84146E-03  4.43684E-03
  1340.00000  9.78890E-02  0.00000E+00  3.31832E-02  5.64430E-02  3.83549E-03  4.42728E-03
  1341.00000  9.76964E-02  0.00000E+00  3.31332E-02  5.63159E-02  3.82953E-03  4.41774E-03
  1342.00000  9.75042E-02  0.00000E+00  3.30833E-02  5.61891E-02  3.82358E-03  4.40823E-03
  1343.00000  9.73126E-02  0.00000E+00  3.30335E-02  5.60627E-02  3.81765E-03  4.39874E-03
  1344.00000  9.71215E-02  0.00000E+00  3.29839E-02  5.59367E-02  3.81173E-03  4.38928E-03
  1345.00000  9.69309E-02  0.00000E+00  3.29343E-02  5.58110E-02  3.80582E-03  4.37985E-03
  1346.00000  9.67409E-02  0.00000E+00  3.28848E-02  5.56857E-02  3.79993E-03  4.37044E-03
  1347.00000  9.65513E-02  0.00000E+00  3.28355E-02  5.55607E-02  3.79404E-03  4.36106E-03
  1348.00000  9.63622E-02  0.00000E+00  3.27862E-02  5.54361E-02  3.78818E-03  4.35170E-03
  1349.00000  9.61736E-02  0.00000E+00  3.27371E-02  5.53119E-02  3.78232E-03  4.34236E-03
  1350.00000  9.59855E-02  0.00000E+00  3.26880E-02  5.51880E-02  3.77648E-03  4.33306E-03
  1351.00000  9.57979E-02  0.00000E+00  3.26390E-02  5.50644E-02  3.77064E-03  4.32378E-03
  1352.00000  9.56108E-02  0.00000E+00  3.25902E-02  5.49412E-02  3.76483E-03  4.31452E-03
  1353.00000  9.54242E-02  0.00000E+00  3.25414E-02  5.48184E-02  3.75902E-03  4.30529E-03
  1354.00000  9.52380E-02  0.00000E+00  3.24928E-02  5.46959E-02  3.75323E-03  4.29608E-03
  1355.00000  9.50524E-02  0.00000E+00  3.24442E-02  5.45738E-02  3.74745E-03  4.28690E-03
  1356.00000  9.48673E-02  0.00000E+00  3.23958E-02  5.44521E-02  3.74168E-03  4.27774E-03
  1357.00000  9.46826E-02  0.00000E+00  3.23474E-02  5.43306E-02  3.73593E-03  4.26861E-03
  1358.00000  9.44984E-02  0.00000E+00  3.22992E-02  5.42095E-02  3.73018E-03  4.25950E-03
  1359.00000  9.43147E-02  0.00000E+00  3.22510E-02  5.40888E-02  3.72445E-03  4.25042E-03
  1360.00000  9.41315E-02  0.00000E+00  3.22030E-02  5.39684E-02  3.71874E-03  4.24136E-03
  1361.00000  9.39488E-02  0.00000E+00  3.21550E-02  5.38484E-02  3.71303E-03  4.23233E-03
  1362.00000  9.37665E-02  0.00000E+00  3.21072E-02  5.37287E-02  3.70734E-03  4.22332E-03
  1363.00000  9.35847E-02  0.00000E+00  3.20594E-02  5.36093E-02  3.70166E-03  4.21434E-03
  1364.00000  9.34034E-02  0.00000E+00  3.20117E-02  5.34903E-02  3.69599E-03  4.20538E-03
  1365.00000  9.32226E-02  0.00000E+00  3.19642E-02  5.33716E-02  3.69033E-03  4.19644E-03
  1366.00000  9.30422E-02  0.00000E+00  3.19167E-02  5.32533E-02  3.68469E-03  4.18753E-03
  1367.00000  9.28623E-02  0.00000E+00  3.18693E-02  5.31353E-02  3.67906E-03  4.17864E-03
  1368.00000  9.26829E-02  0.00000E+00  3.18221E-02  5.30176E-02  3.67344E-03  4.16978E-03
  1369.00000  9.25039E-02  0.00000E+00  3.17749E-02  5.29003E-02  3.66783E-03  4.16094E-03
  1370.00000  9.23254E-02  0.00000E+00  3.17278E-02  5.27833E-02  3.66223E-03  4.15213E-03
  1371.00000  9.21474E-02  0.00000E+00  3.16808E-02  5.26666E-02  3.65665E-03  4.14334E-03
  1372.00000  9.19698E-02  0.00000E+00  3.16339E-02  5.25503E-02  3.65108E-03  4.13457E-03
  1373.00000  9.17927E-02  0.00000E+00  3.15871E-02  5.24343E-02  3.64552E-03  4.12583E-03
  1374.00000  9.16161E-02  0.00000E+00  3.15404E-02  5.23186E-02  3.63997E-03  4.11711E-03
  1375.00000  9.14399E-02  0.00000E+00  3.14938E-02  5.22032E-02  3.63444E-03  4.10841E-03
  1376.00000  9.12642E-02  0.00000E+00  3.14473E-02  5.20882E-02  3.62891E-03  4.09974E-03
  1377.00000  9.10889E-02  0.00000E+00  3.14009E-02  5.19735E-02  3.62340E-03  4.09109E-03
  1378.00000  9.09141E-02  0.00000E+00  3.13546E-02  5.18592E-02  3.61790E-03  4.08246E-03
  1379.00000  9.07397E-02  0.00000E+00  3.13083E-02  5.17451E-02  3.61241E-03  4.07386E-03
  1380.00000  9.05658E-02  0.00000E+00  3.12622E-02  5.16314E-02  3.60693E-03  4.06528E-03
  1381.00000  9.03923E-02  0.00000E+00  3.12161E-02  5.15180E-02  3.60147E-03  4.05672E-03
  1382.00000  9.02193E-02  0.00000E+00  3.11702E-02  5.14049E-02  3.59601E-03  4.04819E-03
  1383.00000  9.00467E-02  0.00000E+00  3.11243E-02  5.12921E-02  3.59057E-03  4.03968E-03
  1384.00000  8.98746E-02  0.00000E+00  3.10785E-02  5.11797E-02  3.58514E-03  4.03119E-03
  1385.00000  8.97029E-02  0.00000E+00  3.10329E-02  5.10676E-02  3.57972E-03  4.02273E-03
  1386.00000  8.95316E-02  0.00000E+00  3.09873E-02  5.09558E-02  3.57432E-03  4.01429E-03
  1387.00000  8.93608E-02  0.00000E+00  3.09418E-02  5.08443E-02  3.56892E-03  4.00587E-03
  1388.00000  8.91905E-02  0.00000E+00  3.08964E-02  5.07331E-02  3.56353E-03  3.99747E-03
  1389.00000  8.90205E-02  0.00000E+00  3.08511E-02  5.06222E-02  3.55816E-03  3.98910E-03
  1390.00000  8.88510E-02  0.00000E+00  3.08058E-02  5.05117E-02  3.55280E-03  3.98075E-03
  1391.00000  8.86820E-02  0.00000E+00  3.07607E-02  5.04014E-02  3.54745E-03  3.97242E-03
  1392.00000  8.85134E-02  0.00000E+00  3.07157E-02  5.02915E-02  3.54211E-03  3.96411E-03
  1393.00000  8.83452E-02  0.00000E+00  3.06707E-02  5.01818E-02  3.53678E-03  3.95583E-03
  1394.00000  8.81774E-02  0.00000E+00  3.06259E-02  5.00725E-02  3.53146E-03  3.94757E-03
  1395.00000  8.80101E-02  0.00000E+00  3.05811E-02  4.99635E-02  3.52616E-03  3.93933E-03
  1396.00000  8.78432E-02  0.00000E+00  3.05364E-02  4.98548E-02  3.52086E-03  3.93111E-03
  1397.00000  8.76767E-02  0.00000E+00  3.04918E-02  4.97464E-02  3.51558E-03  3.92291E-03
  1398.00000  8.75106E-02  0.00000E+00  3.04473E-02  4.96383E-02  3.51031E-03  3.91474E-03
  1399.00000  8.73450E-02  0.00000E+00  3.04029E-02  4.95305E-02  3.50505E-03  3.90659E-03
  1400.00000  8.71798E-02  0.00000E+00  3.03585E-02  4.94230E-02  3.49980E-03  3.89846E-03
  1401.00000  8.70150E-02  0.00000E+00  3.03143E-02  4.93158E-02  3.49456E-03  3.89035E-03
  1402.00000  8.68507E-02  0.00000E+00  3.02701E-02  4.92090E-02  3.48933E-03  3.88226E-03
  1403.00000  8.66867E-02  0.00000E+00  3.02261E-02  4.91024E-02  3.48411E-03  3.87419E-03
  1404.00000  8.65232E-02  0.00000E+00  3.01821E-02  4.89961E-02  3.47890E-03  3.86615E-03
  1405.00000  8.63601E-02  0.00000E+00  3.01382E-02  4.88901E-02  3.47371E-03  3.85813E-03
  1406.00000  8.61974E-02  0.00000E+00  3.00944E-02  4.87844E-02  3.46852E-03  3.85012E-03
  1407.00000  8.60351E-02  0.00000E+00  3.00507E-02  4.86790E-02  3.46335E-03  3.84214E-03
  1408.00000  8.58732E-02  0.00000E+00  3.00070E-02  4.85739E-02  3.45818E-03  3.83418E-03
  1409.00000  8.57118E-02  0.00000E+00  2.99635E-02  4.84690E-02  3.45303E-03  3.82625E-03
  1410.00000  8.55507E-02  0.00000E+00  2.99200E-02  4.83645E-02  3.44789E-03  3.81833E-03
  1411.00000  8.53901E-02  0.00000E+00  2.98766E-02  4.82603E-02  3.44276E-03  3.81043E-03
  1412.00000  8.52299E-02  0.00000E+00  2.98333E-02  4.81563E-02  3.43764E-03  3.80256E-03
  1413.00000  8.50700E-02  0.00000E+00  2.97901E-02  4.80527E-02  3.43253E-03  3.79470E-03
  1414.00000  8.49106E-02  0.00000E+00  2.97470E-02  4.79493E-02  3.42743E-03  3.78687E-03
  1415.00000  8.47516E-02  0.00000E+00  2.97040E-02  4.78462E-02  3.42234E-03  3.77905E-03
  1416.00000  8.45930E-02  0.00000E+00  2.96610E-02  4.77434E-02  3.41726E-03  3.77126E-03
  1417.00000  8.44347E-02  0.00000E+00  2.96181E-02  4.76409E-02  3.41219E-03  3.76348E-03
  1418.00000  8.42769E-02  0.00000E+00  2.95754E-02  4.75387E-02  3.40714E-03  3.75573E-03
  1419.00000  8.41195E-02  0.00000E+00  2.95327E-02  4.74367E-02  3.40209E-03  3.74800E-03
  1420.00000  8.39625E-02  0.00000E+00  2.94900E-02  4.73351E-02  3.39705E-03  3.74029E-03
  1421.00000  8.38058E-02  0.00000E+00  2.94475E-02  4.72337E-02  3.39202E-03  3.73260E-03
  1422.00000  8.36496E-02  0.00000E+00  2.94051E-02  4.71326E-02  3.38701E-03  3.72492E-03
  1423.00000  8.34937E-02  0.00000E+00  2.93627E-02  4.70318E-02  3.38200E-03  3.71727E-03
  1424.00000  8.33383E-02  0.00000E+00  2.93204E-02  4.69312E-02  3.37701E-03  3.70964E-03
  1425.00000  8.31832E-02  0.00000E+00  2.92782E-02  4.68310E-02  3.37202E-03  3.70203E-03
  1426.00000  8.30286E-02  0.00000E+00  2.92361E-02  4.67310E-02  3.36705E-03  3.69443E-03
  1427.00000  8.28743E-02  0.00000E+00  2.91940E-02  4.66313E-02  3.36208E-03  3.68686E-03
  1428.00000  8.27204E-02  0.00000E+00  2.91521E-02  4.65318E-02  3.35713E-03  3.67931E-03
  1429.00000  8.25669E-02  0.00000E+00  2.91102E-02  4.64327E-02  3.35218E-03  3.67178E-03
  1430.00000  8.24137E-02  0.00000E+00  2.90684E-02  4.63338E-02  3.34725E-03  3.66426E-03
  1431.00000  8.22610E-02  0.00000E+00  2.90267E-02  4.62352E-02  3.34232E-03  3.65677E-03
  1432.00000  8.21086E-02  0.00000E+00  2.89851E-02  4.61368E-02  3.33741E-03  3.64929E-03
  1433.00000  8.19566E-02  0.00000E+00  2.89435E-02  4.60388E-02  3.33250E-03  3.64184E-03
  1434.00000  8.18050E-02  0.00000E+00  2.89021E-02  4.59410E-02  3.32761E-03  3.63440E-03
  1435.00000  8.16538E-02  0.00000E+00  2.88607E-02  4.58434E-02  3.32273E-03  3.62698E-03
  1436.00000  8.15029E-02  0.00000E+00  2.88194E-02  4.57461E-02  3.31785E-03  3.61958E-03
  1437.00000  8.13525E-02  0.00000E+00  2.87781E-02  4.56491E-02  3.31299E-03  3.61220E-03
  1438.00000  8.12024E-02  0.00000E+00  2.87370E-02  4.55524E-02  3.30813E-03  3.60484E-03
  1439.00000  8.10527E-02  0.00000E+00  2.86959E-02  4.54559E-02  3.30329E-03  3.59750E-03
  1440.00000  8.09033E-02  0.00000E+00  2.86549E-02  4.53597E-02  3.29845E-03  3.59018E-03
  1441.00000  8.07543E-02  0.00000E+00  2.86140E-02  4.52638E-02  3.29363E-03  3.58288E-03
  1442.00000  8.06057E-02  0.00000E+00  2.85732E-02  4.51681E-02  3.28881E-03  3.57559E-03
  1443.00000  8.04575E-02  0.00000E+00  2.85325E-02  4.50727E-02  3.28400E-03  3.56833E-03
  1444.00000  8.03096E-02  0.00000E+00  2.84918E-02  4.49775E-02  3.27921E-03  3.56108E-03
  1445.00000  8.01621E-02  0.00000E+00  2.84512E-02  4.48826E-02  3.27442E-03  3.55385E-03
  1446.00000  8.00149E-02  0.00000E+00  2.84107E-02  4.47880E-02  3.26964E-03  3.54664E-03
  1447.00000  7.98682E-02  0.00000E+00  2.83702E-02  4.46936E-02  3.26488E-03  3.53945E-03
  1448.00000  7.97217E-02  0.00000E+00  2.83299E-02  4.45995E-02  3.26012E-03  3.53228E-03
  1449.00000  7.95757E-02  0.00000E+00  2.82896E-02  4.45056E-02  3.25537E-03  3.52512E-03
  1450.00000  7.94300E-02  0.00000E+00  2.82494E-02  4.44120E-02  3.25063E-03  3.51798E-03
  1451.00000  7.92847E-02  0.00000E+00  2.82093E-02  4.43186E-02  3.24590E-03  3.51086E-03
  1452.00000  7.91397E-02  0.00000E+00  2.81692E-02  4.42255E-02  3.24118E-03  3.50376E-03
  1453.00000  7.89951E-02  0.00000E+00  2.81293E-02  4.41326E-02  3.23647E-03  3.49668E-03
  1454.00000  7.88508E-02  0.00000E+00  2.80894E-02  4.40400E-02  3.23177E-03  3.48962E-03
  1455.00000  7.87069E-02  0.00000E+00  2.80496E-02  4.39477E-02  3.22708E-03  3.48257E-03
  1456.00000  7.85634E-02  0.00000E+00  2.80098E-02  4.38556E-02  3.22240E-03  3.47554E-03
  1457.00000  7.84202E-02  0.00000E+00  2.79702E-02  4.37637E-02  3.21773E-03  3.46853E-03
  1458.00000  7.82773E-02  0.00000E+00  2.79306E-02  4.36721E-02  3.21306E-03  3.46154E-03
  1459.00000  7.81348E-02  0.00000E+00  2.78911E-02  4.35808E-02  3.20841E-03  3.45456E-03
  1460.00000  7.79927E-02  0.00000E+00  2.78517E-02  4.34897E-02  3.20376E-03  3.44760E-03
  1461.00000  7.78509E-02  0.00000E+00  2.78123E-02  4.33988E-02  3.19913E-03  3.44066E-03
  1462.00000  7.77094E-02  0.00000E+00  2.77730E-02  4.33082E-02  3.19450E-03  3.43374E-03
  1463.00000  7.75683E-02  0.00000E+00  2.77338E-02  4.32178E-02  3.18989E-03  3.42684E-03
  1464.00000  7.74276E-02  0.00000E+00  2.76947E-02  4.31277E-02  3.18528E-03  3.41995E-03
  1465.00000  7.72872E-02  0.00000E+00  2.76556E-02  4.30378E-02  3.18068E-03  3.41308E-03
  1466.00000  7.71471E-02  0.00000E+00  2.76167E-02  4.29481E-02  3.17609E-03  3.40623E-03
  1467.00000  7.70074E-02  0.00000E+00  2.75778E-02  4.28587E-02  3.17151E-03  3.39939E-03
  1468.00000  7.68680E-02  0.00000E+00  2.75389E-02  4.27695E-02  3.16694E-03  3.39257E-03
  1469.00000  7.67289E-02  0.00000E+00  2.75002E-02  4.26806E-02  3.16238E-03  3.38577E-03
  1470.00000  7.65902E-02  0.00000E+00  2.74615E-02  4.25919E-02  3.15782E-03  3.37899E-03
  1471.00000  7.64519E-02  0.00000E+00  2.74229E-02  4.25035E-02  3.15328E-03  3.37222E-03
  1472.00000  7.63138E-02  0.00000E+00  2.73844E-02  4.24153E-02  3.14874E-03  3.36547E-03
  1473.00000  7.61761E-02  0.00000E+00  2.73459E-02  4.23273E-02  3.14422E-03  3.35874E-03
  1474.00000  7.60388E-02  0.00000E+00  2.73075E-02  4.22395E-02  3.13970E-03  3.35202E-03
  1475.00000  7.59018E-02  0.00000E+00  2.72692E-02  4.21520E-02  3.13519E-03  3.34532E-03
  1476.00000  7.57651E-02  0.00000E+00  2.72310E-02  4.20648E-02  3.13069E-03  3.33864E-03
  1477.00000  7.56287E-02  0.00000E+00  2.71928E-02  4.19777E-02  3.12620E-03  3.33198E-03
  1478.00000  7.54927E-02  0.00000E+00  2.71547E-02  4.18909E-02  3.12172E-03  3.32533E-03
  1479.00000  7.53570E-02  0.00000E+00  2.71167E-02  4.18043E-02  3.11724E-03  3.31870E-03
  1480.00000  7.52216E-02  0.00000E+00  2.70788E-02  4.17180E-02  3.11278E-03  3.31208E-03
  1481.00000  7.50866E-02  0.00000E+00  2.70409E-02  4.16319E-02  3.10832E-03  3.30548E-03
  1482.00000  7.49519E-02  0.00000E+00  2.70031E-02  4.15460E-02  3.10388E-03  3.29890E-03
  1483.00000  7.48175E-02  0.00000E+00  2.69654E-02  4.14603E-02  3.09944E-03  3.29233E-03
  1484.00000  7.46834E-02  0.00000E+00  2.69277E-02  4.13749E-02  3.09501E-03  3.28578E-03
  1485.00000  7.45497E-02  0.00000E+00  2.68901E-02  4.12897E-02  3.09059E-03  3.27925E-03
  1486.00000  7.44162E-02  0.00000E+00  2.68526E-02  4.12047E-02  3.08618E-03  3.27273E-03
  1487.00000  7.42832E-02  0.00000E+00  2.68152E-02  4.11200E-02  3.08177E-03  3.26623E-03
  1488.00000  7.41504E-02  0.00000E+00  2.67778E-02  4.10354E-02  3.07738E-03  3.25975E-03
  1489.00000  7.40179E-02  0.00000E+00  2.67405E-02  4.09511E-02  3.07299E-03  3.25328E-03
  1490.00000  7.38858E-02  0.00000E+00  2.67033E-02  4.08670E-02  3.06861E-03  3.24683E-03
  1491.00000  7.37540E-02  0.00000E+00  2.66662E-02  4.07832E-02  3.06425E-03  3.24039E-03
  1492.00000  7.36225E-02  0.00000E+00  2.66291E-02  4.06995E-02  3.05989E-03  3.23397E-03
  1493.00000  7.34913E-02  0.00000E+00  2.65921E-02  4.06161E-02  3.05553E-03  3.22757E-03
  1494.00000  7.33604E-02  0.00000E+00  2.65551E-02  4.05329E-02  3.05119E-03  3.22118E-03
  1495.00000  7.32299E-02  0.00000E+00  2.65183E-02  4.04499E-02  3.04685E-03  3.21481E-03
  1496.00000  7.30996E-02  0.00000E+00  2.64815E-02  4.03672E-02  3.04253E-03  3.20845E-03
  1497.00000  7.29697E-02  0.00000E+00  2.64447E-02  4.02846E-02  3.03821E-03  3.20211E-03
  1498.00000  7.28401E-02  0.00000E+00  2.64081E-02  4.02023E-02  3.03390E-03  3.19579E-03
  1499.00000  7.27108E-02  0.00000E+00  2.63715E-02  4.01202E-02  3.02960E-03  3.18948E-03
  1500.00000  7.25818E-02  0.00000E+00  2.63350E-02  4.00383E-02  3.02530E-03  3.18319E-03


#
# Current date/time  :  8-Aug-2024 17:34:44
# elapsed real time  :  7.96 seconds on max-wne003.desy.de
# Job time(CPU_time) :  9.09 seconds on max-wne003.desy.de
