# ---------------------------------------------------------------------
# XATOM HFS : electronic structure of atoms and more, v2.0.0-15-g9da229
#
# Job started at  : 13-Oct-2025  9:50:35
# ---------------------------------------------------------------------
# Atom: Xe
#   nuclear charge:   54
#   total electrons:  54
#   total charge:     +0
#   configuration: 1s2_2s2_2p6_3s2_3p6_4s2_3d10_4p6_5s2_4d10_5p6
#
# Computational method:
#   exchange functional: Slater (Latter tail correction)
#   correlation functional: none
#
# Grid for the spherical coordinate:
#   N =  200
#   L parameter =      1.0
#   Rmax(a.u.)  =     50.0
#   lmax  =    2
#
# SCF converged after   27 iterations
#   energy convergence  = -6.146E-08
#   density convergence =  1.260E-08
#
# Energies: 
# - zeroth-order energy (a.u.):
#   SUM of E_orb   =   -4472.41193205  [   -121700.52 eV ]
#   (SUM of E_kin) =    7308.74200814
#   (Effec. pot E) =  -11781.15394019
#
# - first-order energy (a.u.): with DFT formula
#   Kinetic E      =    7308.74200814
#   E Latter corr  =      -0.03186153
#   Nuc-Elec pot E =  -17282.26547899    One-Elec E =   -9973.55533238
#
#   Hartree E      =    2922.88469410
#   Exchange E     =    -258.46949090
#   Correlation E  =       0.00000000    Two-Elec E =    2664.41520319
#   ---------------------------------
#   Total Energy   =   -7309.14012918  [   -198891.81 eV ]
#
#                E(0)        E(1)
# |E_TOT|  -121700.52  -198891.81
#
# Orbital energies: 
#        n_occ        E(a.u.)          E(eV)         KE(eV)
#   1s       2 -1217.19256680  -33121.493607   38993.008829
#   2s       2  -186.02006187   -5061.863224    8265.453797
#   2p       6  -175.52262903   -4776.213554    8312.175218
#   3s       2   -38.47349348   -1046.916982    2485.806082
#   3p       6   -33.95615843    -923.994046    2434.793869
#   4s       2    -7.09343736    -193.022244     729.017371
#   3d      10   -25.47861929    -693.308478    2325.953860
#   4p       6    -5.46288645    -148.652698     669.482516
#   5s       2    -0.80112475     -21.799713     135.777391
#   4d      10    -2.62990439     -71.563337     532.563966
#   5p       6    -0.41921389     -11.407390      96.494356
#
#              1s        2s        2p        3s        3p        4s        3d        4p        5s        4d        5p
# |SCF| -33121.49  -5061.86  -4776.21  -1046.92   -923.99   -193.02   -693.31   -148.65    -21.80    -71.56    -11.41
#
# Radial wavefunction information (a.u.): (r_m: r_max where |u(r)| >  1.0E-08)
#              <r>       <r^2>         r_m   norm. err
#   1s       0.028       0.001       0.465     3.4E-04
#   2s       0.121       0.017       1.235     3.6E-05
#   2p       0.103       0.013       1.240    -2.1E-07
#   3s       0.318       0.116       2.705     7.2E-06
#   3p       0.308       0.110       2.830    -1.0E-07
#   4s       0.738       0.614       6.115     1.5E-06
#   3d       0.278       0.091       3.125    -4.5E-08
#   4p       0.766       0.667       6.820    -9.2E-08
#   5s       1.877       3.985      17.770     8.9E-08
#   4d       0.848       0.837       9.310    -7.7E-08
#   5p       2.231       5.749      24.370    -1.3E-07
#
# Uniform grid parameters for continuum states:
#   N_uniform             =    4887
#   continuum_rmax(a.u.)  =      24.437 (internally determined)
#   dr(a.u.)              =   5.00E-03
#   threshold to determine r_m =   1.00E-08
#   continuum_rmax is just right next to r_m in radial grid.
#
# Photoabsorption cross section (in Mb):
P.E.(eV)        Total         1s           2s           2p           3s           3p           4s           3d           4p           5s           4d           5p  
  4600.00000  5.50385E-02  0.00000E+00  0.00000E+00  0.00000E+00  7.65792E-03  2.29656E-02  1.74458E-03  1.50365E-02  4.48972E-03  2.60278E-04  2.38899E-03  4.94876E-04
  4601.00000  5.50070E-02  0.00000E+00  0.00000E+00  0.00000E+00  7.65473E-03  2.29537E-02  1.74383E-03  1.50253E-02  4.48739E-03  2.60165E-04  2.38728E-03  4.94618E-04
  4602.00000  5.49756E-02  0.00000E+00  0.00000E+00  0.00000E+00  7.65154E-03  2.29418E-02  1.74308E-03  1.50141E-02  4.48507E-03  2.60052E-04  2.38557E-03  4.94360E-04
  4603.00000  5.49442E-02  0.00000E+00  0.00000E+00  0.00000E+00  7.64835E-03  2.29299E-02  1.74234E-03  1.50029E-02  4.48275E-03  2.59939E-04  2.38387E-03  4.94102E-04
  4604.00000  5.49128E-02  0.00000E+00  0.00000E+00  0.00000E+00  7.64516E-03  2.29181E-02  1.74159E-03  1.49917E-02  4.48042E-03  2.59826E-04  2.38216E-03  4.93844E-04
  4605.00000  5.48814E-02  0.00000E+00  0.00000E+00  0.00000E+00  7.64198E-03  2.29062E-02  1.74085E-03  1.49805E-02  4.47810E-03  2.59714E-04  2.38046E-03  4.93587E-04
  4606.00000  5.48501E-02  0.00000E+00  0.00000E+00  0.00000E+00  7.63880E-03  2.28944E-02  1.74010E-03  1.49694E-02  4.47579E-03  2.59601E-04  2.37876E-03  4.93330E-04
  4607.00000  5.48188E-02  0.00000E+00  0.00000E+00  0.00000E+00  7.63561E-03  2.28825E-02  1.73935E-03  1.49582E-02  4.47347E-03  2.59489E-04  2.37706E-03  4.93073E-04
  4608.00000  5.47875E-02  0.00000E+00  0.00000E+00  0.00000E+00  7.63244E-03  2.28707E-02  1.73861E-03  1.49471E-02  4.47115E-03  2.59376E-04  2.37536E-03  4.92816E-04
  4609.00000  5.47562E-02  0.00000E+00  0.00000E+00  0.00000E+00  7.62926E-03  2.28588E-02  1.73787E-03  1.49359E-02  4.46884E-03  2.59264E-04  2.37366E-03  4.92560E-04
  4610.00000  5.47250E-02  0.00000E+00  0.00000E+00  0.00000E+00  7.62608E-03  2.28470E-02  1.73712E-03  1.49248E-02  4.46653E-03  2.59152E-04  2.37197E-03  4.92303E-04
  4611.00000  5.46937E-02  0.00000E+00  0.00000E+00  0.00000E+00  7.62291E-03  2.28352E-02  1.73638E-03  1.49137E-02  4.46422E-03  2.59040E-04  2.37028E-03  4.92047E-04
  4612.00000  5.46626E-02  0.00000E+00  0.00000E+00  0.00000E+00  7.61974E-03  2.28234E-02  1.73564E-03  1.49026E-02  4.46191E-03  2.58928E-04  2.36858E-03  4.91791E-04
  4613.00000  5.46314E-02  0.00000E+00  0.00000E+00  0.00000E+00  7.61657E-03  2.28116E-02  1.73489E-03  1.48915E-02  4.45960E-03  2.58816E-04  2.36689E-03  4.91536E-04
  4614.00000  5.46002E-02  0.00000E+00  0.00000E+00  0.00000E+00  7.61340E-03  2.27998E-02  1.73415E-03  1.48804E-02  4.45730E-03  2.58704E-04  2.36521E-03  4.91280E-04
  4615.00000  5.45691E-02  0.00000E+00  0.00000E+00  0.00000E+00  7.61024E-03  2.27880E-02  1.73341E-03  1.48693E-02  4.45499E-03  2.58592E-04  2.36352E-03  4.91025E-04
  4616.00000  5.45380E-02  0.00000E+00  0.00000E+00  0.00000E+00  7.60708E-03  2.27762E-02  1.73267E-03  1.48583E-02  4.45269E-03  2.58480E-04  2.36183E-03  4.90770E-04
  4617.00000  5.45070E-02  0.00000E+00  0.00000E+00  0.00000E+00  7.60391E-03  2.27645E-02  1.73193E-03  1.48472E-02  4.45039E-03  2.58368E-04  2.36015E-03  4.90515E-04
  4618.00000  5.44759E-02  0.00000E+00  0.00000E+00  0.00000E+00  7.60075E-03  2.27527E-02  1.73119E-03  1.48362E-02  4.44809E-03  2.58257E-04  2.35847E-03  4.90261E-04
  4619.00000  5.44449E-02  0.00000E+00  0.00000E+00  0.00000E+00  7.59760E-03  2.27410E-02  1.73045E-03  1.48252E-02  4.44579E-03  2.58145E-04  2.35678E-03  4.90007E-04
  4620.00000  5.44139E-02  0.00000E+00  0.00000E+00  0.00000E+00  7.59444E-03  2.27292E-02  1.72971E-03  1.48141E-02  4.44350E-03  2.58034E-04  2.35510E-03  4.89753E-04
  4621.00000  5.43829E-02  0.00000E+00  0.00000E+00  0.00000E+00  7.59129E-03  2.27175E-02  1.72897E-03  1.48031E-02  4.44120E-03  2.57922E-04  2.35343E-03  4.89499E-04
  4622.00000  5.43520E-02  0.00000E+00  0.00000E+00  0.00000E+00  7.58813E-03  2.27057E-02  1.72823E-03  1.47921E-02  4.43891E-03  2.57811E-04  2.35175E-03  4.89245E-04
  4623.00000  5.43210E-02  0.00000E+00  0.00000E+00  0.00000E+00  7.58498E-03  2.26940E-02  1.72750E-03  1.47811E-02  4.43662E-03  2.57700E-04  2.35007E-03  4.88992E-04
  4624.00000  5.42901E-02  0.00000E+00  0.00000E+00  0.00000E+00  7.58183E-03  2.26823E-02  1.72676E-03  1.47702E-02  4.43433E-03  2.57588E-04  2.34840E-03  4.88738E-04
  4625.00000  5.42592E-02  0.00000E+00  0.00000E+00  0.00000E+00  7.57869E-03  2.26706E-02  1.72602E-03  1.47592E-02  4.43204E-03  2.57477E-04  2.34673E-03  4.88486E-04
  4626.00000  5.42284E-02  0.00000E+00  0.00000E+00  0.00000E+00  7.57554E-03  2.26589E-02  1.72529E-03  1.47482E-02  4.42975E-03  2.57366E-04  2.34506E-03  4.88233E-04
  4627.00000  5.41976E-02  0.00000E+00  0.00000E+00  0.00000E+00  7.57240E-03  2.26472E-02  1.72455E-03  1.47373E-02  4.42747E-03  2.57255E-04  2.34339E-03  4.87980E-04
  4628.00000  5.41668E-02  0.00000E+00  0.00000E+00  0.00000E+00  7.56926E-03  2.26356E-02  1.72381E-03  1.47263E-02  4.42518E-03  2.57144E-04  2.34172E-03  4.87728E-04
  4629.00000  5.41360E-02  0.00000E+00  0.00000E+00  0.00000E+00  7.56612E-03  2.26239E-02  1.72308E-03  1.47154E-02  4.42290E-03  2.57034E-04  2.34005E-03  4.87476E-04
  4630.00000  5.41052E-02  0.00000E+00  0.00000E+00  0.00000E+00  7.56298E-03  2.26122E-02  1.72234E-03  1.47045E-02  4.42062E-03  2.56923E-04  2.33839E-03  4.87224E-04
  4631.00000  5.40745E-02  0.00000E+00  0.00000E+00  0.00000E+00  7.55985E-03  2.26006E-02  1.72161E-03  1.46936E-02  4.41834E-03  2.56812E-04  2.33672E-03  4.86972E-04
  4632.00000  5.40438E-02  0.00000E+00  0.00000E+00  0.00000E+00  7.55671E-03  2.25889E-02  1.72088E-03  1.46827E-02  4.41607E-03  2.56702E-04  2.33506E-03  4.86721E-04
  4633.00000  5.40131E-02  0.00000E+00  0.00000E+00  0.00000E+00  7.55358E-03  2.25773E-02  1.72014E-03  1.46718E-02  4.41379E-03  2.56591E-04  2.33340E-03  4.86470E-04
  4634.00000  5.39824E-02  0.00000E+00  0.00000E+00  0.00000E+00  7.55045E-03  2.25657E-02  1.71941E-03  1.46609E-02  4.41152E-03  2.56481E-04  2.33174E-03  4.86219E-04
  4635.00000  5.39518E-02  0.00000E+00  0.00000E+00  0.00000E+00  7.54732E-03  2.25540E-02  1.71868E-03  1.46501E-02  4.40924E-03  2.56370E-04  2.33009E-03  4.85968E-04
  4636.00000  5.39211E-02  0.00000E+00  0.00000E+00  0.00000E+00  7.54420E-03  2.25424E-02  1.71795E-03  1.46392E-02  4.40697E-03  2.56260E-04  2.32843E-03  4.85718E-04
  4637.00000  5.38906E-02  0.00000E+00  0.00000E+00  0.00000E+00  7.54107E-03  2.25308E-02  1.71722E-03  1.46284E-02  4.40470E-03  2.56150E-04  2.32678E-03  4.85467E-04
  4638.00000  5.38600E-02  0.00000E+00  0.00000E+00  0.00000E+00  7.53795E-03  2.25192E-02  1.71649E-03  1.46175E-02  4.40243E-03  2.56040E-04  2.32512E-03  4.85217E-04
  4639.00000  5.38294E-02  0.00000E+00  0.00000E+00  0.00000E+00  7.53483E-03  2.25076E-02  1.71575E-03  1.46067E-02  4.40017E-03  2.55930E-04  2.32347E-03  4.84967E-04
  4640.00000  5.37989E-02  0.00000E+00  0.00000E+00  0.00000E+00  7.53171E-03  2.24960E-02  1.71503E-03  1.45959E-02  4.39790E-03  2.55820E-04  2.32182E-03  4.84717E-04
  4641.00000  5.37684E-02  0.00000E+00  0.00000E+00  0.00000E+00  7.52860E-03  2.24845E-02  1.71430E-03  1.45851E-02  4.39564E-03  2.55710E-04  2.32017E-03  4.84468E-04
  4642.00000  5.37379E-02  0.00000E+00  0.00000E+00  0.00000E+00  7.52548E-03  2.24729E-02  1.71357E-03  1.45743E-02  4.39338E-03  2.55600E-04  2.31852E-03  4.84219E-04
  4643.00000  5.37075E-02  0.00000E+00  0.00000E+00  0.00000E+00  7.52237E-03  2.24613E-02  1.71284E-03  1.45635E-02  4.39112E-03  2.55491E-04  2.31688E-03  4.83970E-04
  4644.00000  5.36771E-02  0.00000E+00  0.00000E+00  0.00000E+00  7.51926E-03  2.24498E-02  1.71211E-03  1.45527E-02  4.38886E-03  2.55381E-04  2.31523E-03  4.83721E-04
  4645.00000  5.36467E-02  0.00000E+00  0.00000E+00  0.00000E+00  7.51615E-03  2.24382E-02  1.71138E-03  1.45419E-02  4.38660E-03  2.55271E-04  2.31359E-03  4.83472E-04
  4646.00000  5.36163E-02  0.00000E+00  0.00000E+00  0.00000E+00  7.51304E-03  2.24267E-02  1.71066E-03  1.45312E-02  4.38435E-03  2.55162E-04  2.31195E-03  4.83224E-04
  4647.00000  5.35859E-02  0.00000E+00  0.00000E+00  0.00000E+00  7.50994E-03  2.24152E-02  1.70993E-03  1.45204E-02  4.38209E-03  2.55053E-04  2.31031E-03  4.82975E-04
  4648.00000  5.35556E-02  0.00000E+00  0.00000E+00  0.00000E+00  7.50683E-03  2.24037E-02  1.70920E-03  1.45097E-02  4.37984E-03  2.54943E-04  2.30867E-03  4.82727E-04
  4649.00000  5.35253E-02  0.00000E+00  0.00000E+00  0.00000E+00  7.50373E-03  2.23921E-02  1.70848E-03  1.44990E-02  4.37759E-03  2.54834E-04  2.30703E-03  4.82480E-04
  4650.00000  5.34950E-02  0.00000E+00  0.00000E+00  0.00000E+00  7.50063E-03  2.23806E-02  1.70775E-03  1.44882E-02  4.37534E-03  2.54725E-04  2.30540E-03  4.82232E-04
  4651.00000  5.34647E-02  0.00000E+00  0.00000E+00  0.00000E+00  7.49754E-03  2.23691E-02  1.70703E-03  1.44775E-02  4.37309E-03  2.54616E-04  2.30376E-03  4.81984E-04
  4652.00000  5.34345E-02  0.00000E+00  0.00000E+00  0.00000E+00  7.49444E-03  2.23577E-02  1.70630E-03  1.44668E-02  4.37085E-03  2.54507E-04  2.30213E-03  4.81737E-04
  4653.00000  5.34042E-02  0.00000E+00  0.00000E+00  0.00000E+00  7.49135E-03  2.23462E-02  1.70558E-03  1.44562E-02  4.36860E-03  2.54398E-04  2.30050E-03  4.81490E-04
  4654.00000  5.33740E-02  0.00000E+00  0.00000E+00  0.00000E+00  7.48825E-03  2.23347E-02  1.70485E-03  1.44455E-02  4.36636E-03  2.54289E-04  2.29887E-03  4.81243E-04
  4655.00000  5.33439E-02  0.00000E+00  0.00000E+00  0.00000E+00  7.48516E-03  2.23232E-02  1.70413E-03  1.44348E-02  4.36412E-03  2.54180E-04  2.29724E-03  4.80997E-04
  4656.00000  5.33137E-02  0.00000E+00  0.00000E+00  0.00000E+00  7.48207E-03  2.23118E-02  1.70341E-03  1.44241E-02  4.36188E-03  2.54072E-04  2.29561E-03  4.80750E-04
  4657.00000  5.32836E-02  0.00000E+00  0.00000E+00  0.00000E+00  7.47899E-03  2.23003E-02  1.70269E-03  1.44135E-02  4.35964E-03  2.53963E-04  2.29399E-03  4.80504E-04
  4658.00000  5.32535E-02  0.00000E+00  0.00000E+00  0.00000E+00  7.47590E-03  2.22889E-02  1.70196E-03  1.44029E-02  4.35740E-03  2.53855E-04  2.29236E-03  4.80258E-04
  4659.00000  5.32234E-02  0.00000E+00  0.00000E+00  0.00000E+00  7.47282E-03  2.22775E-02  1.70124E-03  1.43922E-02  4.35517E-03  2.53746E-04  2.29074E-03  4.80012E-04
  4660.00000  5.31933E-02  0.00000E+00  0.00000E+00  0.00000E+00  7.46974E-03  2.22660E-02  1.70052E-03  1.43816E-02  4.35293E-03  2.53638E-04  2.28912E-03  4.79766E-04
  4661.00000  5.31633E-02  0.00000E+00  0.00000E+00  0.00000E+00  7.46666E-03  2.22546E-02  1.69980E-03  1.43710E-02  4.35070E-03  2.53530E-04  2.28750E-03  4.79521E-04
  4662.00000  5.31333E-02  0.00000E+00  0.00000E+00  0.00000E+00  7.46358E-03  2.22432E-02  1.69908E-03  1.43604E-02  4.34847E-03  2.53422E-04  2.28588E-03  4.79276E-04
  4663.00000  5.31033E-02  0.00000E+00  0.00000E+00  0.00000E+00  7.46051E-03  2.22318E-02  1.69836E-03  1.43498E-02  4.34624E-03  2.53313E-04  2.28426E-03  4.79031E-04
  4664.00000  5.30733E-02  0.00000E+00  0.00000E+00  0.00000E+00  7.45743E-03  2.22204E-02  1.69764E-03  1.43392E-02  4.34401E-03  2.53205E-04  2.28265E-03  4.78786E-04
  4665.00000  5.30434E-02  0.00000E+00  0.00000E+00  0.00000E+00  7.45436E-03  2.22090E-02  1.69692E-03  1.43286E-02  4.34179E-03  2.53098E-04  2.28103E-03  4.78541E-04
  4666.00000  5.30135E-02  0.00000E+00  0.00000E+00  0.00000E+00  7.45129E-03  2.21976E-02  1.69621E-03  1.43181E-02  4.33956E-03  2.52990E-04  2.27942E-03  4.78296E-04
  4667.00000  5.29836E-02  0.00000E+00  0.00000E+00  0.00000E+00  7.44822E-03  2.21862E-02  1.69549E-03  1.43075E-02  4.33734E-03  2.52882E-04  2.27781E-03  4.78052E-04
  4668.00000  5.29537E-02  0.00000E+00  0.00000E+00  0.00000E+00  7.44515E-03  2.21749E-02  1.69477E-03  1.42970E-02  4.33512E-03  2.52774E-04  2.27620E-03  4.77808E-04
  4669.00000  5.29238E-02  0.00000E+00  0.00000E+00  0.00000E+00  7.44209E-03  2.21635E-02  1.69405E-03  1.42865E-02  4.33290E-03  2.52667E-04  2.27459E-03  4.77564E-04
  4670.00000  5.28940E-02  0.00000E+00  0.00000E+00  0.00000E+00  7.43902E-03  2.21522E-02  1.69334E-03  1.42759E-02  4.33068E-03  2.52559E-04  2.27298E-03  4.77320E-04
  4671.00000  5.28642E-02  0.00000E+00  0.00000E+00  0.00000E+00  7.43596E-03  2.21408E-02  1.69262E-03  1.42654E-02  4.32846E-03  2.52452E-04  2.27137E-03  4.77076E-04
  4672.00000  5.28344E-02  0.00000E+00  0.00000E+00  0.00000E+00  7.43290E-03  2.21295E-02  1.69190E-03  1.42549E-02  4.32625E-03  2.52344E-04  2.26977E-03  4.76833E-04
  4673.00000  5.28046E-02  0.00000E+00  0.00000E+00  0.00000E+00  7.42985E-03  2.21182E-02  1.69119E-03  1.42444E-02  4.32403E-03  2.52237E-04  2.26817E-03  4.76590E-04
  4674.00000  5.27749E-02  0.00000E+00  0.00000E+00  0.00000E+00  7.42679E-03  2.21068E-02  1.69047E-03  1.42339E-02  4.32182E-03  2.52130E-04  2.26656E-03  4.76347E-04
  4675.00000  5.27452E-02  0.00000E+00  0.00000E+00  0.00000E+00  7.42373E-03  2.20955E-02  1.68976E-03  1.42235E-02  4.31961E-03  2.52022E-04  2.26496E-03  4.76104E-04
  4676.00000  5.27155E-02  0.00000E+00  0.00000E+00  0.00000E+00  7.42068E-03  2.20842E-02  1.68905E-03  1.42130E-02  4.31740E-03  2.51915E-04  2.26337E-03  4.75861E-04
  4677.00000  5.26858E-02  0.00000E+00  0.00000E+00  0.00000E+00  7.41763E-03  2.20729E-02  1.68833E-03  1.42025E-02  4.31519E-03  2.51808E-04  2.26177E-03  4.75619E-04
  4678.00000  5.26562E-02  0.00000E+00  0.00000E+00  0.00000E+00  7.41458E-03  2.20616E-02  1.68762E-03  1.41921E-02  4.31298E-03  2.51701E-04  2.26017E-03  4.75376E-04
  4679.00000  5.26265E-02  0.00000E+00  0.00000E+00  0.00000E+00  7.41153E-03  2.20504E-02  1.68691E-03  1.41817E-02  4.31078E-03  2.51595E-04  2.25858E-03  4.75134E-04
  4680.00000  5.25969E-02  0.00000E+00  0.00000E+00  0.00000E+00  7.40849E-03  2.20391E-02  1.68619E-03  1.41712E-02  4.30857E-03  2.51488E-04  2.25698E-03  4.74892E-04
  4681.00000  5.25674E-02  0.00000E+00  0.00000E+00  0.00000E+00  7.40545E-03  2.20278E-02  1.68548E-03  1.41608E-02  4.30637E-03  2.51381E-04  2.25539E-03  4.74651E-04
  4682.00000  5.25378E-02  0.00000E+00  0.00000E+00  0.00000E+00  7.40240E-03  2.20166E-02  1.68477E-03  1.41504E-02  4.30417E-03  2.51274E-04  2.25380E-03  4.74409E-04
  4683.00000  5.25083E-02  0.00000E+00  0.00000E+00  0.00000E+00  7.39936E-03  2.20053E-02  1.68406E-03  1.41400E-02  4.30197E-03  2.51168E-04  2.25221E-03  4.74168E-04
  4684.00000  5.24788E-02  0.00000E+00  0.00000E+00  0.00000E+00  7.39633E-03  2.19941E-02  1.68335E-03  1.41296E-02  4.29977E-03  2.51061E-04  2.25063E-03  4.73926E-04
  4685.00000  5.24493E-02  0.00000E+00  0.00000E+00  0.00000E+00  7.39329E-03  2.19828E-02  1.68264E-03  1.41192E-02  4.29758E-03  2.50955E-04  2.24904E-03  4.73685E-04
  4686.00000  5.24198E-02  0.00000E+00  0.00000E+00  0.00000E+00  7.39025E-03  2.19716E-02  1.68193E-03  1.41089E-02  4.29538E-03  2.50849E-04  2.24746E-03  4.73444E-04
  4687.00000  5.23904E-02  0.00000E+00  0.00000E+00  0.00000E+00  7.38722E-03  2.19604E-02  1.68122E-03  1.40985E-02  4.29319E-03  2.50742E-04  2.24587E-03  4.73204E-04
  4688.00000  5.23609E-02  0.00000E+00  0.00000E+00  0.00000E+00  7.38419E-03  2.19492E-02  1.68051E-03  1.40882E-02  4.29100E-03  2.50636E-04  2.24429E-03  4.72963E-04
  4689.00000  5.23315E-02  0.00000E+00  0.00000E+00  0.00000E+00  7.38116E-03  2.19380E-02  1.67980E-03  1.40778E-02  4.28880E-03  2.50530E-04  2.24271E-03  4.72723E-04
  4690.00000  5.23022E-02  0.00000E+00  0.00000E+00  0.00000E+00  7.37813E-03  2.19268E-02  1.67910E-03  1.40675E-02  4.28662E-03  2.50424E-04  2.24113E-03  4.72483E-04
  4691.00000  5.22728E-02  0.00000E+00  0.00000E+00  0.00000E+00  7.37511E-03  2.19156E-02  1.67839E-03  1.40572E-02  4.28443E-03  2.50318E-04  2.23955E-03  4.72243E-04
  4692.00000  5.22435E-02  0.00000E+00  0.00000E+00  0.00000E+00  7.37209E-03  2.19044E-02  1.67768E-03  1.40469E-02  4.28224E-03  2.50212E-04  2.23798E-03  4.72003E-04
  4693.00000  5.22142E-02  0.00000E+00  0.00000E+00  0.00000E+00  7.36906E-03  2.18932E-02  1.67697E-03  1.40366E-02  4.28006E-03  2.50107E-04  2.23640E-03  4.71764E-04
  4694.00000  5.21849E-02  0.00000E+00  0.00000E+00  0.00000E+00  7.36604E-03  2.18821E-02  1.67627E-03  1.40263E-02  4.27787E-03  2.50001E-04  2.23483E-03  4.71524E-04
  4695.00000  5.21556E-02  0.00000E+00  0.00000E+00  0.00000E+00  7.36302E-03  2.18709E-02  1.67556E-03  1.40160E-02  4.27569E-03  2.49895E-04  2.23326E-03  4.71285E-04
  4696.00000  5.21264E-02  0.00000E+00  0.00000E+00  0.00000E+00  7.36001E-03  2.18598E-02  1.67486E-03  1.40057E-02  4.27351E-03  2.49790E-04  2.23169E-03  4.71046E-04
  4697.00000  5.20971E-02  0.00000E+00  0.00000E+00  0.00000E+00  7.35699E-03  2.18486E-02  1.67415E-03  1.39954E-02  4.27133E-03  2.49684E-04  2.23012E-03  4.70807E-04
  4698.00000  5.20679E-02  0.00000E+00  0.00000E+00  0.00000E+00  7.35398E-03  2.18375E-02  1.67345E-03  1.39852E-02  4.26916E-03  2.49579E-04  2.22855E-03  4.70569E-04
  4699.00000  5.20388E-02  0.00000E+00  0.00000E+00  0.00000E+00  7.35097E-03  2.18264E-02  1.67274E-03  1.39749E-02  4.26698E-03  2.49473E-04  2.22698E-03  4.70330E-04
  4700.00000  5.20096E-02  0.00000E+00  0.00000E+00  0.00000E+00  7.34796E-03  2.18152E-02  1.67204E-03  1.39647E-02  4.26481E-03  2.49368E-04  2.22542E-03  4.70092E-04
  4701.00000  5.19805E-02  0.00000E+00  0.00000E+00  0.00000E+00  7.34495E-03  2.18041E-02  1.67134E-03  1.39545E-02  4.26263E-03  2.49263E-04  2.22385E-03  4.69854E-04
  4702.00000  5.19514E-02  0.00000E+00  0.00000E+00  0.00000E+00  7.34195E-03  2.17930E-02  1.67064E-03  1.39442E-02  4.26046E-03  2.49158E-04  2.22229E-03  4.69616E-04
  4703.00000  5.19223E-02  0.00000E+00  0.00000E+00  0.00000E+00  7.33894E-03  2.17819E-02  1.66993E-03  1.39340E-02  4.25829E-03  2.49053E-04  2.22073E-03  4.69378E-04
  4704.00000  5.18932E-02  0.00000E+00  0.00000E+00  0.00000E+00  7.33594E-03  2.17708E-02  1.66923E-03  1.39238E-02  4.25612E-03  2.48948E-04  2.21917E-03  4.69141E-04
  4705.00000  5.18642E-02  0.00000E+00  0.00000E+00  0.00000E+00  7.33294E-03  2.17598E-02  1.66853E-03  1.39136E-02  4.25396E-03  2.48843E-04  2.21761E-03  4.68903E-04
  4706.00000  5.18352E-02  0.00000E+00  0.00000E+00  0.00000E+00  7.32994E-03  2.17487E-02  1.66783E-03  1.39035E-02  4.25179E-03  2.48738E-04  2.21605E-03  4.68666E-04
  4707.00000  5.18062E-02  0.00000E+00  0.00000E+00  0.00000E+00  7.32695E-03  2.17376E-02  1.66713E-03  1.38933E-02  4.24963E-03  2.48633E-04  2.21450E-03  4.68429E-04
  4708.00000  5.17772E-02  0.00000E+00  0.00000E+00  0.00000E+00  7.32395E-03  2.17265E-02  1.66643E-03  1.38831E-02  4.24747E-03  2.48529E-04  2.21294E-03  4.68192E-04
  4709.00000  5.17482E-02  0.00000E+00  0.00000E+00  0.00000E+00  7.32096E-03  2.17155E-02  1.66573E-03  1.38730E-02  4.24530E-03  2.48424E-04  2.21139E-03  4.67956E-04
  4710.00000  5.17193E-02  0.00000E+00  0.00000E+00  0.00000E+00  7.31797E-03  2.17044E-02  1.66503E-03  1.38628E-02  4.24314E-03  2.48320E-04  2.20984E-03  4.67719E-04
  4711.00000  5.16904E-02  0.00000E+00  0.00000E+00  0.00000E+00  7.31498E-03  2.16934E-02  1.66433E-03  1.38527E-02  4.24099E-03  2.48215E-04  2.20829E-03  4.67483E-04
  4712.00000  5.16615E-02  0.00000E+00  0.00000E+00  0.00000E+00  7.31199E-03  2.16824E-02  1.66363E-03  1.38426E-02  4.23883E-03  2.48111E-04  2.20674E-03  4.67247E-04
  4713.00000  5.16326E-02  0.00000E+00  0.00000E+00  0.00000E+00  7.30900E-03  2.16714E-02  1.66294E-03  1.38325E-02  4.23668E-03  2.48007E-04  2.20519E-03  4.67011E-04
  4714.00000  5.16038E-02  0.00000E+00  0.00000E+00  0.00000E+00  7.30602E-03  2.16603E-02  1.66224E-03  1.38223E-02  4.23452E-03  2.47902E-04  2.20364E-03  4.66775E-04
  4715.00000  5.15750E-02  0.00000E+00  0.00000E+00  0.00000E+00  7.30304E-03  2.16493E-02  1.66154E-03  1.38122E-02  4.23237E-03  2.47798E-04  2.20210E-03  4.66540E-04
  4716.00000  5.15462E-02  0.00000E+00  0.00000E+00  0.00000E+00  7.30006E-03  2.16383E-02  1.66084E-03  1.38022E-02  4.23022E-03  2.47694E-04  2.20055E-03  4.66304E-04
  4717.00000  5.15174E-02  0.00000E+00  0.00000E+00  0.00000E+00  7.29708E-03  2.16273E-02  1.66015E-03  1.37921E-02  4.22807E-03  2.47590E-04  2.19901E-03  4.66069E-04
  4718.00000  5.14886E-02  0.00000E+00  0.00000E+00  0.00000E+00  7.29410E-03  2.16163E-02  1.65945E-03  1.37820E-02  4.22592E-03  2.47486E-04  2.19747E-03  4.65834E-04
  4719.00000  5.14599E-02  0.00000E+00  0.00000E+00  0.00000E+00  7.29113E-03  2.16054E-02  1.65876E-03  1.37719E-02  4.22378E-03  2.47382E-04  2.19593E-03  4.65599E-04
  4720.00000  5.14312E-02  0.00000E+00  0.00000E+00  0.00000E+00  7.28815E-03  2.15944E-02  1.65806E-03  1.37619E-02  4.22163E-03  2.47279E-04  2.19439E-03  4.65365E-04
  4721.00000  5.14025E-02  0.00000E+00  0.00000E+00  0.00000E+00  7.28518E-03  2.15834E-02  1.65737E-03  1.37518E-02  4.21949E-03  2.47175E-04  2.19286E-03  4.65130E-04
  4722.00000  5.13738E-02  0.00000E+00  0.00000E+00  0.00000E+00  7.28221E-03  2.15725E-02  1.65667E-03  1.37418E-02  4.21735E-03  2.47071E-04  2.19132E-03  4.64896E-04
  4723.00000  5.13451E-02  0.00000E+00  0.00000E+00  0.00000E+00  7.27924E-03  2.15615E-02  1.65598E-03  1.37318E-02  4.21521E-03  2.46968E-04  2.18979E-03  4.64662E-04
  4724.00000  5.13165E-02  0.00000E+00  0.00000E+00  0.00000E+00  7.27627E-03  2.15506E-02  1.65529E-03  1.37218E-02  4.21307E-03  2.46864E-04  2.18825E-03  4.64428E-04
  4725.00000  5.12879E-02  0.00000E+00  0.00000E+00  0.00000E+00  7.27331E-03  2.15396E-02  1.65459E-03  1.37118E-02  4.21093E-03  2.46761E-04  2.18672E-03  4.64194E-04
  4726.00000  5.12593E-02  0.00000E+00  0.00000E+00  0.00000E+00  7.27035E-03  2.15287E-02  1.65390E-03  1.37018E-02  4.20879E-03  2.46657E-04  2.18519E-03  4.63960E-04
  4727.00000  5.12307E-02  0.00000E+00  0.00000E+00  0.00000E+00  7.26738E-03  2.15178E-02  1.65321E-03  1.36918E-02  4.20666E-03  2.46554E-04  2.18366E-03  4.63727E-04
  4728.00000  5.12022E-02  0.00000E+00  0.00000E+00  0.00000E+00  7.26442E-03  2.15069E-02  1.65252E-03  1.36818E-02  4.20453E-03  2.46451E-04  2.18213E-03  4.63493E-04
  4729.00000  5.11737E-02  0.00000E+00  0.00000E+00  0.00000E+00  7.26147E-03  2.14960E-02  1.65183E-03  1.36718E-02  4.20239E-03  2.46348E-04  2.18061E-03  4.63260E-04
  4730.00000  5.11452E-02  0.00000E+00  0.00000E+00  0.00000E+00  7.25851E-03  2.14851E-02  1.65114E-03  1.36619E-02  4.20026E-03  2.46245E-04  2.17908E-03  4.63027E-04
  4731.00000  5.11167E-02  0.00000E+00  0.00000E+00  0.00000E+00  7.25555E-03  2.14742E-02  1.65044E-03  1.36519E-02  4.19814E-03  2.46142E-04  2.17756E-03  4.62794E-04
  4732.00000  5.10882E-02  0.00000E+00  0.00000E+00  0.00000E+00  7.25260E-03  2.14633E-02  1.64975E-03  1.36420E-02  4.19601E-03  2.46039E-04  2.17604E-03  4.62562E-04
  4733.00000  5.10598E-02  0.00000E+00  0.00000E+00  0.00000E+00  7.24965E-03  2.14524E-02  1.64907E-03  1.36320E-02  4.19388E-03  2.45936E-04  2.17451E-03  4.62329E-04
  4734.00000  5.10314E-02  0.00000E+00  0.00000E+00  0.00000E+00  7.24670E-03  2.14415E-02  1.64838E-03  1.36221E-02  4.19176E-03  2.45833E-04  2.17299E-03  4.62097E-04
  4735.00000  5.10030E-02  0.00000E+00  0.00000E+00  0.00000E+00  7.24375E-03  2.14307E-02  1.64769E-03  1.36122E-02  4.18963E-03  2.45731E-04  2.17148E-03  4.61865E-04
  4736.00000  5.09746E-02  0.00000E+00  0.00000E+00  0.00000E+00  7.24081E-03  2.14198E-02  1.64700E-03  1.36023E-02  4.18751E-03  2.45628E-04  2.16996E-03  4.61633E-04
  4737.00000  5.09463E-02  0.00000E+00  0.00000E+00  0.00000E+00  7.23786E-03  2.14090E-02  1.64631E-03  1.35924E-02  4.18539E-03  2.45525E-04  2.16844E-03  4.61401E-04
  4738.00000  5.09180E-02  0.00000E+00  0.00000E+00  0.00000E+00  7.23492E-03  2.13981E-02  1.64562E-03  1.35825E-02  4.18327E-03  2.45423E-04  2.16693E-03  4.61170E-04
  4739.00000  5.08896E-02  0.00000E+00  0.00000E+00  0.00000E+00  7.23198E-03  2.13873E-02  1.64494E-03  1.35726E-02  4.18115E-03  2.45320E-04  2.16542E-03  4.60938E-04
  4740.00000  5.08614E-02  0.00000E+00  0.00000E+00  0.00000E+00  7.22904E-03  2.13765E-02  1.64425E-03  1.35627E-02  4.17904E-03  2.45218E-04  2.16390E-03  4.60707E-04
  4741.00000  5.08331E-02  0.00000E+00  0.00000E+00  0.00000E+00  7.22610E-03  2.13656E-02  1.64356E-03  1.35529E-02  4.17692E-03  2.45116E-04  2.16239E-03  4.60476E-04
  4742.00000  5.08049E-02  0.00000E+00  0.00000E+00  0.00000E+00  7.22316E-03  2.13548E-02  1.64288E-03  1.35430E-02  4.17481E-03  2.45013E-04  2.16088E-03  4.60245E-04
  4743.00000  5.07766E-02  0.00000E+00  0.00000E+00  0.00000E+00  7.22023E-03  2.13440E-02  1.64219E-03  1.35332E-02  4.17270E-03  2.44911E-04  2.15938E-03  4.60014E-04
  4744.00000  5.07484E-02  0.00000E+00  0.00000E+00  0.00000E+00  7.21730E-03  2.13332E-02  1.64151E-03  1.35233E-02  4.17059E-03  2.44809E-04  2.15787E-03  4.59783E-04
  4745.00000  5.07203E-02  0.00000E+00  0.00000E+00  0.00000E+00  7.21437E-03  2.13224E-02  1.64082E-03  1.35135E-02  4.16848E-03  2.44707E-04  2.15636E-03  4.59553E-04
  4746.00000  5.06921E-02  0.00000E+00  0.00000E+00  0.00000E+00  7.21144E-03  2.13117E-02  1.64014E-03  1.35037E-02  4.16637E-03  2.44605E-04  2.15486E-03  4.59322E-04
  4747.00000  5.06640E-02  0.00000E+00  0.00000E+00  0.00000E+00  7.20851E-03  2.13009E-02  1.63945E-03  1.34939E-02  4.16426E-03  2.44503E-04  2.15336E-03  4.59092E-04
  4748.00000  5.06358E-02  0.00000E+00  0.00000E+00  0.00000E+00  7.20559E-03  2.12901E-02  1.63877E-03  1.34841E-02  4.16216E-03  2.44401E-04  2.15186E-03  4.58862E-04
  4749.00000  5.06078E-02  0.00000E+00  0.00000E+00  0.00000E+00  7.20266E-03  2.12793E-02  1.63809E-03  1.34743E-02  4.16006E-03  2.44300E-04  2.15036E-03  4.58632E-04
  4750.00000  5.05797E-02  0.00000E+00  0.00000E+00  0.00000E+00  7.19974E-03  2.12686E-02  1.63741E-03  1.34645E-02  4.15795E-03  2.44198E-04  2.14886E-03  4.58403E-04
  4751.00000  5.05516E-02  0.00000E+00  0.00000E+00  0.00000E+00  7.19682E-03  2.12578E-02  1.63672E-03  1.34548E-02  4.15585E-03  2.44096E-04  2.14736E-03  4.58173E-04
  4752.00000  5.05236E-02  0.00000E+00  0.00000E+00  0.00000E+00  7.19390E-03  2.12471E-02  1.63604E-03  1.34450E-02  4.15375E-03  2.43995E-04  2.14587E-03  4.57944E-04
  4753.00000  5.04956E-02  0.00000E+00  0.00000E+00  0.00000E+00  7.19099E-03  2.12364E-02  1.63536E-03  1.34352E-02  4.15165E-03  2.43893E-04  2.14437E-03  4.57714E-04
  4754.00000  5.04676E-02  0.00000E+00  0.00000E+00  0.00000E+00  7.18807E-03  2.12257E-02  1.63468E-03  1.34255E-02  4.14956E-03  2.43792E-04  2.14288E-03  4.57485E-04
  4755.00000  5.04396E-02  0.00000E+00  0.00000E+00  0.00000E+00  7.18516E-03  2.12149E-02  1.63400E-03  1.34158E-02  4.14746E-03  2.43690E-04  2.14139E-03  4.57256E-04
  4756.00000  5.04117E-02  0.00000E+00  0.00000E+00  0.00000E+00  7.18225E-03  2.12042E-02  1.63332E-03  1.34060E-02  4.14537E-03  2.43589E-04  2.13989E-03  4.57028E-04
  4757.00000  5.03838E-02  0.00000E+00  0.00000E+00  0.00000E+00  7.17934E-03  2.11935E-02  1.63264E-03  1.33963E-02  4.14328E-03  2.43488E-04  2.13840E-03  4.56799E-04
  4758.00000  5.03559E-02  0.00000E+00  0.00000E+00  0.00000E+00  7.17643E-03  2.11828E-02  1.63196E-03  1.33866E-02  4.14119E-03  2.43386E-04  2.13692E-03  4.56570E-04
  4759.00000  5.03280E-02  0.00000E+00  0.00000E+00  0.00000E+00  7.17352E-03  2.11721E-02  1.63128E-03  1.33769E-02  4.13910E-03  2.43285E-04  2.13543E-03  4.56342E-04
  4760.00000  5.03001E-02  0.00000E+00  0.00000E+00  0.00000E+00  7.17062E-03  2.11615E-02  1.63060E-03  1.33672E-02  4.13701E-03  2.43184E-04  2.13394E-03  4.56114E-04
  4761.00000  5.02723E-02  0.00000E+00  0.00000E+00  0.00000E+00  7.16772E-03  2.11508E-02  1.62993E-03  1.33575E-02  4.13492E-03  2.43083E-04  2.13246E-03  4.55886E-04
  4762.00000  5.02445E-02  0.00000E+00  0.00000E+00  0.00000E+00  7.16481E-03  2.11401E-02  1.62925E-03  1.33478E-02  4.13284E-03  2.42982E-04  2.13098E-03  4.55658E-04
  4763.00000  5.02167E-02  0.00000E+00  0.00000E+00  0.00000E+00  7.16191E-03  2.11295E-02  1.62857E-03  1.33382E-02  4.13075E-03  2.42881E-04  2.12949E-03  4.55430E-04
  4764.00000  5.01889E-02  0.00000E+00  0.00000E+00  0.00000E+00  7.15902E-03  2.11188E-02  1.62789E-03  1.33285E-02  4.12867E-03  2.42780E-04  2.12801E-03  4.55203E-04
  4765.00000  5.01611E-02  0.00000E+00  0.00000E+00  0.00000E+00  7.15612E-03  2.11082E-02  1.62722E-03  1.33189E-02  4.12659E-03  2.42680E-04  2.12653E-03  4.54975E-04
  4766.00000  5.01334E-02  0.00000E+00  0.00000E+00  0.00000E+00  7.15323E-03  2.10975E-02  1.62654E-03  1.33092E-02  4.12451E-03  2.42579E-04  2.12506E-03  4.54748E-04
  4767.00000  5.01057E-02  0.00000E+00  0.00000E+00  0.00000E+00  7.15033E-03  2.10869E-02  1.62587E-03  1.32996E-02  4.12243E-03  2.42478E-04  2.12358E-03  4.54521E-04
  4768.00000  5.00780E-02  0.00000E+00  0.00000E+00  0.00000E+00  7.14744E-03  2.10763E-02  1.62519E-03  1.32900E-02  4.12035E-03  2.42378E-04  2.12210E-03  4.54294E-04
  4769.00000  5.00503E-02  0.00000E+00  0.00000E+00  0.00000E+00  7.14456E-03  2.10656E-02  1.62452E-03  1.32803E-02  4.11828E-03  2.42277E-04  2.12063E-03  4.54067E-04
  4770.00000  5.00227E-02  0.00000E+00  0.00000E+00  0.00000E+00  7.14167E-03  2.10550E-02  1.62384E-03  1.32707E-02  4.11620E-03  2.42177E-04  2.11916E-03  4.53840E-04
  4771.00000  4.99950E-02  0.00000E+00  0.00000E+00  0.00000E+00  7.13878E-03  2.10444E-02  1.62317E-03  1.32611E-02  4.11413E-03  2.42076E-04  2.11769E-03  4.53613E-04
  4772.00000  4.99674E-02  0.00000E+00  0.00000E+00  0.00000E+00  7.13590E-03  2.10338E-02  1.62250E-03  1.32516E-02  4.11206E-03  2.41976E-04  2.11622E-03  4.53387E-04
  4773.00000  4.99398E-02  0.00000E+00  0.00000E+00  0.00000E+00  7.13302E-03  2.10232E-02  1.62182E-03  1.32420E-02  4.10999E-03  2.41876E-04  2.11475E-03  4.53160E-04
  4774.00000  4.99122E-02  0.00000E+00  0.00000E+00  0.00000E+00  7.13014E-03  2.10126E-02  1.62115E-03  1.32324E-02  4.10792E-03  2.41776E-04  2.11328E-03  4.52934E-04
  4775.00000  4.98847E-02  0.00000E+00  0.00000E+00  0.00000E+00  7.12726E-03  2.10021E-02  1.62048E-03  1.32228E-02  4.10585E-03  2.41675E-04  2.11181E-03  4.52708E-04
  4776.00000  4.98572E-02  0.00000E+00  0.00000E+00  0.00000E+00  7.12438E-03  2.09915E-02  1.61981E-03  1.32133E-02  4.10379E-03  2.41575E-04  2.11035E-03  4.52482E-04
  4777.00000  2.56520E-01  0.00000E+00  0.00000E+00  2.06690E-01  7.12150E-03  2.09809E-02  1.61914E-03  1.32037E-02  4.10172E-03  2.41475E-04  2.10888E-03  4.52256E-04
  4778.00000  2.65606E-01  0.00000E+00  0.00000E+00  2.15804E-01  7.11863E-03  2.09704E-02  1.61846E-03  1.31942E-02  4.09966E-03  2.41375E-04  2.10742E-03  4.52030E-04
  4779.00000  2.63621E-01  0.00000E+00  0.00000E+00  2.13846E-01  7.11576E-03  2.09598E-02  1.61779E-03  1.31847E-02  4.09760E-03  2.41275E-04  2.10596E-03  4.51805E-04
  4780.00000  2.56913E-01  0.00000E+00  0.00000E+00  2.07166E-01  7.11289E-03  2.09493E-02  1.61712E-03  1.31751E-02  4.09554E-03  2.41175E-04  2.10450E-03  4.51579E-04
  4781.00000  2.48845E-01  0.00000E+00  0.00000E+00  1.99126E-01  7.11002E-03  2.09388E-02  1.61645E-03  1.31656E-02  4.09348E-03  2.41076E-04  2.10304E-03  4.51354E-04
  4782.00000  2.40924E-01  0.00000E+00  0.00000E+00  1.91232E-01  7.10715E-03  2.09282E-02  1.61578E-03  1.31561E-02  4.09142E-03  2.40976E-04  2.10158E-03  4.51129E-04
  4783.00000  2.33732E-01  0.00000E+00  0.00000E+00  1.84067E-01  7.10429E-03  2.09177E-02  1.61512E-03  1.31466E-02  4.08937E-03  2.40876E-04  2.10012E-03  4.50904E-04
  4784.00000  2.27435E-01  0.00000E+00  0.00000E+00  1.77797E-01  7.10142E-03  2.09072E-02  1.61445E-03  1.31371E-02  4.08731E-03  2.40777E-04  2.09867E-03  4.50679E-04
  4785.00000  2.22020E-01  0.00000E+00  0.00000E+00  1.72410E-01  7.09856E-03  2.08967E-02  1.61378E-03  1.31277E-02  4.08526E-03  2.40677E-04  2.09721E-03  4.50454E-04
  4786.00000  2.17410E-01  0.00000E+00  0.00000E+00  1.67827E-01  7.09570E-03  2.08862E-02  1.61311E-03  1.31182E-02  4.08321E-03  2.40578E-04  2.09576E-03  4.50229E-04
  4787.00000  2.13507E-01  0.00000E+00  0.00000E+00  1.63952E-01  7.09284E-03  2.08757E-02  1.61244E-03  1.31087E-02  4.08116E-03  2.40478E-04  2.09431E-03  4.50005E-04
  4788.00000  2.10217E-01  0.00000E+00  0.00000E+00  1.60689E-01  7.08998E-03  2.08652E-02  1.61178E-03  1.30993E-02  4.07911E-03  2.40379E-04  2.09286E-03  4.49780E-04
  4789.00000  2.07453E-01  0.00000E+00  0.00000E+00  1.57952E-01  7.08713E-03  2.08547E-02  1.61111E-03  1.30898E-02  4.07706E-03  2.40280E-04  2.09141E-03  4.49556E-04
  4790.00000  2.05140E-01  0.00000E+00  0.00000E+00  1.55666E-01  7.08427E-03  2.08442E-02  1.61044E-03  1.30804E-02  4.07502E-03  2.40180E-04  2.08996E-03  4.49331E-04
  4791.00000  2.03214E-01  0.00000E+00  0.00000E+00  1.53768E-01  7.08142E-03  2.08338E-02  1.60978E-03  1.30710E-02  4.07297E-03  2.40081E-04  2.08852E-03  4.49107E-04
  4792.00000  2.01620E-01  0.00000E+00  0.00000E+00  1.52201E-01  7.07857E-03  2.08233E-02  1.60911E-03  1.30616E-02  4.07093E-03  2.39982E-04  2.08707E-03  4.48883E-04
  4793.00000  2.00312E-01  0.00000E+00  0.00000E+00  1.50920E-01  7.07572E-03  2.08129E-02  1.60845E-03  1.30522E-02  4.06889E-03  2.39883E-04  2.08563E-03  4.48659E-04
  4794.00000  1.99249E-01  0.00000E+00  0.00000E+00  1.49884E-01  7.07287E-03  2.08024E-02  1.60778E-03  1.30427E-02  4.06684E-03  2.39784E-04  2.08418E-03  4.48435E-04
  4795.00000  1.98398E-01  0.00000E+00  0.00000E+00  1.49060E-01  7.07003E-03  2.07920E-02  1.60712E-03  1.30334E-02  4.06480E-03  2.39685E-04  2.08274E-03  4.48212E-04
  4796.00000  1.97728E-01  0.00000E+00  0.00000E+00  1.48418E-01  7.06718E-03  2.07816E-02  1.60646E-03  1.30240E-02  4.06277E-03  2.39586E-04  2.08130E-03  4.47988E-04
  4797.00000  1.97216E-01  0.00000E+00  0.00000E+00  1.47932E-01  7.06434E-03  2.07711E-02  1.60579E-03  1.30146E-02  4.06073E-03  2.39487E-04  2.07986E-03  4.47765E-04
  4798.00000  1.96839E-01  0.00000E+00  0.00000E+00  1.47582E-01  7.06150E-03  2.07607E-02  1.60513E-03  1.30052E-02  4.05869E-03  2.39388E-04  2.07842E-03  4.47541E-04
  4799.00000  1.96577E-01  0.00000E+00  0.00000E+00  1.47347E-01  7.05866E-03  2.07503E-02  1.60447E-03  1.29959E-02  4.05666E-03  2.39290E-04  2.07699E-03  4.47318E-04
  4800.00000  1.96414E-01  0.00000E+00  0.00000E+00  1.47211E-01  7.05582E-03  2.07399E-02  1.60380E-03  1.29865E-02  4.05463E-03  2.39191E-04  2.07555E-03  4.47095E-04
  4801.00000  1.96335E-01  0.00000E+00  0.00000E+00  1.47159E-01  7.05299E-03  2.07295E-02  1.60314E-03  1.29772E-02  4.05260E-03  2.39092E-04  2.07412E-03  4.46872E-04
  4802.00000  1.96326E-01  0.00000E+00  0.00000E+00  1.47178E-01  7.05015E-03  2.07191E-02  1.60248E-03  1.29678E-02  4.05057E-03  2.38994E-04  2.07269E-03  4.46649E-04
  4803.00000  1.96377E-01  0.00000E+00  0.00000E+00  1.47255E-01  7.04732E-03  2.07087E-02  1.60182E-03  1.29585E-02  4.04854E-03  2.38895E-04  2.07125E-03  4.46426E-04
  4804.00000  1.96476E-01  0.00000E+00  0.00000E+00  1.47381E-01  7.04449E-03  2.06984E-02  1.60116E-03  1.29492E-02  4.04651E-03  2.38797E-04  2.06982E-03  4.46204E-04
  4805.00000  1.96615E-01  0.00000E+00  0.00000E+00  1.47547E-01  7.04166E-03  2.06880E-02  1.60050E-03  1.29399E-02  4.04448E-03  2.38698E-04  2.06839E-03  4.45981E-04
  4806.00000  1.96784E-01  0.00000E+00  0.00000E+00  1.47744E-01  7.03883E-03  2.06776E-02  1.59984E-03  1.29306E-02  4.04246E-03  2.38600E-04  2.06697E-03  4.45759E-04
  4807.00000  1.96978E-01  0.00000E+00  0.00000E+00  1.47964E-01  7.03601E-03  2.06673E-02  1.59918E-03  1.29213E-02  4.04044E-03  2.38502E-04  2.06554E-03  4.45536E-04
  4808.00000  1.97189E-01  0.00000E+00  0.00000E+00  1.48202E-01  7.03318E-03  2.06569E-02  1.59852E-03  1.29120E-02  4.03841E-03  2.38403E-04  2.06411E-03  4.45314E-04
  4809.00000  1.97412E-01  0.00000E+00  0.00000E+00  1.48452E-01  7.03036E-03  2.06466E-02  1.59786E-03  1.29027E-02  4.03639E-03  2.38305E-04  2.06269E-03  4.45092E-04
  4810.00000  1.97641E-01  0.00000E+00  0.00000E+00  1.48708E-01  7.02754E-03  2.06362E-02  1.59720E-03  1.28935E-02  4.03437E-03  2.38207E-04  2.06127E-03  4.44870E-04
  4811.00000  1.97872E-01  0.00000E+00  0.00000E+00  1.48966E-01  7.02472E-03  2.06259E-02  1.59654E-03  1.28842E-02  4.03235E-03  2.38109E-04  2.05984E-03  4.44648E-04
  4812.00000  1.98101E-01  0.00000E+00  0.00000E+00  1.49222E-01  7.02190E-03  2.06156E-02  1.59589E-03  1.28750E-02  4.03034E-03  2.38011E-04  2.05842E-03  4.44426E-04
  4813.00000  1.98325E-01  0.00000E+00  0.00000E+00  1.49473E-01  7.01909E-03  2.06053E-02  1.59523E-03  1.28657E-02  4.02832E-03  2.37913E-04  2.05700E-03  4.44204E-04
  4814.00000  1.98541E-01  0.00000E+00  0.00000E+00  1.49715E-01  7.01627E-03  2.05950E-02  1.59457E-03  1.28565E-02  4.02631E-03  2.37815E-04  2.05559E-03  4.43983E-04
  4815.00000  1.98746E-01  0.00000E+00  0.00000E+00  1.49947E-01  7.01346E-03  2.05847E-02  1.59392E-03  1.28473E-02  4.02429E-03  2.37717E-04  2.05417E-03  4.43761E-04
  4816.00000  1.98939E-01  0.00000E+00  0.00000E+00  1.50166E-01  7.01065E-03  2.05744E-02  1.59326E-03  1.28381E-02  4.02228E-03  2.37619E-04  2.05275E-03  4.43540E-04
  4817.00000  1.99117E-01  0.00000E+00  0.00000E+00  1.50371E-01  7.00784E-03  2.05641E-02  1.59261E-03  1.28288E-02  4.02027E-03  2.37522E-04  2.05134E-03  4.43319E-04
  4818.00000  1.99280E-01  0.00000E+00  0.00000E+00  1.50560E-01  7.00503E-03  2.05538E-02  1.59195E-03  1.28196E-02  4.01826E-03  2.37424E-04  2.04993E-03  4.43098E-04
  4819.00000  1.99426E-01  0.00000E+00  0.00000E+00  1.50733E-01  7.00223E-03  2.05435E-02  1.59130E-03  1.28105E-02  4.01626E-03  2.37326E-04  2.04851E-03  4.42877E-04
  4820.00000  1.99554E-01  0.00000E+00  0.00000E+00  1.50888E-01  6.99942E-03  2.05333E-02  1.59064E-03  1.28013E-02  4.01425E-03  2.37228E-04  2.04710E-03  4.42656E-04
  4821.00000  1.99665E-01  0.00000E+00  0.00000E+00  1.51026E-01  6.99662E-03  2.05230E-02  1.58999E-03  1.27921E-02  4.01225E-03  2.37131E-04  2.04569E-03  4.42435E-04
  4822.00000  1.99758E-01  0.00000E+00  0.00000E+00  1.51145E-01  6.99382E-03  2.05128E-02  1.58933E-03  1.27829E-02  4.01024E-03  2.37033E-04  2.04428E-03  4.42214E-04
  4823.00000  1.99832E-01  0.00000E+00  0.00000E+00  1.51246E-01  6.99102E-03  2.05025E-02  1.58868E-03  1.27738E-02  4.00824E-03  2.36936E-04  2.04288E-03  4.41994E-04
  4824.00000  1.99889E-01  0.00000E+00  0.00000E+00  1.51330E-01  6.98822E-03  2.04923E-02  1.58803E-03  1.27646E-02  4.00624E-03  2.36838E-04  2.04147E-03  4.41773E-04
  4825.00000  1.99929E-01  0.00000E+00  0.00000E+00  1.51396E-01  6.98543E-03  2.04821E-02  1.58738E-03  1.27555E-02  4.00424E-03  2.36741E-04  2.04007E-03  4.41553E-04
  4826.00000  1.99951E-01  0.00000E+00  0.00000E+00  1.51445E-01  6.98263E-03  2.04718E-02  1.58672E-03  1.27463E-02  4.00224E-03  2.36644E-04  2.03866E-03  4.41333E-04
  4827.00000  1.99957E-01  0.00000E+00  0.00000E+00  1.51477E-01  6.97984E-03  2.04616E-02  1.58607E-03  1.27372E-02  4.00024E-03  2.36546E-04  2.03726E-03  4.41113E-04
  4828.00000  1.99947E-01  0.00000E+00  0.00000E+00  1.51494E-01  6.97705E-03  2.04514E-02  1.58542E-03  1.27281E-02  3.99825E-03  2.36449E-04  2.03586E-03  4.40893E-04
  4829.00000  1.99923E-01  0.00000E+00  0.00000E+00  1.51496E-01  6.97426E-03  2.04412E-02  1.58477E-03  1.27190E-02  3.99625E-03  2.36352E-04  2.03446E-03  4.40673E-04
  4830.00000  1.99884E-01  0.00000E+00  0.00000E+00  1.51484E-01  6.97147E-03  2.04310E-02  1.58412E-03  1.27099E-02  3.99426E-03  2.36255E-04  2.03306E-03  4.40453E-04
  4831.00000  1.99833E-01  0.00000E+00  0.00000E+00  1.51459E-01  6.96869E-03  2.04208E-02  1.58347E-03  1.27008E-02  3.99227E-03  2.36158E-04  2.03166E-03  4.40234E-04
  4832.00000  1.99769E-01  0.00000E+00  0.00000E+00  1.51422E-01  6.96590E-03  2.04106E-02  1.58282E-03  1.26917E-02  3.99028E-03  2.36061E-04  2.03027E-03  4.40014E-04
  4833.00000  1.99694E-01  0.00000E+00  0.00000E+00  1.51373E-01  6.96312E-03  2.04004E-02  1.58217E-03  1.26826E-02  3.98829E-03  2.35964E-04  2.02887E-03  4.39795E-04
  4834.00000  1.99609E-01  0.00000E+00  0.00000E+00  1.51314E-01  6.96034E-03  2.03903E-02  1.58152E-03  1.26735E-02  3.98630E-03  2.35867E-04  2.02748E-03  4.39576E-04
  4835.00000  1.99515E-01  0.00000E+00  0.00000E+00  1.51246E-01  6.95756E-03  2.03801E-02  1.58087E-03  1.26645E-02  3.98432E-03  2.35770E-04  2.02608E-03  4.39357E-04
  4836.00000  1.99412E-01  0.00000E+00  0.00000E+00  1.51170E-01  6.95478E-03  2.03699E-02  1.58023E-03  1.26554E-02  3.98233E-03  2.35673E-04  2.02469E-03  4.39138E-04
  4837.00000  1.99302E-01  0.00000E+00  0.00000E+00  1.51087E-01  6.95200E-03  2.03598E-02  1.57958E-03  1.26464E-02  3.98035E-03  2.35576E-04  2.02330E-03  4.38919E-04
  4838.00000  1.99186E-01  0.00000E+00  0.00000E+00  1.50997E-01  6.94923E-03  2.03496E-02  1.57893E-03  1.26373E-02  3.97837E-03  2.35480E-04  2.02191E-03  4.38700E-04
  4839.00000  1.99065E-01  0.00000E+00  0.00000E+00  1.50901E-01  6.94645E-03  2.03395E-02  1.57828E-03  1.26283E-02  3.97638E-03  2.35383E-04  2.02052E-03  4.38481E-04
  4840.00000  1.98939E-01  0.00000E+00  0.00000E+00  1.50802E-01  6.94368E-03  2.03294E-02  1.57764E-03  1.26193E-02  3.97441E-03  2.35286E-04  2.01914E-03  4.38263E-04
  4841.00000  1.98809E-01  0.00000E+00  0.00000E+00  1.50698E-01  6.94091E-03  2.03192E-02  1.57699E-03  1.26103E-02  3.97243E-03  2.35190E-04  2.01775E-03  4.38044E-04
  4842.00000  1.98676E-01  0.00000E+00  0.00000E+00  1.50591E-01  6.93814E-03  2.03091E-02  1.57635E-03  1.26013E-02  3.97045E-03  2.35093E-04  2.01637E-03  4.37826E-04
  4843.00000  1.98541E-01  0.00000E+00  0.00000E+00  1.50483E-01  6.93538E-03  2.02990E-02  1.57570E-03  1.25923E-02  3.96847E-03  2.34997E-04  2.01498E-03  4.37608E-04
  4844.00000  1.98405E-01  0.00000E+00  0.00000E+00  1.50373E-01  6.93261E-03  2.02889E-02  1.57506E-03  1.25833E-02  3.96650E-03  2.34900E-04  2.01360E-03  4.37390E-04
  4845.00000  1.98268E-01  0.00000E+00  0.00000E+00  1.50262E-01  6.92985E-03  2.02788E-02  1.57441E-03  1.25743E-02  3.96453E-03  2.34804E-04  2.01222E-03  4.37172E-04
  4846.00000  1.98130E-01  0.00000E+00  0.00000E+00  1.50151E-01  6.92709E-03  2.02687E-02  1.57377E-03  1.25653E-02  3.96256E-03  2.34708E-04  2.01084E-03  4.36954E-04
  4847.00000  1.97994E-01  0.00000E+00  0.00000E+00  1.50040E-01  6.92433E-03  2.02586E-02  1.57312E-03  1.25564E-02  3.96059E-03  2.34611E-04  2.00946E-03  4.36737E-04
  4848.00000  1.97858E-01  0.00000E+00  0.00000E+00  1.49930E-01  6.92157E-03  2.02485E-02  1.57248E-03  1.25474E-02  3.95862E-03  2.34515E-04  2.00808E-03  4.36519E-04
  4849.00000  1.97723E-01  0.00000E+00  0.00000E+00  1.49821E-01  6.91881E-03  2.02384E-02  1.57184E-03  1.25384E-02  3.95665E-03  2.34419E-04  2.00671E-03  4.36302E-04
  4850.00000  1.97590E-01  0.00000E+00  0.00000E+00  1.49714E-01  6.91605E-03  2.02284E-02  1.57119E-03  1.25295E-02  3.95468E-03  2.34323E-04  2.00533E-03  4.36084E-04
  4851.00000  1.97459E-01  0.00000E+00  0.00000E+00  1.49610E-01  6.91330E-03  2.02183E-02  1.57055E-03  1.25206E-02  3.95272E-03  2.34227E-04  2.00396E-03  4.35867E-04
  4852.00000  1.97331E-01  0.00000E+00  0.00000E+00  1.49507E-01  6.91055E-03  2.02083E-02  1.56991E-03  1.25116E-02  3.95075E-03  2.34131E-04  2.00258E-03  4.35650E-04
  4853.00000  1.97205E-01  0.00000E+00  0.00000E+00  1.49408E-01  6.90779E-03  2.01982E-02  1.56927E-03  1.25027E-02  3.94879E-03  2.34035E-04  2.00121E-03  4.35433E-04
  4854.00000  1.97083E-01  0.00000E+00  0.00000E+00  1.49311E-01  6.90504E-03  2.01882E-02  1.56863E-03  1.24938E-02  3.94683E-03  2.33939E-04  1.99984E-03  4.35216E-04
  4855.00000  1.96963E-01  0.00000E+00  0.00000E+00  1.49218E-01  6.90230E-03  2.01781E-02  1.56799E-03  1.24849E-02  3.94487E-03  2.33843E-04  1.99847E-03  4.35000E-04
  4856.00000  1.96847E-01  0.00000E+00  0.00000E+00  1.49128E-01  6.89955E-03  2.01681E-02  1.56735E-03  1.24760E-02  3.94291E-03  2.33747E-04  1.99710E-03  4.34783E-04
  4857.00000  1.96734E-01  0.00000E+00  0.00000E+00  1.49041E-01  6.89680E-03  2.01581E-02  1.56671E-03  1.24671E-02  3.94095E-03  2.33651E-04  1.99574E-03  4.34566E-04
  4858.00000  1.96625E-01  0.00000E+00  0.00000E+00  1.48958E-01  6.89406E-03  2.01481E-02  1.56607E-03  1.24583E-02  3.93900E-03  2.33555E-04  1.99437E-03  4.34350E-04
  4859.00000  1.96520E-01  0.00000E+00  0.00000E+00  1.48878E-01  6.89132E-03  2.01381E-02  1.56543E-03  1.24494E-02  3.93704E-03  2.33460E-04  1.99301E-03  4.34134E-04
  4860.00000  1.96418E-01  0.00000E+00  0.00000E+00  1.48802E-01  6.88858E-03  2.01281E-02  1.56479E-03  1.24405E-02  3.93509E-03  2.33364E-04  1.99164E-03  4.33918E-04
  4861.00000  1.96320E-01  0.00000E+00  0.00000E+00  1.48730E-01  6.88584E-03  2.01181E-02  1.56415E-03  1.24317E-02  3.93314E-03  2.33268E-04  1.99028E-03  4.33702E-04
  4862.00000  1.96225E-01  0.00000E+00  0.00000E+00  1.48661E-01  6.88310E-03  2.01081E-02  1.56351E-03  1.24228E-02  3.93119E-03  2.33173E-04  1.98892E-03  4.33486E-04
  4863.00000  1.96134E-01  0.00000E+00  0.00000E+00  1.48596E-01  6.88037E-03  2.00981E-02  1.56287E-03  1.24140E-02  3.92924E-03  2.33077E-04  1.98756E-03  4.33270E-04
  4864.00000  1.96046E-01  0.00000E+00  0.00000E+00  1.48534E-01  6.87763E-03  2.00881E-02  1.56224E-03  1.24051E-02  3.92729E-03  2.32982E-04  1.98620E-03  4.33055E-04
  4865.00000  1.95962E-01  0.00000E+00  0.00000E+00  1.48475E-01  6.87490E-03  2.00782E-02  1.56160E-03  1.23963E-02  3.92534E-03  2.32886E-04  1.98484E-03  4.32839E-04
  4866.00000  1.95881E-01  0.00000E+00  0.00000E+00  1.48420E-01  6.87217E-03  2.00682E-02  1.56096E-03  1.23875E-02  3.92340E-03  2.32791E-04  1.98348E-03  4.32624E-04
  4867.00000  1.95803E-01  0.00000E+00  0.00000E+00  1.48368E-01  6.86944E-03  2.00582E-02  1.56032E-03  1.23787E-02  3.92145E-03  2.32696E-04  1.98213E-03  4.32408E-04
  4868.00000  1.95728E-01  0.00000E+00  0.00000E+00  1.48319E-01  6.86672E-03  2.00483E-02  1.55969E-03  1.23699E-02  3.91951E-03  2.32600E-04  1.98077E-03  4.32193E-04
  4869.00000  1.95656E-01  0.00000E+00  0.00000E+00  1.48272E-01  6.86399E-03  2.00384E-02  1.55905E-03  1.23611E-02  3.91757E-03  2.32505E-04  1.97942E-03  4.31978E-04
  4870.00000  1.95587E-01  0.00000E+00  0.00000E+00  1.48229E-01  6.86127E-03  2.00284E-02  1.55842E-03  1.23523E-02  3.91562E-03  2.32410E-04  1.97807E-03  4.31763E-04
  4871.00000  1.95520E-01  0.00000E+00  0.00000E+00  1.48187E-01  6.85854E-03  2.00185E-02  1.55778E-03  1.23436E-02  3.91368E-03  2.32315E-04  1.97672E-03  4.31549E-04
  4872.00000  1.95455E-01  0.00000E+00  0.00000E+00  1.48148E-01  6.85582E-03  2.00086E-02  1.55715E-03  1.23348E-02  3.91175E-03  2.32220E-04  1.97537E-03  4.31334E-04
  4873.00000  1.95393E-01  0.00000E+00  0.00000E+00  1.48111E-01  6.85310E-03  1.99986E-02  1.55651E-03  1.23260E-02  3.90981E-03  2.32125E-04  1.97402E-03  4.31119E-04
  4874.00000  1.95332E-01  0.00000E+00  0.00000E+00  1.48076E-01  6.85039E-03  1.99887E-02  1.55588E-03  1.23173E-02  3.90787E-03  2.32030E-04  1.97267E-03  4.30905E-04
  4875.00000  1.95273E-01  0.00000E+00  0.00000E+00  1.48043E-01  6.84767E-03  1.99788E-02  1.55525E-03  1.23085E-02  3.90594E-03  2.31935E-04  1.97133E-03  4.30691E-04
  4876.00000  1.95216E-01  0.00000E+00  0.00000E+00  1.48011E-01  6.84495E-03  1.99689E-02  1.55461E-03  1.22998E-02  3.90401E-03  2.31840E-04  1.96998E-03  4.30477E-04
  4877.00000  1.95160E-01  0.00000E+00  0.00000E+00  1.47981E-01  6.84224E-03  1.99590E-02  1.55398E-03  1.22911E-02  3.90207E-03  2.31745E-04  1.96864E-03  4.30263E-04
  4878.00000  1.95105E-01  0.00000E+00  0.00000E+00  1.47951E-01  6.83953E-03  1.99492E-02  1.55335E-03  1.22823E-02  3.90014E-03  2.31650E-04  1.96729E-03  4.30049E-04
  4879.00000  1.95051E-01  0.00000E+00  0.00000E+00  1.47923E-01  6.83682E-03  1.99393E-02  1.55272E-03  1.22736E-02  3.89821E-03  2.31555E-04  1.96595E-03  4.29835E-04
  4880.00000  1.94998E-01  0.00000E+00  0.00000E+00  1.47895E-01  6.83411E-03  1.99294E-02  1.55209E-03  1.22649E-02  3.89628E-03  2.31460E-04  1.96461E-03  4.29621E-04
  4881.00000  1.94945E-01  0.00000E+00  0.00000E+00  1.47868E-01  6.83141E-03  1.99196E-02  1.55146E-03  1.22562E-02  3.89436E-03  2.31366E-04  1.96327E-03  4.29408E-04
  4882.00000  1.94892E-01  0.00000E+00  0.00000E+00  1.47841E-01  6.82870E-03  1.99097E-02  1.55082E-03  1.22475E-02  3.89243E-03  2.31271E-04  1.96193E-03  4.29194E-04
  4883.00000  1.94840E-01  0.00000E+00  0.00000E+00  1.47814E-01  6.82600E-03  1.98998E-02  1.55019E-03  1.22388E-02  3.89051E-03  2.31176E-04  1.96060E-03  4.28981E-04
  4884.00000  1.94787E-01  0.00000E+00  0.00000E+00  1.47787E-01  6.82330E-03  1.98900E-02  1.54956E-03  1.22302E-02  3.88858E-03  2.31082E-04  1.95926E-03  4.28768E-04
  4885.00000  1.94735E-01  0.00000E+00  0.00000E+00  1.47760E-01  6.82060E-03  1.98802E-02  1.54893E-03  1.22215E-02  3.88666E-03  2.30987E-04  1.95793E-03  4.28554E-04
  4886.00000  1.94682E-01  0.00000E+00  0.00000E+00  1.47732E-01  6.81790E-03  1.98703E-02  1.54831E-03  1.22128E-02  3.88474E-03  2.30893E-04  1.95659E-03  4.28342E-04
  4887.00000  1.94628E-01  0.00000E+00  0.00000E+00  1.47704E-01  6.81520E-03  1.98605E-02  1.54768E-03  1.22042E-02  3.88282E-03  2.30798E-04  1.95526E-03  4.28129E-04
  4888.00000  1.94574E-01  0.00000E+00  0.00000E+00  1.47675E-01  6.81250E-03  1.98507E-02  1.54705E-03  1.21955E-02  3.88090E-03  2.30704E-04  1.95393E-03  4.27916E-04
  4889.00000  1.94519E-01  0.00000E+00  0.00000E+00  1.47645E-01  6.80981E-03  1.98409E-02  1.54642E-03  1.21869E-02  3.87899E-03  2.30609E-04  1.95260E-03  4.27703E-04
  4890.00000  1.94463E-01  0.00000E+00  0.00000E+00  1.47615E-01  6.80712E-03  1.98311E-02  1.54579E-03  1.21783E-02  3.87707E-03  2.30515E-04  1.95127E-03  4.27491E-04
  4891.00000  1.94406E-01  0.00000E+00  0.00000E+00  1.47583E-01  6.80443E-03  1.98213E-02  1.54517E-03  1.21696E-02  3.87516E-03  2.30421E-04  1.94994E-03  4.27278E-04
  4892.00000  1.94348E-01  0.00000E+00  0.00000E+00  1.47550E-01  6.80174E-03  1.98115E-02  1.54454E-03  1.21610E-02  3.87324E-03  2.30327E-04  1.94861E-03  4.27066E-04
  4893.00000  1.94288E-01  0.00000E+00  0.00000E+00  1.47515E-01  6.79905E-03  1.98017E-02  1.54391E-03  1.21524E-02  3.87133E-03  2.30232E-04  1.94729E-03  4.26854E-04
  4894.00000  1.94227E-01  0.00000E+00  0.00000E+00  1.47480E-01  6.79636E-03  1.97919E-02  1.54329E-03  1.21438E-02  3.86942E-03  2.30138E-04  1.94596E-03  4.26642E-04
  4895.00000  1.94165E-01  0.00000E+00  0.00000E+00  1.47442E-01  6.79368E-03  1.97821E-02  1.54266E-03  1.21352E-02  3.86751E-03  2.30044E-04  1.94464E-03  4.26430E-04
  4896.00000  1.94100E-01  0.00000E+00  0.00000E+00  1.47403E-01  6.79099E-03  1.97723E-02  1.54203E-03  1.21266E-02  3.86560E-03  2.29950E-04  1.94332E-03  4.26218E-04
  4897.00000  1.94035E-01  0.00000E+00  0.00000E+00  1.47363E-01  6.78831E-03  1.97626E-02  1.54141E-03  1.21181E-02  3.86370E-03  2.29856E-04  1.94200E-03  4.26007E-04
  4898.00000  1.93967E-01  0.00000E+00  0.00000E+00  1.47320E-01  6.78563E-03  1.97528E-02  1.54078E-03  1.21095E-02  3.86179E-03  2.29762E-04  1.94068E-03  4.25795E-04
  4899.00000  1.93898E-01  0.00000E+00  0.00000E+00  1.47276E-01  6.78295E-03  1.97431E-02  1.54016E-03  1.21009E-02  3.85989E-03  2.29668E-04  1.93936E-03  4.25584E-04
  4900.00000  1.93827E-01  0.00000E+00  0.00000E+00  1.47230E-01  6.78027E-03  1.97333E-02  1.53954E-03  1.20924E-02  3.85798E-03  2.29574E-04  1.93804E-03  4.25372E-04
  4901.00000  1.93754E-01  0.00000E+00  0.00000E+00  1.47183E-01  6.77760E-03  1.97236E-02  1.53891E-03  1.20838E-02  3.85608E-03  2.29480E-04  1.93672E-03  4.25161E-04
  4902.00000  1.93679E-01  0.00000E+00  0.00000E+00  1.47133E-01  6.77492E-03  1.97139E-02  1.53829E-03  1.20753E-02  3.85418E-03  2.29387E-04  1.93541E-03  4.24950E-04
  4903.00000  1.93603E-01  0.00000E+00  0.00000E+00  1.47081E-01  6.77225E-03  1.97041E-02  1.53767E-03  1.20668E-02  3.85228E-03  2.29293E-04  1.93409E-03  4.24739E-04
  4904.00000  1.93524E-01  0.00000E+00  0.00000E+00  1.47028E-01  6.76958E-03  1.96944E-02  1.53704E-03  1.20582E-02  3.85038E-03  2.29199E-04  1.93278E-03  4.24528E-04
  4905.00000  1.93444E-01  0.00000E+00  0.00000E+00  1.46973E-01  6.76691E-03  1.96847E-02  1.53642E-03  1.20497E-02  3.84849E-03  2.29105E-04  1.93147E-03  4.24318E-04
  4906.00000  1.93362E-01  0.00000E+00  0.00000E+00  1.46915E-01  6.76424E-03  1.96750E-02  1.53580E-03  1.20412E-02  3.84659E-03  2.29012E-04  1.93015E-03  4.24107E-04
  4907.00000  1.93277E-01  0.00000E+00  0.00000E+00  1.46856E-01  6.76157E-03  1.96653E-02  1.53518E-03  1.20327E-02  3.84470E-03  2.28918E-04  1.92884E-03  4.23897E-04
  4908.00000  1.93191E-01  0.00000E+00  0.00000E+00  1.46795E-01  6.75891E-03  1.96556E-02  1.53456E-03  1.20242E-02  3.84280E-03  2.28825E-04  1.92753E-03  4.23686E-04
  4909.00000  1.93104E-01  0.00000E+00  0.00000E+00  1.46733E-01  6.75625E-03  1.96459E-02  1.53394E-03  1.20157E-02  3.84091E-03  2.28731E-04  1.92623E-03  4.23476E-04
  4910.00000  1.93014E-01  0.00000E+00  0.00000E+00  1.46668E-01  6.75358E-03  1.96362E-02  1.53332E-03  1.20072E-02  3.83902E-03  2.28638E-04  1.92492E-03  4.23266E-04
  4911.00000  1.92923E-01  0.00000E+00  0.00000E+00  1.46602E-01  6.75092E-03  1.96265E-02  1.53270E-03  1.19988E-02  3.83713E-03  2.28544E-04  1.92361E-03  4.23056E-04
  4912.00000  1.92830E-01  0.00000E+00  0.00000E+00  1.46534E-01  6.74826E-03  1.96169E-02  1.53208E-03  1.19903E-02  3.83524E-03  2.28451E-04  1.92231E-03  4.22846E-04
  4913.00000  1.92735E-01  0.00000E+00  0.00000E+00  1.46464E-01  6.74560E-03  1.96072E-02  1.53146E-03  1.19818E-02  3.83336E-03  2.28358E-04  1.92100E-03  4.22636E-04
  4914.00000  1.92639E-01  0.00000E+00  0.00000E+00  1.46393E-01  6.74295E-03  1.95976E-02  1.53084E-03  1.19734E-02  3.83147E-03  2.28265E-04  1.91970E-03  4.22426E-04
  4915.00000  1.92541E-01  0.00000E+00  0.00000E+00  1.46320E-01  6.74029E-03  1.95879E-02  1.53022E-03  1.19649E-02  3.82959E-03  2.28171E-04  1.91840E-03  4.22217E-04
  4916.00000  1.92442E-01  0.00000E+00  0.00000E+00  1.46245E-01  6.73764E-03  1.95783E-02  1.52960E-03  1.19565E-02  3.82770E-03  2.28078E-04  1.91710E-03  4.22007E-04
  4917.00000  1.92342E-01  0.00000E+00  0.00000E+00  1.46170E-01  6.73499E-03  1.95686E-02  1.52899E-03  1.19481E-02  3.82582E-03  2.27985E-04  1.91580E-03  4.21798E-04
  4918.00000  1.92240E-01  0.00000E+00  0.00000E+00  1.46092E-01  6.73234E-03  1.95590E-02  1.52837E-03  1.19397E-02  3.82394E-03  2.27892E-04  1.91450E-03  4.21588E-04
  4919.00000  1.92136E-01  0.00000E+00  0.00000E+00  1.46014E-01  6.72969E-03  1.95494E-02  1.52775E-03  1.19312E-02  3.82206E-03  2.27799E-04  1.91320E-03  4.21379E-04
  4920.00000  1.92032E-01  0.00000E+00  0.00000E+00  1.45934E-01  6.72704E-03  1.95397E-02  1.52714E-03  1.19228E-02  3.82019E-03  2.27706E-04  1.91191E-03  4.21170E-04
  4921.00000  1.91927E-01  0.00000E+00  0.00000E+00  1.45854E-01  6.72440E-03  1.95301E-02  1.52652E-03  1.19144E-02  3.81831E-03  2.27613E-04  1.91061E-03  4.20961E-04
  4922.00000  1.91820E-01  0.00000E+00  0.00000E+00  1.45772E-01  6.72175E-03  1.95205E-02  1.52590E-03  1.19061E-02  3.81643E-03  2.27520E-04  1.90932E-03  4.20752E-04
  4923.00000  1.91713E-01  0.00000E+00  0.00000E+00  1.45689E-01  6.71911E-03  1.95109E-02  1.52529E-03  1.18977E-02  3.81456E-03  2.27427E-04  1.90803E-03  4.20544E-04
  4924.00000  1.91604E-01  0.00000E+00  0.00000E+00  1.45605E-01  6.71647E-03  1.95013E-02  1.52467E-03  1.18893E-02  3.81268E-03  2.27335E-04  1.90673E-03  4.20335E-04
  4925.00000  1.91495E-01  0.00000E+00  0.00000E+00  1.45521E-01  6.71383E-03  1.94917E-02  1.52406E-03  1.18809E-02  3.81081E-03  2.27242E-04  1.90544E-03  4.20126E-04
  4926.00000  1.91385E-01  0.00000E+00  0.00000E+00  1.45436E-01  6.71119E-03  1.94822E-02  1.52344E-03  1.18726E-02  3.80894E-03  2.27149E-04  1.90415E-03  4.19918E-04
  4927.00000  1.91275E-01  0.00000E+00  0.00000E+00  1.45350E-01  6.70855E-03  1.94726E-02  1.52283E-03  1.18642E-02  3.80707E-03  2.27056E-04  1.90287E-03  4.19710E-04
  4928.00000  1.91164E-01  0.00000E+00  0.00000E+00  1.45263E-01  6.70592E-03  1.94630E-02  1.52221E-03  1.18559E-02  3.80520E-03  2.26964E-04  1.90158E-03  4.19501E-04
  4929.00000  1.91052E-01  0.00000E+00  0.00000E+00  1.45176E-01  6.70328E-03  1.94535E-02  1.52160E-03  1.18475E-02  3.80334E-03  2.26871E-04  1.90029E-03  4.19293E-04
  4930.00000  1.90940E-01  0.00000E+00  0.00000E+00  1.45089E-01  6.70065E-03  1.94439E-02  1.52099E-03  1.18392E-02  3.80147E-03  2.26779E-04  1.89901E-03  4.19085E-04
  4931.00000  1.90828E-01  0.00000E+00  0.00000E+00  1.45001E-01  6.69802E-03  1.94343E-02  1.52037E-03  1.18309E-02  3.79961E-03  2.26686E-04  1.89772E-03  4.18878E-04
  4932.00000  1.90715E-01  0.00000E+00  0.00000E+00  1.44913E-01  6.69539E-03  1.94248E-02  1.51976E-03  1.18226E-02  3.79774E-03  2.26594E-04  1.89644E-03  4.18670E-04
  4933.00000  1.90602E-01  0.00000E+00  0.00000E+00  1.44825E-01  6.69277E-03  1.94153E-02  1.51915E-03  1.18142E-02  3.79588E-03  2.26502E-04  1.89516E-03  4.18462E-04
  4934.00000  1.90489E-01  0.00000E+00  0.00000E+00  1.44737E-01  6.69014E-03  1.94057E-02  1.51854E-03  1.18059E-02  3.79402E-03  2.26409E-04  1.89388E-03  4.18255E-04
  4935.00000  1.90376E-01  0.00000E+00  0.00000E+00  1.44648E-01  6.68752E-03  1.93962E-02  1.51793E-03  1.17976E-02  3.79216E-03  2.26317E-04  1.89260E-03  4.18047E-04
  4936.00000  1.90264E-01  0.00000E+00  0.00000E+00  1.44560E-01  6.68489E-03  1.93867E-02  1.51732E-03  1.17894E-02  3.79030E-03  2.26225E-04  1.89132E-03  4.17840E-04
  4937.00000  1.90151E-01  0.00000E+00  0.00000E+00  1.44471E-01  6.68227E-03  1.93772E-02  1.51671E-03  1.17811E-02  3.78844E-03  2.26133E-04  1.89004E-03  4.17633E-04
  4938.00000  1.90038E-01  0.00000E+00  0.00000E+00  1.44383E-01  6.67965E-03  1.93677E-02  1.51610E-03  1.17728E-02  3.78659E-03  2.26040E-04  1.88876E-03  4.17425E-04
  4939.00000  1.89925E-01  0.00000E+00  0.00000E+00  1.44295E-01  6.67703E-03  1.93582E-02  1.51549E-03  1.17645E-02  3.78473E-03  2.25948E-04  1.88749E-03  4.17218E-04
  4940.00000  1.89813E-01  0.00000E+00  0.00000E+00  1.44207E-01  6.67442E-03  1.93487E-02  1.51488E-03  1.17563E-02  3.78288E-03  2.25856E-04  1.88621E-03  4.17012E-04
  4941.00000  1.89701E-01  0.00000E+00  0.00000E+00  1.44119E-01  6.67180E-03  1.93392E-02  1.51427E-03  1.17480E-02  3.78102E-03  2.25764E-04  1.88494E-03  4.16805E-04
  4942.00000  1.89589E-01  0.00000E+00  0.00000E+00  1.44032E-01  6.66919E-03  1.93297E-02  1.51366E-03  1.17398E-02  3.77917E-03  2.25672E-04  1.88367E-03  4.16598E-04
  4943.00000  1.89478E-01  0.00000E+00  0.00000E+00  1.43945E-01  6.66658E-03  1.93202E-02  1.51305E-03  1.17315E-02  3.77732E-03  2.25580E-04  1.88240E-03  4.16392E-04
  4944.00000  1.89367E-01  0.00000E+00  0.00000E+00  1.43858E-01  6.66396E-03  1.93108E-02  1.51244E-03  1.17233E-02  3.77547E-03  2.25489E-04  1.88113E-03  4.16185E-04
  4945.00000  1.89256E-01  0.00000E+00  0.00000E+00  1.43772E-01  6.66135E-03  1.93013E-02  1.51183E-03  1.17151E-02  3.77362E-03  2.25397E-04  1.87986E-03  4.15979E-04
  4946.00000  1.89146E-01  0.00000E+00  0.00000E+00  1.43686E-01  6.65875E-03  1.92918E-02  1.51123E-03  1.17069E-02  3.77178E-03  2.25305E-04  1.87859E-03  4.15773E-04
  4947.00000  1.89037E-01  0.00000E+00  0.00000E+00  1.43601E-01  6.65614E-03  1.92824E-02  1.51062E-03  1.16987E-02  3.76993E-03  2.25213E-04  1.87732E-03  4.15567E-04
  4948.00000  1.88928E-01  0.00000E+00  0.00000E+00  1.43516E-01  6.65354E-03  1.92729E-02  1.51001E-03  1.16905E-02  3.76809E-03  2.25122E-04  1.87606E-03  4.15361E-04
  4949.00000  1.88820E-01  0.00000E+00  0.00000E+00  1.43432E-01  6.65093E-03  1.92635E-02  1.50941E-03  1.16823E-02  3.76624E-03  2.25030E-04  1.87479E-03  4.15155E-04
  4950.00000  1.88712E-01  0.00000E+00  0.00000E+00  1.43349E-01  6.64833E-03  1.92541E-02  1.50880E-03  1.16741E-02  3.76440E-03  2.24938E-04  1.87353E-03  4.14949E-04
  4951.00000  1.88605E-01  0.00000E+00  0.00000E+00  1.43266E-01  6.64573E-03  1.92446E-02  1.50819E-03  1.16659E-02  3.76256E-03  2.24847E-04  1.87227E-03  4.14744E-04
  4952.00000  1.88499E-01  0.00000E+00  0.00000E+00  1.43184E-01  6.64313E-03  1.92352E-02  1.50759E-03  1.16577E-02  3.76072E-03  2.24755E-04  1.87100E-03  4.14538E-04
  4953.00000  1.88393E-01  0.00000E+00  0.00000E+00  1.43102E-01  6.64053E-03  1.92258E-02  1.50698E-03  1.16496E-02  3.75888E-03  2.24664E-04  1.86974E-03  4.14333E-04
  4954.00000  1.88288E-01  0.00000E+00  0.00000E+00  1.43022E-01  6.63794E-03  1.92164E-02  1.50638E-03  1.16414E-02  3.75704E-03  2.24572E-04  1.86848E-03  4.14128E-04
  4955.00000  1.88184E-01  0.00000E+00  0.00000E+00  1.42941E-01  6.63534E-03  1.92070E-02  1.50577E-03  1.16332E-02  3.75521E-03  2.24481E-04  1.86723E-03  4.13923E-04
  4956.00000  1.88080E-01  0.00000E+00  0.00000E+00  1.42862E-01  6.63275E-03  1.91976E-02  1.50517E-03  1.16251E-02  3.75337E-03  2.24390E-04  1.86597E-03  4.13718E-04
  4957.00000  1.87977E-01  0.00000E+00  0.00000E+00  1.42783E-01  6.63016E-03  1.91882E-02  1.50457E-03  1.16170E-02  3.75154E-03  2.24298E-04  1.86471E-03  4.13513E-04
  4958.00000  1.87875E-01  0.00000E+00  0.00000E+00  1.42705E-01  6.62757E-03  1.91788E-02  1.50396E-03  1.16088E-02  3.74970E-03  2.24207E-04  1.86346E-03  4.13308E-04
  4959.00000  1.87773E-01  0.00000E+00  0.00000E+00  1.42628E-01  6.62498E-03  1.91694E-02  1.50336E-03  1.16007E-02  3.74787E-03  2.24116E-04  1.86220E-03  4.13104E-04
  4960.00000  1.87673E-01  0.00000E+00  0.00000E+00  1.42551E-01  6.62239E-03  1.91601E-02  1.50276E-03  1.15926E-02  3.74604E-03  2.24025E-04  1.86095E-03  4.12899E-04
  4961.00000  1.87572E-01  0.00000E+00  0.00000E+00  1.42475E-01  6.61980E-03  1.91507E-02  1.50216E-03  1.15845E-02  3.74421E-03  2.23934E-04  1.85970E-03  4.12695E-04
  4962.00000  1.87473E-01  0.00000E+00  0.00000E+00  1.42399E-01  6.61722E-03  1.91413E-02  1.50156E-03  1.15764E-02  3.74239E-03  2.23843E-04  1.85845E-03  4.12491E-04
  4963.00000  1.87374E-01  0.00000E+00  0.00000E+00  1.42325E-01  6.61464E-03  1.91320E-02  1.50095E-03  1.15683E-02  3.74056E-03  2.23752E-04  1.85720E-03  4.12287E-04
  4964.00000  1.87276E-01  0.00000E+00  0.00000E+00  1.42251E-01  6.61205E-03  1.91226E-02  1.50035E-03  1.15602E-02  3.73873E-03  2.23661E-04  1.85595E-03  4.12083E-04
  4965.00000  1.87179E-01  0.00000E+00  0.00000E+00  1.42177E-01  6.60947E-03  1.91133E-02  1.49975E-03  1.15521E-02  3.73691E-03  2.23570E-04  1.85470E-03  4.11879E-04
  4966.00000  1.87082E-01  0.00000E+00  0.00000E+00  1.42104E-01  6.60689E-03  1.91039E-02  1.49915E-03  1.15440E-02  3.73509E-03  2.23479E-04  1.85345E-03  4.11675E-04
  4967.00000  1.86986E-01  0.00000E+00  0.00000E+00  1.42032E-01  6.60432E-03  1.90946E-02  1.49855E-03  1.15360E-02  3.73326E-03  2.23389E-04  1.85221E-03  4.11472E-04
  4968.00000  1.86890E-01  0.00000E+00  0.00000E+00  1.41961E-01  6.60174E-03  1.90853E-02  1.49795E-03  1.15279E-02  3.73144E-03  2.23298E-04  1.85096E-03  4.11268E-04
  4969.00000  1.86795E-01  0.00000E+00  0.00000E+00  1.41889E-01  6.59917E-03  1.90759E-02  1.49735E-03  1.15198E-02  3.72962E-03  2.23207E-04  1.84972E-03  4.11065E-04
  4970.00000  1.86701E-01  0.00000E+00  0.00000E+00  1.41819E-01  6.59659E-03  1.90666E-02  1.49675E-03  1.15118E-02  3.72781E-03  2.23116E-04  1.84848E-03  4.10862E-04
  4971.00000  1.86607E-01  0.00000E+00  0.00000E+00  1.41749E-01  6.59402E-03  1.90573E-02  1.49616E-03  1.15038E-02  3.72599E-03  2.23026E-04  1.84723E-03  4.10659E-04
  4972.00000  1.86514E-01  0.00000E+00  0.00000E+00  1.41680E-01  6.59145E-03  1.90480E-02  1.49556E-03  1.14957E-02  3.72417E-03  2.22935E-04  1.84599E-03  4.10456E-04
  4973.00000  1.86421E-01  0.00000E+00  0.00000E+00  1.41611E-01  6.58888E-03  1.90387E-02  1.49496E-03  1.14877E-02  3.72236E-03  2.22845E-04  1.84475E-03  4.10254E-04
  4974.00000  1.86329E-01  0.00000E+00  0.00000E+00  1.41542E-01  6.58631E-03  1.90294E-02  1.49436E-03  1.14797E-02  3.72054E-03  2.22754E-04  1.84351E-03  4.10051E-04
  4975.00000  1.86237E-01  0.00000E+00  0.00000E+00  1.41474E-01  6.58375E-03  1.90202E-02  1.49377E-03  1.14717E-02  3.71873E-03  2.22664E-04  1.84228E-03  4.09849E-04
  4976.00000  1.86145E-01  0.00000E+00  0.00000E+00  1.41406E-01  6.58118E-03  1.90109E-02  1.49317E-03  1.14637E-02  3.71692E-03  2.22574E-04  1.84104E-03  4.09646E-04
  4977.00000  1.86054E-01  0.00000E+00  0.00000E+00  1.41339E-01  6.57862E-03  1.90016E-02  1.49257E-03  1.14557E-02  3.71511E-03  2.22483E-04  1.83981E-03  4.09444E-04
  4978.00000  1.85963E-01  0.00000E+00  0.00000E+00  1.41272E-01  6.57606E-03  1.89923E-02  1.49198E-03  1.14477E-02  3.71330E-03  2.22393E-04  1.83857E-03  4.09242E-04
  4979.00000  1.85873E-01  0.00000E+00  0.00000E+00  1.41205E-01  6.57350E-03  1.89831E-02  1.49138E-03  1.14397E-02  3.71149E-03  2.22303E-04  1.83734E-03  4.09041E-04
  4980.00000  1.85783E-01  0.00000E+00  0.00000E+00  1.41139E-01  6.57094E-03  1.89738E-02  1.49079E-03  1.14317E-02  3.70969E-03  2.22213E-04  1.83610E-03  4.08839E-04
  4981.00000  1.85693E-01  0.00000E+00  0.00000E+00  1.41072E-01  6.56838E-03  1.89646E-02  1.49019E-03  1.14237E-02  3.70788E-03  2.22123E-04  1.83487E-03  4.08637E-04
  4982.00000  1.85603E-01  0.00000E+00  0.00000E+00  1.41006E-01  6.56583E-03  1.89553E-02  1.48960E-03  1.14158E-02  3.70608E-03  2.22033E-04  1.83364E-03  4.08436E-04
  4983.00000  1.85514E-01  0.00000E+00  0.00000E+00  1.40941E-01  6.56327E-03  1.89461E-02  1.48900E-03  1.14078E-02  3.70427E-03  2.21943E-04  1.83241E-03  4.08235E-04
  4984.00000  1.85425E-01  0.00000E+00  0.00000E+00  1.40875E-01  6.56072E-03  1.89369E-02  1.48841E-03  1.13999E-02  3.70247E-03  2.21853E-04  1.83118E-03  4.08034E-04
  4985.00000  1.85336E-01  0.00000E+00  0.00000E+00  1.40810E-01  6.55817E-03  1.89276E-02  1.48781E-03  1.13919E-02  3.70067E-03  2.21763E-04  1.82996E-03  4.07833E-04
  4986.00000  1.85247E-01  0.00000E+00  0.00000E+00  1.40744E-01  6.55562E-03  1.89184E-02  1.48722E-03  1.13840E-02  3.69887E-03  2.21673E-04  1.82873E-03  4.07632E-04
  4987.00000  1.85158E-01  0.00000E+00  0.00000E+00  1.40679E-01  6.55307E-03  1.89092E-02  1.48663E-03  1.13761E-02  3.69707E-03  2.21584E-04  1.82751E-03  4.07431E-04
  4988.00000  1.85069E-01  0.00000E+00  0.00000E+00  1.40614E-01  6.55052E-03  1.89000E-02  1.48603E-03  1.13681E-02  3.69528E-03  2.21494E-04  1.82628E-03  4.07231E-04
  4989.00000  1.84980E-01  0.00000E+00  0.00000E+00  1.40549E-01  6.54797E-03  1.88908E-02  1.48544E-03  1.13602E-02  3.69348E-03  2.21404E-04  1.82506E-03  4.07030E-04
  4990.00000  1.84892E-01  0.00000E+00  0.00000E+00  1.40484E-01  6.54543E-03  1.88816E-02  1.48485E-03  1.13523E-02  3.69169E-03  2.21315E-04  1.82383E-03  4.06830E-04
  4991.00000  1.84803E-01  0.00000E+00  0.00000E+00  1.40419E-01  6.54289E-03  1.88724E-02  1.48426E-03  1.13444E-02  3.68989E-03  2.21225E-04  1.82261E-03  4.06630E-04
  4992.00000  1.84714E-01  0.00000E+00  0.00000E+00  1.40354E-01  6.54035E-03  1.88632E-02  1.48367E-03  1.13365E-02  3.68810E-03  2.21136E-04  1.82139E-03  4.06430E-04
  4993.00000  1.84626E-01  0.00000E+00  0.00000E+00  1.40288E-01  6.53781E-03  1.88541E-02  1.48308E-03  1.13286E-02  3.68631E-03  2.21046E-04  1.82017E-03  4.06230E-04
  4994.00000  1.84537E-01  0.00000E+00  0.00000E+00  1.40223E-01  6.53527E-03  1.88449E-02  1.48248E-03  1.13208E-02  3.68452E-03  2.20957E-04  1.81896E-03  4.06031E-04
  4995.00000  1.84448E-01  0.00000E+00  0.00000E+00  1.40158E-01  6.53273E-03  1.88357E-02  1.48189E-03  1.13129E-02  3.68273E-03  2.20867E-04  1.81774E-03  4.05831E-04
  4996.00000  1.84359E-01  0.00000E+00  0.00000E+00  1.40092E-01  6.53020E-03  1.88266E-02  1.48130E-03  1.13050E-02  3.68094E-03  2.20778E-04  1.81652E-03  4.05632E-04
  4997.00000  1.84270E-01  0.00000E+00  0.00000E+00  1.40026E-01  6.52766E-03  1.88174E-02  1.48071E-03  1.12972E-02  3.67915E-03  2.20689E-04  1.81531E-03  4.05433E-04
  4998.00000  1.84180E-01  0.00000E+00  0.00000E+00  1.39960E-01  6.52513E-03  1.88083E-02  1.48012E-03  1.12893E-02  3.67737E-03  2.20600E-04  1.81409E-03  4.05234E-04
  4999.00000  1.84091E-01  0.00000E+00  0.00000E+00  1.39894E-01  6.52260E-03  1.87991E-02  1.47954E-03  1.12815E-02  3.67558E-03  2.20511E-04  1.81288E-03  4.05035E-04
  5000.00000  1.84001E-01  0.00000E+00  0.00000E+00  1.39828E-01  6.52007E-03  1.87900E-02  1.47895E-03  1.12736E-02  3.67380E-03  2.20421E-04  1.81167E-03  4.04836E-04
  5001.00000  1.83911E-01  0.00000E+00  0.00000E+00  1.39761E-01  6.51754E-03  1.87809E-02  1.47836E-03  1.12658E-02  3.67202E-03  2.20332E-04  1.81046E-03  4.04637E-04
  5002.00000  1.83821E-01  0.00000E+00  0.00000E+00  1.39695E-01  6.51501E-03  1.87717E-02  1.47777E-03  1.12580E-02  3.67024E-03  2.20243E-04  1.80925E-03  4.04439E-04
  5003.00000  1.83731E-01  0.00000E+00  0.00000E+00  1.39628E-01  6.51249E-03  1.87626E-02  1.47718E-03  1.12501E-02  3.66846E-03  2.20155E-04  1.80804E-03  4.04241E-04
  5004.00000  1.83640E-01  0.00000E+00  0.00000E+00  1.39560E-01  6.50996E-03  1.87535E-02  1.47660E-03  1.12423E-02  3.66668E-03  2.20066E-04  1.80683E-03  4.04042E-04
  5005.00000  1.83550E-01  0.00000E+00  0.00000E+00  1.39493E-01  6.50744E-03  1.87444E-02  1.47601E-03  1.12345E-02  3.66490E-03  2.19977E-04  1.80562E-03  4.03844E-04
  5006.00000  1.83458E-01  0.00000E+00  0.00000E+00  1.39425E-01  6.50492E-03  1.87353E-02  1.47542E-03  1.12267E-02  3.66312E-03  2.19888E-04  1.80442E-03  4.03647E-04
  5007.00000  1.83367E-01  0.00000E+00  0.00000E+00  1.39357E-01  6.50240E-03  1.87262E-02  1.47484E-03  1.12189E-02  3.66135E-03  2.19799E-04  1.80321E-03  4.03449E-04
  5008.00000  1.83275E-01  0.00000E+00  0.00000E+00  1.39288E-01  6.49988E-03  1.87171E-02  1.47425E-03  1.12112E-02  3.65957E-03  2.19711E-04  1.80201E-03  4.03251E-04
  5009.00000  1.83183E-01  0.00000E+00  0.00000E+00  1.39220E-01  6.49736E-03  1.87080E-02  1.47366E-03  1.12034E-02  3.65780E-03  2.19622E-04  1.80080E-03  4.03054E-04
  5010.00000  1.83091E-01  0.00000E+00  0.00000E+00  1.39150E-01  6.49485E-03  1.86990E-02  1.47308E-03  1.11956E-02  3.65603E-03  2.19534E-04  1.79960E-03  4.02857E-04
  5011.00000  1.82998E-01  0.00000E+00  0.00000E+00  1.39081E-01  6.49233E-03  1.86899E-02  1.47249E-03  1.11878E-02  3.65426E-03  2.19445E-04  1.79840E-03  4.02660E-04
  5012.00000  1.82905E-01  0.00000E+00  0.00000E+00  1.39011E-01  6.48982E-03  1.86808E-02  1.47191E-03  1.11801E-02  3.65249E-03  2.19357E-04  1.79720E-03  4.02463E-04
  5013.00000  1.82812E-01  0.00000E+00  0.00000E+00  1.38941E-01  6.48731E-03  1.86718E-02  1.47132E-03  1.11723E-02  3.65072E-03  2.19268E-04  1.79600E-03  4.02266E-04
  5014.00000  1.82718E-01  0.00000E+00  0.00000E+00  1.38871E-01  6.48480E-03  1.86627E-02  1.47074E-03  1.11646E-02  3.64895E-03  2.19180E-04  1.79480E-03  4.02070E-04
  5015.00000  1.82625E-01  0.00000E+00  0.00000E+00  1.38800E-01  6.48229E-03  1.86537E-02  1.47016E-03  1.11568E-02  3.64718E-03  2.19092E-04  1.79361E-03  4.01873E-04
  5016.00000  1.82530E-01  0.00000E+00  0.00000E+00  1.38729E-01  6.47978E-03  1.86446E-02  1.46957E-03  1.11491E-02  3.64542E-03  2.19003E-04  1.79241E-03  4.01677E-04
  5017.00000  1.82436E-01  0.00000E+00  0.00000E+00  1.38657E-01  6.47728E-03  1.86356E-02  1.46899E-03  1.11414E-02  3.64365E-03  2.18915E-04  1.79121E-03  4.01481E-04
  5018.00000  1.82341E-01  0.00000E+00  0.00000E+00  1.38585E-01  6.47477E-03  1.86265E-02  1.46841E-03  1.11337E-02  3.64189E-03  2.18827E-04  1.79002E-03  4.01285E-04
  5019.00000  1.82246E-01  0.00000E+00  0.00000E+00  1.38513E-01  6.47227E-03  1.86175E-02  1.46783E-03  1.11260E-02  3.64013E-03  2.18739E-04  1.78883E-03  4.01089E-04
  5020.00000  1.82150E-01  0.00000E+00  0.00000E+00  1.38441E-01  6.46977E-03  1.86085E-02  1.46724E-03  1.11182E-02  3.63837E-03  2.18651E-04  1.78764E-03  4.00893E-04
  5021.00000  1.82054E-01  0.00000E+00  0.00000E+00  1.38368E-01  6.46727E-03  1.85995E-02  1.46666E-03  1.11105E-02  3.63661E-03  2.18563E-04  1.78644E-03  4.00698E-04
  5022.00000  1.81958E-01  0.00000E+00  0.00000E+00  1.38295E-01  6.46477E-03  1.85905E-02  1.46608E-03  1.11029E-02  3.63485E-03  2.18475E-04  1.78525E-03  4.00502E-04
  5023.00000  1.81862E-01  0.00000E+00  0.00000E+00  1.38222E-01  6.46227E-03  1.85815E-02  1.46550E-03  1.10952E-02  3.63309E-03  2.18387E-04  1.78407E-03  4.00307E-04
  5024.00000  1.81765E-01  0.00000E+00  0.00000E+00  1.38148E-01  6.45977E-03  1.85725E-02  1.46492E-03  1.10875E-02  3.63133E-03  2.18300E-04  1.78288E-03  4.00112E-04
  5025.00000  1.81668E-01  0.00000E+00  0.00000E+00  1.38074E-01  6.45728E-03  1.85635E-02  1.46434E-03  1.10798E-02  3.62958E-03  2.18212E-04  1.78169E-03  3.99917E-04
  5026.00000  1.81571E-01  0.00000E+00  0.00000E+00  1.38000E-01  6.45478E-03  1.85545E-02  1.46376E-03  1.10721E-02  3.62782E-03  2.18124E-04  1.78050E-03  3.99722E-04
  5027.00000  1.81473E-01  0.00000E+00  0.00000E+00  1.37925E-01  6.45229E-03  1.85455E-02  1.46318E-03  1.10645E-02  3.62607E-03  2.18036E-04  1.77932E-03  3.99528E-04
  5028.00000  1.81376E-01  0.00000E+00  0.00000E+00  1.37850E-01  6.44980E-03  1.85365E-02  1.46260E-03  1.10568E-02  3.62432E-03  2.17949E-04  1.77813E-03  3.99333E-04
  5029.00000  1.81278E-01  0.00000E+00  0.00000E+00  1.37775E-01  6.44731E-03  1.85276E-02  1.46202E-03  1.10492E-02  3.62257E-03  2.17861E-04  1.77695E-03  3.99139E-04
  5030.00000  1.81179E-01  0.00000E+00  0.00000E+00  1.37700E-01  6.44482E-03  1.85186E-02  1.46144E-03  1.10415E-02  3.62082E-03  2.17774E-04  1.77577E-03  3.98945E-04
  5031.00000  1.81081E-01  0.00000E+00  0.00000E+00  1.37624E-01  6.44233E-03  1.85096E-02  1.46087E-03  1.10339E-02  3.61907E-03  2.17686E-04  1.77459E-03  3.98751E-04
  5032.00000  1.80982E-01  0.00000E+00  0.00000E+00  1.37548E-01  6.43985E-03  1.85007E-02  1.46029E-03  1.10263E-02  3.61732E-03  2.17599E-04  1.77341E-03  3.98557E-04
  5033.00000  1.80883E-01  0.00000E+00  0.00000E+00  1.37472E-01  6.43736E-03  1.84917E-02  1.45971E-03  1.10187E-02  3.61558E-03  2.17512E-04  1.77223E-03  3.98363E-04
  5034.00000  1.80784E-01  0.00000E+00  0.00000E+00  1.37396E-01  6.43488E-03  1.84828E-02  1.45913E-03  1.10111E-02  3.61383E-03  2.17425E-04  1.77105E-03  3.98170E-04
  5035.00000  1.80685E-01  0.00000E+00  0.00000E+00  1.37319E-01  6.43240E-03  1.84739E-02  1.45856E-03  1.10034E-02  3.61209E-03  2.17337E-04  1.76987E-03  3.97977E-04
  5036.00000  1.80586E-01  0.00000E+00  0.00000E+00  1.37243E-01  6.42992E-03  1.84649E-02  1.45798E-03  1.09958E-02  3.61034E-03  2.17250E-04  1.76870E-03  3.97783E-04
  5037.00000  1.80486E-01  0.00000E+00  0.00000E+00  1.37166E-01  6.42744E-03  1.84560E-02  1.45740E-03  1.09883E-02  3.60860E-03  2.17163E-04  1.76752E-03  3.97590E-04
  5038.00000  1.80386E-01  0.00000E+00  0.00000E+00  1.37089E-01  6.42496E-03  1.84471E-02  1.45683E-03  1.09807E-02  3.60686E-03  2.17076E-04  1.76635E-03  3.97397E-04
  5039.00000  1.80287E-01  0.00000E+00  0.00000E+00  1.37012E-01  6.42249E-03  1.84382E-02  1.45625E-03  1.09731E-02  3.60512E-03  2.16989E-04  1.76517E-03  3.97205E-04
  5040.00000  1.80187E-01  0.00000E+00  0.00000E+00  1.36935E-01  6.42001E-03  1.84293E-02  1.45568E-03  1.09655E-02  3.60338E-03  2.16902E-04  1.76400E-03  3.97012E-04
  5041.00000  1.80087E-01  0.00000E+00  0.00000E+00  1.36858E-01  6.41754E-03  1.84204E-02  1.45510E-03  1.09579E-02  3.60165E-03  2.16815E-04  1.76283E-03  3.96820E-04
  5042.00000  1.79987E-01  0.00000E+00  0.00000E+00  1.36780E-01  6.41507E-03  1.84115E-02  1.45453E-03  1.09504E-02  3.59991E-03  2.16729E-04  1.76166E-03  3.96627E-04
  5043.00000  1.79887E-01  0.00000E+00  0.00000E+00  1.36703E-01  6.41260E-03  1.84026E-02  1.45395E-03  1.09428E-02  3.59818E-03  2.16642E-04  1.76049E-03  3.96435E-04
  5044.00000  1.79786E-01  0.00000E+00  0.00000E+00  1.36625E-01  6.41013E-03  1.83937E-02  1.45338E-03  1.09353E-02  3.59644E-03  2.16555E-04  1.75932E-03  3.96243E-04
  5045.00000  1.79686E-01  0.00000E+00  0.00000E+00  1.36548E-01  6.40766E-03  1.83848E-02  1.45281E-03  1.09277E-02  3.59471E-03  2.16469E-04  1.75815E-03  3.96051E-04
  5046.00000  1.79586E-01  0.00000E+00  0.00000E+00  1.36470E-01  6.40519E-03  1.83760E-02  1.45223E-03  1.09202E-02  3.59298E-03  2.16382E-04  1.75698E-03  3.95860E-04
  5047.00000  1.79486E-01  0.00000E+00  0.00000E+00  1.36393E-01  6.40273E-03  1.83671E-02  1.45166E-03  1.09127E-02  3.59125E-03  2.16296E-04  1.75582E-03  3.95668E-04
  5048.00000  1.79386E-01  0.00000E+00  0.00000E+00  1.36315E-01  6.40027E-03  1.83582E-02  1.45109E-03  1.09051E-02  3.58952E-03  2.16209E-04  1.75465E-03  3.95477E-04
  5049.00000  1.79286E-01  0.00000E+00  0.00000E+00  1.36238E-01  6.39780E-03  1.83494E-02  1.45052E-03  1.08976E-02  3.58779E-03  2.16123E-04  1.75349E-03  3.95285E-04
  5050.00000  1.79186E-01  0.00000E+00  0.00000E+00  1.36160E-01  6.39534E-03  1.83405E-02  1.44994E-03  1.08901E-02  3.58606E-03  2.16036E-04  1.75233E-03  3.95094E-04
  5051.00000  1.79086E-01  0.00000E+00  0.00000E+00  1.36083E-01  6.39288E-03  1.83317E-02  1.44937E-03  1.08826E-02  3.58434E-03  2.15950E-04  1.75116E-03  3.94903E-04
  5052.00000  1.78986E-01  0.00000E+00  0.00000E+00  1.36005E-01  6.39043E-03  1.83229E-02  1.44880E-03  1.08751E-02  3.58261E-03  2.15864E-04  1.75000E-03  3.94713E-04
  5053.00000  1.78886E-01  0.00000E+00  0.00000E+00  1.35928E-01  6.38797E-03  1.83140E-02  1.44823E-03  1.08676E-02  3.58089E-03  2.15778E-04  1.74884E-03  3.94522E-04
  5054.00000  1.78786E-01  0.00000E+00  0.00000E+00  1.35851E-01  6.38551E-03  1.83052E-02  1.44766E-03  1.08602E-02  3.57916E-03  2.15692E-04  1.74768E-03  3.94331E-04
  5055.00000  1.78686E-01  0.00000E+00  0.00000E+00  1.35773E-01  6.38306E-03  1.82964E-02  1.44709E-03  1.08527E-02  3.57744E-03  2.15606E-04  1.74653E-03  3.94141E-04
  5056.00000  1.78587E-01  0.00000E+00  0.00000E+00  1.35696E-01  6.38061E-03  1.82876E-02  1.44652E-03  1.08452E-02  3.57572E-03  2.15520E-04  1.74537E-03  3.93951E-04
  5057.00000  1.78487E-01  0.00000E+00  0.00000E+00  1.35619E-01  6.37816E-03  1.82788E-02  1.44595E-03  1.08377E-02  3.57400E-03  2.15434E-04  1.74421E-03  3.93761E-04
  5058.00000  1.78388E-01  0.00000E+00  0.00000E+00  1.35542E-01  6.37571E-03  1.82700E-02  1.44538E-03  1.08303E-02  3.57228E-03  2.15348E-04  1.74306E-03  3.93571E-04
  5059.00000  1.78289E-01  0.00000E+00  0.00000E+00  1.35466E-01  6.37326E-03  1.82612E-02  1.44481E-03  1.08228E-02  3.57057E-03  2.15262E-04  1.74190E-03  3.93381E-04
  5060.00000  1.78190E-01  0.00000E+00  0.00000E+00  1.35389E-01  6.37081E-03  1.82524E-02  1.44424E-03  1.08154E-02  3.56885E-03  2.15176E-04  1.74075E-03  3.93191E-04
  5061.00000  1.78091E-01  0.00000E+00  0.00000E+00  1.35313E-01  6.36837E-03  1.82436E-02  1.44367E-03  1.08079E-02  3.56713E-03  2.15091E-04  1.73960E-03  3.93002E-04
  5062.00000  1.99775E-01  0.00000E+00  2.17823E-02  1.35237E-01  6.36592E-03  1.82348E-02  1.44311E-03  1.08005E-02  3.56542E-03  2.15005E-04  1.73844E-03  3.92812E-04
  5063.00000  2.00252E-01  0.00000E+00  2.23580E-02  1.35161E-01  6.36348E-03  1.82260E-02  1.44254E-03  1.07931E-02  3.56371E-03  2.14920E-04  1.73729E-03  3.92623E-04
  5064.00000  2.00649E-01  0.00000E+00  2.28529E-02  1.35085E-01  6.36104E-03  1.82172E-02  1.44197E-03  1.07857E-02  3.56200E-03  2.14834E-04  1.73614E-03  3.92434E-04
  5065.00000  2.00986E-01  0.00000E+00  2.32875E-02  1.35009E-01  6.35860E-03  1.82085E-02  1.44140E-03  1.07783E-02  3.56028E-03  2.14749E-04  1.73499E-03  3.92245E-04
  5066.00000  2.01275E-01  0.00000E+00  2.36752E-02  1.34934E-01  6.35616E-03  1.81997E-02  1.44084E-03  1.07709E-02  3.55857E-03  2.14663E-04  1.73385E-03  3.92056E-04
  5067.00000  2.01529E-01  0.00000E+00  2.40259E-02  1.34858E-01  6.35372E-03  1.81910E-02  1.44027E-03  1.07635E-02  3.55687E-03  2.14578E-04  1.73270E-03  3.91868E-04
  5068.00000  2.01752E-01  0.00000E+00  2.43465E-02  1.34783E-01  6.35129E-03  1.81822E-02  1.43970E-03  1.07561E-02  3.55516E-03  2.14493E-04  1.73155E-03  3.91679E-04
  5069.00000  2.01950E-01  0.00000E+00  2.46414E-02  1.34708E-01  6.34885E-03  1.81735E-02  1.43914E-03  1.07487E-02  3.55345E-03  2.14408E-04  1.73041E-03  3.91491E-04
  5070.00000  2.02126E-01  0.00000E+00  2.49139E-02  1.34634E-01  6.34642E-03  1.81647E-02  1.43857E-03  1.07413E-02  3.55175E-03  2.14322E-04  1.72926E-03  3.91302E-04
  5071.00000  2.02281E-01  0.00000E+00  2.51663E-02  1.34560E-01  6.34399E-03  1.81560E-02  1.43801E-03  1.07339E-02  3.55004E-03  2.14237E-04  1.72812E-03  3.91114E-04
  5072.00000  2.02419E-01  0.00000E+00  2.54002E-02  1.34485E-01  6.34156E-03  1.81473E-02  1.43744E-03  1.07265E-02  3.54834E-03  2.14152E-04  1.72698E-03  3.90926E-04
  5073.00000  2.02539E-01  0.00000E+00  2.56166E-02  1.34412E-01  6.33913E-03  1.81386E-02  1.43688E-03  1.07192E-02  3.54664E-03  2.14067E-04  1.72584E-03  3.90739E-04
  5074.00000  2.02643E-01  0.00000E+00  2.58166E-02  1.34338E-01  6.33670E-03  1.81299E-02  1.43631E-03  1.07118E-02  3.54493E-03  2.13982E-04  1.72470E-03  3.90551E-04
  5075.00000  2.02732E-01  0.00000E+00  2.60008E-02  1.34265E-01  6.33427E-03  1.81211E-02  1.43575E-03  1.07045E-02  3.54323E-03  2.13898E-04  1.72356E-03  3.90363E-04
  5076.00000  2.02806E-01  0.00000E+00  2.61697E-02  1.34192E-01  6.33185E-03  1.81124E-02  1.43519E-03  1.06971E-02  3.54153E-03  2.13813E-04  1.72242E-03  3.90176E-04
  5077.00000  2.02865E-01  0.00000E+00  2.63239E-02  1.34119E-01  6.32942E-03  1.81037E-02  1.43462E-03  1.06898E-02  3.53984E-03  2.13728E-04  1.72128E-03  3.89989E-04
  5078.00000  2.02910E-01  0.00000E+00  2.64640E-02  1.34046E-01  6.32700E-03  1.80950E-02  1.43406E-03  1.06825E-02  3.53814E-03  2.13643E-04  1.72015E-03  3.89802E-04
  5079.00000  2.02942E-01  0.00000E+00  2.65903E-02  1.33974E-01  6.32458E-03  1.80864E-02  1.43350E-03  1.06751E-02  3.53644E-03  2.13559E-04  1.71901E-03  3.89615E-04
  5080.00000  2.02961E-01  0.00000E+00  2.67035E-02  1.33902E-01  6.32216E-03  1.80777E-02  1.43293E-03  1.06678E-02  3.53475E-03  2.13474E-04  1.71788E-03  3.89428E-04
  5081.00000  2.02968E-01  0.00000E+00  2.68040E-02  1.33830E-01  6.31974E-03  1.80690E-02  1.43237E-03  1.06605E-02  3.53305E-03  2.13390E-04  1.71674E-03  3.89241E-04
  5082.00000  2.02963E-01  0.00000E+00  2.68923E-02  1.33758E-01  6.31732E-03  1.80603E-02  1.43181E-03  1.06532E-02  3.53136E-03  2.13305E-04  1.71561E-03  3.89055E-04
  5083.00000  2.02946E-01  0.00000E+00  2.69691E-02  1.33687E-01  6.31491E-03  1.80517E-02  1.43125E-03  1.06459E-02  3.52967E-03  2.13221E-04  1.71448E-03  3.88869E-04
  5084.00000  2.02919E-01  0.00000E+00  2.70350E-02  1.33616E-01  6.31249E-03  1.80430E-02  1.43069E-03  1.06386E-02  3.52798E-03  2.13137E-04  1.71335E-03  3.88682E-04
  5085.00000  2.02882E-01  0.00000E+00  2.70904E-02  1.33545E-01  6.31008E-03  1.80343E-02  1.43013E-03  1.06313E-02  3.52629E-03  2.13052E-04  1.71222E-03  3.88496E-04
  5086.00000  2.02835E-01  0.00000E+00  2.71362E-02  1.33475E-01  6.30766E-03  1.80257E-02  1.42957E-03  1.06240E-02  3.52460E-03  2.12968E-04  1.71109E-03  3.88311E-04
  5087.00000  2.02780E-01  0.00000E+00  2.71728E-02  1.33405E-01  6.30525E-03  1.80170E-02  1.42901E-03  1.06168E-02  3.52291E-03  2.12884E-04  1.70996E-03  3.88125E-04
  5088.00000  2.02716E-01  0.00000E+00  2.72009E-02  1.33335E-01  6.30284E-03  1.80084E-02  1.42845E-03  1.06095E-02  3.52123E-03  2.12800E-04  1.70883E-03  3.87939E-04
  5089.00000  2.02644E-01  0.00000E+00  2.72213E-02  1.33265E-01  6.30044E-03  1.79998E-02  1.42789E-03  1.06022E-02  3.51954E-03  2.12716E-04  1.70771E-03  3.87754E-04
  5090.00000  2.02566E-01  0.00000E+00  2.72344E-02  1.33196E-01  6.29803E-03  1.79911E-02  1.42733E-03  1.05950E-02  3.51786E-03  2.12632E-04  1.70658E-03  3.87568E-04
  5091.00000  2.02481E-01  0.00000E+00  2.72409E-02  1.33126E-01  6.29562E-03  1.79825E-02  1.42677E-03  1.05877E-02  3.51617E-03  2.12548E-04  1.70546E-03  3.87383E-04
  5092.00000  2.02391E-01  0.00000E+00  2.72415E-02  1.33057E-01  6.29322E-03  1.79739E-02  1.42621E-03  1.05805E-02  3.51449E-03  2.12464E-04  1.70433E-03  3.87198E-04
  5093.00000  2.02296E-01  0.00000E+00  2.72366E-02  1.32989E-01  6.29081E-03  1.79653E-02  1.42565E-03  1.05732E-02  3.51281E-03  2.12380E-04  1.70321E-03  3.87013E-04
  5094.00000  2.02196E-01  0.00000E+00  2.72270E-02  1.32920E-01  6.28841E-03  1.79567E-02  1.42510E-03  1.05660E-02  3.51113E-03  2.12297E-04  1.70209E-03  3.86829E-04
  5095.00000  2.02092E-01  0.00000E+00  2.72131E-02  1.32852E-01  6.28601E-03  1.79481E-02  1.42454E-03  1.05588E-02  3.50945E-03  2.12213E-04  1.70097E-03  3.86644E-04
  5096.00000  2.01984E-01  0.00000E+00  2.71954E-02  1.32784E-01  6.28361E-03  1.79395E-02  1.42398E-03  1.05515E-02  3.50778E-03  2.12129E-04  1.69985E-03  3.86460E-04
  5097.00000  2.01873E-01  0.00000E+00  2.71745E-02  1.32716E-01  6.28121E-03  1.79309E-02  1.42342E-03  1.05443E-02  3.50610E-03  2.12046E-04  1.69873E-03  3.86276E-04
  5098.00000  2.01760E-01  0.00000E+00  2.71507E-02  1.32648E-01  6.27882E-03  1.79223E-02  1.42287E-03  1.05371E-02  3.50442E-03  2.11962E-04  1.69761E-03  3.86092E-04
  5099.00000  2.01645E-01  0.00000E+00  2.71247E-02  1.32581E-01  6.27642E-03  1.79137E-02  1.42231E-03  1.05299E-02  3.50275E-03  2.11879E-04  1.69650E-03  3.85908E-04
  5100.00000  2.01528E-01  0.00000E+00  2.70967E-02  1.32513E-01  6.27403E-03  1.79052E-02  1.42176E-03  1.05227E-02  3.50107E-03  2.11796E-04  1.69538E-03  3.85724E-04
  5101.00000  2.01409E-01  0.00000E+00  2.70672E-02  1.32446E-01  6.27164E-03  1.78966E-02  1.42120E-03  1.05155E-02  3.49940E-03  2.11712E-04  1.69427E-03  3.85540E-04
  5102.00000  2.01290E-01  0.00000E+00  2.70364E-02  1.32380E-01  6.26924E-03  1.78880E-02  1.42064E-03  1.05084E-02  3.49773E-03  2.11629E-04  1.69315E-03  3.85357E-04
  5103.00000  2.01170E-01  0.00000E+00  2.70048E-02  1.32313E-01  6.26685E-03  1.78795E-02  1.42009E-03  1.05012E-02  3.49606E-03  2.11546E-04  1.69204E-03  3.85173E-04
  5104.00000  2.01050E-01  0.00000E+00  2.69726E-02  1.32246E-01  6.26447E-03  1.78709E-02  1.41954E-03  1.04940E-02  3.49439E-03  2.11463E-04  1.69092E-03  3.84990E-04
  5105.00000  2.00929E-01  0.00000E+00  2.69402E-02  1.32180E-01  6.26208E-03  1.78624E-02  1.41898E-03  1.04868E-02  3.49272E-03  2.11379E-04  1.68981E-03  3.84807E-04
  5106.00000  2.00809E-01  0.00000E+00  2.69076E-02  1.32114E-01  6.25969E-03  1.78538E-02  1.41843E-03  1.04797E-02  3.49106E-03  2.11296E-04  1.68870E-03  3.84624E-04
  5107.00000  2.00689E-01  0.00000E+00  2.68753E-02  1.32048E-01  6.25731E-03  1.78453E-02  1.41787E-03  1.04725E-02  3.48939E-03  2.11213E-04  1.68759E-03  3.84442E-04
  5108.00000  2.00569E-01  0.00000E+00  2.68433E-02  1.31982E-01  6.25492E-03  1.78368E-02  1.41732E-03  1.04654E-02  3.48773E-03  2.11131E-04  1.68648E-03  3.84259E-04
  5109.00000  2.00450E-01  0.00000E+00  2.68119E-02  1.31916E-01  6.25254E-03  1.78283E-02  1.41677E-03  1.04582E-02  3.48606E-03  2.11048E-04  1.68538E-03  3.84077E-04
  5110.00000  2.00332E-01  0.00000E+00  2.67811E-02  1.31850E-01  6.25016E-03  1.78197E-02  1.41621E-03  1.04511E-02  3.48440E-03  2.10965E-04  1.68427E-03  3.83894E-04
  5111.00000  2.00215E-01  0.00000E+00  2.67512E-02  1.31785E-01  6.24778E-03  1.78112E-02  1.41566E-03  1.04440E-02  3.48274E-03  2.10882E-04  1.68316E-03  3.83712E-04
  5112.00000  2.00099E-01  0.00000E+00  2.67223E-02  1.31719E-01  6.24540E-03  1.78027E-02  1.41511E-03  1.04369E-02  3.48108E-03  2.10800E-04  1.68206E-03  3.83530E-04
  5113.00000  1.99984E-01  0.00000E+00  2.66944E-02  1.31654E-01  6.24303E-03  1.77942E-02  1.41456E-03  1.04297E-02  3.47942E-03  2.10717E-04  1.68095E-03  3.83349E-04
  5114.00000  1.99871E-01  0.00000E+00  2.66676E-02  1.31589E-01  6.24065E-03  1.77857E-02  1.41401E-03  1.04226E-02  3.47776E-03  2.10634E-04  1.67985E-03  3.83167E-04
  5115.00000  1.99759E-01  0.00000E+00  2.66420E-02  1.31524E-01  6.23828E-03  1.77772E-02  1.41346E-03  1.04155E-02  3.47610E-03  2.10552E-04  1.67875E-03  3.82985E-04
  5116.00000  1.99648E-01  0.00000E+00  2.66177E-02  1.31459E-01  6.23591E-03  1.77687E-02  1.41290E-03  1.04084E-02  3.47445E-03  2.10469E-04  1.67764E-03  3.82804E-04
  5117.00000  1.99538E-01  0.00000E+00  2.65946E-02  1.31394E-01  6.23353E-03  1.77603E-02  1.41235E-03  1.04013E-02  3.47279E-03  2.10387E-04  1.67654E-03  3.82623E-04
  5118.00000  1.99430E-01  0.00000E+00  2.65728E-02  1.31329E-01  6.23116E-03  1.77518E-02  1.41180E-03  1.03942E-02  3.47114E-03  2.10305E-04  1.67544E-03  3.82442E-04
  5119.00000  1.99323E-01  0.00000E+00  2.65524E-02  1.31264E-01  6.22880E-03  1.77433E-02  1.41125E-03  1.03872E-02  3.46948E-03  2.10223E-04  1.67434E-03  3.82261E-04
  5120.00000  1.99218E-01  0.00000E+00  2.65333E-02  1.31199E-01  6.22643E-03  1.77349E-02  1.41070E-03  1.03801E-02  3.46783E-03  2.10140E-04  1.67325E-03  3.82080E-04
  5121.00000  1.99114E-01  0.00000E+00  2.65155E-02  1.31134E-01  6.22406E-03  1.77264E-02  1.41015E-03  1.03730E-02  3.46618E-03  2.10058E-04  1.67215E-03  3.81900E-04
  5122.00000  1.99011E-01  0.00000E+00  2.64990E-02  1.31070E-01  6.22170E-03  1.77179E-02  1.40961E-03  1.03660E-02  3.46453E-03  2.09976E-04  1.67105E-03  3.81719E-04
  5123.00000  1.98910E-01  0.00000E+00  2.64838E-02  1.31005E-01  6.21933E-03  1.77095E-02  1.40906E-03  1.03589E-02  3.46288E-03  2.09894E-04  1.66996E-03  3.81539E-04
  5124.00000  1.98810E-01  0.00000E+00  2.64699E-02  1.30940E-01  6.21697E-03  1.77010E-02  1.40851E-03  1.03519E-02  3.46123E-03  2.09812E-04  1.66886E-03  3.81359E-04
  5125.00000  1.98711E-01  0.00000E+00  2.64571E-02  1.30876E-01  6.21461E-03  1.76926E-02  1.40796E-03  1.03448E-02  3.45958E-03  2.09730E-04  1.66777E-03  3.81179E-04
  5126.00000  1.98614E-01  0.00000E+00  2.64456E-02  1.30811E-01  6.21225E-03  1.76842E-02  1.40741E-03  1.03378E-02  3.45794E-03  2.09648E-04  1.66668E-03  3.80999E-04
  5127.00000  1.98517E-01  0.00000E+00  2.64352E-02  1.30747E-01  6.20989E-03  1.76757E-02  1.40686E-03  1.03307E-02  3.45629E-03  2.09567E-04  1.66558E-03  3.80819E-04
  5128.00000  1.98422E-01  0.00000E+00  2.64259E-02  1.30682E-01  6.20754E-03  1.76673E-02  1.40632E-03  1.03237E-02  3.45465E-03  2.09485E-04  1.66449E-03  3.80640E-04
  5129.00000  1.98328E-01  0.00000E+00  2.64176E-02  1.30617E-01  6.20518E-03  1.76589E-02  1.40577E-03  1.03167E-02  3.45301E-03  2.09403E-04  1.66340E-03  3.80460E-04
  5130.00000  1.98235E-01  0.00000E+00  2.64103E-02  1.30553E-01  6.20283E-03  1.76505E-02  1.40522E-03  1.03097E-02  3.45136E-03  2.09322E-04  1.66231E-03  3.80281E-04
  5131.00000  1.98142E-01  0.00000E+00  2.64040E-02  1.30488E-01  6.20047E-03  1.76421E-02  1.40468E-03  1.03027E-02  3.44972E-03  2.09240E-04  1.66123E-03  3.80102E-04
  5132.00000  1.98051E-01  0.00000E+00  2.63985E-02  1.30424E-01  6.19812E-03  1.76337E-02  1.40413E-03  1.02957E-02  3.44808E-03  2.09159E-04  1.66014E-03  3.79923E-04
  5133.00000  1.97960E-01  0.00000E+00  2.63938E-02  1.30359E-01  6.19577E-03  1.76253E-02  1.40359E-03  1.02887E-02  3.44644E-03  2.09077E-04  1.65905E-03  3.79744E-04
  5134.00000  1.97871E-01  0.00000E+00  2.63899E-02  1.30294E-01  6.19342E-03  1.76169E-02  1.40304E-03  1.02817E-02  3.44481E-03  2.08996E-04  1.65797E-03  3.79566E-04
  5135.00000  1.97781E-01  0.00000E+00  2.63867E-02  1.30229E-01  6.19107E-03  1.76085E-02  1.40249E-03  1.02747E-02  3.44317E-03  2.08915E-04  1.65688E-03  3.79387E-04
  5136.00000  1.97693E-01  0.00000E+00  2.63841E-02  1.30165E-01  6.18873E-03  1.76001E-02  1.40195E-03  1.02677E-02  3.44153E-03  2.08833E-04  1.65580E-03  3.79209E-04
  5137.00000  1.97605E-01  0.00000E+00  2.63820E-02  1.30100E-01  6.18638E-03  1.75918E-02  1.40141E-03  1.02608E-02  3.43990E-03  2.08752E-04  1.65471E-03  3.79030E-04
  5138.00000  1.97517E-01  0.00000E+00  2.63805E-02  1.30035E-01  6.18404E-03  1.75834E-02  1.40086E-03  1.02538E-02  3.43827E-03  2.08671E-04  1.65363E-03  3.78852E-04
  5139.00000  1.97430E-01  0.00000E+00  2.63794E-02  1.29970E-01  6.18169E-03  1.75750E-02  1.40032E-03  1.02468E-02  3.43663E-03  2.08590E-04  1.65255E-03  3.78674E-04
  5140.00000  1.97343E-01  0.00000E+00  2.63786E-02  1.29905E-01  6.17935E-03  1.75667E-02  1.39977E-03  1.02399E-02  3.43500E-03  2.08509E-04  1.65147E-03  3.78497E-04
  5141.00000  1.97256E-01  0.00000E+00  2.63782E-02  1.29840E-01  6.17701E-03  1.75583E-02  1.39923E-03  1.02329E-02  3.43337E-03  2.08428E-04  1.65039E-03  3.78319E-04
  5142.00000  1.97170E-01  0.00000E+00  2.63781E-02  1.29775E-01  6.17467E-03  1.75500E-02  1.39869E-03  1.02260E-02  3.43174E-03  2.08347E-04  1.64931E-03  3.78141E-04
  5143.00000  1.97084E-01  0.00000E+00  2.63782E-02  1.29710E-01  6.17233E-03  1.75416E-02  1.39814E-03  1.02190E-02  3.43011E-03  2.08266E-04  1.64823E-03  3.77964E-04
  5144.00000  1.96998E-01  0.00000E+00  2.63784E-02  1.29645E-01  6.17000E-03  1.75333E-02  1.39760E-03  1.02121E-02  3.42848E-03  2.08185E-04  1.64716E-03  3.77787E-04
  5145.00000  1.96912E-01  0.00000E+00  2.63787E-02  1.29580E-01  6.16766E-03  1.75249E-02  1.39706E-03  1.02052E-02  3.42686E-03  2.08104E-04  1.64608E-03  3.77610E-04
  5146.00000  1.96826E-01  0.00000E+00  2.63791E-02  1.29514E-01  6.16533E-03  1.75166E-02  1.39652E-03  1.01983E-02  3.42523E-03  2.08024E-04  1.64501E-03  3.77433E-04
  5147.00000  1.96740E-01  0.00000E+00  2.63795E-02  1.29449E-01  6.16299E-03  1.75083E-02  1.39598E-03  1.01913E-02  3.42361E-03  2.07943E-04  1.64393E-03  3.77256E-04
  5148.00000  1.96653E-01  0.00000E+00  2.63799E-02  1.29383E-01  6.16066E-03  1.75000E-02  1.39544E-03  1.01844E-02  3.42198E-03  2.07862E-04  1.64286E-03  3.77079E-04
  5149.00000  1.96567E-01  0.00000E+00  2.63802E-02  1.29318E-01  6.15833E-03  1.74917E-02  1.39489E-03  1.01775E-02  3.42036E-03  2.07782E-04  1.64179E-03  3.76903E-04
  5150.00000  1.96481E-01  0.00000E+00  2.63804E-02  1.29252E-01  6.15600E-03  1.74833E-02  1.39435E-03  1.01706E-02  3.41874E-03  2.07701E-04  1.64071E-03  3.76726E-04
  5151.00000  1.96394E-01  0.00000E+00  2.63804E-02  1.29186E-01  6.15367E-03  1.74750E-02  1.39381E-03  1.01637E-02  3.41712E-03  2.07621E-04  1.63964E-03  3.76550E-04
  5152.00000  1.96307E-01  0.00000E+00  2.63802E-02  1.29121E-01  6.15135E-03  1.74667E-02  1.39327E-03  1.01569E-02  3.41550E-03  2.07541E-04  1.63857E-03  3.76374E-04
  5153.00000  1.96220E-01  0.00000E+00  2.63798E-02  1.29055E-01  6.14902E-03  1.74585E-02  1.39273E-03  1.01500E-02  3.41388E-03  2.07460E-04  1.63751E-03  3.76198E-04
  5154.00000  1.96132E-01  0.00000E+00  2.63792E-02  1.28989E-01  6.14670E-03  1.74502E-02  1.39220E-03  1.01431E-02  3.41226E-03  2.07380E-04  1.63644E-03  3.76022E-04
  5155.00000  1.96044E-01  0.00000E+00  2.63783E-02  1.28923E-01  6.14437E-03  1.74419E-02  1.39166E-03  1.01362E-02  3.41064E-03  2.07300E-04  1.63537E-03  3.75846E-04
  5156.00000  1.95956E-01  0.00000E+00  2.63770E-02  1.28857E-01  6.14205E-03  1.74336E-02  1.39112E-03  1.01294E-02  3.40903E-03  2.07220E-04  1.63430E-03  3.75670E-04
  5157.00000  1.95867E-01  0.00000E+00  2.63755E-02  1.28791E-01  6.13973E-03  1.74253E-02  1.39058E-03  1.01225E-02  3.40741E-03  2.07140E-04  1.63324E-03  3.75495E-04
  5158.00000  1.95778E-01  0.00000E+00  2.63736E-02  1.28724E-01  6.13741E-03  1.74171E-02  1.39004E-03  1.01157E-02  3.40580E-03  2.07059E-04  1.63217E-03  3.75320E-04
  5159.00000  1.95689E-01  0.00000E+00  2.63713E-02  1.28658E-01  6.13509E-03  1.74088E-02  1.38950E-03  1.01088E-02  3.40419E-03  2.06979E-04  1.63111E-03  3.75144E-04
  5160.00000  1.95599E-01  0.00000E+00  2.63687E-02  1.28592E-01  6.13278E-03  1.74006E-02  1.38897E-03  1.01020E-02  3.40258E-03  2.06899E-04  1.63005E-03  3.74969E-04
  5161.00000  1.95509E-01  0.00000E+00  2.63657E-02  1.28525E-01  6.13046E-03  1.73923E-02  1.38843E-03  1.00951E-02  3.40097E-03  2.06820E-04  1.62898E-03  3.74794E-04
  5162.00000  1.95418E-01  0.00000E+00  2.63623E-02  1.28459E-01  6.12815E-03  1.73841E-02  1.38789E-03  1.00883E-02  3.39936E-03  2.06740E-04  1.62792E-03  3.74619E-04
  5163.00000  1.95327E-01  0.00000E+00  2.63585E-02  1.28392E-01  6.12584E-03  1.73758E-02  1.38736E-03  1.00815E-02  3.39775E-03  2.06660E-04  1.62686E-03  3.74445E-04
  5164.00000  1.95235E-01  0.00000E+00  2.63542E-02  1.28325E-01  6.12352E-03  1.73676E-02  1.38682E-03  1.00747E-02  3.39614E-03  2.06580E-04  1.62580E-03  3.74270E-04
  5165.00000  1.95143E-01  0.00000E+00  2.63496E-02  1.28259E-01  6.12121E-03  1.73594E-02  1.38628E-03  1.00679E-02  3.39453E-03  2.06500E-04  1.62475E-03  3.74096E-04
  5166.00000  1.95050E-01  0.00000E+00  2.63445E-02  1.28192E-01  6.11890E-03  1.73511E-02  1.38575E-03  1.00611E-02  3.39293E-03  2.06421E-04  1.62369E-03  3.73921E-04
  5167.00000  1.94957E-01  0.00000E+00  2.63391E-02  1.28125E-01  6.11660E-03  1.73429E-02  1.38521E-03  1.00543E-02  3.39132E-03  2.06341E-04  1.62263E-03  3.73747E-04
  5168.00000  1.94864E-01  0.00000E+00  2.63332E-02  1.28058E-01  6.11429E-03  1.73347E-02  1.38468E-03  1.00475E-02  3.38972E-03  2.06262E-04  1.62157E-03  3.73573E-04
  5169.00000  1.94770E-01  0.00000E+00  2.63269E-02  1.27991E-01  6.11199E-03  1.73265E-02  1.38414E-03  1.00407E-02  3.38812E-03  2.06182E-04  1.62052E-03  3.73399E-04
  5170.00000  1.94675E-01  0.00000E+00  2.63203E-02  1.27924E-01  6.10968E-03  1.73183E-02  1.38361E-03  1.00339E-02  3.38652E-03  2.06103E-04  1.61946E-03  3.73225E-04
  5171.00000  1.94580E-01  0.00000E+00  2.63132E-02  1.27857E-01  6.10738E-03  1.73101E-02  1.38307E-03  1.00271E-02  3.38492E-03  2.06023E-04  1.61841E-03  3.73051E-04
  5172.00000  1.94485E-01  0.00000E+00  2.63058E-02  1.27790E-01  6.10508E-03  1.73019E-02  1.38254E-03  1.00204E-02  3.38332E-03  2.05944E-04  1.61736E-03  3.72878E-04
  5173.00000  1.94389E-01  0.00000E+00  2.62980E-02  1.27723E-01  6.10278E-03  1.72937E-02  1.38201E-03  1.00136E-02  3.38172E-03  2.05865E-04  1.61631E-03  3.72704E-04
  5174.00000  1.94293E-01  0.00000E+00  2.62898E-02  1.27656E-01  6.10048E-03  1.72855E-02  1.38147E-03  1.00068E-02  3.38012E-03  2.05786E-04  1.61526E-03  3.72531E-04
  5175.00000  1.94197E-01  0.00000E+00  2.62813E-02  1.27588E-01  6.09818E-03  1.72773E-02  1.38094E-03  1.00001E-02  3.37853E-03  2.05706E-04  1.61421E-03  3.72358E-04
  5176.00000  1.94100E-01  0.00000E+00  2.62724E-02  1.27521E-01  6.09588E-03  1.72692E-02  1.38041E-03  9.99334E-03  3.37693E-03  2.05627E-04  1.61316E-03  3.72185E-04
  5177.00000  1.94003E-01  0.00000E+00  2.62633E-02  1.27454E-01  6.09359E-03  1.72610E-02  1.37988E-03  9.98660E-03  3.37534E-03  2.05548E-04  1.61211E-03  3.72011E-04
  5178.00000  1.93906E-01  0.00000E+00  2.62538E-02  1.27387E-01  6.09130E-03  1.72528E-02  1.37934E-03  9.97986E-03  3.37374E-03  2.05469E-04  1.61106E-03  3.71839E-04
  5179.00000  1.93808E-01  0.00000E+00  2.62440E-02  1.27319E-01  6.08900E-03  1.72447E-02  1.37881E-03  9.97313E-03  3.37215E-03  2.05390E-04  1.61001E-03  3.71666E-04
  5180.00000  1.93710E-01  0.00000E+00  2.62340E-02  1.27252E-01  6.08671E-03  1.72365E-02  1.37828E-03  9.96640E-03  3.37056E-03  2.05311E-04  1.60897E-03  3.71493E-04
  5181.00000  1.93612E-01  0.00000E+00  2.62237E-02  1.27185E-01  6.08442E-03  1.72284E-02  1.37775E-03  9.95969E-03  3.36897E-03  2.05233E-04  1.60792E-03  3.71320E-04
  5182.00000  1.93514E-01  0.00000E+00  2.62132E-02  1.27117E-01  6.08213E-03  1.72202E-02  1.37722E-03  9.95297E-03  3.36738E-03  2.05154E-04  1.60688E-03  3.71148E-04
  5183.00000  1.93415E-01  0.00000E+00  2.62024E-02  1.27050E-01  6.07985E-03  1.72121E-02  1.37669E-03  9.94627E-03  3.36579E-03  2.05075E-04  1.60583E-03  3.70976E-04
  5184.00000  1.93316E-01  0.00000E+00  2.61915E-02  1.26983E-01  6.07756E-03  1.72040E-02  1.37616E-03  9.93956E-03  3.36420E-03  2.04996E-04  1.60479E-03  3.70803E-04
  5185.00000  1.93217E-01  0.00000E+00  2.61803E-02  1.26915E-01  6.07528E-03  1.71958E-02  1.37563E-03  9.93287E-03  3.36262E-03  2.04918E-04  1.60375E-03  3.70631E-04
  5186.00000  1.93118E-01  0.00000E+00  2.61690E-02  1.26848E-01  6.07299E-03  1.71877E-02  1.37510E-03  9.92618E-03  3.36103E-03  2.04839E-04  1.60271E-03  3.70459E-04
  5187.00000  1.93019E-01  0.00000E+00  2.61576E-02  1.26780E-01  6.07071E-03  1.71796E-02  1.37457E-03  9.91949E-03  3.35945E-03  2.04761E-04  1.60167E-03  3.70287E-04
  5188.00000  1.92919E-01  0.00000E+00  2.61460E-02  1.26713E-01  6.06843E-03  1.71715E-02  1.37404E-03  9.91281E-03  3.35787E-03  2.04682E-04  1.60063E-03  3.70115E-04
  5189.00000  1.92820E-01  0.00000E+00  2.61343E-02  1.26646E-01  6.06615E-03  1.71634E-02  1.37351E-03  9.90614E-03  3.35628E-03  2.04604E-04  1.59959E-03  3.69943E-04
  5190.00000  1.92720E-01  0.00000E+00  2.61225E-02  1.26579E-01  6.06387E-03  1.71553E-02  1.37298E-03  9.89947E-03  3.35470E-03  2.04525E-04  1.59855E-03  3.69772E-04
  5191.00000  1.92621E-01  0.00000E+00  2.61106E-02  1.26511E-01  6.06159E-03  1.71472E-02  1.37245E-03  9.89281E-03  3.35312E-03  2.04447E-04  1.59752E-03  3.69600E-04
  5192.00000  1.92521E-01  0.00000E+00  2.60987E-02  1.26444E-01  6.05932E-03  1.71391E-02  1.37193E-03  9.88615E-03  3.35154E-03  2.04369E-04  1.59648E-03  3.69429E-04
  5193.00000  1.92421E-01  0.00000E+00  2.60867E-02  1.26377E-01  6.05704E-03  1.71310E-02  1.37140E-03  9.87950E-03  3.34996E-03  2.04290E-04  1.59545E-03  3.69257E-04
  5194.00000  1.92322E-01  0.00000E+00  2.60746E-02  1.26310E-01  6.05477E-03  1.71229E-02  1.37087E-03  9.87285E-03  3.34839E-03  2.04212E-04  1.59441E-03  3.69086E-04
  5195.00000  1.92222E-01  0.00000E+00  2.60626E-02  1.26243E-01  6.05250E-03  1.71149E-02  1.37034E-03  9.86621E-03  3.34681E-03  2.04134E-04  1.59338E-03  3.68915E-04
  5196.00000  1.92123E-01  0.00000E+00  2.60506E-02  1.26176E-01  6.05022E-03  1.71068E-02  1.36982E-03  9.85958E-03  3.34524E-03  2.04056E-04  1.59235E-03  3.68744E-04
  5197.00000  1.92024E-01  0.00000E+00  2.60385E-02  1.26109E-01  6.04795E-03  1.70987E-02  1.36929E-03  9.85295E-03  3.34366E-03  2.03978E-04  1.59131E-03  3.68573E-04
  5198.00000  1.91924E-01  0.00000E+00  2.60265E-02  1.26042E-01  6.04569E-03  1.70907E-02  1.36876E-03  9.84633E-03  3.34209E-03  2.03900E-04  1.59028E-03  3.68402E-04
  5199.00000  1.91825E-01  0.00000E+00  2.60146E-02  1.25975E-01  6.04342E-03  1.70826E-02  1.36824E-03  9.83971E-03  3.34051E-03  2.03822E-04  1.58925E-03  3.68231E-04
  5200.00000  1.91726E-01  0.00000E+00  2.60026E-02  1.25908E-01  6.04115E-03  1.70745E-02  1.36771E-03  9.83310E-03  3.33894E-03  2.03744E-04  1.58822E-03  3.68060E-04
  5201.00000  1.91627E-01  0.00000E+00  2.59908E-02  1.25841E-01  6.03889E-03  1.70665E-02  1.36719E-03  9.82649E-03  3.33737E-03  2.03666E-04  1.58720E-03  3.67890E-04
  5202.00000  1.91528E-01  0.00000E+00  2.59790E-02  1.25774E-01  6.03662E-03  1.70585E-02  1.36666E-03  9.81989E-03  3.33580E-03  2.03588E-04  1.58617E-03  3.67719E-04
  5203.00000  1.91430E-01  0.00000E+00  2.59673E-02  1.25708E-01  6.03436E-03  1.70504E-02  1.36614E-03  9.81329E-03  3.33423E-03  2.03511E-04  1.58514E-03  3.67549E-04
  5204.00000  1.91331E-01  0.00000E+00  2.59557E-02  1.25641E-01  6.03210E-03  1.70424E-02  1.36561E-03  9.80670E-03  3.33267E-03  2.03433E-04  1.58411E-03  3.67378E-04
  5205.00000  1.91233E-01  0.00000E+00  2.59442E-02  1.25575E-01  6.02984E-03  1.70344E-02  1.36509E-03  9.80011E-03  3.33110E-03  2.03355E-04  1.58309E-03  3.67208E-04
  5206.00000  1.91135E-01  0.00000E+00  2.59328E-02  1.25508E-01  6.02758E-03  1.70263E-02  1.36456E-03  9.79353E-03  3.32953E-03  2.03278E-04  1.58207E-03  3.67038E-04
  5207.00000  1.91037E-01  0.00000E+00  2.59216E-02  1.25442E-01  6.02532E-03  1.70183E-02  1.36404E-03  9.78696E-03  3.32797E-03  2.03200E-04  1.58104E-03  3.66868E-04
  5208.00000  1.90940E-01  0.00000E+00  2.59105E-02  1.25376E-01  6.02306E-03  1.70103E-02  1.36352E-03  9.78039E-03  3.32640E-03  2.03123E-04  1.58002E-03  3.66698E-04
  5209.00000  1.90843E-01  0.00000E+00  2.58995E-02  1.25310E-01  6.02081E-03  1.70023E-02  1.36299E-03  9.77383E-03  3.32484E-03  2.03045E-04  1.57900E-03  3.66528E-04
  5210.00000  1.90745E-01  0.00000E+00  2.58886E-02  1.25244E-01  6.01855E-03  1.69943E-02  1.36247E-03  9.76727E-03  3.32328E-03  2.02968E-04  1.57798E-03  3.66358E-04
  5211.00000  1.90649E-01  0.00000E+00  2.58779E-02  1.25178E-01  6.01630E-03  1.69863E-02  1.36195E-03  9.76072E-03  3.32172E-03  2.02890E-04  1.57696E-03  3.66188E-04
  5212.00000  1.90552E-01  0.00000E+00  2.58673E-02  1.25112E-01  6.01405E-03  1.69783E-02  1.36143E-03  9.75417E-03  3.32016E-03  2.02813E-04  1.57594E-03  3.66018E-04
  5213.00000  1.90456E-01  0.00000E+00  2.58569E-02  1.25046E-01  6.01180E-03  1.69703E-02  1.36090E-03  9.74763E-03  3.31860E-03  2.02736E-04  1.57492E-03  3.65849E-04
  5214.00000  1.90360E-01  0.00000E+00  2.58466E-02  1.24981E-01  6.00955E-03  1.69623E-02  1.36038E-03  9.74109E-03  3.31704E-03  2.02658E-04  1.57390E-03  3.65679E-04
  5215.00000  1.90264E-01  0.00000E+00  2.58365E-02  1.24915E-01  6.00730E-03  1.69543E-02  1.35986E-03  9.73456E-03  3.31548E-03  2.02581E-04  1.57288E-03  3.65510E-04
  5216.00000  1.90169E-01  0.00000E+00  2.58266E-02  1.24850E-01  6.00505E-03  1.69464E-02  1.35934E-03  9.72804E-03  3.31393E-03  2.02504E-04  1.57187E-03  3.65341E-04
  5217.00000  1.90073E-01  0.00000E+00  2.58168E-02  1.24784E-01  6.00280E-03  1.69384E-02  1.35882E-03  9.72152E-03  3.31237E-03  2.02427E-04  1.57085E-03  3.65171E-04
  5218.00000  1.89979E-01  0.00000E+00  2.58072E-02  1.24719E-01  6.00056E-03  1.69304E-02  1.35830E-03  9.71500E-03  3.31082E-03  2.02350E-04  1.56984E-03  3.65002E-04
  5219.00000  1.89884E-01  0.00000E+00  2.57977E-02  1.24654E-01  5.99832E-03  1.69225E-02  1.35778E-03  9.70849E-03  3.30926E-03  2.02273E-04  1.56883E-03  3.64833E-04
  5220.00000  1.89790E-01  0.00000E+00  2.57884E-02  1.24589E-01  5.99607E-03  1.69145E-02  1.35726E-03  9.70199E-03  3.30771E-03  2.02196E-04  1.56781E-03  3.64664E-04
  5221.00000  1.89696E-01  0.00000E+00  2.57793E-02  1.24524E-01  5.99383E-03  1.69066E-02  1.35674E-03  9.69549E-03  3.30616E-03  2.02119E-04  1.56680E-03  3.64495E-04
  5222.00000  1.89602E-01  0.00000E+00  2.57703E-02  1.24459E-01  5.99159E-03  1.68986E-02  1.35622E-03  9.68900E-03  3.30461E-03  2.02042E-04  1.56579E-03  3.64326E-04
  5223.00000  1.89508E-01  0.00000E+00  2.57615E-02  1.24395E-01  5.98935E-03  1.68907E-02  1.35570E-03  9.68251E-03  3.30306E-03  2.01965E-04  1.56478E-03  3.64158E-04
  5224.00000  1.89415E-01  0.00000E+00  2.57528E-02  1.24330E-01  5.98712E-03  1.68828E-02  1.35518E-03  9.67603E-03  3.30151E-03  2.01888E-04  1.56377E-03  3.63989E-04
  5225.00000  1.89322E-01  0.00000E+00  2.57443E-02  1.24266E-01  5.98488E-03  1.68748E-02  1.35466E-03  9.66955E-03  3.29996E-03  2.01812E-04  1.56276E-03  3.63820E-04
  5226.00000  1.89230E-01  0.00000E+00  2.57359E-02  1.24202E-01  5.98264E-03  1.68669E-02  1.35415E-03  9.66308E-03  3.29842E-03  2.01735E-04  1.56175E-03  3.63652E-04
  5227.00000  1.89137E-01  0.00000E+00  2.57277E-02  1.24137E-01  5.98041E-03  1.68590E-02  1.35363E-03  9.65661E-03  3.29687E-03  2.01658E-04  1.56075E-03  3.63484E-04
  5228.00000  1.89045E-01  0.00000E+00  2.57196E-02  1.24073E-01  5.97818E-03  1.68511E-02  1.35311E-03  9.65015E-03  3.29533E-03  2.01582E-04  1.55974E-03  3.63315E-04
  5229.00000  1.88954E-01  0.00000E+00  2.57117E-02  1.24009E-01  5.97595E-03  1.68432E-02  1.35259E-03  9.64370E-03  3.29378E-03  2.01505E-04  1.55873E-03  3.63147E-04
  5230.00000  1.88862E-01  0.00000E+00  2.57039E-02  1.23946E-01  5.97372E-03  1.68353E-02  1.35208E-03  9.63725E-03  3.29224E-03  2.01428E-04  1.55773E-03  3.62979E-04
  5231.00000  1.88771E-01  0.00000E+00  2.56962E-02  1.23882E-01  5.97149E-03  1.68274E-02  1.35156E-03  9.63080E-03  3.29070E-03  2.01352E-04  1.55673E-03  3.62811E-04
  5232.00000  1.88680E-01  0.00000E+00  2.56886E-02  1.23818E-01  5.96926E-03  1.68195E-02  1.35104E-03  9.62437E-03  3.28916E-03  2.01275E-04  1.55572E-03  3.62643E-04
  5233.00000  1.88589E-01  0.00000E+00  2.56812E-02  1.23755E-01  5.96703E-03  1.68116E-02  1.35053E-03  9.61793E-03  3.28762E-03  2.01199E-04  1.55472E-03  3.62475E-04
  5234.00000  1.88499E-01  0.00000E+00  2.56738E-02  1.23692E-01  5.96481E-03  1.68037E-02  1.35001E-03  9.61150E-03  3.28608E-03  2.01123E-04  1.55372E-03  3.62307E-04
  5235.00000  1.88408E-01  0.00000E+00  2.56666E-02  1.23628E-01  5.96258E-03  1.67958E-02  1.34950E-03  9.60508E-03  3.28454E-03  2.01046E-04  1.55272E-03  3.62140E-04
  5236.00000  1.88318E-01  0.00000E+00  2.56594E-02  1.23565E-01  5.96036E-03  1.67879E-02  1.34898E-03  9.59866E-03  3.28301E-03  2.00970E-04  1.55172E-03  3.61972E-04
  5237.00000  1.88229E-01  0.00000E+00  2.56524E-02  1.23502E-01  5.95814E-03  1.67801E-02  1.34847E-03  9.59225E-03  3.28147E-03  2.00894E-04  1.55072E-03  3.61805E-04
  5238.00000  1.88139E-01  0.00000E+00  2.56454E-02  1.23439E-01  5.95592E-03  1.67722E-02  1.34795E-03  9.58585E-03  3.27993E-03  2.00818E-04  1.54972E-03  3.61637E-04
  5239.00000  1.88050E-01  0.00000E+00  2.56386E-02  1.23377E-01  5.95370E-03  1.67644E-02  1.34744E-03  9.57945E-03  3.27840E-03  2.00741E-04  1.54872E-03  3.61470E-04
  5240.00000  1.87960E-01  0.00000E+00  2.56318E-02  1.23314E-01  5.95148E-03  1.67565E-02  1.34692E-03  9.57305E-03  3.27687E-03  2.00665E-04  1.54773E-03  3.61303E-04
  5241.00000  1.87871E-01  0.00000E+00  2.56250E-02  1.23252E-01  5.94927E-03  1.67487E-02  1.34641E-03  9.56666E-03  3.27534E-03  2.00589E-04  1.54673E-03  3.61136E-04
  5242.00000  1.87783E-01  0.00000E+00  2.56184E-02  1.23189E-01  5.94705E-03  1.67408E-02  1.34590E-03  9.56027E-03  3.27380E-03  2.00513E-04  1.54574E-03  3.60968E-04
  5243.00000  1.87694E-01  0.00000E+00  2.56118E-02  1.23127E-01  5.94484E-03  1.67330E-02  1.34538E-03  9.55389E-03  3.27227E-03  2.00437E-04  1.54474E-03  3.60801E-04
  5244.00000  1.87606E-01  0.00000E+00  2.56052E-02  1.23065E-01  5.94262E-03  1.67251E-02  1.34487E-03  9.54752E-03  3.27074E-03  2.00361E-04  1.54375E-03  3.60635E-04
  5245.00000  1.87517E-01  0.00000E+00  2.55987E-02  1.23003E-01  5.94041E-03  1.67173E-02  1.34436E-03  9.54115E-03  3.26922E-03  2.00285E-04  1.54276E-03  3.60468E-04
  5246.00000  1.87429E-01  0.00000E+00  2.55922E-02  1.22941E-01  5.93820E-03  1.67095E-02  1.34385E-03  9.53479E-03  3.26769E-03  2.00209E-04  1.54176E-03  3.60301E-04
  5247.00000  1.87341E-01  0.00000E+00  2.55857E-02  1.22879E-01  5.93599E-03  1.67017E-02  1.34333E-03  9.52843E-03  3.26616E-03  2.00133E-04  1.54077E-03  3.60134E-04
  5248.00000  1.87254E-01  0.00000E+00  2.55793E-02  1.22817E-01  5.93378E-03  1.66938E-02  1.34282E-03  9.52208E-03  3.26464E-03  2.00058E-04  1.53978E-03  3.59968E-04
  5249.00000  1.87166E-01  0.00000E+00  2.55729E-02  1.22756E-01  5.93158E-03  1.66860E-02  1.34231E-03  9.51573E-03  3.26311E-03  1.99982E-04  1.53879E-03  3.59801E-04
  5250.00000  1.87078E-01  0.00000E+00  2.55665E-02  1.22694E-01  5.92937E-03  1.66782E-02  1.34180E-03  9.50939E-03  3.26159E-03  1.99906E-04  1.53780E-03  3.59635E-04
  5251.00000  1.86991E-01  0.00000E+00  2.55601E-02  1.22633E-01  5.92717E-03  1.66704E-02  1.34129E-03  9.50305E-03  3.26007E-03  1.99830E-04  1.53682E-03  3.59469E-04
  5252.00000  1.86904E-01  0.00000E+00  2.55537E-02  1.22571E-01  5.92496E-03  1.66626E-02  1.34078E-03  9.49672E-03  3.25855E-03  1.99755E-04  1.53583E-03  3.59303E-04
  5253.00000  1.86816E-01  0.00000E+00  2.55473E-02  1.22510E-01  5.92276E-03  1.66548E-02  1.34027E-03  9.49039E-03  3.25703E-03  1.99679E-04  1.53484E-03  3.59136E-04
  5254.00000  1.86729E-01  0.00000E+00  2.55409E-02  1.22449E-01  5.92056E-03  1.66470E-02  1.33976E-03  9.48407E-03  3.25551E-03  1.99604E-04  1.53386E-03  3.58970E-04
  5255.00000  1.86642E-01  0.00000E+00  2.55345E-02  1.22388E-01  5.91836E-03  1.66393E-02  1.33925E-03  9.47775E-03  3.25399E-03  1.99528E-04  1.53287E-03  3.58804E-04
  5256.00000  1.86555E-01  0.00000E+00  2.55281E-02  1.22327E-01  5.91616E-03  1.66315E-02  1.33874E-03  9.47144E-03  3.25247E-03  1.99453E-04  1.53189E-03  3.58639E-04
  5257.00000  1.86468E-01  0.00000E+00  2.55216E-02  1.22266E-01  5.91396E-03  1.66237E-02  1.33823E-03  9.46514E-03  3.25095E-03  1.99377E-04  1.53091E-03  3.58473E-04
  5258.00000  1.86382E-01  0.00000E+00  2.55151E-02  1.22205E-01  5.91177E-03  1.66159E-02  1.33772E-03  9.45884E-03  3.24944E-03  1.99302E-04  1.52992E-03  3.58307E-04
  5259.00000  1.86295E-01  0.00000E+00  2.55086E-02  1.22145E-01  5.90957E-03  1.66082E-02  1.33721E-03  9.45254E-03  3.24792E-03  1.99226E-04  1.52894E-03  3.58141E-04
  5260.00000  1.86208E-01  0.00000E+00  2.55020E-02  1.22084E-01  5.90738E-03  1.66004E-02  1.33670E-03  9.44625E-03  3.24641E-03  1.99151E-04  1.52796E-03  3.57976E-04
  5261.00000  1.86122E-01  0.00000E+00  2.54954E-02  1.22023E-01  5.90518E-03  1.65927E-02  1.33619E-03  9.43997E-03  3.24489E-03  1.99076E-04  1.52698E-03  3.57810E-04
  5262.00000  1.86035E-01  0.00000E+00  2.54888E-02  1.21963E-01  5.90299E-03  1.65849E-02  1.33569E-03  9.43369E-03  3.24338E-03  1.99000E-04  1.52600E-03  3.57645E-04
  5263.00000  1.85948E-01  0.00000E+00  2.54821E-02  1.21903E-01  5.90080E-03  1.65772E-02  1.33518E-03  9.42741E-03  3.24187E-03  1.98925E-04  1.52502E-03  3.57480E-04
  5264.00000  1.85862E-01  0.00000E+00  2.54753E-02  1.21842E-01  5.89861E-03  1.65694E-02  1.33467E-03  9.42114E-03  3.24036E-03  1.98850E-04  1.52404E-03  3.57315E-04
  5265.00000  1.85775E-01  0.00000E+00  2.54685E-02  1.21782E-01  5.89642E-03  1.65617E-02  1.33416E-03  9.41488E-03  3.23885E-03  1.98775E-04  1.52307E-03  3.57150E-04
  5266.00000  1.85689E-01  0.00000E+00  2.54617E-02  1.21722E-01  5.89424E-03  1.65540E-02  1.33366E-03  9.40862E-03  3.23734E-03  1.98700E-04  1.52209E-03  3.56984E-04
  5267.00000  1.85603E-01  0.00000E+00  2.54547E-02  1.21662E-01  5.89205E-03  1.65462E-02  1.33315E-03  9.40237E-03  3.23583E-03  1.98625E-04  1.52111E-03  3.56820E-04
  5268.00000  1.85516E-01  0.00000E+00  2.54477E-02  1.21602E-01  5.88987E-03  1.65385E-02  1.33264E-03  9.39612E-03  3.23433E-03  1.98550E-04  1.52014E-03  3.56655E-04
  5269.00000  1.85430E-01  0.00000E+00  2.54407E-02  1.21542E-01  5.88768E-03  1.65308E-02  1.33214E-03  9.38987E-03  3.23282E-03  1.98475E-04  1.51917E-03  3.56490E-04
  5270.00000  1.85343E-01  0.00000E+00  2.54336E-02  1.21482E-01  5.88550E-03  1.65231E-02  1.33163E-03  9.38363E-03  3.23132E-03  1.98400E-04  1.51819E-03  3.56325E-04
  5271.00000  1.85257E-01  0.00000E+00  2.54264E-02  1.21422E-01  5.88332E-03  1.65154E-02  1.33113E-03  9.37740E-03  3.22981E-03  1.98325E-04  1.51722E-03  3.56161E-04
  5272.00000  1.85170E-01  0.00000E+00  2.54191E-02  1.21362E-01  5.88114E-03  1.65077E-02  1.33062E-03  9.37117E-03  3.22831E-03  1.98250E-04  1.51625E-03  3.55996E-04
  5273.00000  1.85084E-01  0.00000E+00  2.54118E-02  1.21302E-01  5.87896E-03  1.65000E-02  1.33012E-03  9.36495E-03  3.22681E-03  1.98175E-04  1.51528E-03  3.55832E-04
  5274.00000  1.84997E-01  0.00000E+00  2.54044E-02  1.21242E-01  5.87678E-03  1.64923E-02  1.32961E-03  9.35873E-03  3.22531E-03  1.98100E-04  1.51431E-03  3.55667E-04
  5275.00000  1.84911E-01  0.00000E+00  2.53969E-02  1.21183E-01  5.87460E-03  1.64846E-02  1.32911E-03  9.35252E-03  3.22381E-03  1.98025E-04  1.51334E-03  3.55503E-04
  5276.00000  1.84824E-01  0.00000E+00  2.53893E-02  1.21123E-01  5.87243E-03  1.64769E-02  1.32860E-03  9.34631E-03  3.22231E-03  1.97951E-04  1.51237E-03  3.55339E-04
  5277.00000  1.84738E-01  0.00000E+00  2.53817E-02  1.21063E-01  5.87025E-03  1.64692E-02  1.32810E-03  9.34011E-03  3.22081E-03  1.97876E-04  1.51140E-03  3.55175E-04
  5278.00000  1.84651E-01  0.00000E+00  2.53740E-02  1.21004E-01  5.86808E-03  1.64616E-02  1.32760E-03  9.33391E-03  3.21931E-03  1.97801E-04  1.51044E-03  3.55010E-04
  5279.00000  1.84565E-01  0.00000E+00  2.53663E-02  1.20944E-01  5.86591E-03  1.64539E-02  1.32709E-03  9.32772E-03  3.21781E-03  1.97727E-04  1.50947E-03  3.54846E-04
  5280.00000  1.84478E-01  0.00000E+00  2.53584E-02  1.20885E-01  5.86374E-03  1.64462E-02  1.32659E-03  9.32153E-03  3.21632E-03  1.97652E-04  1.50850E-03  3.54683E-04
  5281.00000  1.84392E-01  0.00000E+00  2.53505E-02  1.20825E-01  5.86157E-03  1.64386E-02  1.32609E-03  9.31535E-03  3.21482E-03  1.97577E-04  1.50754E-03  3.54519E-04
  5282.00000  1.84305E-01  0.00000E+00  2.53425E-02  1.20766E-01  5.85940E-03  1.64309E-02  1.32558E-03  9.30917E-03  3.21333E-03  1.97503E-04  1.50658E-03  3.54355E-04
  5283.00000  1.84218E-01  0.00000E+00  2.53344E-02  1.20706E-01  5.85723E-03  1.64233E-02  1.32508E-03  9.30300E-03  3.21184E-03  1.97428E-04  1.50561E-03  3.54191E-04
  5284.00000  1.84132E-01  0.00000E+00  2.53263E-02  1.20647E-01  5.85506E-03  1.64156E-02  1.32458E-03  9.29683E-03  3.21034E-03  1.97354E-04  1.50465E-03  3.54028E-04
  5285.00000  1.84045E-01  0.00000E+00  2.53181E-02  1.20587E-01  5.85290E-03  1.64080E-02  1.32408E-03  9.29067E-03  3.20885E-03  1.97280E-04  1.50369E-03  3.53864E-04
  5286.00000  1.83958E-01  0.00000E+00  2.53098E-02  1.20528E-01  5.85073E-03  1.64003E-02  1.32358E-03  9.28451E-03  3.20736E-03  1.97205E-04  1.50273E-03  3.53701E-04
  5287.00000  1.83871E-01  0.00000E+00  2.53015E-02  1.20469E-01  5.84857E-03  1.63927E-02  1.32308E-03  9.27836E-03  3.20587E-03  1.97131E-04  1.50177E-03  3.53538E-04
  5288.00000  1.83784E-01  0.00000E+00  2.52931E-02  1.20409E-01  5.84641E-03  1.63851E-02  1.32258E-03  9.27221E-03  3.20438E-03  1.97056E-04  1.50081E-03  3.53374E-04
  5289.00000  1.83697E-01  0.00000E+00  2.52847E-02  1.20350E-01  5.84425E-03  1.63774E-02  1.32208E-03  9.26607E-03  3.20290E-03  1.96982E-04  1.49985E-03  3.53211E-04
  5290.00000  1.83610E-01  0.00000E+00  2.52761E-02  1.20291E-01  5.84209E-03  1.63698E-02  1.32158E-03  9.25993E-03  3.20141E-03  1.96908E-04  1.49889E-03  3.53048E-04
  5291.00000  1.83523E-01  0.00000E+00  2.52676E-02  1.20231E-01  5.83993E-03  1.63622E-02  1.32108E-03  9.25380E-03  3.19992E-03  1.96834E-04  1.49794E-03  3.52885E-04
  5292.00000  1.83436E-01  0.00000E+00  2.52589E-02  1.20172E-01  5.83777E-03  1.63546E-02  1.32058E-03  9.24767E-03  3.19844E-03  1.96759E-04  1.49698E-03  3.52722E-04
  5293.00000  1.83349E-01  0.00000E+00  2.52502E-02  1.20113E-01  5.83562E-03  1.63470E-02  1.32008E-03  9.24155E-03  3.19695E-03  1.96685E-04  1.49602E-03  3.52559E-04
  5294.00000  1.83262E-01  0.00000E+00  2.52415E-02  1.20053E-01  5.83346E-03  1.63394E-02  1.31958E-03  9.23544E-03  3.19547E-03  1.96611E-04  1.49507E-03  3.52396E-04
  5295.00000  1.83175E-01  0.00000E+00  2.52327E-02  1.19994E-01  5.83131E-03  1.63318E-02  1.31908E-03  9.22932E-03  3.19399E-03  1.96537E-04  1.49412E-03  3.52234E-04
  5296.00000  1.83088E-01  0.00000E+00  2.52239E-02  1.19935E-01  5.82916E-03  1.63242E-02  1.31858E-03  9.22322E-03  3.19251E-03  1.96463E-04  1.49316E-03  3.52071E-04
  5297.00000  1.83001E-01  0.00000E+00  2.52150E-02  1.19875E-01  5.82701E-03  1.63166E-02  1.31808E-03  9.21712E-03  3.19103E-03  1.96389E-04  1.49221E-03  3.51909E-04
  5298.00000  1.82914E-01  0.00000E+00  2.52061E-02  1.19816E-01  5.82486E-03  1.63091E-02  1.31758E-03  9.21102E-03  3.18955E-03  1.96315E-04  1.49126E-03  3.51746E-04
  5299.00000  1.82826E-01  0.00000E+00  2.51971E-02  1.19757E-01  5.82271E-03  1.63015E-02  1.31709E-03  9.20493E-03  3.18807E-03  1.96241E-04  1.49031E-03  3.51584E-04
  5300.00000  1.82739E-01  0.00000E+00  2.51881E-02  1.19697E-01  5.82056E-03  1.62939E-02  1.31659E-03  9.19884E-03  3.18659E-03  1.96167E-04  1.48936E-03  3.51421E-04
  5301.00000  1.82652E-01  0.00000E+00  2.51791E-02  1.19638E-01  5.81841E-03  1.62863E-02  1.31609E-03  9.19276E-03  3.18512E-03  1.96093E-04  1.48841E-03  3.51259E-04
  5302.00000  1.82564E-01  0.00000E+00  2.51700E-02  1.19579E-01  5.81627E-03  1.62788E-02  1.31559E-03  9.18669E-03  3.18364E-03  1.96019E-04  1.48746E-03  3.51097E-04
  5303.00000  1.82477E-01  0.00000E+00  2.51610E-02  1.19519E-01  5.81413E-03  1.62712E-02  1.31510E-03  9.18062E-03  3.18217E-03  1.95945E-04  1.48651E-03  3.50935E-04
  5304.00000  1.82390E-01  0.00000E+00  2.51519E-02  1.19460E-01  5.81198E-03  1.62637E-02  1.31460E-03  9.17455E-03  3.18069E-03  1.95871E-04  1.48556E-03  3.50773E-04
  5305.00000  1.82302E-01  0.00000E+00  2.51427E-02  1.19401E-01  5.80984E-03  1.62561E-02  1.31411E-03  9.16849E-03  3.17922E-03  1.95797E-04  1.48462E-03  3.50611E-04
  5306.00000  1.82215E-01  0.00000E+00  2.51336E-02  1.19341E-01  5.80770E-03  1.62486E-02  1.31361E-03  9.16243E-03  3.17775E-03  1.95724E-04  1.48367E-03  3.50449E-04
  5307.00000  1.82127E-01  0.00000E+00  2.51244E-02  1.19282E-01  5.80556E-03  1.62410E-02  1.31311E-03  9.15638E-03  3.17628E-03  1.95650E-04  1.48273E-03  3.50287E-04
  5308.00000  1.82040E-01  0.00000E+00  2.51152E-02  1.19223E-01  5.80342E-03  1.62335E-02  1.31262E-03  9.15034E-03  3.17481E-03  1.95576E-04  1.48178E-03  3.50126E-04
  5309.00000  1.81953E-01  0.00000E+00  2.51061E-02  1.19163E-01  5.80129E-03  1.62260E-02  1.31212E-03  9.14430E-03  3.17334E-03  1.95503E-04  1.48084E-03  3.49964E-04
  5310.00000  1.81865E-01  0.00000E+00  2.50969E-02  1.19104E-01  5.79915E-03  1.62185E-02  1.31163E-03  9.13826E-03  3.17187E-03  1.95429E-04  1.47990E-03  3.49802E-04
  5311.00000  1.81778E-01  0.00000E+00  2.50877E-02  1.19044E-01  5.79701E-03  1.62109E-02  1.31114E-03  9.13223E-03  3.17040E-03  1.95355E-04  1.47896E-03  3.49641E-04
  5312.00000  1.81690E-01  0.00000E+00  2.50785E-02  1.18985E-01  5.79488E-03  1.62034E-02  1.31064E-03  9.12620E-03  3.16893E-03  1.95282E-04  1.47801E-03  3.49479E-04
  5313.00000  1.81603E-01  0.00000E+00  2.50693E-02  1.18925E-01  5.79275E-03  1.61959E-02  1.31015E-03  9.12018E-03  3.16747E-03  1.95208E-04  1.47707E-03  3.49318E-04
  5314.00000  1.81515E-01  0.00000E+00  2.50601E-02  1.18866E-01  5.79062E-03  1.61884E-02  1.30965E-03  9.11417E-03  3.16600E-03  1.95135E-04  1.47613E-03  3.49157E-04
  5315.00000  1.81428E-01  0.00000E+00  2.50509E-02  1.18807E-01  5.78849E-03  1.61809E-02  1.30916E-03  9.10816E-03  3.16454E-03  1.95061E-04  1.47520E-03  3.48996E-04
  5316.00000  1.81341E-01  0.00000E+00  2.50418E-02  1.18747E-01  5.78636E-03  1.61734E-02  1.30867E-03  9.10215E-03  3.16308E-03  1.94988E-04  1.47426E-03  3.48834E-04
  5317.00000  1.81253E-01  0.00000E+00  2.50326E-02  1.18688E-01  5.78423E-03  1.61659E-02  1.30818E-03  9.09615E-03  3.16162E-03  1.94914E-04  1.47332E-03  3.48673E-04
  5318.00000  1.81166E-01  0.00000E+00  2.50234E-02  1.18628E-01  5.78210E-03  1.61584E-02  1.30768E-03  9.09015E-03  3.16015E-03  1.94841E-04  1.47238E-03  3.48512E-04
  5319.00000  1.81078E-01  0.00000E+00  2.50143E-02  1.18568E-01  5.77998E-03  1.61509E-02  1.30719E-03  9.08416E-03  3.15869E-03  1.94768E-04  1.47145E-03  3.48351E-04
  5320.00000  1.80991E-01  0.00000E+00  2.50052E-02  1.18509E-01  5.77785E-03  1.61435E-02  1.30670E-03  9.07818E-03  3.15723E-03  1.94694E-04  1.47051E-03  3.48191E-04
  5321.00000  1.80904E-01  0.00000E+00  2.49961E-02  1.18449E-01  5.77573E-03  1.61360E-02  1.30621E-03  9.07220E-03  3.15578E-03  1.94621E-04  1.46958E-03  3.48030E-04
  5322.00000  1.80816E-01  0.00000E+00  2.49871E-02  1.18390E-01  5.77361E-03  1.61285E-02  1.30571E-03  9.06622E-03  3.15432E-03  1.94548E-04  1.46864E-03  3.47869E-04
  5323.00000  1.80729E-01  0.00000E+00  2.49780E-02  1.18330E-01  5.77148E-03  1.61210E-02  1.30522E-03  9.06025E-03  3.15286E-03  1.94475E-04  1.46771E-03  3.47708E-04
  5324.00000  1.80642E-01  0.00000E+00  2.49690E-02  1.18271E-01  5.76936E-03  1.61136E-02  1.30473E-03  9.05428E-03  3.15141E-03  1.94401E-04  1.46678E-03  3.47548E-04
  5325.00000  1.80554E-01  0.00000E+00  2.49600E-02  1.18211E-01  5.76725E-03  1.61061E-02  1.30424E-03  9.04832E-03  3.14995E-03  1.94328E-04  1.46585E-03  3.47387E-04
  5326.00000  1.80467E-01  0.00000E+00  2.49511E-02  1.18151E-01  5.76513E-03  1.60987E-02  1.30375E-03  9.04236E-03  3.14850E-03  1.94255E-04  1.46491E-03  3.47227E-04
  5327.00000  1.80380E-01  0.00000E+00  2.49422E-02  1.18092E-01  5.76301E-03  1.60912E-02  1.30326E-03  9.03641E-03  3.14704E-03  1.94182E-04  1.46398E-03  3.47066E-04
  5328.00000  1.80293E-01  0.00000E+00  2.49333E-02  1.18032E-01  5.76089E-03  1.60838E-02  1.30277E-03  9.03046E-03  3.14559E-03  1.94109E-04  1.46305E-03  3.46906E-04
  5329.00000  1.80206E-01  0.00000E+00  2.49244E-02  1.17972E-01  5.75878E-03  1.60763E-02  1.30228E-03  9.02452E-03  3.14414E-03  1.94036E-04  1.46213E-03  3.46746E-04
  5330.00000  1.80119E-01  0.00000E+00  2.49156E-02  1.17913E-01  5.75667E-03  1.60689E-02  1.30179E-03  9.01858E-03  3.14269E-03  1.93963E-04  1.46120E-03  3.46586E-04
  5331.00000  1.80032E-01  0.00000E+00  2.49069E-02  1.17853E-01  5.75455E-03  1.60615E-02  1.30130E-03  9.01265E-03  3.14124E-03  1.93890E-04  1.46027E-03  3.46426E-04
  5332.00000  1.79945E-01  0.00000E+00  2.48981E-02  1.17793E-01  5.75244E-03  1.60541E-02  1.30081E-03  9.00672E-03  3.13979E-03  1.93817E-04  1.45934E-03  3.46266E-04
  5333.00000  1.79858E-01  0.00000E+00  2.48895E-02  1.17733E-01  5.75033E-03  1.60466E-02  1.30033E-03  9.00080E-03  3.13834E-03  1.93744E-04  1.45842E-03  3.46106E-04
  5334.00000  1.79771E-01  0.00000E+00  2.48808E-02  1.17674E-01  5.74822E-03  1.60392E-02  1.29984E-03  8.99488E-03  3.13690E-03  1.93671E-04  1.45749E-03  3.45946E-04
  5335.00000  1.79684E-01  0.00000E+00  2.48722E-02  1.17614E-01  5.74611E-03  1.60318E-02  1.29935E-03  8.98896E-03  3.13545E-03  1.93598E-04  1.45657E-03  3.45786E-04
  5336.00000  1.79597E-01  0.00000E+00  2.48637E-02  1.17554E-01  5.74401E-03  1.60244E-02  1.29886E-03  8.98306E-03  3.13401E-03  1.93526E-04  1.45565E-03  3.45626E-04
  5337.00000  1.79510E-01  0.00000E+00  2.48551E-02  1.17495E-01  5.74190E-03  1.60170E-02  1.29837E-03  8.97715E-03  3.13256E-03  1.93453E-04  1.45472E-03  3.45466E-04
  5338.00000  1.79424E-01  0.00000E+00  2.48467E-02  1.17435E-01  5.73980E-03  1.60096E-02  1.29789E-03  8.97125E-03  3.13112E-03  1.93380E-04  1.45380E-03  3.45307E-04
  5339.00000  1.79337E-01  0.00000E+00  2.48383E-02  1.17375E-01  5.73769E-03  1.60022E-02  1.29740E-03  8.96536E-03  3.12968E-03  1.93307E-04  1.45288E-03  3.45147E-04
  5340.00000  1.79250E-01  0.00000E+00  2.48299E-02  1.17315E-01  5.73559E-03  1.59948E-02  1.29691E-03  8.95947E-03  3.12823E-03  1.93235E-04  1.45196E-03  3.44988E-04
  5341.00000  1.79164E-01  0.00000E+00  2.48215E-02  1.17256E-01  5.73349E-03  1.59874E-02  1.29643E-03  8.95358E-03  3.12679E-03  1.93162E-04  1.45104E-03  3.44828E-04
  5342.00000  1.79078E-01  0.00000E+00  2.48133E-02  1.17196E-01  5.73139E-03  1.59800E-02  1.29594E-03  8.94770E-03  3.12535E-03  1.93089E-04  1.45012E-03  3.44669E-04
  5343.00000  1.78991E-01  0.00000E+00  2.48050E-02  1.17136E-01  5.72929E-03  1.59727E-02  1.29545E-03  8.94183E-03  3.12391E-03  1.93017E-04  1.44920E-03  3.44509E-04
  5344.00000  1.78905E-01  0.00000E+00  2.47968E-02  1.17077E-01  5.72719E-03  1.59653E-02  1.29497E-03  8.93596E-03  3.12248E-03  1.92944E-04  1.44828E-03  3.44350E-04
  5345.00000  1.78819E-01  0.00000E+00  2.47887E-02  1.17017E-01  5.72509E-03  1.59579E-02  1.29448E-03  8.93009E-03  3.12104E-03  1.92872E-04  1.44737E-03  3.44191E-04
  5346.00000  1.78732E-01  0.00000E+00  2.47806E-02  1.16957E-01  5.72300E-03  1.59506E-02  1.29400E-03  8.92423E-03  3.11960E-03  1.92799E-04  1.44645E-03  3.44032E-04
  5347.00000  1.78646E-01  0.00000E+00  2.47726E-02  1.16897E-01  5.72090E-03  1.59432E-02  1.29351E-03  8.91837E-03  3.11817E-03  1.92727E-04  1.44553E-03  3.43873E-04
  5348.00000  1.78560E-01  0.00000E+00  2.47646E-02  1.16838E-01  5.71881E-03  1.59358E-02  1.29303E-03  8.91252E-03  3.11673E-03  1.92654E-04  1.44462E-03  3.43714E-04
  5349.00000  1.78474E-01  0.00000E+00  2.47566E-02  1.16778E-01  5.71672E-03  1.59285E-02  1.29254E-03  8.90667E-03  3.11530E-03  1.92582E-04  1.44370E-03  3.43555E-04
  5350.00000  1.78388E-01  0.00000E+00  2.47487E-02  1.16718E-01  5.71462E-03  1.59212E-02  1.29206E-03  8.90083E-03  3.11386E-03  1.92510E-04  1.44279E-03  3.43396E-04
  5351.00000  1.78302E-01  0.00000E+00  2.47408E-02  1.16659E-01  5.71253E-03  1.59138E-02  1.29157E-03  8.89499E-03  3.11243E-03  1.92437E-04  1.44188E-03  3.43237E-04
  5352.00000  1.78217E-01  0.00000E+00  2.47330E-02  1.16599E-01  5.71044E-03  1.59065E-02  1.29109E-03  8.88916E-03  3.11100E-03  1.92365E-04  1.44097E-03  3.43079E-04
  5353.00000  1.78131E-01  0.00000E+00  2.47253E-02  1.16540E-01  5.70836E-03  1.58991E-02  1.29061E-03  8.88333E-03  3.10957E-03  1.92293E-04  1.44006E-03  3.42920E-04
  5354.00000  1.78045E-01  0.00000E+00  2.47175E-02  1.16480E-01  5.70627E-03  1.58918E-02  1.29012E-03  8.87751E-03  3.10814E-03  1.92220E-04  1.43914E-03  3.42761E-04
  5355.00000  1.77960E-01  0.00000E+00  2.47098E-02  1.16420E-01  5.70418E-03  1.58845E-02  1.28964E-03  8.87169E-03  3.10671E-03  1.92148E-04  1.43823E-03  3.42603E-04
  5356.00000  1.77874E-01  0.00000E+00  2.47022E-02  1.16361E-01  5.70210E-03  1.58772E-02  1.28916E-03  8.86588E-03  3.10528E-03  1.92076E-04  1.43733E-03  3.42444E-04
  5357.00000  1.77789E-01  0.00000E+00  2.46946E-02  1.16301E-01  5.70001E-03  1.58699E-02  1.28868E-03  8.86007E-03  3.10386E-03  1.92004E-04  1.43642E-03  3.42286E-04
  5358.00000  1.77704E-01  0.00000E+00  2.46870E-02  1.16242E-01  5.69793E-03  1.58626E-02  1.28820E-03  8.85427E-03  3.10243E-03  1.91931E-04  1.43551E-03  3.42128E-04
  5359.00000  1.77619E-01  0.00000E+00  2.46795E-02  1.16182E-01  5.69585E-03  1.58552E-02  1.28771E-03  8.84847E-03  3.10100E-03  1.91859E-04  1.43460E-03  3.41970E-04
  5360.00000  1.77533E-01  0.00000E+00  2.46720E-02  1.16123E-01  5.69377E-03  1.58479E-02  1.28723E-03  8.84267E-03  3.09958E-03  1.91787E-04  1.43370E-03  3.41811E-04
  5361.00000  1.77448E-01  0.00000E+00  2.46645E-02  1.16063E-01  5.69169E-03  1.58407E-02  1.28675E-03  8.83688E-03  3.09816E-03  1.91715E-04  1.43279E-03  3.41653E-04
  5362.00000  1.77363E-01  0.00000E+00  2.46571E-02  1.16004E-01  5.68961E-03  1.58334E-02  1.28627E-03  8.83110E-03  3.09673E-03  1.91643E-04  1.43189E-03  3.41495E-04
  5363.00000  1.77278E-01  0.00000E+00  2.46497E-02  1.15945E-01  5.68754E-03  1.58261E-02  1.28579E-03  8.82532E-03  3.09531E-03  1.91571E-04  1.43098E-03  3.41338E-04
  5364.00000  1.77194E-01  0.00000E+00  2.46424E-02  1.15885E-01  5.68546E-03  1.58188E-02  1.28531E-03  8.81954E-03  3.09389E-03  1.91499E-04  1.43008E-03  3.41180E-04
  5365.00000  1.77109E-01  0.00000E+00  2.46351E-02  1.15826E-01  5.68339E-03  1.58115E-02  1.28483E-03  8.81377E-03  3.09247E-03  1.91427E-04  1.42918E-03  3.41022E-04
  5366.00000  1.77024E-01  0.00000E+00  2.46278E-02  1.15767E-01  5.68131E-03  1.58042E-02  1.28435E-03  8.80801E-03  3.09105E-03  1.91355E-04  1.42827E-03  3.40864E-04
  5367.00000  1.76940E-01  0.00000E+00  2.46205E-02  1.15708E-01  5.67924E-03  1.57970E-02  1.28387E-03  8.80225E-03  3.08963E-03  1.91283E-04  1.42737E-03  3.40707E-04
  5368.00000  1.76855E-01  0.00000E+00  2.46133E-02  1.15649E-01  5.67717E-03  1.57897E-02  1.28339E-03  8.79649E-03  3.08822E-03  1.91212E-04  1.42647E-03  3.40549E-04
  5369.00000  1.76771E-01  0.00000E+00  2.46061E-02  1.15589E-01  5.67510E-03  1.57824E-02  1.28291E-03  8.79074E-03  3.08680E-03  1.91140E-04  1.42557E-03  3.40392E-04
  5370.00000  1.76686E-01  0.00000E+00  2.45989E-02  1.15530E-01  5.67303E-03  1.57752E-02  1.28243E-03  8.78499E-03  3.08538E-03  1.91068E-04  1.42467E-03  3.40234E-04
  5371.00000  1.76602E-01  0.00000E+00  2.45917E-02  1.15471E-01  5.67096E-03  1.57679E-02  1.28195E-03  8.77925E-03  3.08397E-03  1.90996E-04  1.42378E-03  3.40077E-04
  5372.00000  1.76518E-01  0.00000E+00  2.45846E-02  1.15412E-01  5.66890E-03  1.57607E-02  1.28148E-03  8.77351E-03  3.08255E-03  1.90924E-04  1.42288E-03  3.39920E-04
  5373.00000  1.76434E-01  0.00000E+00  2.45775E-02  1.15353E-01  5.66683E-03  1.57535E-02  1.28100E-03  8.76778E-03  3.08114E-03  1.90853E-04  1.42198E-03  3.39763E-04
  5374.00000  1.76350E-01  0.00000E+00  2.45704E-02  1.15295E-01  5.66476E-03  1.57462E-02  1.28052E-03  8.76205E-03  3.07973E-03  1.90781E-04  1.42108E-03  3.39606E-04
  5375.00000  1.76266E-01  0.00000E+00  2.45633E-02  1.15236E-01  5.66270E-03  1.57390E-02  1.28004E-03  8.75633E-03  3.07832E-03  1.90709E-04  1.42019E-03  3.39449E-04
  5376.00000  1.76182E-01  0.00000E+00  2.45562E-02  1.15177E-01  5.66064E-03  1.57318E-02  1.27956E-03  8.75061E-03  3.07691E-03  1.90638E-04  1.41929E-03  3.39292E-04
  5377.00000  1.76098E-01  0.00000E+00  2.45491E-02  1.15118E-01  5.65858E-03  1.57245E-02  1.27909E-03  8.74489E-03  3.07550E-03  1.90566E-04  1.41840E-03  3.39135E-04
  5378.00000  1.76014E-01  0.00000E+00  2.45421E-02  1.15059E-01  5.65652E-03  1.57173E-02  1.27861E-03  8.73918E-03  3.07409E-03  1.90495E-04  1.41751E-03  3.38979E-04
  5379.00000  1.75931E-01  0.00000E+00  2.45351E-02  1.15001E-01  5.65446E-03  1.57101E-02  1.27813E-03  8.73348E-03  3.07268E-03  1.90423E-04  1.41661E-03  3.38822E-04
  5380.00000  1.75847E-01  0.00000E+00  2.45281E-02  1.14942E-01  5.65240E-03  1.57029E-02  1.27766E-03  8.72778E-03  3.07127E-03  1.90352E-04  1.41572E-03  3.38666E-04
  5381.00000  1.75763E-01  0.00000E+00  2.45210E-02  1.14884E-01  5.65034E-03  1.56957E-02  1.27718E-03  8.72208E-03  3.06987E-03  1.90280E-04  1.41483E-03  3.38509E-04
  5382.00000  1.75680E-01  0.00000E+00  2.45140E-02  1.14825E-01  5.64829E-03  1.56885E-02  1.27671E-03  8.71639E-03  3.06846E-03  1.90209E-04  1.41394E-03  3.38353E-04
  5383.00000  1.75597E-01  0.00000E+00  2.45070E-02  1.14767E-01  5.64623E-03  1.56813E-02  1.27623E-03  8.71071E-03  3.06706E-03  1.90137E-04  1.41305E-03  3.38197E-04
  5384.00000  1.75513E-01  0.00000E+00  2.45000E-02  1.14708E-01  5.64418E-03  1.56741E-02  1.27576E-03  8.70502E-03  3.06565E-03  1.90066E-04  1.41216E-03  3.38041E-04
  5385.00000  1.75430E-01  0.00000E+00  2.44931E-02  1.14650E-01  5.64212E-03  1.56669E-02  1.27528E-03  8.69935E-03  3.06425E-03  1.89995E-04  1.41127E-03  3.37885E-04
  5386.00000  1.75347E-01  0.00000E+00  2.44861E-02  1.14592E-01  5.64007E-03  1.56597E-02  1.27481E-03  8.69368E-03  3.06285E-03  1.89923E-04  1.41038E-03  3.37729E-04
  5387.00000  1.75264E-01  0.00000E+00  2.44791E-02  1.14534E-01  5.63802E-03  1.56525E-02  1.27433E-03  8.68801E-03  3.06145E-03  1.89852E-04  1.40949E-03  3.37573E-04
  5388.00000  1.75181E-01  0.00000E+00  2.44721E-02  1.14476E-01  5.63597E-03  1.56453E-02  1.27386E-03  8.68234E-03  3.06005E-03  1.89781E-04  1.40861E-03  3.37417E-04
  5389.00000  1.75098E-01  0.00000E+00  2.44651E-02  1.14417E-01  5.63392E-03  1.56382E-02  1.27338E-03  8.67669E-03  3.05865E-03  1.89710E-04  1.40772E-03  3.37261E-04
  5390.00000  1.75015E-01  0.00000E+00  2.44581E-02  1.14359E-01  5.63188E-03  1.56310E-02  1.27291E-03  8.67103E-03  3.05725E-03  1.89638E-04  1.40684E-03  3.37106E-04
  5391.00000  1.74932E-01  0.00000E+00  2.44511E-02  1.14302E-01  5.62983E-03  1.56238E-02  1.27244E-03  8.66538E-03  3.05585E-03  1.89567E-04  1.40595E-03  3.36950E-04
  5392.00000  1.74850E-01  0.00000E+00  2.44441E-02  1.14244E-01  5.62778E-03  1.56167E-02  1.27196E-03  8.65974E-03  3.05446E-03  1.89496E-04  1.40507E-03  3.36795E-04
  5393.00000  1.74767E-01  0.00000E+00  2.44371E-02  1.14186E-01  5.62574E-03  1.56095E-02  1.27149E-03  8.65410E-03  3.05306E-03  1.89425E-04  1.40418E-03  3.36639E-04
  5394.00000  1.74685E-01  0.00000E+00  2.44301E-02  1.14128E-01  5.62370E-03  1.56024E-02  1.27102E-03  8.64846E-03  3.05167E-03  1.89354E-04  1.40330E-03  3.36484E-04
  5395.00000  1.74602E-01  0.00000E+00  2.44230E-02  1.14070E-01  5.62165E-03  1.55952E-02  1.27055E-03  8.64283E-03  3.05027E-03  1.89283E-04  1.40242E-03  3.36329E-04
  5396.00000  1.74520E-01  0.00000E+00  2.44160E-02  1.14013E-01  5.61961E-03  1.55881E-02  1.27007E-03  8.63720E-03  3.04888E-03  1.89212E-04  1.40154E-03  3.36174E-04
  5397.00000  1.74437E-01  0.00000E+00  2.44089E-02  1.13955E-01  5.61757E-03  1.55809E-02  1.26960E-03  8.63158E-03  3.04749E-03  1.89141E-04  1.40066E-03  3.36019E-04
  5398.00000  1.74355E-01  0.00000E+00  2.44019E-02  1.13898E-01  5.61553E-03  1.55738E-02  1.26913E-03  8.62596E-03  3.04609E-03  1.89070E-04  1.39978E-03  3.35864E-04
  5399.00000  1.74273E-01  0.00000E+00  2.43948E-02  1.13840E-01  5.61349E-03  1.55667E-02  1.26866E-03  8.62035E-03  3.04470E-03  1.88999E-04  1.39890E-03  3.35709E-04
  5400.00000  1.74191E-01  0.00000E+00  2.43877E-02  1.13783E-01  5.61146E-03  1.55595E-02  1.26819E-03  8.61474E-03  3.04331E-03  1.88928E-04  1.39802E-03  3.35555E-04
  5401.00000  1.74108E-01  0.00000E+00  2.43806E-02  1.13726E-01  5.60942E-03  1.55524E-02  1.26772E-03  8.60913E-03  3.04192E-03  1.88858E-04  1.39714E-03  3.35400E-04
  5402.00000  1.74026E-01  0.00000E+00  2.43735E-02  1.13669E-01  5.60739E-03  1.55453E-02  1.26724E-03  8.60353E-03  3.04053E-03  1.88787E-04  1.39627E-03  3.35245E-04
  5403.00000  1.73944E-01  0.00000E+00  2.43663E-02  1.13611E-01  5.60535E-03  1.55382E-02  1.26677E-03  8.59794E-03  3.03915E-03  1.88716E-04  1.39539E-03  3.35091E-04
  5404.00000  1.73862E-01  0.00000E+00  2.43592E-02  1.13554E-01  5.60332E-03  1.55311E-02  1.26630E-03  8.59235E-03  3.03776E-03  1.88645E-04  1.39451E-03  3.34937E-04
  5405.00000  1.73781E-01  0.00000E+00  2.43520E-02  1.13497E-01  5.60129E-03  1.55240E-02  1.26583E-03  8.58676E-03  3.03637E-03  1.88575E-04  1.39364E-03  3.34782E-04
  5406.00000  1.73699E-01  0.00000E+00  2.43448E-02  1.13441E-01  5.59926E-03  1.55169E-02  1.26536E-03  8.58118E-03  3.03499E-03  1.88504E-04  1.39277E-03  3.34628E-04
  5407.00000  1.73617E-01  0.00000E+00  2.43376E-02  1.13384E-01  5.59723E-03  1.55098E-02  1.26489E-03  8.57560E-03  3.03360E-03  1.88433E-04  1.39189E-03  3.34474E-04
  5408.00000  1.73535E-01  0.00000E+00  2.43304E-02  1.13327E-01  5.59520E-03  1.55027E-02  1.26443E-03  8.57003E-03  3.03222E-03  1.88363E-04  1.39102E-03  3.34320E-04
  5409.00000  1.73454E-01  0.00000E+00  2.43231E-02  1.13270E-01  5.59317E-03  1.54956E-02  1.26396E-03  8.56446E-03  3.03084E-03  1.88292E-04  1.39015E-03  3.34166E-04
  5410.00000  1.73372E-01  0.00000E+00  2.43159E-02  1.13213E-01  5.59114E-03  1.54885E-02  1.26349E-03  8.55889E-03  3.02946E-03  1.88222E-04  1.38927E-03  3.34013E-04
  5411.00000  1.73291E-01  0.00000E+00  2.43086E-02  1.13157E-01  5.58912E-03  1.54814E-02  1.26302E-03  8.55333E-03  3.02808E-03  1.88151E-04  1.38840E-03  3.33859E-04
  5412.00000  1.73209E-01  0.00000E+00  2.43013E-02  1.13100E-01  5.58709E-03  1.54743E-02  1.26255E-03  8.54778E-03  3.02670E-03  1.88081E-04  1.38753E-03  3.33706E-04
  5413.00000  1.73128E-01  0.00000E+00  2.42940E-02  1.13044E-01  5.58507E-03  1.54673E-02  1.26208E-03  8.54223E-03  3.02532E-03  1.88010E-04  1.38666E-03  3.33552E-04
  5414.00000  1.73047E-01  0.00000E+00  2.42866E-02  1.12988E-01  5.58305E-03  1.54602E-02  1.26161E-03  8.53668E-03  3.02394E-03  1.87940E-04  1.38580E-03  3.33399E-04
  5415.00000  1.72966E-01  0.00000E+00  2.42793E-02  1.12931E-01  5.58103E-03  1.54531E-02  1.26115E-03  8.53114E-03  3.02256E-03  1.87869E-04  1.38493E-03  3.33245E-04
  5416.00000  1.72884E-01  0.00000E+00  2.42719E-02  1.12875E-01  5.57901E-03  1.54461E-02  1.26068E-03  8.52560E-03  3.02118E-03  1.87799E-04  1.38406E-03  3.33092E-04
  5417.00000  1.72803E-01  0.00000E+00  2.42645E-02  1.12819E-01  5.57699E-03  1.54390E-02  1.26021E-03  8.52007E-03  3.01981E-03  1.87729E-04  1.38319E-03  3.32939E-04
  5418.00000  1.72722E-01  0.00000E+00  2.42570E-02  1.12763E-01  5.57497E-03  1.54320E-02  1.25975E-03  8.51454E-03  3.01843E-03  1.87658E-04  1.38233E-03  3.32786E-04
  5419.00000  1.72641E-01  0.00000E+00  2.42496E-02  1.12707E-01  5.57295E-03  1.54249E-02  1.25928E-03  8.50902E-03  3.01706E-03  1.87588E-04  1.38146E-03  3.32633E-04
  5420.00000  1.72560E-01  0.00000E+00  2.42421E-02  1.12651E-01  5.57094E-03  1.54179E-02  1.25881E-03  8.50350E-03  3.01568E-03  1.87518E-04  1.38060E-03  3.32480E-04
  5421.00000  1.72479E-01  0.00000E+00  2.42346E-02  1.12595E-01  5.56892E-03  1.54108E-02  1.25835E-03  8.49798E-03  3.01431E-03  1.87448E-04  1.37973E-03  3.32328E-04
  5422.00000  1.72398E-01  0.00000E+00  2.42271E-02  1.12539E-01  5.56691E-03  1.54038E-02  1.25788E-03  8.49247E-03  3.01294E-03  1.87378E-04  1.37887E-03  3.32175E-04
  5423.00000  1.72318E-01  0.00000E+00  2.42196E-02  1.12483E-01  5.56490E-03  1.53968E-02  1.25742E-03  8.48696E-03  3.01157E-03  1.87307E-04  1.37801E-03  3.32023E-04
  5424.00000  1.72237E-01  0.00000E+00  2.42120E-02  1.12427E-01  5.56288E-03  1.53898E-02  1.25695E-03  8.48146E-03  3.01020E-03  1.87237E-04  1.37714E-03  3.31870E-04
  5425.00000  1.72156E-01  0.00000E+00  2.42045E-02  1.12372E-01  5.56087E-03  1.53827E-02  1.25649E-03  8.47597E-03  3.00883E-03  1.87167E-04  1.37628E-03  3.31718E-04
  5426.00000  1.72076E-01  0.00000E+00  2.41969E-02  1.12316E-01  5.55886E-03  1.53757E-02  1.25602E-03  8.47047E-03  3.00746E-03  1.87097E-04  1.37542E-03  3.31566E-04
  5427.00000  1.71995E-01  0.00000E+00  2.41893E-02  1.12261E-01  5.55686E-03  1.53687E-02  1.25556E-03  8.46499E-03  3.00609E-03  1.87027E-04  1.37456E-03  3.31413E-04
  5428.00000  1.71915E-01  0.00000E+00  2.41816E-02  1.12205E-01  5.55485E-03  1.53617E-02  1.25509E-03  8.45950E-03  3.00472E-03  1.86957E-04  1.37370E-03  3.31261E-04
  5429.00000  1.71834E-01  0.00000E+00  2.41740E-02  1.12150E-01  5.55284E-03  1.53547E-02  1.25463E-03  8.45402E-03  3.00336E-03  1.86887E-04  1.37284E-03  3.31109E-04
  5430.00000  1.71754E-01  0.00000E+00  2.41663E-02  1.12094E-01  5.55084E-03  1.53477E-02  1.25417E-03  8.44855E-03  3.00199E-03  1.86817E-04  1.37199E-03  3.30958E-04
  5431.00000  1.71673E-01  0.00000E+00  2.41586E-02  1.12039E-01  5.54883E-03  1.53407E-02  1.25370E-03  8.44308E-03  3.00063E-03  1.86748E-04  1.37113E-03  3.30806E-04
  5432.00000  1.71593E-01  0.00000E+00  2.41509E-02  1.11984E-01  5.54683E-03  1.53337E-02  1.25324E-03  8.43761E-03  2.99926E-03  1.86678E-04  1.37027E-03  3.30654E-04
  5433.00000  1.71513E-01  0.00000E+00  2.41432E-02  1.11929E-01  5.54483E-03  1.53267E-02  1.25278E-03  8.43215E-03  2.99790E-03  1.86608E-04  1.36942E-03  3.30503E-04
  5434.00000  1.71433E-01  0.00000E+00  2.41355E-02  1.11874E-01  5.54283E-03  1.53198E-02  1.25231E-03  8.42669E-03  2.99654E-03  1.86538E-04  1.36856E-03  3.30351E-04
  5435.00000  1.71352E-01  0.00000E+00  2.41277E-02  1.11818E-01  5.54083E-03  1.53128E-02  1.25185E-03  8.42124E-03  2.99518E-03  1.86468E-04  1.36771E-03  3.30200E-04
  5436.00000  1.71272E-01  0.00000E+00  2.41200E-02  1.11763E-01  5.53883E-03  1.53058E-02  1.25139E-03  8.41579E-03  2.99381E-03  1.86399E-04  1.36685E-03  3.30049E-04
  5437.00000  1.71192E-01  0.00000E+00  2.41122E-02  1.11708E-01  5.53683E-03  1.52988E-02  1.25093E-03  8.41035E-03  2.99245E-03  1.86329E-04  1.36600E-03  3.29897E-04
  5438.00000  1.71112E-01  0.00000E+00  2.41044E-02  1.11654E-01  5.53483E-03  1.52919E-02  1.25047E-03  8.40491E-03  2.99110E-03  1.86259E-04  1.36515E-03  3.29746E-04
  5439.00000  1.71032E-01  0.00000E+00  2.40966E-02  1.11599E-01  5.53284E-03  1.52849E-02  1.25000E-03  8.39947E-03  2.98974E-03  1.86190E-04  1.36429E-03  3.29595E-04
  5440.00000  1.70952E-01  0.00000E+00  2.40888E-02  1.11544E-01  5.53084E-03  1.52780E-02  1.24954E-03  8.39404E-03  2.98838E-03  1.86120E-04  1.36344E-03  3.29445E-04
  5441.00000  1.70873E-01  0.00000E+00  2.40810E-02  1.11489E-01  5.52885E-03  1.52710E-02  1.24908E-03  8.38862E-03  2.98702E-03  1.86051E-04  1.36259E-03  3.29294E-04
  5442.00000  1.70793E-01  0.00000E+00  2.40731E-02  1.11434E-01  5.52686E-03  1.52641E-02  1.24862E-03  8.38319E-03  2.98567E-03  1.85981E-04  1.36174E-03  3.29143E-04
  5443.00000  1.70713E-01  0.00000E+00  2.40653E-02  1.11380E-01  5.52487E-03  1.52571E-02  1.24816E-03  8.37778E-03  2.98431E-03  1.85912E-04  1.36089E-03  3.28992E-04
  5444.00000  1.70633E-01  0.00000E+00  2.40574E-02  1.11325E-01  5.52288E-03  1.52502E-02  1.24770E-03  8.37236E-03  2.98296E-03  1.85842E-04  1.36004E-03  3.28842E-04
  5445.00000  1.70554E-01  0.00000E+00  2.40496E-02  1.11271E-01  5.52089E-03  1.52432E-02  1.24724E-03  8.36696E-03  2.98161E-03  1.85773E-04  1.35920E-03  3.28692E-04
  5446.00000  1.70474E-01  0.00000E+00  2.40417E-02  1.11216E-01  5.51890E-03  1.52363E-02  1.24678E-03  8.36155E-03  2.98026E-03  1.85703E-04  1.35835E-03  3.28541E-04
  5447.00000  1.70395E-01  0.00000E+00  2.40338E-02  1.11162E-01  5.51691E-03  1.52294E-02  1.24632E-03  8.35615E-03  2.97890E-03  1.85634E-04  1.35750E-03  3.28391E-04
  5448.00000  1.70315E-01  0.00000E+00  2.40259E-02  1.11107E-01  5.51492E-03  1.52224E-02  1.24586E-03  8.35076E-03  2.97755E-03  1.85565E-04  1.35665E-03  3.28241E-04
  5449.00000  1.70236E-01  0.00000E+00  2.40180E-02  1.11053E-01  5.51294E-03  1.52155E-02  1.24540E-03  8.34536E-03  2.97620E-03  1.85495E-04  1.35581E-03  3.28091E-04
  5450.00000  1.70156E-01  0.00000E+00  2.40101E-02  1.10998E-01  5.51095E-03  1.52086E-02  1.24494E-03  8.33998E-03  2.97485E-03  1.85426E-04  1.35496E-03  3.27941E-04
  5451.00000  1.70077E-01  0.00000E+00  2.40022E-02  1.10944E-01  5.50897E-03  1.52017E-02  1.24449E-03  8.33459E-03  2.97351E-03  1.85357E-04  1.35412E-03  3.27791E-04
  5452.00000  1.69998E-01  0.00000E+00  2.39943E-02  1.10890E-01  5.50699E-03  1.51948E-02  1.24403E-03  8.32922E-03  2.97216E-03  1.85288E-04  1.35328E-03  3.27641E-04
  5453.00000  1.69918E-01  0.00000E+00  2.39864E-02  1.10836E-01  5.50501E-03  1.51879E-02  1.24357E-03  8.32384E-03  2.97081E-03  1.85219E-04  1.35243E-03  3.27492E-04
  5454.00000  1.69839E-01  0.00000E+00  2.39785E-02  1.10781E-01  5.50303E-03  1.51810E-02  1.24311E-03  8.31847E-03  2.96947E-03  1.85150E-04  1.35159E-03  3.27342E-04
  5455.00000  1.69760E-01  0.00000E+00  2.39706E-02  1.10727E-01  5.50105E-03  1.51741E-02  1.24266E-03  8.31311E-03  2.96812E-03  1.85081E-04  1.35075E-03  3.27193E-04
  5456.00000  1.69681E-01  0.00000E+00  2.39627E-02  1.10673E-01  5.49907E-03  1.51672E-02  1.24220E-03  8.30775E-03  2.96678E-03  1.85012E-04  1.34991E-03  3.27043E-04
  5457.00000  1.69602E-01  0.00000E+00  2.39548E-02  1.10619E-01  5.49709E-03  1.51603E-02  1.24174E-03  8.30239E-03  2.96543E-03  1.84943E-04  1.34907E-03  3.26894E-04
  5458.00000  1.69523E-01  0.00000E+00  2.39469E-02  1.10565E-01  5.49511E-03  1.51534E-02  1.24128E-03  8.29704E-03  2.96409E-03  1.84874E-04  1.34823E-03  3.26745E-04
  5459.00000  1.69444E-01  0.00000E+00  2.39390E-02  1.10511E-01  5.49314E-03  1.51466E-02  1.24083E-03  8.29169E-03  2.96275E-03  1.84805E-04  1.34739E-03  3.26596E-04
  5460.00000  1.69365E-01  0.00000E+00  2.39311E-02  1.10457E-01  5.49116E-03  1.51397E-02  1.24037E-03  8.28634E-03  2.96141E-03  1.84736E-04  1.34655E-03  3.26447E-04
  5461.00000  1.69286E-01  0.00000E+00  2.39232E-02  1.10403E-01  5.48919E-03  1.51328E-02  1.23992E-03  8.28100E-03  2.96007E-03  1.84667E-04  1.34571E-03  3.26298E-04
  5462.00000  1.69207E-01  0.00000E+00  2.39153E-02  1.10349E-01  5.48722E-03  1.51259E-02  1.23946E-03  8.27567E-03  2.95873E-03  1.84598E-04  1.34488E-03  3.26149E-04
  5463.00000  1.69128E-01  0.00000E+00  2.39074E-02  1.10295E-01  5.48525E-03  1.51191E-02  1.23900E-03  8.27034E-03  2.95739E-03  1.84529E-04  1.34404E-03  3.26001E-04
  5464.00000  1.69049E-01  0.00000E+00  2.38996E-02  1.10241E-01  5.48328E-03  1.51122E-02  1.23855E-03  8.26501E-03  2.95605E-03  1.84461E-04  1.34320E-03  3.25852E-04
  5465.00000  1.68971E-01  0.00000E+00  2.38917E-02  1.10187E-01  5.48131E-03  1.51054E-02  1.23809E-03  8.25968E-03  2.95472E-03  1.84392E-04  1.34237E-03  3.25703E-04
  5466.00000  1.68892E-01  0.00000E+00  2.38838E-02  1.10134E-01  5.47934E-03  1.50985E-02  1.23764E-03  8.25437E-03  2.95338E-03  1.84323E-04  1.34153E-03  3.25555E-04
  5467.00000  1.68813E-01  0.00000E+00  2.38760E-02  1.10080E-01  5.47737E-03  1.50917E-02  1.23718E-03  8.24905E-03  2.95205E-03  1.84255E-04  1.34070E-03  3.25407E-04
  5468.00000  1.68735E-01  0.00000E+00  2.38681E-02  1.10026E-01  5.47541E-03  1.50848E-02  1.23673E-03  8.24374E-03  2.95071E-03  1.84186E-04  1.33987E-03  3.25258E-04
  5469.00000  1.68656E-01  0.00000E+00  2.38603E-02  1.09972E-01  5.47344E-03  1.50780E-02  1.23627E-03  8.23843E-03  2.94938E-03  1.84118E-04  1.33903E-03  3.25110E-04
  5470.00000  1.68578E-01  0.00000E+00  2.38525E-02  1.09919E-01  5.47148E-03  1.50711E-02  1.23582E-03  8.23313E-03  2.94805E-03  1.84049E-04  1.33820E-03  3.24962E-04
  5471.00000  1.68499E-01  0.00000E+00  2.38446E-02  1.09865E-01  5.46951E-03  1.50643E-02  1.23537E-03  8.22783E-03  2.94671E-03  1.83981E-04  1.33737E-03  3.24814E-04
  5472.00000  1.68421E-01  0.00000E+00  2.38368E-02  1.09811E-01  5.46755E-03  1.50575E-02  1.23491E-03  8.22254E-03  2.94538E-03  1.83912E-04  1.33654E-03  3.24666E-04
  5473.00000  1.68343E-01  0.00000E+00  2.38291E-02  1.09757E-01  5.46559E-03  1.50507E-02  1.23446E-03  8.21725E-03  2.94405E-03  1.83844E-04  1.33571E-03  3.24518E-04
  5474.00000  1.68264E-01  0.00000E+00  2.38213E-02  1.09704E-01  5.46363E-03  1.50438E-02  1.23401E-03  8.21197E-03  2.94272E-03  1.83775E-04  1.33488E-03  3.24370E-04
  5475.00000  1.68186E-01  0.00000E+00  2.38135E-02  1.09650E-01  5.46167E-03  1.50370E-02  1.23355E-03  8.20668E-03  2.94139E-03  1.83707E-04  1.33405E-03  3.24223E-04
  5476.00000  1.68108E-01  0.00000E+00  2.38058E-02  1.09597E-01  5.45971E-03  1.50302E-02  1.23310E-03  8.20141E-03  2.94006E-03  1.83639E-04  1.33322E-03  3.24075E-04
  5477.00000  1.68030E-01  0.00000E+00  2.37980E-02  1.09543E-01  5.45775E-03  1.50234E-02  1.23265E-03  8.19613E-03  2.93874E-03  1.83571E-04  1.33240E-03  3.23928E-04
  5478.00000  1.67952E-01  0.00000E+00  2.37903E-02  1.09489E-01  5.45580E-03  1.50166E-02  1.23220E-03  8.19087E-03  2.93741E-03  1.83502E-04  1.33157E-03  3.23780E-04
  5479.00000  1.67873E-01  0.00000E+00  2.37826E-02  1.09436E-01  5.45384E-03  1.50098E-02  1.23175E-03  8.18560E-03  2.93608E-03  1.83434E-04  1.33074E-03  3.23633E-04
  5480.00000  1.67795E-01  0.00000E+00  2.37749E-02  1.09382E-01  5.45189E-03  1.50030E-02  1.23129E-03  8.18034E-03  2.93476E-03  1.83366E-04  1.32992E-03  3.23486E-04
  5481.00000  1.67717E-01  0.00000E+00  2.37672E-02  1.09329E-01  5.44993E-03  1.49962E-02  1.23084E-03  8.17509E-03  2.93344E-03  1.83298E-04  1.32909E-03  3.23339E-04
  5482.00000  1.67639E-01  0.00000E+00  2.37595E-02  1.09275E-01  5.44798E-03  1.49895E-02  1.23039E-03  8.16983E-03  2.93211E-03  1.83230E-04  1.32827E-03  3.23192E-04
  5483.00000  1.67561E-01  0.00000E+00  2.37519E-02  1.09222E-01  5.44603E-03  1.49827E-02  1.22994E-03  8.16459E-03  2.93079E-03  1.83162E-04  1.32744E-03  3.23045E-04
  5484.00000  1.67484E-01  0.00000E+00  2.37443E-02  1.09168E-01  5.44408E-03  1.49759E-02  1.22949E-03  8.15934E-03  2.92947E-03  1.83094E-04  1.32662E-03  3.22898E-04
  5485.00000  1.67406E-01  0.00000E+00  2.37366E-02  1.09115E-01  5.44213E-03  1.49691E-02  1.22904E-03  8.15410E-03  2.92815E-03  1.83026E-04  1.32580E-03  3.22751E-04
  5486.00000  1.67328E-01  0.00000E+00  2.37290E-02  1.09061E-01  5.44018E-03  1.49624E-02  1.22859E-03  8.14887E-03  2.92682E-03  1.82958E-04  1.32498E-03  3.22604E-04
  5487.00000  1.67250E-01  0.00000E+00  2.37215E-02  1.09008E-01  5.43824E-03  1.49556E-02  1.22814E-03  8.14364E-03  2.92551E-03  1.82890E-04  1.32416E-03  3.22458E-04
  5488.00000  1.67172E-01  0.00000E+00  2.37139E-02  1.08955E-01  5.43629E-03  1.49488E-02  1.22769E-03  8.13841E-03  2.92419E-03  1.82823E-04  1.32334E-03  3.22311E-04
  5489.00000  1.67095E-01  0.00000E+00  2.37064E-02  1.08901E-01  5.43435E-03  1.49421E-02  1.22724E-03  8.13319E-03  2.92287E-03  1.82755E-04  1.32252E-03  3.22165E-04
  5490.00000  1.67017E-01  0.00000E+00  2.36988E-02  1.08848E-01  5.43240E-03  1.49353E-02  1.22679E-03  8.12797E-03  2.92155E-03  1.82687E-04  1.32170E-03  3.22019E-04
  5491.00000  1.66939E-01  0.00000E+00  2.36913E-02  1.08794E-01  5.43046E-03  1.49286E-02  1.22634E-03  8.12276E-03  2.92023E-03  1.82619E-04  1.32088E-03  3.21872E-04
  5492.00000  1.66862E-01  0.00000E+00  2.36838E-02  1.08741E-01  5.42852E-03  1.49218E-02  1.22589E-03  8.11755E-03  2.91892E-03  1.82552E-04  1.32006E-03  3.21726E-04
  5493.00000  1.66784E-01  0.00000E+00  2.36764E-02  1.08688E-01  5.42658E-03  1.49151E-02  1.22545E-03  8.11234E-03  2.91760E-03  1.82484E-04  1.31924E-03  3.21580E-04
  5494.00000  1.66707E-01  0.00000E+00  2.36689E-02  1.08634E-01  5.42464E-03  1.49083E-02  1.22500E-03  8.10714E-03  2.91629E-03  1.82416E-04  1.31843E-03  3.21434E-04
  5495.00000  1.66629E-01  0.00000E+00  2.36615E-02  1.08581E-01  5.42270E-03  1.49016E-02  1.22455E-03  8.10194E-03  2.91498E-03  1.82349E-04  1.31761E-03  3.21288E-04
  5496.00000  1.66552E-01  0.00000E+00  2.36541E-02  1.08528E-01  5.42076E-03  1.48949E-02  1.22410E-03  8.09675E-03  2.91366E-03  1.82281E-04  1.31679E-03  3.21142E-04
  5497.00000  1.66475E-01  0.00000E+00  2.36467E-02  1.08474E-01  5.41883E-03  1.48882E-02  1.22365E-03  8.09156E-03  2.91235E-03  1.82214E-04  1.31598E-03  3.20997E-04
  5498.00000  1.66397E-01  0.00000E+00  2.36393E-02  1.08421E-01  5.41689E-03  1.48814E-02  1.22321E-03  8.08638E-03  2.91104E-03  1.82146E-04  1.31517E-03  3.20851E-04
  5499.00000  1.66320E-01  0.00000E+00  2.36319E-02  1.08367E-01  5.41495E-03  1.48747E-02  1.22276E-03  8.08120E-03  2.90973E-03  1.82079E-04  1.31435E-03  3.20706E-04
  5500.00000  1.66243E-01  0.00000E+00  2.36246E-02  1.08314E-01  5.41302E-03  1.48680E-02  1.22231E-03  8.07602E-03  2.90842E-03  1.82012E-04  1.31354E-03  3.20560E-04
  5501.00000  1.66165E-01  0.00000E+00  2.36173E-02  1.08261E-01  5.41109E-03  1.48613E-02  1.22187E-03  8.07085E-03  2.90711E-03  1.81944E-04  1.31273E-03  3.20415E-04
  5502.00000  1.66088E-01  0.00000E+00  2.36100E-02  1.08208E-01  5.40916E-03  1.48546E-02  1.22142E-03  8.06568E-03  2.90580E-03  1.81877E-04  1.31192E-03  3.20270E-04
  5503.00000  1.66011E-01  0.00000E+00  2.36027E-02  1.08154E-01  5.40723E-03  1.48479E-02  1.22097E-03  8.06052E-03  2.90450E-03  1.81810E-04  1.31110E-03  3.20125E-04
  5504.00000  1.65934E-01  0.00000E+00  2.35954E-02  1.08101E-01  5.40530E-03  1.48412E-02  1.22053E-03  8.05536E-03  2.90319E-03  1.81742E-04  1.31029E-03  3.19980E-04
  5505.00000  1.65857E-01  0.00000E+00  2.35882E-02  1.08048E-01  5.40337E-03  1.48345E-02  1.22008E-03  8.05020E-03  2.90188E-03  1.81675E-04  1.30948E-03  3.19835E-04
  5506.00000  1.65780E-01  0.00000E+00  2.35809E-02  1.07994E-01  5.40144E-03  1.48278E-02  1.21964E-03  8.04505E-03  2.90058E-03  1.81608E-04  1.30868E-03  3.19690E-04
  5507.00000  1.65703E-01  0.00000E+00  2.35737E-02  1.07941E-01  5.39951E-03  1.48211E-02  1.21919E-03  8.03990E-03  2.89927E-03  1.81541E-04  1.30787E-03  3.19545E-04
  5508.00000  1.65626E-01  0.00000E+00  2.35665E-02  1.07888E-01  5.39759E-03  1.48145E-02  1.21875E-03  8.03476E-03  2.89797E-03  1.81474E-04  1.30706E-03  3.19400E-04
  5509.00000  1.65549E-01  0.00000E+00  2.35593E-02  1.07835E-01  5.39566E-03  1.48078E-02  1.21830E-03  8.02962E-03  2.89667E-03  1.81407E-04  1.30625E-03  3.19256E-04
  5510.00000  1.65472E-01  0.00000E+00  2.35522E-02  1.07781E-01  5.39374E-03  1.48011E-02  1.21786E-03  8.02449E-03  2.89537E-03  1.81340E-04  1.30545E-03  3.19112E-04
  5511.00000  1.65395E-01  0.00000E+00  2.35450E-02  1.07728E-01  5.39182E-03  1.47944E-02  1.21742E-03  8.01936E-03  2.89407E-03  1.81273E-04  1.30464E-03  3.18967E-04
  5512.00000  1.65318E-01  0.00000E+00  2.35379E-02  1.07675E-01  5.38989E-03  1.47878E-02  1.21697E-03  8.01423E-03  2.89277E-03  1.81206E-04  1.30383E-03  3.18823E-04
  5513.00000  1.65242E-01  0.00000E+00  2.35308E-02  1.07622E-01  5.38797E-03  1.47811E-02  1.21653E-03  8.00911E-03  2.89147E-03  1.81139E-04  1.30303E-03  3.18679E-04
  5514.00000  1.65165E-01  0.00000E+00  2.35237E-02  1.07569E-01  5.38605E-03  1.47745E-02  1.21608E-03  8.00399E-03  2.89017E-03  1.81072E-04  1.30222E-03  3.18535E-04
  5515.00000  1.65088E-01  0.00000E+00  2.35166E-02  1.07515E-01  5.38413E-03  1.47678E-02  1.21564E-03  7.99887E-03  2.88887E-03  1.81006E-04  1.30142E-03  3.18391E-04
  5516.00000  1.65011E-01  0.00000E+00  2.35095E-02  1.07462E-01  5.38222E-03  1.47612E-02  1.21520E-03  7.99376E-03  2.88757E-03  1.80939E-04  1.30062E-03  3.18247E-04
  5517.00000  1.64935E-01  0.00000E+00  2.35025E-02  1.07409E-01  5.38030E-03  1.47545E-02  1.21476E-03  7.98866E-03  2.88628E-03  1.80872E-04  1.29982E-03  3.18103E-04
  5518.00000  1.64858E-01  0.00000E+00  2.34954E-02  1.07356E-01  5.37838E-03  1.47479E-02  1.21431E-03  7.98355E-03  2.88498E-03  1.80806E-04  1.29901E-03  3.17960E-04
  5519.00000  1.64782E-01  0.00000E+00  2.34884E-02  1.07303E-01  5.37647E-03  1.47412E-02  1.21387E-03  7.97846E-03  2.88369E-03  1.80739E-04  1.29821E-03  3.17816E-04
  5520.00000  1.64705E-01  0.00000E+00  2.34814E-02  1.07249E-01  5.37455E-03  1.47346E-02  1.21343E-03  7.97336E-03  2.88239E-03  1.80672E-04  1.29741E-03  3.17673E-04
  5521.00000  1.64628E-01  0.00000E+00  2.34744E-02  1.07196E-01  5.37264E-03  1.47280E-02  1.21299E-03  7.96827E-03  2.88110E-03  1.80606E-04  1.29661E-03  3.17529E-04
  5522.00000  1.64552E-01  0.00000E+00  2.34674E-02  1.07143E-01  5.37073E-03  1.47213E-02  1.21255E-03  7.96318E-03  2.87981E-03  1.80539E-04  1.29581E-03  3.17386E-04
  5523.00000  1.64476E-01  0.00000E+00  2.34604E-02  1.07090E-01  5.36881E-03  1.47147E-02  1.21210E-03  7.95810E-03  2.87852E-03  1.80473E-04  1.29501E-03  3.17243E-04
  5524.00000  1.64399E-01  0.00000E+00  2.34535E-02  1.07037E-01  5.36690E-03  1.47081E-02  1.21166E-03  7.95302E-03  2.87723E-03  1.80406E-04  1.29422E-03  3.17100E-04
  5525.00000  1.64323E-01  0.00000E+00  2.34465E-02  1.06984E-01  5.36499E-03  1.47015E-02  1.21122E-03  7.94795E-03  2.87594E-03  1.80340E-04  1.29342E-03  3.16957E-04
  5526.00000  1.64246E-01  0.00000E+00  2.34396E-02  1.06931E-01  5.36309E-03  1.46949E-02  1.21078E-03  7.94288E-03  2.87465E-03  1.80274E-04  1.29262E-03  3.16814E-04
  5527.00000  1.64170E-01  0.00000E+00  2.34326E-02  1.06878E-01  5.36118E-03  1.46883E-02  1.21034E-03  7.93781E-03  2.87336E-03  1.80207E-04  1.29183E-03  3.16672E-04
  5528.00000  1.64094E-01  0.00000E+00  2.34257E-02  1.06825E-01  5.35927E-03  1.46817E-02  1.20990E-03  7.93275E-03  2.87207E-03  1.80141E-04  1.29103E-03  3.16529E-04
  5529.00000  1.64018E-01  0.00000E+00  2.34188E-02  1.06772E-01  5.35737E-03  1.46751E-02  1.20946E-03  7.92769E-03  2.87078E-03  1.80075E-04  1.29023E-03  3.16387E-04
  5530.00000  1.63941E-01  0.00000E+00  2.34119E-02  1.06719E-01  5.35546E-03  1.46685E-02  1.20902E-03  7.92264E-03  2.86950E-03  1.80009E-04  1.28944E-03  3.16244E-04
  5531.00000  1.63865E-01  0.00000E+00  2.34050E-02  1.06666E-01  5.35356E-03  1.46619E-02  1.20858E-03  7.91759E-03  2.86821E-03  1.79943E-04  1.28865E-03  3.16102E-04
  5532.00000  1.63789E-01  0.00000E+00  2.33981E-02  1.06613E-01  5.35165E-03  1.46553E-02  1.20814E-03  7.91254E-03  2.86693E-03  1.79876E-04  1.28785E-03  3.15960E-04
  5533.00000  1.63713E-01  0.00000E+00  2.33913E-02  1.06560E-01  5.34975E-03  1.46487E-02  1.20770E-03  7.90750E-03  2.86564E-03  1.79810E-04  1.28706E-03  3.15818E-04
  5534.00000  1.63637E-01  0.00000E+00  2.33844E-02  1.06507E-01  5.34785E-03  1.46421E-02  1.20726E-03  7.90246E-03  2.86436E-03  1.79744E-04  1.28627E-03  3.15676E-04
  5535.00000  1.63561E-01  0.00000E+00  2.33775E-02  1.06454E-01  5.34595E-03  1.46356E-02  1.20683E-03  7.89742E-03  2.86308E-03  1.79678E-04  1.28548E-03  3.15534E-04
  5536.00000  1.63485E-01  0.00000E+00  2.33707E-02  1.06401E-01  5.34405E-03  1.46290E-02  1.20639E-03  7.89239E-03  2.86180E-03  1.79612E-04  1.28469E-03  3.15392E-04
  5537.00000  1.63409E-01  0.00000E+00  2.33638E-02  1.06348E-01  5.34216E-03  1.46224E-02  1.20595E-03  7.88737E-03  2.86052E-03  1.79547E-04  1.28390E-03  3.15251E-04
  5538.00000  1.63333E-01  0.00000E+00  2.33570E-02  1.06295E-01  5.34026E-03  1.46158E-02  1.20551E-03  7.88234E-03  2.85924E-03  1.79481E-04  1.28311E-03  3.15109E-04
  5539.00000  1.63257E-01  0.00000E+00  2.33501E-02  1.06242E-01  5.33836E-03  1.46093E-02  1.20507E-03  7.87732E-03  2.85796E-03  1.79415E-04  1.28232E-03  3.14968E-04
  5540.00000  1.63181E-01  0.00000E+00  2.33433E-02  1.06189E-01  5.33647E-03  1.46027E-02  1.20464E-03  7.87231E-03  2.85668E-03  1.79349E-04  1.28153E-03  3.14826E-04
  5541.00000  1.63105E-01  0.00000E+00  2.33365E-02  1.06136E-01  5.33457E-03  1.45962E-02  1.20420E-03  7.86730E-03  2.85540E-03  1.79283E-04  1.28074E-03  3.14685E-04
  5542.00000  1.63029E-01  0.00000E+00  2.33296E-02  1.06084E-01  5.33268E-03  1.45896E-02  1.20376E-03  7.86229E-03  2.85412E-03  1.79218E-04  1.27995E-03  3.14544E-04
  5543.00000  1.62954E-01  0.00000E+00  2.33228E-02  1.06031E-01  5.33079E-03  1.45831E-02  1.20332E-03  7.85729E-03  2.85285E-03  1.79152E-04  1.27917E-03  3.14403E-04
  5544.00000  1.62878E-01  0.00000E+00  2.33160E-02  1.05978E-01  5.32890E-03  1.45765E-02  1.20289E-03  7.85229E-03  2.85157E-03  1.79087E-04  1.27838E-03  3.14262E-04
  5545.00000  1.62802E-01  0.00000E+00  2.33092E-02  1.05925E-01  5.32701E-03  1.45700E-02  1.20245E-03  7.84729E-03  2.85030E-03  1.79021E-04  1.27759E-03  3.14121E-04
  5546.00000  1.62727E-01  0.00000E+00  2.33024E-02  1.05873E-01  5.32512E-03  1.45635E-02  1.20202E-03  7.84230E-03  2.84902E-03  1.78955E-04  1.27681E-03  3.13981E-04
  5547.00000  1.62651E-01  0.00000E+00  2.32955E-02  1.05820E-01  5.32323E-03  1.45569E-02  1.20158E-03  7.83731E-03  2.84775E-03  1.78890E-04  1.27603E-03  3.13840E-04
  5548.00000  1.62575E-01  0.00000E+00  2.32887E-02  1.05767E-01  5.32134E-03  1.45504E-02  1.20114E-03  7.83233E-03  2.84648E-03  1.78825E-04  1.27524E-03  3.13700E-04
  5549.00000  1.62500E-01  0.00000E+00  2.32819E-02  1.05714E-01  5.31946E-03  1.45439E-02  1.20071E-03  7.82735E-03  2.84520E-03  1.78759E-04  1.27446E-03  3.13559E-04
  5550.00000  1.62424E-01  0.00000E+00  2.32751E-02  1.05662E-01  5.31757E-03  1.45374E-02  1.20027E-03  7.82238E-03  2.84393E-03  1.78694E-04  1.27368E-03  3.13419E-04
  5551.00000  1.62349E-01  0.00000E+00  2.32683E-02  1.05609E-01  5.31569E-03  1.45309E-02  1.19984E-03  7.81740E-03  2.84266E-03  1.78629E-04  1.27289E-03  3.13279E-04
  5552.00000  1.62273E-01  0.00000E+00  2.32615E-02  1.05557E-01  5.31380E-03  1.45244E-02  1.19940E-03  7.81244E-03  2.84139E-03  1.78563E-04  1.27211E-03  3.13139E-04
  5553.00000  1.62198E-01  0.00000E+00  2.32547E-02  1.05504E-01  5.31192E-03  1.45179E-02  1.19897E-03  7.80747E-03  2.84012E-03  1.78498E-04  1.27133E-03  3.12999E-04
  5554.00000  1.62123E-01  0.00000E+00  2.32478E-02  1.05452E-01  5.31004E-03  1.45114E-02  1.19853E-03  7.80251E-03  2.83885E-03  1.78433E-04  1.27055E-03  3.12859E-04
  5555.00000  1.62047E-01  0.00000E+00  2.32410E-02  1.05399E-01  5.30816E-03  1.45049E-02  1.19810E-03  7.79756E-03  2.83759E-03  1.78368E-04  1.26977E-03  3.12719E-04
  5556.00000  1.61972E-01  0.00000E+00  2.32342E-02  1.05347E-01  5.30628E-03  1.44984E-02  1.19767E-03  7.79261E-03  2.83632E-03  1.78303E-04  1.26899E-03  3.12580E-04
  5557.00000  1.61897E-01  0.00000E+00  2.32274E-02  1.05294E-01  5.30440E-03  1.44919E-02  1.19723E-03  7.78766E-03  2.83505E-03  1.78238E-04  1.26822E-03  3.12440E-04
  5558.00000  1.61821E-01  0.00000E+00  2.32205E-02  1.05242E-01  5.30253E-03  1.44854E-02  1.19680E-03  7.78271E-03  2.83379E-03  1.78173E-04  1.26744E-03  3.12301E-04
  5559.00000  1.61746E-01  0.00000E+00  2.32137E-02  1.05189E-01  5.30065E-03  1.44789E-02  1.19637E-03  7.77777E-03  2.83252E-03  1.78108E-04  1.26666E-03  3.12161E-04
  5560.00000  1.61671E-01  0.00000E+00  2.32069E-02  1.05137E-01  5.29878E-03  1.44724E-02  1.19593E-03  7.77284E-03  2.83126E-03  1.78043E-04  1.26588E-03  3.12022E-04
  5561.00000  1.61596E-01  0.00000E+00  2.32000E-02  1.05085E-01  5.29690E-03  1.44660E-02  1.19550E-03  7.76791E-03  2.83000E-03  1.77978E-04  1.26511E-03  3.11883E-04
  5562.00000  1.61521E-01  0.00000E+00  2.31932E-02  1.05032E-01  5.29503E-03  1.44595E-02  1.19507E-03  7.76298E-03  2.82873E-03  1.77913E-04  1.26433E-03  3.11744E-04
  5563.00000  1.61446E-01  0.00000E+00  2.31863E-02  1.04980E-01  5.29316E-03  1.44530E-02  1.19464E-03  7.75805E-03  2.82747E-03  1.77848E-04  1.26356E-03  3.11605E-04
  5564.00000  1.61371E-01  0.00000E+00  2.31795E-02  1.04928E-01  5.29128E-03  1.44466E-02  1.19420E-03  7.75313E-03  2.82621E-03  1.77783E-04  1.26278E-03  3.11466E-04
  5565.00000  1.61296E-01  0.00000E+00  2.31726E-02  1.04876E-01  5.28941E-03  1.44401E-02  1.19377E-03  7.74822E-03  2.82495E-03  1.77719E-04  1.26201E-03  3.11328E-04
  5566.00000  1.61221E-01  0.00000E+00  2.31658E-02  1.04824E-01  5.28754E-03  1.44336E-02  1.19334E-03  7.74330E-03  2.82369E-03  1.77654E-04  1.26124E-03  3.11189E-04
  5567.00000  1.61146E-01  0.00000E+00  2.31589E-02  1.04772E-01  5.28568E-03  1.44272E-02  1.19291E-03  7.73839E-03  2.82243E-03  1.77589E-04  1.26047E-03  3.11050E-04
  5568.00000  1.61071E-01  0.00000E+00  2.31520E-02  1.04720E-01  5.28381E-03  1.44207E-02  1.19248E-03  7.73349E-03  2.82117E-03  1.77525E-04  1.25969E-03  3.10912E-04
  5569.00000  1.60997E-01  0.00000E+00  2.31451E-02  1.04668E-01  5.28194E-03  1.44143E-02  1.19205E-03  7.72859E-03  2.81992E-03  1.77460E-04  1.25892E-03  3.10774E-04
  5570.00000  1.60922E-01  0.00000E+00  2.31382E-02  1.04616E-01  5.28008E-03  1.44079E-02  1.19162E-03  7.72369E-03  2.81866E-03  1.77395E-04  1.25815E-03  3.10636E-04
  5571.00000  1.60847E-01  0.00000E+00  2.31314E-02  1.04564E-01  5.27821E-03  1.44014E-02  1.19119E-03  7.71880E-03  2.81741E-03  1.77331E-04  1.25738E-03  3.10498E-04
  5572.00000  1.60772E-01  0.00000E+00  2.31245E-02  1.04512E-01  5.27635E-03  1.43950E-02  1.19076E-03  7.71391E-03  2.81615E-03  1.77267E-04  1.25661E-03  3.10360E-04
  5573.00000  1.60698E-01  0.00000E+00  2.31175E-02  1.04460E-01  5.27448E-03  1.43886E-02  1.19033E-03  7.70902E-03  2.81490E-03  1.77202E-04  1.25584E-03  3.10222E-04
  5574.00000  1.60623E-01  0.00000E+00  2.31106E-02  1.04408E-01  5.27262E-03  1.43821E-02  1.18990E-03  7.70414E-03  2.81364E-03  1.77138E-04  1.25508E-03  3.10084E-04
  5575.00000  1.60549E-01  0.00000E+00  2.31037E-02  1.04356E-01  5.27076E-03  1.43757E-02  1.18947E-03  7.69927E-03  2.81239E-03  1.77073E-04  1.25431E-03  3.09946E-04
  5576.00000  1.60474E-01  0.00000E+00  2.30968E-02  1.04304E-01  5.26890E-03  1.43693E-02  1.18904E-03  7.69439E-03  2.81114E-03  1.77009E-04  1.25354E-03  3.09809E-04
  5577.00000  1.60400E-01  0.00000E+00  2.30899E-02  1.04253E-01  5.26704E-03  1.43629E-02  1.18861E-03  7.68952E-03  2.80989E-03  1.76945E-04  1.25278E-03  3.09671E-04
  5578.00000  1.60325E-01  0.00000E+00  2.30829E-02  1.04201E-01  5.26518E-03  1.43565E-02  1.18818E-03  7.68466E-03  2.80864E-03  1.76881E-04  1.25201E-03  3.09534E-04
  5579.00000  1.60251E-01  0.00000E+00  2.30760E-02  1.04149E-01  5.26332E-03  1.43501E-02  1.18775E-03  7.67979E-03  2.80739E-03  1.76816E-04  1.25124E-03  3.09397E-04
  5580.00000  1.60177E-01  0.00000E+00  2.30690E-02  1.04098E-01  5.26147E-03  1.43437E-02  1.18732E-03  7.67494E-03  2.80614E-03  1.76752E-04  1.25048E-03  3.09259E-04
  5581.00000  1.60102E-01  0.00000E+00  2.30621E-02  1.04046E-01  5.25961E-03  1.43373E-02  1.18690E-03  7.67008E-03  2.80489E-03  1.76688E-04  1.24972E-03  3.09122E-04
  5582.00000  1.60028E-01  0.00000E+00  2.30551E-02  1.03995E-01  5.25776E-03  1.43309E-02  1.18647E-03  7.66523E-03  2.80364E-03  1.76624E-04  1.24895E-03  3.08985E-04
  5583.00000  1.59954E-01  0.00000E+00  2.30481E-02  1.03943E-01  5.25590E-03  1.43245E-02  1.18604E-03  7.66038E-03  2.80239E-03  1.76560E-04  1.24819E-03  3.08849E-04
  5584.00000  1.59880E-01  0.00000E+00  2.30411E-02  1.03892E-01  5.25405E-03  1.43181E-02  1.18561E-03  7.65554E-03  2.80115E-03  1.76496E-04  1.24743E-03  3.08712E-04
  5585.00000  1.59806E-01  0.00000E+00  2.30341E-02  1.03840E-01  5.25220E-03  1.43117E-02  1.18518E-03  7.65070E-03  2.79990E-03  1.76432E-04  1.24666E-03  3.08575E-04
  5586.00000  1.59732E-01  0.00000E+00  2.30271E-02  1.03789E-01  5.25035E-03  1.43053E-02  1.18476E-03  7.64587E-03  2.79866E-03  1.76368E-04  1.24590E-03  3.08439E-04
  5587.00000  1.59658E-01  0.00000E+00  2.30201E-02  1.03738E-01  5.24850E-03  1.42989E-02  1.18433E-03  7.64103E-03  2.79742E-03  1.76304E-04  1.24514E-03  3.08302E-04
  5588.00000  1.59584E-01  0.00000E+00  2.30131E-02  1.03687E-01  5.24665E-03  1.42926E-02  1.18390E-03  7.63621E-03  2.79617E-03  1.76241E-04  1.24438E-03  3.08166E-04
  5589.00000  1.59510E-01  0.00000E+00  2.30061E-02  1.03635E-01  5.24480E-03  1.42862E-02  1.18348E-03  7.63138E-03  2.79493E-03  1.76177E-04  1.24362E-03  3.08030E-04
  5590.00000  1.59436E-01  0.00000E+00  2.29991E-02  1.03584E-01  5.24295E-03  1.42798E-02  1.18305E-03  7.62656E-03  2.79369E-03  1.76113E-04  1.24286E-03  3.07893E-04
  5591.00000  1.59362E-01  0.00000E+00  2.29920E-02  1.03533E-01  5.24111E-03  1.42735E-02  1.18263E-03  7.62174E-03  2.79245E-03  1.76049E-04  1.24211E-03  3.07757E-04
  5592.00000  1.59289E-01  0.00000E+00  2.29850E-02  1.03482E-01  5.23926E-03  1.42671E-02  1.18220E-03  7.61693E-03  2.79121E-03  1.75986E-04  1.24135E-03  3.07621E-04
  5593.00000  1.59215E-01  0.00000E+00  2.29779E-02  1.03431E-01  5.23742E-03  1.42608E-02  1.18178E-03  7.61212E-03  2.78997E-03  1.75922E-04  1.24059E-03  3.07485E-04
  5594.00000  1.59141E-01  0.00000E+00  2.29709E-02  1.03380E-01  5.23557E-03  1.42544E-02  1.18135E-03  7.60732E-03  2.78873E-03  1.75859E-04  1.23983E-03  3.07350E-04
  5595.00000  1.59068E-01  0.00000E+00  2.29638E-02  1.03329E-01  5.23373E-03  1.42481E-02  1.18092E-03  7.60251E-03  2.78749E-03  1.75795E-04  1.23908E-03  3.07214E-04
  5596.00000  1.58994E-01  0.00000E+00  2.29567E-02  1.03278E-01  5.23189E-03  1.42417E-02  1.18050E-03  7.59772E-03  2.78625E-03  1.75732E-04  1.23832E-03  3.07078E-04
  5597.00000  1.58921E-01  0.00000E+00  2.29497E-02  1.03227E-01  5.23005E-03  1.42354E-02  1.18008E-03  7.59292E-03  2.78502E-03  1.75668E-04  1.23757E-03  3.06943E-04
  5598.00000  1.58847E-01  0.00000E+00  2.29426E-02  1.03177E-01  5.22821E-03  1.42290E-02  1.17965E-03  7.58813E-03  2.78378E-03  1.75605E-04  1.23681E-03  3.06807E-04
  5599.00000  1.58774E-01  0.00000E+00  2.29355E-02  1.03126E-01  5.22637E-03  1.42227E-02  1.17923E-03  7.58334E-03  2.78255E-03  1.75541E-04  1.23606E-03  3.06672E-04
  5600.00000  1.58700E-01  0.00000E+00  2.29284E-02  1.03075E-01  5.22453E-03  1.42164E-02  1.17880E-03  7.57856E-03  2.78131E-03  1.75478E-04  1.23531E-03  3.06537E-04
  5601.00000  1.58627E-01  0.00000E+00  2.29213E-02  1.03024E-01  5.22269E-03  1.42101E-02  1.17838E-03  7.57378E-03  2.78008E-03  1.75415E-04  1.23455E-03  3.06402E-04
  5602.00000  1.58554E-01  0.00000E+00  2.29142E-02  1.02974E-01  5.22086E-03  1.42037E-02  1.17796E-03  7.56900E-03  2.77885E-03  1.75352E-04  1.23380E-03  3.06267E-04
  5603.00000  1.58481E-01  0.00000E+00  2.29071E-02  1.02923E-01  5.21902E-03  1.41974E-02  1.17753E-03  7.56423E-03  2.77762E-03  1.75288E-04  1.23305E-03  3.06132E-04
  5604.00000  1.58408E-01  0.00000E+00  2.29000E-02  1.02873E-01  5.21719E-03  1.41911E-02  1.17711E-03  7.55946E-03  2.77638E-03  1.75225E-04  1.23230E-03  3.05997E-04
  5605.00000  1.58334E-01  0.00000E+00  2.28929E-02  1.02822E-01  5.21535E-03  1.41848E-02  1.17669E-03  7.55470E-03  2.77515E-03  1.75162E-04  1.23155E-03  3.05862E-04
  5606.00000  1.58261E-01  0.00000E+00  2.28857E-02  1.02772E-01  5.21352E-03  1.41785E-02  1.17626E-03  7.54994E-03  2.77392E-03  1.75099E-04  1.23080E-03  3.05727E-04
  5607.00000  1.58188E-01  0.00000E+00  2.28786E-02  1.02722E-01  5.21169E-03  1.41722E-02  1.17584E-03  7.54518E-03  2.77269E-03  1.75036E-04  1.23005E-03  3.05593E-04
  5608.00000  1.58115E-01  0.00000E+00  2.28715E-02  1.02671E-01  5.20986E-03  1.41659E-02  1.17542E-03  7.54043E-03  2.77147E-03  1.74973E-04  1.22930E-03  3.05458E-04
  5609.00000  1.58043E-01  0.00000E+00  2.28643E-02  1.02621E-01  5.20803E-03  1.41596E-02  1.17500E-03  7.53568E-03  2.77024E-03  1.74910E-04  1.22855E-03  3.05324E-04
  5610.00000  1.57970E-01  0.00000E+00  2.28572E-02  1.02571E-01  5.20620E-03  1.41533E-02  1.17457E-03  7.53093E-03  2.76901E-03  1.74847E-04  1.22780E-03  3.05190E-04
  5611.00000  1.57897E-01  0.00000E+00  2.28501E-02  1.02521E-01  5.20437E-03  1.41470E-02  1.17415E-03  7.52619E-03  2.76778E-03  1.74784E-04  1.22706E-03  3.05055E-04
  5612.00000  1.57824E-01  0.00000E+00  2.28429E-02  1.02470E-01  5.20255E-03  1.41407E-02  1.17373E-03  7.52145E-03  2.76656E-03  1.74721E-04  1.22631E-03  3.04921E-04
  5613.00000  1.57752E-01  0.00000E+00  2.28358E-02  1.02420E-01  5.20072E-03  1.41344E-02  1.17331E-03  7.51671E-03  2.76533E-03  1.74659E-04  1.22556E-03  3.04787E-04
  5614.00000  1.57679E-01  0.00000E+00  2.28286E-02  1.02370E-01  5.19890E-03  1.41282E-02  1.17289E-03  7.51198E-03  2.76411E-03  1.74596E-04  1.22482E-03  3.04653E-04
  5615.00000  1.57606E-01  0.00000E+00  2.28215E-02  1.02320E-01  5.19707E-03  1.41219E-02  1.17247E-03  7.50726E-03  2.76289E-03  1.74533E-04  1.22407E-03  3.04519E-04
  5616.00000  1.57534E-01  0.00000E+00  2.28143E-02  1.02270E-01  5.19525E-03  1.41156E-02  1.17205E-03  7.50253E-03  2.76166E-03  1.74471E-04  1.22333E-03  3.04385E-04
  5617.00000  1.57462E-01  0.00000E+00  2.28071E-02  1.02221E-01  5.19343E-03  1.41094E-02  1.17163E-03  7.49781E-03  2.76044E-03  1.74408E-04  1.22259E-03  3.04251E-04
  5618.00000  1.57389E-01  0.00000E+00  2.28000E-02  1.02171E-01  5.19161E-03  1.41031E-02  1.17121E-03  7.49309E-03  2.75922E-03  1.74345E-04  1.22184E-03  3.04118E-04
  5619.00000  1.57317E-01  0.00000E+00  2.27928E-02  1.02121E-01  5.18979E-03  1.40968E-02  1.17079E-03  7.48838E-03  2.75800E-03  1.74283E-04  1.22110E-03  3.03984E-04
  5620.00000  1.57245E-01  0.00000E+00  2.27856E-02  1.02071E-01  5.18797E-03  1.40906E-02  1.17037E-03  7.48367E-03  2.75678E-03  1.74220E-04  1.22036E-03  3.03851E-04
  5621.00000  1.57172E-01  0.00000E+00  2.27785E-02  1.02021E-01  5.18615E-03  1.40843E-02  1.16995E-03  7.47897E-03  2.75556E-03  1.74158E-04  1.21962E-03  3.03717E-04
  5622.00000  1.57100E-01  0.00000E+00  2.27713E-02  1.01972E-01  5.18433E-03  1.40781E-02  1.16953E-03  7.47427E-03  2.75434E-03  1.74095E-04  1.21888E-03  3.03584E-04
  5623.00000  1.57028E-01  0.00000E+00  2.27642E-02  1.01922E-01  5.18251E-03  1.40718E-02  1.16911E-03  7.46957E-03  2.75312E-03  1.74033E-04  1.21814E-03  3.03451E-04
  5624.00000  1.56956E-01  0.00000E+00  2.27570E-02  1.01873E-01  5.18070E-03  1.40656E-02  1.16869E-03  7.46487E-03  2.75190E-03  1.73971E-04  1.21740E-03  3.03317E-04
  5625.00000  1.56884E-01  0.00000E+00  2.27498E-02  1.01823E-01  5.17888E-03  1.40594E-02  1.16827E-03  7.46018E-03  2.75069E-03  1.73908E-04  1.21666E-03  3.03184E-04
  5626.00000  1.56812E-01  0.00000E+00  2.27427E-02  1.01774E-01  5.17707E-03  1.40531E-02  1.16785E-03  7.45550E-03  2.74947E-03  1.73846E-04  1.21592E-03  3.03051E-04
  5627.00000  1.56740E-01  0.00000E+00  2.27355E-02  1.01724E-01  5.17526E-03  1.40469E-02  1.16744E-03  7.45081E-03  2.74826E-03  1.73784E-04  1.21518E-03  3.02918E-04
  5628.00000  1.56668E-01  0.00000E+00  2.27283E-02  1.01675E-01  5.17345E-03  1.40407E-02  1.16702E-03  7.44613E-03  2.74704E-03  1.73722E-04  1.21444E-03  3.02785E-04
  5629.00000  1.56597E-01  0.00000E+00  2.27212E-02  1.01625E-01  5.17164E-03  1.40345E-02  1.16660E-03  7.44146E-03  2.74583E-03  1.73660E-04  1.21371E-03  3.02653E-04
  5630.00000  1.56525E-01  0.00000E+00  2.27140E-02  1.01576E-01  5.16983E-03  1.40282E-02  1.16618E-03  7.43679E-03  2.74462E-03  1.73597E-04  1.21297E-03  3.02520E-04
  5631.00000  1.56453E-01  0.00000E+00  2.27069E-02  1.01527E-01  5.16802E-03  1.40220E-02  1.16577E-03  7.43212E-03  2.74340E-03  1.73535E-04  1.21223E-03  3.02387E-04
  5632.00000  1.56382E-01  0.00000E+00  2.26997E-02  1.01478E-01  5.16621E-03  1.40158E-02  1.16535E-03  7.42745E-03  2.74219E-03  1.73473E-04  1.21150E-03  3.02255E-04
  5633.00000  1.56310E-01  0.00000E+00  2.26926E-02  1.01428E-01  5.16440E-03  1.40096E-02  1.16493E-03  7.42279E-03  2.74098E-03  1.73411E-04  1.21076E-03  3.02122E-04
  5634.00000  1.56238E-01  0.00000E+00  2.26854E-02  1.01379E-01  5.16260E-03  1.40034E-02  1.16452E-03  7.41813E-03  2.73977E-03  1.73349E-04  1.21003E-03  3.01990E-04
  5635.00000  1.56167E-01  0.00000E+00  2.26783E-02  1.01330E-01  5.16079E-03  1.39972E-02  1.16410E-03  7.41348E-03  2.73856E-03  1.73287E-04  1.20930E-03  3.01858E-04
  5636.00000  1.56096E-01  0.00000E+00  2.26711E-02  1.01281E-01  5.15899E-03  1.39910E-02  1.16368E-03  7.40883E-03  2.73735E-03  1.73226E-04  1.20856E-03  3.01725E-04
  5637.00000  1.56024E-01  0.00000E+00  2.26640E-02  1.01232E-01  5.15718E-03  1.39848E-02  1.16327E-03  7.40418E-03  2.73614E-03  1.73164E-04  1.20783E-03  3.01593E-04
  5638.00000  1.55953E-01  0.00000E+00  2.26568E-02  1.01183E-01  5.15538E-03  1.39786E-02  1.16285E-03  7.39954E-03  2.73494E-03  1.73102E-04  1.20710E-03  3.01461E-04
  5639.00000  1.55882E-01  0.00000E+00  2.26497E-02  1.01134E-01  5.15358E-03  1.39725E-02  1.16244E-03  7.39490E-03  2.73373E-03  1.73040E-04  1.20637E-03  3.01329E-04
  5640.00000  1.55811E-01  0.00000E+00  2.26426E-02  1.01085E-01  5.15178E-03  1.39663E-02  1.16202E-03  7.39027E-03  2.73252E-03  1.72978E-04  1.20564E-03  3.01197E-04
  5641.00000  1.55739E-01  0.00000E+00  2.26355E-02  1.01037E-01  5.14998E-03  1.39601E-02  1.16161E-03  7.38564E-03  2.73132E-03  1.72917E-04  1.20491E-03  3.01066E-04
  5642.00000  1.55668E-01  0.00000E+00  2.26284E-02  1.00988E-01  5.14818E-03  1.39539E-02  1.16119E-03  7.38101E-03  2.73011E-03  1.72855E-04  1.20418E-03  3.00934E-04
  5643.00000  1.55597E-01  0.00000E+00  2.26212E-02  1.00939E-01  5.14638E-03  1.39477E-02  1.16078E-03  7.37638E-03  2.72891E-03  1.72793E-04  1.20345E-03  3.00802E-04
  5644.00000  1.55526E-01  0.00000E+00  2.26141E-02  1.00890E-01  5.14458E-03  1.39416E-02  1.16036E-03  7.37176E-03  2.72771E-03  1.72732E-04  1.20272E-03  3.00671E-04
  5645.00000  1.55456E-01  0.00000E+00  2.26070E-02  1.00842E-01  5.14279E-03  1.39354E-02  1.15995E-03  7.36714E-03  2.72650E-03  1.72670E-04  1.20199E-03  3.00539E-04
  5646.00000  1.55385E-01  0.00000E+00  2.25999E-02  1.00793E-01  5.14099E-03  1.39293E-02  1.15953E-03  7.36253E-03  2.72530E-03  1.72609E-04  1.20126E-03  3.00408E-04
  5647.00000  1.55314E-01  0.00000E+00  2.25929E-02  1.00744E-01  5.13920E-03  1.39231E-02  1.15912E-03  7.35792E-03  2.72410E-03  1.72547E-04  1.20054E-03  3.00276E-04
  5648.00000  1.55243E-01  0.00000E+00  2.25858E-02  1.00696E-01  5.13740E-03  1.39169E-02  1.15871E-03  7.35331E-03  2.72290E-03  1.72486E-04  1.19981E-03  3.00145E-04
  5649.00000  1.55172E-01  0.00000E+00  2.25787E-02  1.00647E-01  5.13561E-03  1.39108E-02  1.15829E-03  7.34871E-03  2.72170E-03  1.72424E-04  1.19908E-03  3.00014E-04
  5650.00000  1.55102E-01  0.00000E+00  2.25716E-02  1.00599E-01  5.13382E-03  1.39046E-02  1.15788E-03  7.34411E-03  2.72050E-03  1.72363E-04  1.19836E-03  2.99883E-04
  5651.00000  1.55031E-01  0.00000E+00  2.25646E-02  1.00550E-01  5.13202E-03  1.38985E-02  1.15747E-03  7.33952E-03  2.71930E-03  1.72302E-04  1.19763E-03  2.99752E-04
  5652.00000  1.54961E-01  0.00000E+00  2.25575E-02  1.00502E-01  5.13023E-03  1.38924E-02  1.15705E-03  7.33492E-03  2.71810E-03  1.72240E-04  1.19691E-03  2.99621E-04
  5653.00000  1.54890E-01  0.00000E+00  2.25505E-02  1.00453E-01  5.12844E-03  1.38862E-02  1.15664E-03  7.33033E-03  2.71691E-03  1.72179E-04  1.19619E-03  2.99490E-04
  5654.00000  1.54820E-01  0.00000E+00  2.25434E-02  1.00405E-01  5.12666E-03  1.38801E-02  1.15623E-03  7.32575E-03  2.71571E-03  1.72118E-04  1.19546E-03  2.99359E-04
  5655.00000  1.54749E-01  0.00000E+00  2.25364E-02  1.00357E-01  5.12487E-03  1.38740E-02  1.15582E-03  7.32117E-03  2.71452E-03  1.72057E-04  1.19474E-03  2.99229E-04
  5656.00000  1.54679E-01  0.00000E+00  2.25294E-02  1.00308E-01  5.12308E-03  1.38678E-02  1.15541E-03  7.31659E-03  2.71332E-03  1.71996E-04  1.19402E-03  2.99098E-04
  5657.00000  1.54609E-01  0.00000E+00  2.25224E-02  1.00260E-01  5.12130E-03  1.38617E-02  1.15499E-03  7.31201E-03  2.71213E-03  1.71934E-04  1.19330E-03  2.98968E-04
  5658.00000  1.54539E-01  0.00000E+00  2.25154E-02  1.00212E-01  5.11951E-03  1.38556E-02  1.15458E-03  7.30744E-03  2.71093E-03  1.71873E-04  1.19258E-03  2.98837E-04
  5659.00000  1.54468E-01  0.00000E+00  2.25084E-02  1.00164E-01  5.11773E-03  1.38495E-02  1.15417E-03  7.30288E-03  2.70974E-03  1.71812E-04  1.19185E-03  2.98707E-04
  5660.00000  1.54398E-01  0.00000E+00  2.25014E-02  1.00115E-01  5.11594E-03  1.38434E-02  1.15376E-03  7.29831E-03  2.70855E-03  1.71751E-04  1.19113E-03  2.98577E-04
  5661.00000  1.54328E-01  0.00000E+00  2.24944E-02  1.00067E-01  5.11416E-03  1.38373E-02  1.15335E-03  7.29375E-03  2.70736E-03  1.71690E-04  1.19042E-03  2.98447E-04
  5662.00000  1.54258E-01  0.00000E+00  2.24874E-02  1.00019E-01  5.11238E-03  1.38312E-02  1.15294E-03  7.28919E-03  2.70617E-03  1.71629E-04  1.18970E-03  2.98316E-04
  5663.00000  1.54188E-01  0.00000E+00  2.24804E-02  9.99711E-02  5.11060E-03  1.38251E-02  1.15253E-03  7.28464E-03  2.70498E-03  1.71568E-04  1.18898E-03  2.98186E-04
  5664.00000  1.54118E-01  0.00000E+00  2.24735E-02  9.99231E-02  5.10882E-03  1.38190E-02  1.15212E-03  7.28009E-03  2.70379E-03  1.71508E-04  1.18826E-03  2.98057E-04
  5665.00000  1.54048E-01  0.00000E+00  2.24665E-02  9.98751E-02  5.10704E-03  1.38129E-02  1.15171E-03  7.27554E-03  2.70260E-03  1.71447E-04  1.18754E-03  2.97927E-04
  5666.00000  1.53978E-01  0.00000E+00  2.24596E-02  9.98271E-02  5.10526E-03  1.38068E-02  1.15130E-03  7.27100E-03  2.70141E-03  1.71386E-04  1.18683E-03  2.97797E-04
  5667.00000  1.53909E-01  0.00000E+00  2.24527E-02  9.97791E-02  5.10348E-03  1.38007E-02  1.15089E-03  7.26646E-03  2.70023E-03  1.71325E-04  1.18611E-03  2.97667E-04
  5668.00000  1.53839E-01  0.00000E+00  2.24458E-02  9.97312E-02  5.10171E-03  1.37946E-02  1.15048E-03  7.26192E-03  2.69904E-03  1.71265E-04  1.18539E-03  2.97538E-04
  5669.00000  1.53769E-01  0.00000E+00  2.24388E-02  9.96833E-02  5.09993E-03  1.37885E-02  1.15007E-03  7.25739E-03  2.69786E-03  1.71204E-04  1.18468E-03  2.97408E-04
  5670.00000  1.53700E-01  0.00000E+00  2.24319E-02  9.96354E-02  5.09816E-03  1.37825E-02  1.14966E-03  7.25286E-03  2.69667E-03  1.71143E-04  1.18396E-03  2.97279E-04
  5671.00000  1.53630E-01  0.00000E+00  2.24251E-02  9.95876E-02  5.09639E-03  1.37764E-02  1.14925E-03  7.24834E-03  2.69549E-03  1.71083E-04  1.18325E-03  2.97149E-04
  5672.00000  1.53560E-01  0.00000E+00  2.24182E-02  9.95398E-02  5.09461E-03  1.37703E-02  1.14884E-03  7.24381E-03  2.69430E-03  1.71022E-04  1.18254E-03  2.97020E-04
  5673.00000  1.53491E-01  0.00000E+00  2.24113E-02  9.94920E-02  5.09284E-03  1.37642E-02  1.14844E-03  7.23930E-03  2.69312E-03  1.70961E-04  1.18182E-03  2.96891E-04
  5674.00000  1.53421E-01  0.00000E+00  2.24044E-02  9.94442E-02  5.09107E-03  1.37582E-02  1.14803E-03  7.23478E-03  2.69194E-03  1.70901E-04  1.18111E-03  2.96762E-04
  5675.00000  1.53352E-01  0.00000E+00  2.23976E-02  9.93965E-02  5.08930E-03  1.37521E-02  1.14762E-03  7.23027E-03  2.69076E-03  1.70840E-04  1.18040E-03  2.96633E-04
  5676.00000  1.53283E-01  0.00000E+00  2.23907E-02  9.93487E-02  5.08753E-03  1.37461E-02  1.14721E-03  7.22576E-03  2.68958E-03  1.70780E-04  1.17969E-03  2.96504E-04
  5677.00000  1.53213E-01  0.00000E+00  2.23839E-02  9.93010E-02  5.08576E-03  1.37400E-02  1.14681E-03  7.22126E-03  2.68839E-03  1.70720E-04  1.17898E-03  2.96375E-04
  5678.00000  1.53144E-01  0.00000E+00  2.23771E-02  9.92534E-02  5.08400E-03  1.37340E-02  1.14640E-03  7.21675E-03  2.68722E-03  1.70659E-04  1.17827E-03  2.96246E-04
  5679.00000  1.53075E-01  0.00000E+00  2.23703E-02  9.92057E-02  5.08223E-03  1.37279E-02  1.14599E-03  7.21226E-03  2.68604E-03  1.70599E-04  1.17756E-03  2.96118E-04
  5680.00000  1.53005E-01  0.00000E+00  2.23634E-02  9.91581E-02  5.08047E-03  1.37219E-02  1.14558E-03  7.20776E-03  2.68486E-03  1.70539E-04  1.17685E-03  2.95989E-04
  5681.00000  1.52936E-01  0.00000E+00  2.23566E-02  9.91105E-02  5.07870E-03  1.37159E-02  1.14518E-03  7.20327E-03  2.68368E-03  1.70478E-04  1.17614E-03  2.95860E-04
  5682.00000  1.52867E-01  0.00000E+00  2.23499E-02  9.90629E-02  5.07694E-03  1.37098E-02  1.14477E-03  7.19878E-03  2.68250E-03  1.70418E-04  1.17543E-03  2.95732E-04
  5683.00000  1.52798E-01  0.00000E+00  2.23431E-02  9.90154E-02  5.07518E-03  1.37038E-02  1.14436E-03  7.19430E-03  2.68133E-03  1.70358E-04  1.17472E-03  2.95604E-04
  5684.00000  1.52729E-01  0.00000E+00  2.23363E-02  9.89678E-02  5.07341E-03  1.36978E-02  1.14396E-03  7.18982E-03  2.68015E-03  1.70298E-04  1.17402E-03  2.95475E-04
  5685.00000  1.52660E-01  0.00000E+00  2.23295E-02  9.89203E-02  5.07165E-03  1.36917E-02  1.14355E-03  7.18534E-03  2.67898E-03  1.70238E-04  1.17331E-03  2.95347E-04
  5686.00000  1.52591E-01  0.00000E+00  2.23228E-02  9.88728E-02  5.06989E-03  1.36857E-02  1.14315E-03  7.18087E-03  2.67780E-03  1.70177E-04  1.17260E-03  2.95219E-04
  5687.00000  1.52522E-01  0.00000E+00  2.23161E-02  9.88254E-02  5.06813E-03  1.36797E-02  1.14274E-03  7.17640E-03  2.67663E-03  1.70117E-04  1.17190E-03  2.95091E-04
  5688.00000  1.52453E-01  0.00000E+00  2.23093E-02  9.87779E-02  5.06638E-03  1.36737E-02  1.14234E-03  7.17193E-03  2.67546E-03  1.70057E-04  1.17119E-03  2.94963E-04
  5689.00000  1.52384E-01  0.00000E+00  2.23026E-02  9.87305E-02  5.06462E-03  1.36677E-02  1.14193E-03  7.16747E-03  2.67429E-03  1.69997E-04  1.17049E-03  2.94835E-04
  5690.00000  1.52316E-01  0.00000E+00  2.22959E-02  9.86831E-02  5.06286E-03  1.36617E-02  1.14153E-03  7.16301E-03  2.67311E-03  1.69937E-04  1.16978E-03  2.94707E-04
  5691.00000  1.52247E-01  0.00000E+00  2.22892E-02  9.86357E-02  5.06111E-03  1.36557E-02  1.14112E-03  7.15855E-03  2.67194E-03  1.69878E-04  1.16908E-03  2.94579E-04
  5692.00000  1.52178E-01  0.00000E+00  2.22825E-02  9.85883E-02  5.05935E-03  1.36497E-02  1.14072E-03  7.15410E-03  2.67077E-03  1.69818E-04  1.16838E-03  2.94452E-04
  5693.00000  1.52109E-01  0.00000E+00  2.22758E-02  9.85410E-02  5.05760E-03  1.36437E-02  1.14031E-03  7.14965E-03  2.66960E-03  1.69758E-04  1.16767E-03  2.94324E-04
  5694.00000  1.52041E-01  0.00000E+00  2.22691E-02  9.84937E-02  5.05585E-03  1.36377E-02  1.13991E-03  7.14521E-03  2.66843E-03  1.69698E-04  1.16697E-03  2.94197E-04
  5695.00000  1.51972E-01  0.00000E+00  2.22624E-02  9.84464E-02  5.05410E-03  1.36317E-02  1.13950E-03  7.14077E-03  2.66727E-03  1.69638E-04  1.16627E-03  2.94069E-04
  5696.00000  1.51904E-01  0.00000E+00  2.22558E-02  9.83991E-02  5.05235E-03  1.36257E-02  1.13910E-03  7.13633E-03  2.66610E-03  1.69578E-04  1.16557E-03  2.93942E-04
  5697.00000  1.51835E-01  0.00000E+00  2.22491E-02  9.83518E-02  5.05060E-03  1.36198E-02  1.13870E-03  7.13189E-03  2.66493E-03  1.69519E-04  1.16487E-03  2.93814E-04
  5698.00000  1.51766E-01  0.00000E+00  2.22424E-02  9.83046E-02  5.04885E-03  1.36138E-02  1.13829E-03  7.12746E-03  2.66377E-03  1.69459E-04  1.16417E-03  2.93687E-04
  5699.00000  1.51698E-01  0.00000E+00  2.22358E-02  9.82573E-02  5.04710E-03  1.36078E-02  1.13789E-03  7.12303E-03  2.66260E-03  1.69399E-04  1.16347E-03  2.93560E-04
  5700.00000  1.51630E-01  0.00000E+00  2.22292E-02  9.82101E-02  5.04535E-03  1.36018E-02  1.13749E-03  7.11861E-03  2.66144E-03  1.69340E-04  1.16277E-03  2.93433E-04
  5701.00000  1.51561E-01  0.00000E+00  2.22225E-02  9.81629E-02  5.04360E-03  1.35959E-02  1.13709E-03  7.11419E-03  2.66027E-03  1.69280E-04  1.16207E-03  2.93306E-04
  5702.00000  1.51493E-01  0.00000E+00  2.22159E-02  9.81157E-02  5.04186E-03  1.35899E-02  1.13668E-03  7.10977E-03  2.65911E-03  1.69220E-04  1.16138E-03  2.93179E-04
  5703.00000  1.51424E-01  0.00000E+00  2.22093E-02  9.80686E-02  5.04011E-03  1.35839E-02  1.13628E-03  7.10535E-03  2.65794E-03  1.69161E-04  1.16068E-03  2.93052E-04
  5704.00000  1.51356E-01  0.00000E+00  2.22027E-02  9.80214E-02  5.03837E-03  1.35780E-02  1.13588E-03  7.10094E-03  2.65678E-03  1.69101E-04  1.15998E-03  2.92925E-04
  5705.00000  1.51288E-01  0.00000E+00  2.21961E-02  9.79743E-02  5.03663E-03  1.35720E-02  1.13548E-03  7.09653E-03  2.65562E-03  1.69042E-04  1.15929E-03  2.92798E-04
  5706.00000  1.51220E-01  0.00000E+00  2.21895E-02  9.79272E-02  5.03488E-03  1.35661E-02  1.13508E-03  7.09213E-03  2.65446E-03  1.68982E-04  1.15859E-03  2.92672E-04
  5707.00000  1.51151E-01  0.00000E+00  2.21829E-02  9.78801E-02  5.03314E-03  1.35601E-02  1.13468E-03  7.08773E-03  2.65330E-03  1.68923E-04  1.15790E-03  2.92545E-04
  5708.00000  1.51083E-01  0.00000E+00  2.21763E-02  9.78330E-02  5.03140E-03  1.35542E-02  1.13427E-03  7.08333E-03  2.65214E-03  1.68864E-04  1.15720E-03  2.92419E-04
  5709.00000  1.51015E-01  0.00000E+00  2.21698E-02  9.77859E-02  5.02966E-03  1.35482E-02  1.13387E-03  7.07894E-03  2.65098E-03  1.68804E-04  1.15651E-03  2.92292E-04
  5710.00000  1.50947E-01  0.00000E+00  2.21632E-02  9.77389E-02  5.02792E-03  1.35423E-02  1.13347E-03  7.07455E-03  2.64982E-03  1.68745E-04  1.15581E-03  2.92166E-04
  5711.00000  1.50879E-01  0.00000E+00  2.21566E-02  9.76919E-02  5.02618E-03  1.35364E-02  1.13307E-03  7.07016E-03  2.64867E-03  1.68685E-04  1.15512E-03  2.92040E-04
  5712.00000  1.50811E-01  0.00000E+00  2.21501E-02  9.76448E-02  5.02445E-03  1.35304E-02  1.13267E-03  7.06578E-03  2.64751E-03  1.68626E-04  1.15443E-03  2.91913E-04
  5713.00000  1.50743E-01  0.00000E+00  2.21435E-02  9.75978E-02  5.02271E-03  1.35245E-02  1.13227E-03  7.06140E-03  2.64635E-03  1.68567E-04  1.15374E-03  2.91787E-04
  5714.00000  1.50675E-01  0.00000E+00  2.21370E-02  9.75509E-02  5.02098E-03  1.35186E-02  1.13187E-03  7.05702E-03  2.64520E-03  1.68508E-04  1.15304E-03  2.91661E-04
  5715.00000  1.50607E-01  0.00000E+00  2.21305E-02  9.75039E-02  5.01924E-03  1.35127E-02  1.13147E-03  7.05265E-03  2.64404E-03  1.68448E-04  1.15235E-03  2.91535E-04
  5716.00000  1.50539E-01  0.00000E+00  2.21239E-02  9.74569E-02  5.01751E-03  1.35068E-02  1.13107E-03  7.04828E-03  2.64289E-03  1.68389E-04  1.15166E-03  2.91409E-04
  5717.00000  1.50471E-01  0.00000E+00  2.21174E-02  9.74100E-02  5.01577E-03  1.35008E-02  1.13067E-03  7.04391E-03  2.64174E-03  1.68330E-04  1.15097E-03  2.91283E-04
  5718.00000  1.50403E-01  0.00000E+00  2.21109E-02  9.73631E-02  5.01404E-03  1.34949E-02  1.13027E-03  7.03955E-03  2.64058E-03  1.68271E-04  1.15028E-03  2.91157E-04
  5719.00000  1.50335E-01  0.00000E+00  2.21043E-02  9.73162E-02  5.01231E-03  1.34890E-02  1.12988E-03  7.03519E-03  2.63943E-03  1.68212E-04  1.14960E-03  2.91032E-04
  5720.00000  1.50267E-01  0.00000E+00  2.20978E-02  9.72693E-02  5.01058E-03  1.34831E-02  1.12948E-03  7.03083E-03  2.63828E-03  1.68153E-04  1.14891E-03  2.90906E-04
  5721.00000  1.50200E-01  0.00000E+00  2.20913E-02  9.72224E-02  5.00885E-03  1.34772E-02  1.12908E-03  7.02648E-03  2.63713E-03  1.68094E-04  1.14822E-03  2.90780E-04
  5722.00000  1.50132E-01  0.00000E+00  2.20848E-02  9.71756E-02  5.00712E-03  1.34713E-02  1.12868E-03  7.02213E-03  2.63598E-03  1.68035E-04  1.14753E-03  2.90655E-04
  5723.00000  1.50064E-01  0.00000E+00  2.20783E-02  9.71287E-02  5.00539E-03  1.34654E-02  1.12828E-03  7.01778E-03  2.63483E-03  1.67976E-04  1.14685E-03  2.90529E-04
  5724.00000  1.49996E-01  0.00000E+00  2.20718E-02  9.70819E-02  5.00367E-03  1.34596E-02  1.12789E-03  7.01343E-03  2.63368E-03  1.67917E-04  1.14616E-03  2.90404E-04
  5725.00000  1.49929E-01  0.00000E+00  2.20653E-02  9.70351E-02  5.00194E-03  1.34537E-02  1.12749E-03  7.00909E-03  2.63253E-03  1.67858E-04  1.14547E-03  2.90278E-04
  5726.00000  1.49861E-01  0.00000E+00  2.20588E-02  9.69883E-02  5.00021E-03  1.34478E-02  1.12709E-03  7.00476E-03  2.63138E-03  1.67799E-04  1.14479E-03  2.90153E-04
  5727.00000  1.49793E-01  0.00000E+00  2.20523E-02  9.69416E-02  4.99849E-03  1.34419E-02  1.12669E-03  7.00042E-03  2.63024E-03  1.67740E-04  1.14410E-03  2.90028E-04
  5728.00000  1.49726E-01  0.00000E+00  2.20458E-02  9.68948E-02  4.99677E-03  1.34360E-02  1.12630E-03  6.99609E-03  2.62909E-03  1.67681E-04  1.14342E-03  2.89903E-04
  5729.00000  1.49658E-01  0.00000E+00  2.20393E-02  9.68481E-02  4.99504E-03  1.34302E-02  1.12590E-03  6.99177E-03  2.62795E-03  1.67623E-04  1.14273E-03  2.89778E-04
  5730.00000  1.49591E-01  0.00000E+00  2.20328E-02  9.68013E-02  4.99332E-03  1.34243E-02  1.12550E-03  6.98744E-03  2.62680E-03  1.67564E-04  1.14205E-03  2.89653E-04
  5731.00000  1.49523E-01  0.00000E+00  2.20264E-02  9.67546E-02  4.99160E-03  1.34184E-02  1.12511E-03  6.98312E-03  2.62566E-03  1.67505E-04  1.14137E-03  2.89528E-04
  5732.00000  1.49456E-01  0.00000E+00  2.20199E-02  9.67080E-02  4.98988E-03  1.34126E-02  1.12471E-03  6.97880E-03  2.62452E-03  1.67446E-04  1.14069E-03  2.89403E-04
  5733.00000  1.49388E-01  0.00000E+00  2.20134E-02  9.66613E-02  4.98816E-03  1.34067E-02  1.12431E-03  6.97449E-03  2.62337E-03  1.67388E-04  1.14000E-03  2.89278E-04
  5734.00000  1.49321E-01  0.00000E+00  2.20069E-02  9.66146E-02  4.98644E-03  1.34008E-02  1.12392E-03  6.97018E-03  2.62223E-03  1.67329E-04  1.13932E-03  2.89153E-04
  5735.00000  1.49254E-01  0.00000E+00  2.20005E-02  9.65680E-02  4.98472E-03  1.33950E-02  1.12352E-03  6.96587E-03  2.62109E-03  1.67270E-04  1.13864E-03  2.89028E-04
  5736.00000  1.49186E-01  0.00000E+00  2.19940E-02  9.65214E-02  4.98301E-03  1.33891E-02  1.12313E-03  6.96157E-03  2.61995E-03  1.67212E-04  1.13796E-03  2.88903E-04
  5737.00000  1.49119E-01  0.00000E+00  2.19875E-02  9.64748E-02  4.98129E-03  1.33833E-02  1.12273E-03  6.95727E-03  2.61881E-03  1.67153E-04  1.13728E-03  2.88779E-04
  5738.00000  1.49052E-01  0.00000E+00  2.19810E-02  9.64282E-02  4.97958E-03  1.33774E-02  1.12234E-03  6.95297E-03  2.61767E-03  1.67094E-04  1.13660E-03  2.88654E-04
  5739.00000  1.48984E-01  0.00000E+00  2.19746E-02  9.63816E-02  4.97786E-03  1.33716E-02  1.12194E-03  6.94868E-03  2.61653E-03  1.67036E-04  1.13592E-03  2.88530E-04
  5740.00000  1.48917E-01  0.00000E+00  2.19681E-02  9.63351E-02  4.97615E-03  1.33658E-02  1.12155E-03  6.94438E-03  2.61539E-03  1.66977E-04  1.13525E-03  2.88405E-04
  5741.00000  1.48850E-01  0.00000E+00  2.19616E-02  9.62885E-02  4.97444E-03  1.33599E-02  1.12115E-03  6.94010E-03  2.61426E-03  1.66919E-04  1.13457E-03  2.88281E-04
  5742.00000  1.48783E-01  0.00000E+00  2.19552E-02  9.62420E-02  4.97273E-03  1.33541E-02  1.12076E-03  6.93581E-03  2.61312E-03  1.66860E-04  1.13389E-03  2.88156E-04
  5743.00000  1.48715E-01  0.00000E+00  2.19487E-02  9.61955E-02  4.97101E-03  1.33483E-02  1.12037E-03  6.93153E-03  2.61198E-03  1.66802E-04  1.13321E-03  2.88032E-04
  5744.00000  1.48648E-01  0.00000E+00  2.19422E-02  9.61490E-02  4.96930E-03  1.33425E-02  1.11997E-03  6.92725E-03  2.61085E-03  1.66744E-04  1.13254E-03  2.87908E-04
  5745.00000  1.48581E-01  0.00000E+00  2.19357E-02  9.61026E-02  4.96760E-03  1.33366E-02  1.11958E-03  6.92298E-03  2.60971E-03  1.66685E-04  1.13186E-03  2.87784E-04
  5746.00000  1.48514E-01  0.00000E+00  2.19293E-02  9.60561E-02  4.96589E-03  1.33308E-02  1.11918E-03  6.91871E-03  2.60858E-03  1.66627E-04  1.13119E-03  2.87660E-04
  5747.00000  1.48447E-01  0.00000E+00  2.19228E-02  9.60097E-02  4.96418E-03  1.33250E-02  1.11879E-03  6.91444E-03  2.60745E-03  1.66569E-04  1.13051E-03  2.87535E-04
  5748.00000  1.48380E-01  0.00000E+00  2.19163E-02  9.59633E-02  4.96247E-03  1.33192E-02  1.11840E-03  6.91017E-03  2.60631E-03  1.66510E-04  1.12984E-03  2.87411E-04
  5749.00000  1.48313E-01  0.00000E+00  2.19099E-02  9.59169E-02  4.96077E-03  1.33134E-02  1.11801E-03  6.90591E-03  2.60518E-03  1.66452E-04  1.12916E-03  2.87287E-04
  5750.00000  1.48246E-01  0.00000E+00  2.19034E-02  9.58706E-02  4.95906E-03  1.33076E-02  1.11761E-03  6.90165E-03  2.60405E-03  1.66394E-04  1.12849E-03  2.87163E-04
  5751.00000  1.48179E-01  0.00000E+00  2.18969E-02  9.58242E-02  4.95736E-03  1.33018E-02  1.11722E-03  6.89740E-03  2.60292E-03  1.66335E-04  1.12782E-03  2.87040E-04
  5752.00000  1.48112E-01  0.00000E+00  2.18904E-02  9.57779E-02  4.95566E-03  1.32960E-02  1.11683E-03  6.89315E-03  2.60179E-03  1.66277E-04  1.12715E-03  2.86916E-04
  5753.00000  1.48045E-01  0.00000E+00  2.18840E-02  9.57316E-02  4.95396E-03  1.32902E-02  1.11644E-03  6.88890E-03  2.60066E-03  1.66219E-04  1.12647E-03  2.86792E-04
  5754.00000  1.47978E-01  0.00000E+00  2.18775E-02  9.56854E-02  4.95226E-03  1.32844E-02  1.11604E-03  6.88465E-03  2.59953E-03  1.66161E-04  1.12580E-03  2.86668E-04
  5755.00000  1.47912E-01  0.00000E+00  2.18710E-02  9.56391E-02  4.95055E-03  1.32787E-02  1.11565E-03  6.88041E-03  2.59840E-03  1.66103E-04  1.12513E-03  2.86544E-04
  5756.00000  1.47845E-01  0.00000E+00  2.18645E-02  9.55929E-02  4.94886E-03  1.32729E-02  1.11526E-03  6.87617E-03  2.59727E-03  1.66045E-04  1.12446E-03  2.86421E-04
  5757.00000  1.47778E-01  0.00000E+00  2.18581E-02  9.55467E-02  4.94716E-03  1.32671E-02  1.11487E-03  6.87194E-03  2.59615E-03  1.65987E-04  1.12379E-03  2.86297E-04
  5758.00000  1.47711E-01  0.00000E+00  2.18516E-02  9.55005E-02  4.94546E-03  1.32613E-02  1.11448E-03  6.86771E-03  2.59502E-03  1.65929E-04  1.12312E-03  2.86174E-04
  5759.00000  1.47645E-01  0.00000E+00  2.18451E-02  9.54543E-02  4.94376E-03  1.32555E-02  1.11409E-03  6.86348E-03  2.59389E-03  1.65871E-04  1.12245E-03  2.86050E-04
  5760.00000  1.47578E-01  0.00000E+00  2.18386E-02  9.54082E-02  4.94207E-03  1.32498E-02  1.11370E-03  6.85925E-03  2.59277E-03  1.65813E-04  1.12178E-03  2.85927E-04
  5761.00000  1.47511E-01  0.00000E+00  2.18321E-02  9.53620E-02  4.94037E-03  1.32440E-02  1.11331E-03  6.85503E-03  2.59164E-03  1.65755E-04  1.12112E-03  2.85803E-04
  5762.00000  1.47445E-01  0.00000E+00  2.18256E-02  9.53159E-02  4.93868E-03  1.32383E-02  1.11292E-03  6.85081E-03  2.59052E-03  1.65697E-04  1.12045E-03  2.85680E-04
  5763.00000  1.47378E-01  0.00000E+00  2.18192E-02  9.52699E-02  4.93698E-03  1.32325E-02  1.11253E-03  6.84659E-03  2.58940E-03  1.65639E-04  1.11978E-03  2.85556E-04
  5764.00000  1.47311E-01  0.00000E+00  2.18127E-02  9.52238E-02  4.93529E-03  1.32267E-02  1.11214E-03  6.84238E-03  2.58827E-03  1.65581E-04  1.11912E-03  2.85433E-04
  5765.00000  1.47245E-01  0.00000E+00  2.18062E-02  9.51778E-02  4.93360E-03  1.32210E-02  1.11175E-03  6.83817E-03  2.58715E-03  1.65523E-04  1.11845E-03  2.85310E-04
  5766.00000  1.47178E-01  0.00000E+00  2.17997E-02  9.51318E-02  4.93191E-03  1.32152E-02  1.11136E-03  6.83397E-03  2.58603E-03  1.65465E-04  1.11778E-03  2.85187E-04
  5767.00000  1.47112E-01  0.00000E+00  2.17932E-02  9.50858E-02  4.93022E-03  1.32095E-02  1.11097E-03  6.82976E-03  2.58491E-03  1.65408E-04  1.11712E-03  2.85063E-04
  5768.00000  1.47045E-01  0.00000E+00  2.17867E-02  9.50398E-02  4.92853E-03  1.32038E-02  1.11058E-03  6.82556E-03  2.58379E-03  1.65350E-04  1.11646E-03  2.84940E-04
  5769.00000  1.46979E-01  0.00000E+00  2.17802E-02  9.49939E-02  4.92684E-03  1.31980E-02  1.11019E-03  6.82137E-03  2.58267E-03  1.65292E-04  1.11579E-03  2.84817E-04
  5770.00000  1.46913E-01  0.00000E+00  2.17737E-02  9.49480E-02  4.92515E-03  1.31923E-02  1.10980E-03  6.81717E-03  2.58155E-03  1.65234E-04  1.11513E-03  2.84694E-04
  5771.00000  1.46846E-01  0.00000E+00  2.17672E-02  9.49021E-02  4.92347E-03  1.31865E-02  1.10941E-03  6.81298E-03  2.58043E-03  1.65177E-04  1.11447E-03  2.84571E-04
  5772.00000  1.46780E-01  0.00000E+00  2.17607E-02  9.48563E-02  4.92178E-03  1.31808E-02  1.10902E-03  6.80880E-03  2.57931E-03  1.65119E-04  1.11380E-03  2.84448E-04
  5773.00000  1.46714E-01  0.00000E+00  2.17541E-02  9.48104E-02  4.92009E-03  1.31751E-02  1.10864E-03  6.80462E-03  2.57820E-03  1.65061E-04  1.11314E-03  2.84325E-04
  5774.00000  1.46647E-01  0.00000E+00  2.17476E-02  9.47646E-02  4.91841E-03  1.31694E-02  1.10825E-03  6.80043E-03  2.57708E-03  1.65004E-04  1.11248E-03  2.84202E-04
  5775.00000  1.46581E-01  0.00000E+00  2.17411E-02  9.47188E-02  4.91673E-03  1.31636E-02  1.10786E-03  6.79626E-03  2.57596E-03  1.64946E-04  1.11182E-03  2.84080E-04
  5776.00000  1.46515E-01  0.00000E+00  2.17346E-02  9.46731E-02  4.91504E-03  1.31579E-02  1.10747E-03  6.79208E-03  2.57485E-03  1.64888E-04  1.11116E-03  2.83957E-04
  5777.00000  1.46449E-01  0.00000E+00  2.17281E-02  9.46274E-02  4.91336E-03  1.31522E-02  1.10709E-03  6.78791E-03  2.57374E-03  1.64831E-04  1.11050E-03  2.83834E-04
  5778.00000  1.46383E-01  0.00000E+00  2.17216E-02  9.45817E-02  4.91168E-03  1.31465E-02  1.10670E-03  6.78375E-03  2.57262E-03  1.64773E-04  1.10984E-03  2.83711E-04
  5779.00000  1.46317E-01  0.00000E+00  2.17150E-02  9.45360E-02  4.91000E-03  1.31408E-02  1.10631E-03  6.77958E-03  2.57151E-03  1.64716E-04  1.10918E-03  2.83589E-04
  5780.00000  1.46251E-01  0.00000E+00  2.17085E-02  9.44904E-02  4.90832E-03  1.31351E-02  1.10592E-03  6.77542E-03  2.57040E-03  1.64658E-04  1.10852E-03  2.83466E-04
  5781.00000  1.46185E-01  0.00000E+00  2.17020E-02  9.44448E-02  4.90664E-03  1.31294E-02  1.10554E-03  6.77126E-03  2.56928E-03  1.64601E-04  1.10786E-03  2.83344E-04
  5782.00000  1.46119E-01  0.00000E+00  2.16954E-02  9.43992E-02  4.90496E-03  1.31237E-02  1.10515E-03  6.76711E-03  2.56817E-03  1.64543E-04  1.10721E-03  2.83221E-04
  5783.00000  1.46053E-01  0.00000E+00  2.16889E-02  9.43536E-02  4.90329E-03  1.31180E-02  1.10477E-03  6.76296E-03  2.56706E-03  1.64486E-04  1.10655E-03  2.83099E-04
  5784.00000  1.45987E-01  0.00000E+00  2.16824E-02  9.43081E-02  4.90161E-03  1.31123E-02  1.10438E-03  6.75881E-03  2.56595E-03  1.64428E-04  1.10589E-03  2.82976E-04
  5785.00000  1.45921E-01  0.00000E+00  2.16758E-02  9.42626E-02  4.89993E-03  1.31066E-02  1.10399E-03  6.75466E-03  2.56484E-03  1.64371E-04  1.10524E-03  2.82854E-04
  5786.00000  1.45855E-01  0.00000E+00  2.16693E-02  9.42171E-02  4.89826E-03  1.31009E-02  1.10361E-03  6.75052E-03  2.56373E-03  1.64314E-04  1.10458E-03  2.82731E-04
  5787.00000  1.45789E-01  0.00000E+00  2.16628E-02  9.41717E-02  4.89658E-03  1.30953E-02  1.10322E-03  6.74638E-03  2.56263E-03  1.64256E-04  1.10393E-03  2.82609E-04
  5788.00000  1.45724E-01  0.00000E+00  2.16562E-02  9.41263E-02  4.89491E-03  1.30896E-02  1.10284E-03  6.74225E-03  2.56152E-03  1.64199E-04  1.10327E-03  2.82487E-04
  5789.00000  1.45658E-01  0.00000E+00  2.16497E-02  9.40809E-02  4.89324E-03  1.30839E-02  1.10245E-03  6.73812E-03  2.56041E-03  1.64142E-04  1.10262E-03  2.82365E-04
  5790.00000  1.45592E-01  0.00000E+00  2.16431E-02  9.40356E-02  4.89157E-03  1.30782E-02  1.10207E-03  6.73399E-03  2.55930E-03  1.64084E-04  1.10196E-03  2.82243E-04
  5791.00000  1.45527E-01  0.00000E+00  2.16366E-02  9.39903E-02  4.88990E-03  1.30726E-02  1.10168E-03  6.72986E-03  2.55820E-03  1.64027E-04  1.10131E-03  2.82121E-04
  5792.00000  1.45461E-01  0.00000E+00  2.16300E-02  9.39450E-02  4.88823E-03  1.30669E-02  1.10130E-03  6.72574E-03  2.55709E-03  1.63970E-04  1.10066E-03  2.81999E-04
  5793.00000  1.45395E-01  0.00000E+00  2.16235E-02  9.38997E-02  4.88656E-03  1.30612E-02  1.10092E-03  6.72162E-03  2.55599E-03  1.63913E-04  1.10001E-03  2.81877E-04
  5794.00000  1.45330E-01  0.00000E+00  2.16169E-02  9.38545E-02  4.88489E-03  1.30556E-02  1.10053E-03  6.71750E-03  2.55489E-03  1.63855E-04  1.09935E-03  2.81755E-04
  5795.00000  1.45264E-01  0.00000E+00  2.16104E-02  9.38093E-02  4.88322E-03  1.30499E-02  1.10015E-03  6.71339E-03  2.55378E-03  1.63798E-04  1.09870E-03  2.81633E-04
  5796.00000  1.45199E-01  0.00000E+00  2.16038E-02  9.37642E-02  4.88155E-03  1.30443E-02  1.09976E-03  6.70927E-03  2.55268E-03  1.63741E-04  1.09805E-03  2.81511E-04
  5797.00000  1.45133E-01  0.00000E+00  2.15973E-02  9.37190E-02  4.87989E-03  1.30386E-02  1.09938E-03  6.70517E-03  2.55158E-03  1.63684E-04  1.09740E-03  2.81389E-04
  5798.00000  1.45068E-01  0.00000E+00  2.15907E-02  9.36739E-02  4.87822E-03  1.30330E-02  1.09900E-03  6.70106E-03  2.55048E-03  1.63627E-04  1.09675E-03  2.81267E-04
  5799.00000  1.45003E-01  0.00000E+00  2.15841E-02  9.36289E-02  4.87656E-03  1.30273E-02  1.09862E-03  6.69696E-03  2.54938E-03  1.63570E-04  1.09610E-03  2.81146E-04
  5800.00000  1.44937E-01  0.00000E+00  2.15776E-02  9.35839E-02  4.87490E-03  1.30217E-02  1.09823E-03  6.69286E-03  2.54828E-03  1.63513E-04  1.09545E-03  2.81024E-04
  5801.00000  1.44872E-01  0.00000E+00  2.15710E-02  9.35389E-02  4.87323E-03  1.30161E-02  1.09785E-03  6.68877E-03  2.54718E-03  1.63456E-04  1.09481E-03  2.80902E-04
  5802.00000  1.44807E-01  0.00000E+00  2.15644E-02  9.34939E-02  4.87157E-03  1.30104E-02  1.09747E-03  6.68467E-03  2.54608E-03  1.63399E-04  1.09416E-03  2.80781E-04
  5803.00000  1.44742E-01  0.00000E+00  2.15579E-02  9.34490E-02  4.86991E-03  1.30048E-02  1.09709E-03  6.68058E-03  2.54498E-03  1.63342E-04  1.09351E-03  2.80659E-04
  5804.00000  1.44677E-01  0.00000E+00  2.15513E-02  9.34041E-02  4.86825E-03  1.29992E-02  1.09670E-03  6.67650E-03  2.54389E-03  1.63285E-04  1.09286E-03  2.80538E-04
  5805.00000  1.44611E-01  0.00000E+00  2.15448E-02  9.33592E-02  4.86659E-03  1.29936E-02  1.09632E-03  6.67241E-03  2.54279E-03  1.63228E-04  1.09222E-03  2.80417E-04
  5806.00000  1.44546E-01  0.00000E+00  2.15382E-02  9.33144E-02  4.86493E-03  1.29879E-02  1.09594E-03  6.66833E-03  2.54169E-03  1.63171E-04  1.09157E-03  2.80295E-04
  5807.00000  1.44481E-01  0.00000E+00  2.15316E-02  9.32696E-02  4.86328E-03  1.29823E-02  1.09556E-03  6.66426E-03  2.54060E-03  1.63114E-04  1.09093E-03  2.80174E-04
  5808.00000  1.44416E-01  0.00000E+00  2.15251E-02  9.32248E-02  4.86162E-03  1.29767E-02  1.09518E-03  6.66018E-03  2.53950E-03  1.63057E-04  1.09028E-03  2.80053E-04
  5809.00000  1.44352E-01  0.00000E+00  2.15185E-02  9.31801E-02  4.85996E-03  1.29711E-02  1.09480E-03  6.65611E-03  2.53841E-03  1.63000E-04  1.08964E-03  2.79932E-04
  5810.00000  1.44287E-01  0.00000E+00  2.15119E-02  9.31354E-02  4.85831E-03  1.29655E-02  1.09442E-03  6.65205E-03  2.53732E-03  1.62943E-04  1.08899E-03  2.79810E-04
  5811.00000  1.44222E-01  0.00000E+00  2.15053E-02  9.30907E-02  4.85666E-03  1.29599E-02  1.09403E-03  6.64798E-03  2.53622E-03  1.62886E-04  1.08835E-03  2.79689E-04
  5812.00000  1.44157E-01  0.00000E+00  2.14988E-02  9.30461E-02  4.85500E-03  1.29543E-02  1.09365E-03  6.64392E-03  2.53513E-03  1.62829E-04  1.08770E-03  2.79568E-04
  5813.00000  1.44092E-01  0.00000E+00  2.14922E-02  9.30015E-02  4.85335E-03  1.29487E-02  1.09327E-03  6.63986E-03  2.53404E-03  1.62773E-04  1.08706E-03  2.79447E-04
  5814.00000  1.44028E-01  0.00000E+00  2.14856E-02  9.29570E-02  4.85170E-03  1.29431E-02  1.09289E-03  6.63580E-03  2.53295E-03  1.62716E-04  1.08642E-03  2.79327E-04
  5815.00000  1.43963E-01  0.00000E+00  2.14791E-02  9.29125E-02  4.85005E-03  1.29375E-02  1.09251E-03  6.63175E-03  2.53186E-03  1.62659E-04  1.08578E-03  2.79206E-04
  5816.00000  1.43898E-01  0.00000E+00  2.14725E-02  9.28680E-02  4.84840E-03  1.29319E-02  1.09213E-03  6.62770E-03  2.53077E-03  1.62602E-04  1.08514E-03  2.79085E-04
  5817.00000  1.43834E-01  0.00000E+00  2.14660E-02  9.28235E-02  4.84675E-03  1.29263E-02  1.09175E-03  6.62366E-03  2.52968E-03  1.62546E-04  1.08450E-03  2.78964E-04
  5818.00000  1.43769E-01  0.00000E+00  2.14594E-02  9.27791E-02  4.84510E-03  1.29207E-02  1.09137E-03  6.61961E-03  2.52859E-03  1.62489E-04  1.08385E-03  2.78843E-04
  5819.00000  1.43705E-01  0.00000E+00  2.14528E-02  9.27347E-02  4.84345E-03  1.29152E-02  1.09100E-03  6.61557E-03  2.52750E-03  1.62432E-04  1.08321E-03  2.78723E-04
  5820.00000  1.43640E-01  0.00000E+00  2.14463E-02  9.26904E-02  4.84181E-03  1.29096E-02  1.09062E-03  6.61154E-03  2.52642E-03  1.62376E-04  1.08258E-03  2.78602E-04
  5821.00000  1.43576E-01  0.00000E+00  2.14397E-02  9.26461E-02  4.84016E-03  1.29040E-02  1.09024E-03  6.60750E-03  2.52533E-03  1.62319E-04  1.08194E-03  2.78482E-04
  5822.00000  1.43511E-01  0.00000E+00  2.14331E-02  9.26018E-02  4.83852E-03  1.28985E-02  1.08986E-03  6.60347E-03  2.52424E-03  1.62262E-04  1.08130E-03  2.78361E-04
  5823.00000  1.43447E-01  0.00000E+00  2.14266E-02  9.25576E-02  4.83687E-03  1.28929E-02  1.08948E-03  6.59944E-03  2.52316E-03  1.62206E-04  1.08066E-03  2.78241E-04
  5824.00000  1.43383E-01  0.00000E+00  2.14200E-02  9.25134E-02  4.83523E-03  1.28873E-02  1.08910E-03  6.59542E-03  2.52207E-03  1.62149E-04  1.08002E-03  2.78121E-04
  5825.00000  1.43319E-01  0.00000E+00  2.14135E-02  9.24692E-02  4.83359E-03  1.28818E-02  1.08872E-03  6.59140E-03  2.52099E-03  1.62093E-04  1.07938E-03  2.78000E-04
  5826.00000  1.43254E-01  0.00000E+00  2.14069E-02  9.24251E-02  4.83194E-03  1.28762E-02  1.08835E-03  6.58738E-03  2.51991E-03  1.62036E-04  1.07875E-03  2.77880E-04
  5827.00000  1.43190E-01  0.00000E+00  2.14004E-02  9.23810E-02  4.83030E-03  1.28707E-02  1.08797E-03  6.58336E-03  2.51882E-03  1.61980E-04  1.07811E-03  2.77760E-04
  5828.00000  1.43126E-01  0.00000E+00  2.13938E-02  9.23369E-02  4.82866E-03  1.28651E-02  1.08759E-03  6.57935E-03  2.51774E-03  1.61923E-04  1.07748E-03  2.77640E-04
  5829.00000  1.43062E-01  0.00000E+00  2.13873E-02  9.22929E-02  4.82702E-03  1.28596E-02  1.08721E-03  6.57534E-03  2.51666E-03  1.61867E-04  1.07684E-03  2.77520E-04
  5830.00000  1.42998E-01  0.00000E+00  2.13807E-02  9.22489E-02  4.82539E-03  1.28540E-02  1.08684E-03  6.57133E-03  2.51558E-03  1.61810E-04  1.07621E-03  2.77400E-04
  5831.00000  1.42934E-01  0.00000E+00  2.13742E-02  9.22049E-02  4.82375E-03  1.28485E-02  1.08646E-03  6.56733E-03  2.51450E-03  1.61754E-04  1.07557E-03  2.77280E-04
  5832.00000  1.42870E-01  0.00000E+00  2.13676E-02  9.21610E-02  4.82211E-03  1.28429E-02  1.08608E-03  6.56333E-03  2.51342E-03  1.61698E-04  1.07494E-03  2.77160E-04
  5833.00000  1.42806E-01  0.00000E+00  2.13611E-02  9.21171E-02  4.82048E-03  1.28374E-02  1.08571E-03  6.55933E-03  2.51234E-03  1.61641E-04  1.07430E-03  2.77040E-04
  5834.00000  1.42743E-01  0.00000E+00  2.13546E-02  9.20733E-02  4.81884E-03  1.28319E-02  1.08533E-03  6.55534E-03  2.51126E-03  1.61585E-04  1.07367E-03  2.76920E-04
  5835.00000  1.42679E-01  0.00000E+00  2.13480E-02  9.20295E-02  4.81721E-03  1.28264E-02  1.08495E-03  6.55135E-03  2.51018E-03  1.61529E-04  1.07304E-03  2.76800E-04
  5836.00000  1.42615E-01  0.00000E+00  2.13415E-02  9.19857E-02  4.81557E-03  1.28208E-02  1.08458E-03  6.54736E-03  2.50910E-03  1.61472E-04  1.07241E-03  2.76681E-04
  5837.00000  1.42552E-01  0.00000E+00  2.13350E-02  9.19419E-02  4.81394E-03  1.28153E-02  1.08420E-03  6.54338E-03  2.50803E-03  1.61416E-04  1.07178E-03  2.76561E-04
  5838.00000  1.42488E-01  0.00000E+00  2.13285E-02  9.18982E-02  4.81231E-03  1.28098E-02  1.08382E-03  6.53940E-03  2.50695E-03  1.61360E-04  1.07114E-03  2.76441E-04
  5839.00000  1.42424E-01  0.00000E+00  2.13220E-02  9.18546E-02  4.81067E-03  1.28043E-02  1.08345E-03  6.53542E-03  2.50587E-03  1.61304E-04  1.07051E-03  2.76322E-04
  5840.00000  1.42361E-01  0.00000E+00  2.13154E-02  9.18109E-02  4.80904E-03  1.27988E-02  1.08307E-03  6.53144E-03  2.50480E-03  1.61247E-04  1.06988E-03  2.76202E-04
  5841.00000  1.42297E-01  0.00000E+00  2.13089E-02  9.17673E-02  4.80741E-03  1.27933E-02  1.08270E-03  6.52747E-03  2.50372E-03  1.61191E-04  1.06925E-03  2.76083E-04
  5842.00000  1.42234E-01  0.00000E+00  2.13024E-02  9.17238E-02  4.80578E-03  1.27877E-02  1.08232E-03  6.52350E-03  2.50265E-03  1.61135E-04  1.06862E-03  2.75964E-04
  5843.00000  1.42171E-01  0.00000E+00  2.12959E-02  9.16802E-02  4.80416E-03  1.27822E-02  1.08195E-03  6.51953E-03  2.50158E-03  1.61079E-04  1.06800E-03  2.75844E-04
  5844.00000  1.42107E-01  0.00000E+00  2.12894E-02  9.16367E-02  4.80253E-03  1.27767E-02  1.08157E-03  6.51557E-03  2.50050E-03  1.61023E-04  1.06737E-03  2.75725E-04
  5845.00000  1.42044E-01  0.00000E+00  2.12829E-02  9.15933E-02  4.80090E-03  1.27712E-02  1.08120E-03  6.51161E-03  2.49943E-03  1.60967E-04  1.06674E-03  2.75606E-04
  5846.00000  1.41981E-01  0.00000E+00  2.12764E-02  9.15499E-02  4.79928E-03  1.27658E-02  1.08083E-03  6.50765E-03  2.49836E-03  1.60911E-04  1.06611E-03  2.75487E-04
  5847.00000  1.41917E-01  0.00000E+00  2.12699E-02  9.15065E-02  4.79765E-03  1.27603E-02  1.08045E-03  6.50369E-03  2.49729E-03  1.60855E-04  1.06549E-03  2.75368E-04
  5848.00000  1.41854E-01  0.00000E+00  2.12634E-02  9.14631E-02  4.79603E-03  1.27548E-02  1.08008E-03  6.49974E-03  2.49622E-03  1.60798E-04  1.06486E-03  2.75249E-04
  5849.00000  1.41791E-01  0.00000E+00  2.12570E-02  9.14198E-02  4.79440E-03  1.27493E-02  1.07971E-03  6.49579E-03  2.49515E-03  1.60742E-04  1.06423E-03  2.75130E-04
  5850.00000  1.41728E-01  0.00000E+00  2.12505E-02  9.13765E-02  4.79278E-03  1.27438E-02  1.07933E-03  6.49185E-03  2.49408E-03  1.60686E-04  1.06361E-03  2.75011E-04
  5851.00000  1.41665E-01  0.00000E+00  2.12440E-02  9.13333E-02  4.79116E-03  1.27383E-02  1.07896E-03  6.48791E-03  2.49301E-03  1.60630E-04  1.06298E-03  2.74892E-04
  5852.00000  1.41602E-01  0.00000E+00  2.12376E-02  9.12900E-02  4.78954E-03  1.27329E-02  1.07859E-03  6.48397E-03  2.49194E-03  1.60574E-04  1.06236E-03  2.74773E-04
  5853.00000  1.41539E-01  0.00000E+00  2.12311E-02  9.12468E-02  4.78791E-03  1.27274E-02  1.07821E-03  6.48003E-03  2.49087E-03  1.60519E-04  1.06173E-03  2.74654E-04
  5854.00000  1.41476E-01  0.00000E+00  2.12246E-02  9.12037E-02  4.78629E-03  1.27219E-02  1.07784E-03  6.47610E-03  2.48981E-03  1.60463E-04  1.06111E-03  2.74536E-04
  5855.00000  1.41414E-01  0.00000E+00  2.12182E-02  9.11606E-02  4.78468E-03  1.27164E-02  1.07747E-03  6.47216E-03  2.48874E-03  1.60407E-04  1.06049E-03  2.74417E-04
  5856.00000  1.41351E-01  0.00000E+00  2.12117E-02  9.11175E-02  4.78306E-03  1.27110E-02  1.07710E-03  6.46824E-03  2.48768E-03  1.60351E-04  1.05986E-03  2.74299E-04
  5857.00000  1.41288E-01  0.00000E+00  2.12053E-02  9.10744E-02  4.78144E-03  1.27055E-02  1.07672E-03  6.46431E-03  2.48661E-03  1.60295E-04  1.05924E-03  2.74180E-04
  5858.00000  1.41225E-01  0.00000E+00  2.11989E-02  9.10314E-02  4.77982E-03  1.27001E-02  1.07635E-03  6.46039E-03  2.48555E-03  1.60239E-04  1.05862E-03  2.74062E-04
  5859.00000  1.41163E-01  0.00000E+00  2.11924E-02  9.09884E-02  4.77821E-03  1.26946E-02  1.07598E-03  6.45647E-03  2.48448E-03  1.60183E-04  1.05800E-03  2.73943E-04
  5860.00000  1.41100E-01  0.00000E+00  2.11860E-02  9.09455E-02  4.77659E-03  1.26892E-02  1.07561E-03  6.45255E-03  2.48342E-03  1.60127E-04  1.05738E-03  2.73825E-04
  5861.00000  1.41038E-01  0.00000E+00  2.11796E-02  9.09026E-02  4.77498E-03  1.26837E-02  1.07524E-03  6.44864E-03  2.48236E-03  1.60072E-04  1.05676E-03  2.73707E-04
  5862.00000  1.40975E-01  0.00000E+00  2.11732E-02  9.08597E-02  4.77336E-03  1.26783E-02  1.07487E-03  6.44473E-03  2.48130E-03  1.60016E-04  1.05614E-03  2.73589E-04
  5863.00000  1.40913E-01  0.00000E+00  2.11668E-02  9.08168E-02  4.77175E-03  1.26728E-02  1.07450E-03  6.44082E-03  2.48023E-03  1.59960E-04  1.05552E-03  2.73470E-04
  5864.00000  1.40850E-01  0.00000E+00  2.11604E-02  9.07740E-02  4.77014E-03  1.26674E-02  1.07412E-03  6.43692E-03  2.47917E-03  1.59904E-04  1.05490E-03  2.73352E-04
  5865.00000  1.40788E-01  0.00000E+00  2.11540E-02  9.07312E-02  4.76853E-03  1.26619E-02  1.07375E-03  6.43302E-03  2.47811E-03  1.59849E-04  1.05428E-03  2.73234E-04
  5866.00000  1.40726E-01  0.00000E+00  2.11476E-02  9.06885E-02  4.76692E-03  1.26565E-02  1.07338E-03  6.42912E-03  2.47705E-03  1.59793E-04  1.05366E-03  2.73116E-04
  5867.00000  1.40663E-01  0.00000E+00  2.11412E-02  9.06458E-02  4.76531E-03  1.26511E-02  1.07301E-03  6.42522E-03  2.47600E-03  1.59737E-04  1.05304E-03  2.72999E-04
  5868.00000  1.40601E-01  0.00000E+00  2.11348E-02  9.06031E-02  4.76370E-03  1.26457E-02  1.07264E-03  6.42133E-03  2.47494E-03  1.59682E-04  1.05243E-03  2.72881E-04
  5869.00000  1.40539E-01  0.00000E+00  2.11284E-02  9.05604E-02  4.76209E-03  1.26402E-02  1.07227E-03  6.41744E-03  2.47388E-03  1.59626E-04  1.05181E-03  2.72763E-04
  5870.00000  1.40477E-01  0.00000E+00  2.11220E-02  9.05178E-02  4.76048E-03  1.26348E-02  1.07190E-03  6.41355E-03  2.47282E-03  1.59570E-04  1.05119E-03  2.72645E-04
  5871.00000  1.40415E-01  0.00000E+00  2.11157E-02  9.04752E-02  4.75888E-03  1.26294E-02  1.07153E-03  6.40967E-03  2.47177E-03  1.59515E-04  1.05058E-03  2.72528E-04
  5872.00000  1.40353E-01  0.00000E+00  2.11093E-02  9.04326E-02  4.75727E-03  1.26240E-02  1.07117E-03  6.40579E-03  2.47071E-03  1.59459E-04  1.04996E-03  2.72410E-04
  5873.00000  1.40291E-01  0.00000E+00  2.11030E-02  9.03901E-02  4.75567E-03  1.26186E-02  1.07080E-03  6.40191E-03  2.46965E-03  1.59404E-04  1.04935E-03  2.72292E-04
  5874.00000  1.40229E-01  0.00000E+00  2.10966E-02  9.03475E-02  4.75406E-03  1.26132E-02  1.07043E-03  6.39803E-03  2.46860E-03  1.59348E-04  1.04873E-03  2.72175E-04
  5875.00000  1.40167E-01  0.00000E+00  2.10903E-02  9.03051E-02  4.75246E-03  1.26078E-02  1.07006E-03  6.39416E-03  2.46755E-03  1.59292E-04  1.04812E-03  2.72058E-04
  5876.00000  1.40105E-01  0.00000E+00  2.10839E-02  9.02626E-02  4.75086E-03  1.26024E-02  1.06969E-03  6.39029E-03  2.46649E-03  1.59237E-04  1.04750E-03  2.71940E-04
  5877.00000  1.40043E-01  0.00000E+00  2.10776E-02  9.02202E-02  4.74925E-03  1.25970E-02  1.06932E-03  6.38642E-03  2.46544E-03  1.59182E-04  1.04689E-03  2.71823E-04
  5878.00000  1.39981E-01  0.00000E+00  2.10713E-02  9.01778E-02  4.74765E-03  1.25916E-02  1.06895E-03  6.38256E-03  2.46439E-03  1.59126E-04  1.04628E-03  2.71706E-04
  5879.00000  1.39920E-01  0.00000E+00  2.10650E-02  9.01355E-02  4.74605E-03  1.25862E-02  1.06859E-03  6.37870E-03  2.46334E-03  1.59071E-04  1.04566E-03  2.71588E-04
  5880.00000  1.39858E-01  0.00000E+00  2.10586E-02  9.00931E-02  4.74445E-03  1.25808E-02  1.06822E-03  6.37484E-03  2.46229E-03  1.59015E-04  1.04505E-03  2.71471E-04
  5881.00000  1.39796E-01  0.00000E+00  2.10523E-02  9.00508E-02  4.74286E-03  1.25754E-02  1.06785E-03  6.37098E-03  2.46124E-03  1.58960E-04  1.04444E-03  2.71354E-04
  5882.00000  1.39735E-01  0.00000E+00  2.10460E-02  9.00086E-02  4.74126E-03  1.25700E-02  1.06748E-03  6.36713E-03  2.46019E-03  1.58904E-04  1.04383E-03  2.71237E-04
  5883.00000  1.39673E-01  0.00000E+00  2.10397E-02  8.99663E-02  4.73966E-03  1.25646E-02  1.06712E-03  6.36328E-03  2.45914E-03  1.58849E-04  1.04322E-03  2.71120E-04
  5884.00000  1.39612E-01  0.00000E+00  2.10334E-02  8.99241E-02  4.73807E-03  1.25593E-02  1.06675E-03  6.35943E-03  2.45809E-03  1.58794E-04  1.04261E-03  2.71003E-04
  5885.00000  1.39550E-01  0.00000E+00  2.10272E-02  8.98819E-02  4.73647E-03  1.25539E-02  1.06638E-03  6.35559E-03  2.45704E-03  1.58739E-04  1.04200E-03  2.70887E-04
  5886.00000  1.39489E-01  0.00000E+00  2.10209E-02  8.98398E-02  4.73488E-03  1.25485E-02  1.06601E-03  6.35175E-03  2.45599E-03  1.58683E-04  1.04139E-03  2.70770E-04
  5887.00000  1.39427E-01  0.00000E+00  2.10146E-02  8.97976E-02  4.73328E-03  1.25431E-02  1.06565E-03  6.34791E-03  2.45495E-03  1.58628E-04  1.04078E-03  2.70653E-04
  5888.00000  1.39366E-01  0.00000E+00  2.10083E-02  8.97555E-02  4.73169E-03  1.25378E-02  1.06528E-03  6.34407E-03  2.45390E-03  1.58573E-04  1.04017E-03  2.70536E-04
  5889.00000  1.39305E-01  0.00000E+00  2.10021E-02  8.97134E-02  4.73010E-03  1.25324E-02  1.06492E-03  6.34024E-03  2.45285E-03  1.58518E-04  1.03956E-03  2.70420E-04
  5890.00000  1.39243E-01  0.00000E+00  2.09958E-02  8.96714E-02  4.72851E-03  1.25271E-02  1.06455E-03  6.33641E-03  2.45181E-03  1.58462E-04  1.03896E-03  2.70303E-04
  5891.00000  1.39182E-01  0.00000E+00  2.09896E-02  8.96294E-02  4.72692E-03  1.25217E-02  1.06418E-03  6.33259E-03  2.45076E-03  1.58407E-04  1.03835E-03  2.70187E-04
  5892.00000  1.39121E-01  0.00000E+00  2.09833E-02  8.95874E-02  4.72533E-03  1.25163E-02  1.06382E-03  6.32876E-03  2.44972E-03  1.58352E-04  1.03774E-03  2.70070E-04
  5893.00000  1.39060E-01  0.00000E+00  2.09771E-02  8.95454E-02  4.72374E-03  1.25110E-02  1.06345E-03  6.32494E-03  2.44868E-03  1.58297E-04  1.03713E-03  2.69954E-04
  5894.00000  1.38999E-01  0.00000E+00  2.09709E-02  8.95034E-02  4.72215E-03  1.25056E-02  1.06309E-03  6.32112E-03  2.44763E-03  1.58242E-04  1.03653E-03  2.69838E-04
  5895.00000  1.38937E-01  0.00000E+00  2.09646E-02  8.94615E-02  4.72056E-03  1.25003E-02  1.06272E-03  6.31731E-03  2.44659E-03  1.58187E-04  1.03592E-03  2.69721E-04
  5896.00000  1.38876E-01  0.00000E+00  2.09584E-02  8.94196E-02  4.71898E-03  1.24950E-02  1.06236E-03  6.31350E-03  2.44555E-03  1.58132E-04  1.03532E-03  2.69605E-04
  5897.00000  1.38815E-01  0.00000E+00  2.09522E-02  8.93778E-02  4.71739E-03  1.24896E-02  1.06199E-03  6.30969E-03  2.44451E-03  1.58077E-04  1.03471E-03  2.69489E-04
  5898.00000  1.38754E-01  0.00000E+00  2.09460E-02  8.93359E-02  4.71580E-03  1.24843E-02  1.06163E-03  6.30588E-03  2.44347E-03  1.58022E-04  1.03411E-03  2.69373E-04
  5899.00000  1.38694E-01  0.00000E+00  2.09398E-02  8.92941E-02  4.71422E-03  1.24790E-02  1.06126E-03  6.30208E-03  2.44243E-03  1.57967E-04  1.03351E-03  2.69257E-04
  5900.00000  1.38633E-01  0.00000E+00  2.09336E-02  8.92523E-02  4.71264E-03  1.24736E-02  1.06090E-03  6.29828E-03  2.44139E-03  1.57912E-04  1.03290E-03  2.69141E-04
  5901.00000  1.38572E-01  0.00000E+00  2.09274E-02  8.92105E-02  4.71105E-03  1.24683E-02  1.06053E-03  6.29448E-03  2.44035E-03  1.57857E-04  1.03230E-03  2.69025E-04
  5902.00000  1.38511E-01  0.00000E+00  2.09212E-02  8.91688E-02  4.70947E-03  1.24630E-02  1.06017E-03  6.29068E-03  2.43931E-03  1.57802E-04  1.03170E-03  2.68909E-04
  5903.00000  1.38450E-01  0.00000E+00  2.09150E-02  8.91271E-02  4.70789E-03  1.24577E-02  1.05981E-03  6.28689E-03  2.43828E-03  1.57747E-04  1.03110E-03  2.68793E-04
  5904.00000  1.38389E-01  0.00000E+00  2.09088E-02  8.90854E-02  4.70631E-03  1.24523E-02  1.05944E-03  6.28310E-03  2.43724E-03  1.57692E-04  1.03049E-03  2.68678E-04
  5905.00000  1.38329E-01  0.00000E+00  2.09027E-02  8.90437E-02  4.70473E-03  1.24470E-02  1.05908E-03  6.27932E-03  2.43620E-03  1.57637E-04  1.02989E-03  2.68562E-04
  5906.00000  1.38268E-01  0.00000E+00  2.08965E-02  8.90020E-02  4.70315E-03  1.24417E-02  1.05872E-03  6.27553E-03  2.43517E-03  1.57582E-04  1.02929E-03  2.68446E-04
  5907.00000  1.38208E-01  0.00000E+00  2.08903E-02  8.89604E-02  4.70157E-03  1.24364E-02  1.05835E-03  6.27175E-03  2.43413E-03  1.57528E-04  1.02869E-03  2.68331E-04
  5908.00000  1.38147E-01  0.00000E+00  2.08842E-02  8.89188E-02  4.69999E-03  1.24311E-02  1.05799E-03  6.26798E-03  2.43310E-03  1.57473E-04  1.02809E-03  2.68215E-04
  5909.00000  1.38086E-01  0.00000E+00  2.08780E-02  8.88772E-02  4.69842E-03  1.24258E-02  1.05763E-03  6.26420E-03  2.43206E-03  1.57418E-04  1.02749E-03  2.68100E-04
  5910.00000  1.38026E-01  0.00000E+00  2.08719E-02  8.88357E-02  4.69684E-03  1.24205E-02  1.05727E-03  6.26043E-03  2.43103E-03  1.57363E-04  1.02689E-03  2.67984E-04
  5911.00000  1.37965E-01  0.00000E+00  2.08657E-02  8.87941E-02  4.69526E-03  1.24152E-02  1.05690E-03  6.25666E-03  2.42999E-03  1.57309E-04  1.02629E-03  2.67869E-04
  5912.00000  1.37905E-01  0.00000E+00  2.08596E-02  8.87526E-02  4.69369E-03  1.24099E-02  1.05654E-03  6.25289E-03  2.42896E-03  1.57254E-04  1.02570E-03  2.67754E-04
  5913.00000  1.37844E-01  0.00000E+00  2.08535E-02  8.87111E-02  4.69212E-03  1.24046E-02  1.05618E-03  6.24913E-03  2.42793E-03  1.57199E-04  1.02510E-03  2.67638E-04
  5914.00000  1.37784E-01  0.00000E+00  2.08473E-02  8.86697E-02  4.69054E-03  1.23993E-02  1.05582E-03  6.24537E-03  2.42690E-03  1.57145E-04  1.02450E-03  2.67523E-04
  5915.00000  1.37724E-01  0.00000E+00  2.08412E-02  8.86282E-02  4.68897E-03  1.23940E-02  1.05546E-03  6.24161E-03  2.42587E-03  1.57090E-04  1.02391E-03  2.67408E-04
  5916.00000  1.37663E-01  0.00000E+00  2.08351E-02  8.85868E-02  4.68740E-03  1.23888E-02  1.05509E-03  6.23786E-03  2.42484E-03  1.57036E-04  1.02331E-03  2.67293E-04
  5917.00000  1.37603E-01  0.00000E+00  2.08290E-02  8.85454E-02  4.68583E-03  1.23835E-02  1.05473E-03  6.23410E-03  2.42381E-03  1.56981E-04  1.02271E-03  2.67178E-04
  5918.00000  1.37543E-01  0.00000E+00  2.08228E-02  8.85040E-02  4.68426E-03  1.23782E-02  1.05437E-03  6.23035E-03  2.42278E-03  1.56926E-04  1.02212E-03  2.67063E-04
  5919.00000  1.37483E-01  0.00000E+00  2.08167E-02  8.84626E-02  4.68269E-03  1.23729E-02  1.05401E-03  6.22661E-03  2.42175E-03  1.56872E-04  1.02152E-03  2.66948E-04
  5920.00000  1.37423E-01  0.00000E+00  2.08106E-02  8.84213E-02  4.68112E-03  1.23677E-02  1.05365E-03  6.22286E-03  2.42072E-03  1.56817E-04  1.02093E-03  2.66833E-04
  5921.00000  1.37362E-01  0.00000E+00  2.08045E-02  8.83800E-02  4.67955E-03  1.23624E-02  1.05329E-03  6.21912E-03  2.41969E-03  1.56763E-04  1.02033E-03  2.66719E-04
  5922.00000  1.37302E-01  0.00000E+00  2.07984E-02  8.83387E-02  4.67798E-03  1.23571E-02  1.05293E-03  6.21539E-03  2.41867E-03  1.56709E-04  1.01974E-03  2.66604E-04
  5923.00000  1.37242E-01  0.00000E+00  2.07924E-02  8.82974E-02  4.67641E-03  1.23519E-02  1.05257E-03  6.21165E-03  2.41764E-03  1.56654E-04  1.01915E-03  2.66489E-04
  5924.00000  1.37182E-01  0.00000E+00  2.07863E-02  8.82561E-02  4.67485E-03  1.23466E-02  1.05221E-03  6.20792E-03  2.41662E-03  1.56600E-04  1.01855E-03  2.66375E-04
  5925.00000  1.37122E-01  0.00000E+00  2.07802E-02  8.82149E-02  4.67328E-03  1.23414E-02  1.05185E-03  6.20419E-03  2.41559E-03  1.56545E-04  1.01796E-03  2.66260E-04
  5926.00000  1.37062E-01  0.00000E+00  2.07741E-02  8.81737E-02  4.67172E-03  1.23361E-02  1.05149E-03  6.20046E-03  2.41457E-03  1.56491E-04  1.01737E-03  2.66146E-04
  5927.00000  1.37002E-01  0.00000E+00  2.07680E-02  8.81325E-02  4.67016E-03  1.23309E-02  1.05113E-03  6.19674E-03  2.41354E-03  1.56437E-04  1.01678E-03  2.66031E-04
  5928.00000  1.36942E-01  0.00000E+00  2.07619E-02  8.80913E-02  4.66859E-03  1.23256E-02  1.05077E-03  6.19301E-03  2.41252E-03  1.56382E-04  1.01619E-03  2.65917E-04
  5929.00000  1.36882E-01  0.00000E+00  2.07559E-02  8.80501E-02  4.66703E-03  1.23204E-02  1.05041E-03  6.18930E-03  2.41150E-03  1.56328E-04  1.01560E-03  2.65803E-04
  5930.00000  1.36822E-01  0.00000E+00  2.07498E-02  8.80090E-02  4.66547E-03  1.23151E-02  1.05005E-03  6.18558E-03  2.41047E-03  1.56274E-04  1.01501E-03  2.65688E-04
  5931.00000  1.36763E-01  0.00000E+00  2.07437E-02  8.79679E-02  4.66391E-03  1.23099E-02  1.04970E-03  6.18187E-03  2.40945E-03  1.56220E-04  1.01442E-03  2.65574E-04
  5932.00000  1.36703E-01  0.00000E+00  2.07377E-02  8.79268E-02  4.66235E-03  1.23046E-02  1.04934E-03  6.17815E-03  2.40843E-03  1.56165E-04  1.01383E-03  2.65460E-04
  5933.00000  1.36643E-01  0.00000E+00  2.07316E-02  8.78857E-02  4.66079E-03  1.22994E-02  1.04898E-03  6.17445E-03  2.40741E-03  1.56111E-04  1.01324E-03  2.65346E-04
  5934.00000  1.36583E-01  0.00000E+00  2.07256E-02  8.78446E-02  4.65923E-03  1.22942E-02  1.04862E-03  6.17074E-03  2.40639E-03  1.56057E-04  1.01265E-03  2.65232E-04
  5935.00000  1.36524E-01  0.00000E+00  2.07195E-02  8.78036E-02  4.65767E-03  1.22890E-02  1.04826E-03  6.16704E-03  2.40537E-03  1.56003E-04  1.01206E-03  2.65118E-04
  5936.00000  1.36464E-01  0.00000E+00  2.07135E-02  8.77625E-02  4.65612E-03  1.22837E-02  1.04791E-03  6.16334E-03  2.40435E-03  1.55949E-04  1.01147E-03  2.65005E-04
  5937.00000  1.36404E-01  0.00000E+00  2.07074E-02  8.77215E-02  4.65456E-03  1.22785E-02  1.04755E-03  6.15964E-03  2.40333E-03  1.55895E-04  1.01089E-03  2.64891E-04
  5938.00000  1.36345E-01  0.00000E+00  2.07014E-02  8.76805E-02  4.65301E-03  1.22733E-02  1.04719E-03  6.15595E-03  2.40232E-03  1.55841E-04  1.01030E-03  2.64777E-04
  5939.00000  1.36285E-01  0.00000E+00  2.06953E-02  8.76396E-02  4.65145E-03  1.22681E-02  1.04683E-03  6.15226E-03  2.40130E-03  1.55787E-04  1.00971E-03  2.64664E-04
  5940.00000  1.36225E-01  0.00000E+00  2.06893E-02  8.75986E-02  4.64990E-03  1.22629E-02  1.04648E-03  6.14857E-03  2.40028E-03  1.55733E-04  1.00913E-03  2.64550E-04
  5941.00000  1.36166E-01  0.00000E+00  2.06833E-02  8.75577E-02  4.64834E-03  1.22577E-02  1.04612E-03  6.14488E-03  2.39927E-03  1.55679E-04  1.00854E-03  2.64437E-04
  5942.00000  1.36106E-01  0.00000E+00  2.06772E-02  8.75168E-02  4.64679E-03  1.22525E-02  1.04576E-03  6.14120E-03  2.39825E-03  1.55625E-04  1.00796E-03  2.64323E-04
  5943.00000  1.36047E-01  0.00000E+00  2.06712E-02  8.74759E-02  4.64524E-03  1.22472E-02  1.04541E-03  6.13752E-03  2.39724E-03  1.55571E-04  1.00737E-03  2.64210E-04
  5944.00000  1.35987E-01  0.00000E+00  2.06652E-02  8.74350E-02  4.64369E-03  1.22420E-02  1.04505E-03  6.13384E-03  2.39622E-03  1.55517E-04  1.00679E-03  2.64097E-04
  5945.00000  1.35928E-01  0.00000E+00  2.06591E-02  8.73941E-02  4.64214E-03  1.22369E-02  1.04469E-03  6.13016E-03  2.39521E-03  1.55463E-04  1.00620E-03  2.63984E-04
  5946.00000  1.35869E-01  0.00000E+00  2.06531E-02  8.73533E-02  4.64059E-03  1.22317E-02  1.04434E-03  6.12649E-03  2.39420E-03  1.55409E-04  1.00562E-03  2.63871E-04
  5947.00000  1.35809E-01  0.00000E+00  2.06471E-02  8.73125E-02  4.63904E-03  1.22265E-02  1.04398E-03  6.12282E-03  2.39319E-03  1.55355E-04  1.00504E-03  2.63758E-04
  5948.00000  1.35750E-01  0.00000E+00  2.06411E-02  8.72717E-02  4.63750E-03  1.22213E-02  1.04363E-03  6.11915E-03  2.39217E-03  1.55301E-04  1.00445E-03  2.63645E-04
  5949.00000  1.35691E-01  0.00000E+00  2.06350E-02  8.72309E-02  4.63595E-03  1.22161E-02  1.04327E-03  6.11549E-03  2.39116E-03  1.55247E-04  1.00387E-03  2.63532E-04
  5950.00000  1.35631E-01  0.00000E+00  2.06290E-02  8.71901E-02  4.63440E-03  1.22109E-02  1.04292E-03  6.11183E-03  2.39015E-03  1.55194E-04  1.00329E-03  2.63419E-04
  5951.00000  1.35572E-01  0.00000E+00  2.06230E-02  8.71493E-02  4.63286E-03  1.22057E-02  1.04256E-03  6.10817E-03  2.38914E-03  1.55140E-04  1.00271E-03  2.63306E-04
  5952.00000  1.35513E-01  0.00000E+00  2.06170E-02  8.71086E-02  4.63131E-03  1.22006E-02  1.04221E-03  6.10451E-03  2.38813E-03  1.55086E-04  1.00213E-03  2.63194E-04
  5953.00000  1.35454E-01  0.00000E+00  2.06110E-02  8.70679E-02  4.62977E-03  1.21954E-02  1.04185E-03  6.10086E-03  2.38712E-03  1.55033E-04  1.00155E-03  2.63081E-04
  5954.00000  1.35394E-01  0.00000E+00  2.06050E-02  8.70272E-02  4.62823E-03  1.21902E-02  1.04150E-03  6.09721E-03  2.38612E-03  1.54979E-04  1.00097E-03  2.62969E-04
  5955.00000  1.35335E-01  0.00000E+00  2.05989E-02  8.69865E-02  4.62668E-03  1.21850E-02  1.04114E-03  6.09356E-03  2.38511E-03  1.54925E-04  1.00039E-03  2.62856E-04
  5956.00000  1.35276E-01  0.00000E+00  2.05929E-02  8.69458E-02  4.62514E-03  1.21799E-02  1.04079E-03  6.08991E-03  2.38410E-03  1.54872E-04  9.99807E-04  2.62744E-04
  5957.00000  1.35217E-01  0.00000E+00  2.05869E-02  8.69052E-02  4.62360E-03  1.21747E-02  1.04043E-03  6.08627E-03  2.38309E-03  1.54818E-04  9.99228E-04  2.62631E-04
  5958.00000  1.35158E-01  0.00000E+00  2.05809E-02  8.68646E-02  4.62206E-03  1.21696E-02  1.04008E-03  6.08263E-03  2.38209E-03  1.54764E-04  9.98650E-04  2.62519E-04
  5959.00000  1.35099E-01  0.00000E+00  2.05749E-02  8.68240E-02  4.62052E-03  1.21644E-02  1.03973E-03  6.07899E-03  2.38108E-03  1.54711E-04  9.98071E-04  2.62407E-04
  5960.00000  1.35040E-01  0.00000E+00  2.05689E-02  8.67834E-02  4.61898E-03  1.21593E-02  1.03937E-03  6.07536E-03  2.38008E-03  1.54657E-04  9.97494E-04  2.62295E-04
  5961.00000  1.34981E-01  0.00000E+00  2.05629E-02  8.67428E-02  4.61745E-03  1.21541E-02  1.03902E-03  6.07173E-03  2.37907E-03  1.54604E-04  9.96916E-04  2.62183E-04
  5962.00000  1.34922E-01  0.00000E+00  2.05569E-02  8.67022E-02  4.61591E-03  1.21490E-02  1.03866E-03  6.06810E-03  2.37807E-03  1.54550E-04  9.96339E-04  2.62071E-04
  5963.00000  1.34863E-01  0.00000E+00  2.05509E-02  8.66617E-02  4.61437E-03  1.21438E-02  1.03831E-03  6.06447E-03  2.37707E-03  1.54497E-04  9.95763E-04  2.61960E-04
  5964.00000  1.34804E-01  0.00000E+00  2.05449E-02  8.66212E-02  4.61284E-03  1.21387E-02  1.03796E-03  6.06085E-03  2.37606E-03  1.54444E-04  9.95187E-04  2.61848E-04
  5965.00000  1.34745E-01  0.00000E+00  2.05389E-02  8.65807E-02  4.61130E-03  1.21335E-02  1.03761E-03  6.05722E-03  2.37506E-03  1.54390E-04  9.94611E-04  2.61736E-04
  5966.00000  1.34686E-01  0.00000E+00  2.05329E-02  8.65402E-02  4.60977E-03  1.21284E-02  1.03725E-03  6.05361E-03  2.37406E-03  1.54337E-04  9.94035E-04  2.61625E-04
  5967.00000  1.34627E-01  0.00000E+00  2.05269E-02  8.64997E-02  4.60824E-03  1.21233E-02  1.03690E-03  6.04999E-03  2.37306E-03  1.54284E-04  9.93461E-04  2.61513E-04
  5968.00000  1.34568E-01  0.00000E+00  2.05209E-02  8.64593E-02  4.60670E-03  1.21181E-02  1.03655E-03  6.04638E-03  2.37206E-03  1.54230E-04  9.92886E-04  2.61402E-04
  5969.00000  1.34510E-01  0.00000E+00  2.05149E-02  8.64188E-02  4.60517E-03  1.21130E-02  1.03620E-03  6.04277E-03  2.37106E-03  1.54177E-04  9.92312E-04  2.61290E-04
  5970.00000  1.34451E-01  0.00000E+00  2.05089E-02  8.63784E-02  4.60364E-03  1.21079E-02  1.03584E-03  6.03916E-03  2.37006E-03  1.54124E-04  9.91738E-04  2.61179E-04
  5971.00000  1.34392E-01  0.00000E+00  2.05029E-02  8.63380E-02  4.60211E-03  1.21028E-02  1.03549E-03  6.03556E-03  2.36906E-03  1.54071E-04  9.91165E-04  2.61068E-04
  5972.00000  1.34333E-01  0.00000E+00  2.04969E-02  8.62976E-02  4.60058E-03  1.20976E-02  1.03514E-03  6.03195E-03  2.36806E-03  1.54018E-04  9.90592E-04  2.60957E-04
  5973.00000  1.34275E-01  0.00000E+00  2.04909E-02  8.62573E-02  4.59905E-03  1.20925E-02  1.03479E-03  6.02835E-03  2.36706E-03  1.53964E-04  9.90020E-04  2.60846E-04
  5974.00000  1.34216E-01  0.00000E+00  2.04849E-02  8.62169E-02  4.59752E-03  1.20874E-02  1.03444E-03  6.02476E-03  2.36607E-03  1.53911E-04  9.89448E-04  2.60735E-04
  5975.00000  1.34157E-01  0.00000E+00  2.04789E-02  8.61766E-02  4.59599E-03  1.20823E-02  1.03409E-03  6.02116E-03  2.36507E-03  1.53858E-04  9.88876E-04  2.60624E-04
  5976.00000  1.34099E-01  0.00000E+00  2.04729E-02  8.61363E-02  4.59447E-03  1.20772E-02  1.03374E-03  6.01757E-03  2.36407E-03  1.53805E-04  9.88305E-04  2.60513E-04
  5977.00000  1.34040E-01  0.00000E+00  2.04669E-02  8.60960E-02  4.59294E-03  1.20721E-02  1.03339E-03  6.01398E-03  2.36308E-03  1.53752E-04  9.87734E-04  2.60403E-04
  5978.00000  1.33982E-01  0.00000E+00  2.04609E-02  8.60558E-02  4.59141E-03  1.20670E-02  1.03303E-03  6.01040E-03  2.36208E-03  1.53699E-04  9.87164E-04  2.60292E-04
  5979.00000  1.33923E-01  0.00000E+00  2.04549E-02  8.60155E-02  4.58989E-03  1.20619E-02  1.03268E-03  6.00681E-03  2.36109E-03  1.53646E-04  9.86594E-04  2.60182E-04
  5980.00000  1.33865E-01  0.00000E+00  2.04489E-02  8.59753E-02  4.58836E-03  1.20568E-02  1.03233E-03  6.00323E-03  2.36009E-03  1.53593E-04  9.86024E-04  2.60071E-04
  5981.00000  1.33806E-01  0.00000E+00  2.04429E-02  8.59351E-02  4.58684E-03  1.20517E-02  1.03198E-03  5.99966E-03  2.35910E-03  1.53540E-04  9.85455E-04  2.59961E-04
  5982.00000  1.33748E-01  0.00000E+00  2.04369E-02  8.58949E-02  4.58532E-03  1.20466E-02  1.03163E-03  5.99608E-03  2.35811E-03  1.53487E-04  9.84886E-04  2.59850E-04
  5983.00000  1.33689E-01  0.00000E+00  2.04309E-02  8.58547E-02  4.58380E-03  1.20415E-02  1.03128E-03  5.99251E-03  2.35711E-03  1.53434E-04  9.84318E-04  2.59740E-04
  5984.00000  1.33631E-01  0.00000E+00  2.04249E-02  8.58145E-02  4.58227E-03  1.20364E-02  1.03093E-03  5.98894E-03  2.35612E-03  1.53382E-04  9.83750E-04  2.59630E-04
  5985.00000  1.33573E-01  0.00000E+00  2.04189E-02  8.57744E-02  4.58075E-03  1.20313E-02  1.03059E-03  5.98537E-03  2.35513E-03  1.53329E-04  9.83183E-04  2.59520E-04
  5986.00000  1.33514E-01  0.00000E+00  2.04129E-02  8.57343E-02  4.57923E-03  1.20263E-02  1.03024E-03  5.98181E-03  2.35414E-03  1.53276E-04  9.82616E-04  2.59410E-04
  5987.00000  1.33456E-01  0.00000E+00  2.04069E-02  8.56942E-02  4.57771E-03  1.20212E-02  1.02989E-03  5.97824E-03  2.35315E-03  1.53223E-04  9.82049E-04  2.59300E-04
  5988.00000  1.33398E-01  0.00000E+00  2.04009E-02  8.56541E-02  4.57620E-03  1.20161E-02  1.02954E-03  5.97469E-03  2.35216E-03  1.53171E-04  9.81483E-04  2.59190E-04
  5989.00000  1.33339E-01  0.00000E+00  2.03949E-02  8.56141E-02  4.57468E-03  1.20110E-02  1.02919E-03  5.97113E-03  2.35117E-03  1.53118E-04  9.80917E-04  2.59081E-04
  5990.00000  1.33281E-01  0.00000E+00  2.03889E-02  8.55740E-02  4.57316E-03  1.20060E-02  1.02884E-03  5.96757E-03  2.35018E-03  1.53065E-04  9.80351E-04  2.58971E-04
  5991.00000  1.33223E-01  0.00000E+00  2.03829E-02  8.55340E-02  4.57164E-03  1.20009E-02  1.02849E-03  5.96402E-03  2.34919E-03  1.53013E-04  9.79786E-04  2.58861E-04
  5992.00000  1.33165E-01  0.00000E+00  2.03769E-02  8.54940E-02  4.57013E-03  1.19958E-02  1.02814E-03  5.96047E-03  2.34821E-03  1.52960E-04  9.79222E-04  2.58752E-04
  5993.00000  1.33106E-01  0.00000E+00  2.03709E-02  8.54540E-02  4.56861E-03  1.19908E-02  1.02780E-03  5.95693E-03  2.34722E-03  1.52907E-04  9.78658E-04  2.58642E-04
  5994.00000  1.33048E-01  0.00000E+00  2.03649E-02  8.54141E-02  4.56710E-03  1.19857E-02  1.02745E-03  5.95338E-03  2.34623E-03  1.52855E-04  9.78094E-04  2.58533E-04
  5995.00000  1.32990E-01  0.00000E+00  2.03589E-02  8.53741E-02  4.56558E-03  1.19807E-02  1.02710E-03  5.94984E-03  2.34525E-03  1.52802E-04  9.77530E-04  2.58424E-04
  5996.00000  1.32932E-01  0.00000E+00  2.03529E-02  8.53342E-02  4.56407E-03  1.19756E-02  1.02675E-03  5.94630E-03  2.34426E-03  1.52750E-04  9.76968E-04  2.58315E-04
  5997.00000  1.32874E-01  0.00000E+00  2.03469E-02  8.52943E-02  4.56256E-03  1.19706E-02  1.02641E-03  5.94277E-03  2.34328E-03  1.52697E-04  9.76405E-04  2.58206E-04
  5998.00000  1.32816E-01  0.00000E+00  2.03409E-02  8.52544E-02  4.56105E-03  1.19655E-02  1.02606E-03  5.93924E-03  2.34229E-03  1.52645E-04  9.75843E-04  2.58096E-04
  5999.00000  1.32758E-01  0.00000E+00  2.03349E-02  8.52146E-02  4.55954E-03  1.19605E-02  1.02571E-03  5.93570E-03  2.34131E-03  1.52593E-04  9.75281E-04  2.57988E-04
  6000.00000  1.32700E-01  0.00000E+00  2.03289E-02  8.51747E-02  4.55803E-03  1.19554E-02  1.02537E-03  5.93218E-03  2.34033E-03  1.52540E-04  9.74720E-04  2.57879E-04
  6001.00000  1.32642E-01  0.00000E+00  2.03229E-02  8.51349E-02  4.55652E-03  1.19504E-02  1.02502E-03  5.92865E-03  2.33934E-03  1.52488E-04  9.74159E-04  2.57770E-04
  6002.00000  1.32584E-01  0.00000E+00  2.03169E-02  8.50951E-02  4.55501E-03  1.19454E-02  1.02467E-03  5.92513E-03  2.33836E-03  1.52435E-04  9.73598E-04  2.57661E-04
  6003.00000  1.32526E-01  0.00000E+00  2.03109E-02  8.50553E-02  4.55350E-03  1.19403E-02  1.02433E-03  5.92161E-03  2.33738E-03  1.52383E-04  9.73038E-04  2.57553E-04
  6004.00000  1.32469E-01  0.00000E+00  2.03049E-02  8.50156E-02  4.55200E-03  1.19353E-02  1.02398E-03  5.91809E-03  2.33640E-03  1.52331E-04  9.72478E-04  2.57444E-04
  6005.00000  1.32411E-01  0.00000E+00  2.02989E-02  8.49759E-02  4.55049E-03  1.19303E-02  1.02363E-03  5.91457E-03  2.33542E-03  1.52279E-04  9.71919E-04  2.57336E-04
  6006.00000  1.32353E-01  0.00000E+00  2.02929E-02  8.49361E-02  4.54898E-03  1.19252E-02  1.02329E-03  5.91106E-03  2.33444E-03  1.52226E-04  9.71360E-04  2.57227E-04
  6007.00000  1.32295E-01  0.00000E+00  2.02869E-02  8.48965E-02  4.54748E-03  1.19202E-02  1.02294E-03  5.90755E-03  2.33346E-03  1.52174E-04  9.70801E-04  2.57119E-04
  6008.00000  1.32237E-01  0.00000E+00  2.02809E-02  8.48568E-02  4.54598E-03  1.19152E-02  1.02260E-03  5.90404E-03  2.33248E-03  1.52122E-04  9.70243E-04  2.57011E-04
  6009.00000  1.32180E-01  0.00000E+00  2.02749E-02  8.48172E-02  4.54447E-03  1.19102E-02  1.02225E-03  5.90054E-03  2.33150E-03  1.52070E-04  9.69686E-04  2.56903E-04
  6010.00000  1.32122E-01  0.00000E+00  2.02689E-02  8.47775E-02  4.54297E-03  1.19052E-02  1.02191E-03  5.89703E-03  2.33052E-03  1.52018E-04  9.69128E-04  2.56795E-04
  6011.00000  1.32064E-01  0.00000E+00  2.02629E-02  8.47379E-02  4.54147E-03  1.19002E-02  1.02156E-03  5.89353E-03  2.32955E-03  1.51966E-04  9.68571E-04  2.56687E-04
  6012.00000  1.32007E-01  0.00000E+00  2.02569E-02  8.46984E-02  4.53997E-03  1.18952E-02  1.02122E-03  5.89004E-03  2.32857E-03  1.51914E-04  9.68015E-04  2.56579E-04
  6013.00000  1.31949E-01  0.00000E+00  2.02509E-02  8.46588E-02  4.53847E-03  1.18901E-02  1.02087E-03  5.88654E-03  2.32759E-03  1.51862E-04  9.67458E-04  2.56471E-04
  6014.00000  1.31892E-01  0.00000E+00  2.02449E-02  8.46193E-02  4.53697E-03  1.18851E-02  1.02053E-03  5.88305E-03  2.32662E-03  1.51810E-04  9.66903E-04  2.56363E-04
  6015.00000  1.31834E-01  0.00000E+00  2.02389E-02  8.45798E-02  4.53547E-03  1.18801E-02  1.02019E-03  5.87956E-03  2.32564E-03  1.51758E-04  9.66347E-04  2.56255E-04
  6016.00000  1.31777E-01  0.00000E+00  2.02329E-02  8.45403E-02  4.53397E-03  1.18752E-02  1.01984E-03  5.87607E-03  2.32467E-03  1.51706E-04  9.65792E-04  2.56148E-04
  6017.00000  1.31719E-01  0.00000E+00  2.02269E-02  8.45008E-02  4.53247E-03  1.18702E-02  1.01950E-03  5.87259E-03  2.32370E-03  1.51654E-04  9.65238E-04  2.56040E-04
  6018.00000  1.31662E-01  0.00000E+00  2.02209E-02  8.44614E-02  4.53098E-03  1.18652E-02  1.01915E-03  5.86910E-03  2.32272E-03  1.51602E-04  9.64683E-04  2.55933E-04
  6019.00000  1.31604E-01  0.00000E+00  2.02149E-02  8.44219E-02  4.52948E-03  1.18602E-02  1.01881E-03  5.86562E-03  2.32175E-03  1.51550E-04  9.64129E-04  2.55826E-04
  6020.00000  1.31547E-01  0.00000E+00  2.02089E-02  8.43825E-02  4.52798E-03  1.18552E-02  1.01847E-03  5.86215E-03  2.32078E-03  1.51498E-04  9.63576E-04  2.55718E-04
  6021.00000  1.31490E-01  0.00000E+00  2.02029E-02  8.43432E-02  4.52649E-03  1.18502E-02  1.01812E-03  5.85867E-03  2.31981E-03  1.51447E-04  9.63023E-04  2.55611E-04
  6022.00000  1.31432E-01  0.00000E+00  2.01969E-02  8.43038E-02  4.52500E-03  1.18452E-02  1.01778E-03  5.85520E-03  2.31884E-03  1.51395E-04  9.62470E-04  2.55504E-04
  6023.00000  1.31375E-01  0.00000E+00  2.01909E-02  8.42645E-02  4.52350E-03  1.18403E-02  1.01744E-03  5.85173E-03  2.31786E-03  1.51343E-04  9.61918E-04  2.55397E-04
  6024.00000  1.31318E-01  0.00000E+00  2.01850E-02  8.42252E-02  4.52201E-03  1.18353E-02  1.01710E-03  5.84826E-03  2.31690E-03  1.51291E-04  9.61366E-04  2.55290E-04
  6025.00000  1.31260E-01  0.00000E+00  2.01790E-02  8.41859E-02  4.52052E-03  1.18303E-02  1.01675E-03  5.84480E-03  2.31593E-03  1.51240E-04  9.60815E-04  2.55183E-04
  6026.00000  1.31203E-01  0.00000E+00  2.01730E-02  8.41467E-02  4.51903E-03  1.18253E-02  1.01641E-03  5.84134E-03  2.31496E-03  1.51188E-04  9.60263E-04  2.55076E-04
  6027.00000  1.31146E-01  0.00000E+00  2.01670E-02  8.41074E-02  4.51754E-03  1.18204E-02  1.01607E-03  5.83788E-03  2.31399E-03  1.51137E-04  9.59713E-04  2.54969E-04
  6028.00000  1.31089E-01  0.00000E+00  2.01610E-02  8.40682E-02  4.51605E-03  1.18154E-02  1.01573E-03  5.83442E-03  2.31302E-03  1.51085E-04  9.59162E-04  2.54863E-04
  6029.00000  1.31032E-01  0.00000E+00  2.01550E-02  8.40291E-02  4.51456E-03  1.18105E-02  1.01538E-03  5.83097E-03  2.31205E-03  1.51033E-04  9.58612E-04  2.54756E-04
  6030.00000  1.30975E-01  0.00000E+00  2.01490E-02  8.39899E-02  4.51307E-03  1.18055E-02  1.01504E-03  5.82752E-03  2.31109E-03  1.50982E-04  9.58063E-04  2.54650E-04
  6031.00000  1.30918E-01  0.00000E+00  2.01430E-02  8.39508E-02  4.51158E-03  1.18005E-02  1.01470E-03  5.82407E-03  2.31012E-03  1.50930E-04  9.57513E-04  2.54543E-04
  6032.00000  1.30861E-01  0.00000E+00  2.01370E-02  8.39117E-02  4.51010E-03  1.17956E-02  1.01436E-03  5.82062E-03  2.30915E-03  1.50879E-04  9.56965E-04  2.54437E-04
  6033.00000  1.30804E-01  0.00000E+00  2.01310E-02  8.38726E-02  4.50861E-03  1.17906E-02  1.01402E-03  5.81718E-03  2.30819E-03  1.50828E-04  9.56416E-04  2.54331E-04
  6034.00000  1.30747E-01  0.00000E+00  2.01250E-02  8.38335E-02  4.50713E-03  1.17857E-02  1.01368E-03  5.81374E-03  2.30722E-03  1.50776E-04  9.55868E-04  2.54224E-04
  6035.00000  1.30690E-01  0.00000E+00  2.01191E-02  8.37945E-02  4.50564E-03  1.17808E-02  1.01334E-03  5.81030E-03  2.30626E-03  1.50725E-04  9.55320E-04  2.54118E-04
  6036.00000  1.30633E-01  0.00000E+00  2.01131E-02  8.37555E-02  4.50416E-03  1.17758E-02  1.01299E-03  5.80686E-03  2.30530E-03  1.50674E-04  9.54773E-04  2.54012E-04
  6037.00000  1.30576E-01  0.00000E+00  2.01071E-02  8.37165E-02  4.50267E-03  1.17709E-02  1.01265E-03  5.80343E-03  2.30433E-03  1.50622E-04  9.54226E-04  2.53906E-04
  6038.00000  1.30520E-01  0.00000E+00  2.01011E-02  8.36775E-02  4.50119E-03  1.17659E-02  1.01231E-03  5.80000E-03  2.30337E-03  1.50571E-04  9.53680E-04  2.53800E-04
  6039.00000  1.30463E-01  0.00000E+00  2.00951E-02  8.36386E-02  4.49971E-03  1.17610E-02  1.01197E-03  5.79657E-03  2.30241E-03  1.50520E-04  9.53134E-04  2.53694E-04
  6040.00000  1.30406E-01  0.00000E+00  2.00892E-02  8.35997E-02  4.49823E-03  1.17561E-02  1.01163E-03  5.79314E-03  2.30145E-03  1.50469E-04  9.52588E-04  2.53588E-04
  6041.00000  1.30349E-01  0.00000E+00  2.00832E-02  8.35608E-02  4.49675E-03  1.17512E-02  1.01129E-03  5.78972E-03  2.30049E-03  1.50417E-04  9.52043E-04  2.53483E-04
  6042.00000  1.30293E-01  0.00000E+00  2.00772E-02  8.35220E-02  4.49527E-03  1.17462E-02  1.01095E-03  5.78630E-03  2.29953E-03  1.50366E-04  9.51498E-04  2.53377E-04
  6043.00000  1.30236E-01  0.00000E+00  2.00712E-02  8.34831E-02  4.49379E-03  1.17413E-02  1.01061E-03  5.78288E-03  2.29857E-03  1.50315E-04  9.50953E-04  2.53271E-04
  6044.00000  1.30179E-01  0.00000E+00  2.00653E-02  8.34443E-02  4.49231E-03  1.17364E-02  1.01027E-03  5.77946E-03  2.29761E-03  1.50264E-04  9.50409E-04  2.53166E-04
  6045.00000  1.30123E-01  0.00000E+00  2.00593E-02  8.34056E-02  4.49083E-03  1.17315E-02  1.00993E-03  5.77605E-03  2.29665E-03  1.50213E-04  9.49865E-04  2.53060E-04
  6046.00000  1.30066E-01  0.00000E+00  2.00533E-02  8.33668E-02  4.48936E-03  1.17266E-02  1.00960E-03  5.77264E-03  2.29569E-03  1.50162E-04  9.49322E-04  2.52955E-04
  6047.00000  1.30010E-01  0.00000E+00  2.00474E-02  8.33281E-02  4.48788E-03  1.17216E-02  1.00926E-03  5.76923E-03  2.29473E-03  1.50111E-04  9.48778E-04  2.52850E-04
  6048.00000  1.29953E-01  0.00000E+00  2.00414E-02  8.32894E-02  4.48640E-03  1.17167E-02  1.00892E-03  5.76583E-03  2.29377E-03  1.50060E-04  9.48236E-04  2.52744E-04
  6049.00000  1.29897E-01  0.00000E+00  2.00354E-02  8.32507E-02  4.48493E-03  1.17118E-02  1.00858E-03  5.76242E-03  2.29282E-03  1.50009E-04  9.47694E-04  2.52639E-04
  6050.00000  1.29841E-01  0.00000E+00  2.00295E-02  8.32121E-02  4.48345E-03  1.17069E-02  1.00824E-03  5.75902E-03  2.29186E-03  1.49958E-04  9.47152E-04  2.52534E-04
  6051.00000  1.29784E-01  0.00000E+00  2.00235E-02  8.31735E-02  4.48198E-03  1.17020E-02  1.00790E-03  5.75562E-03  2.29091E-03  1.49908E-04  9.46610E-04  2.52429E-04
  6052.00000  1.29728E-01  0.00000E+00  2.00176E-02  8.31349E-02  4.48051E-03  1.16971E-02  1.00756E-03  5.75223E-03  2.28995E-03  1.49857E-04  9.46069E-04  2.52324E-04
  6053.00000  1.29672E-01  0.00000E+00  2.00116E-02  8.30963E-02  4.47903E-03  1.16922E-02  1.00723E-03  5.74883E-03  2.28900E-03  1.49806E-04  9.45528E-04  2.52219E-04
  6054.00000  1.29616E-01  0.00000E+00  2.00056E-02  8.30578E-02  4.47756E-03  1.16873E-02  1.00689E-03  5.74544E-03  2.28804E-03  1.49755E-04  9.44988E-04  2.52114E-04
  6055.00000  1.29559E-01  0.00000E+00  1.99997E-02  8.30193E-02  4.47609E-03  1.16824E-02  1.00655E-03  5.74206E-03  2.28709E-03  1.49704E-04  9.44448E-04  2.52009E-04
  6056.00000  1.29503E-01  0.00000E+00  1.99937E-02  8.29808E-02  4.47462E-03  1.16776E-02  1.00621E-03  5.73867E-03  2.28613E-03  1.49654E-04  9.43909E-04  2.51905E-04
  6057.00000  1.29447E-01  0.00000E+00  1.99878E-02  8.29423E-02  4.47315E-03  1.16727E-02  1.00588E-03  5.73529E-03  2.28518E-03  1.49603E-04  9.43369E-04  2.51800E-04
  6058.00000  1.29391E-01  0.00000E+00  1.99819E-02  8.29039E-02  4.47168E-03  1.16678E-02  1.00554E-03  5.73191E-03  2.28423E-03  1.49553E-04  9.42831E-04  2.51695E-04
  6059.00000  1.29335E-01  0.00000E+00  1.99759E-02  8.28655E-02  4.47021E-03  1.16629E-02  1.00520E-03  5.72853E-03  2.28328E-03  1.49502E-04  9.42292E-04  2.51591E-04
  6060.00000  1.29279E-01  0.00000E+00  1.99700E-02  8.28271E-02  4.46874E-03  1.16580E-02  1.00486E-03  5.72515E-03  2.28233E-03  1.49451E-04  9.41754E-04  2.51486E-04
  6061.00000  1.29223E-01  0.00000E+00  1.99640E-02  8.27888E-02  4.46728E-03  1.16532E-02  1.00453E-03  5.72178E-03  2.28137E-03  1.49401E-04  9.41217E-04  2.51382E-04
  6062.00000  1.29167E-01  0.00000E+00  1.99581E-02  8.27505E-02  4.46581E-03  1.16483E-02  1.00419E-03  5.71841E-03  2.28042E-03  1.49350E-04  9.40679E-04  2.51277E-04
  6063.00000  1.29111E-01  0.00000E+00  1.99522E-02  8.27122E-02  4.46435E-03  1.16434E-02  1.00385E-03  5.71504E-03  2.27948E-03  1.49300E-04  9.40143E-04  2.51173E-04
  6064.00000  1.29055E-01  0.00000E+00  1.99463E-02  8.26739E-02  4.46288E-03  1.16385E-02  1.00352E-03  5.71167E-03  2.27853E-03  1.49249E-04  9.39606E-04  2.51069E-04
  6065.00000  1.28999E-01  0.00000E+00  1.99403E-02  8.26357E-02  4.46142E-03  1.16337E-02  1.00318E-03  5.70831E-03  2.27758E-03  1.49199E-04  9.39070E-04  2.50965E-04
  6066.00000  1.28944E-01  0.00000E+00  1.99344E-02  8.25974E-02  4.45995E-03  1.16288E-02  1.00285E-03  5.70495E-03  2.27663E-03  1.49149E-04  9.38534E-04  2.50861E-04
  6067.00000  1.28888E-01  0.00000E+00  1.99285E-02  8.25593E-02  4.45849E-03  1.16240E-02  1.00251E-03  5.70159E-03  2.27568E-03  1.49098E-04  9.37999E-04  2.50757E-04
  6068.00000  1.28832E-01  0.00000E+00  1.99226E-02  8.25211E-02  4.45703E-03  1.16191E-02  1.00218E-03  5.69823E-03  2.27473E-03  1.49048E-04  9.37464E-04  2.50653E-04
  6069.00000  1.28776E-01  0.00000E+00  1.99167E-02  8.24830E-02  4.45557E-03  1.16143E-02  1.00184E-03  5.69488E-03  2.27379E-03  1.48998E-04  9.36930E-04  2.50549E-04
  6070.00000  1.28721E-01  0.00000E+00  1.99108E-02  8.24449E-02  4.45411E-03  1.16094E-02  1.00150E-03  5.69153E-03  2.27284E-03  1.48948E-04  9.36396E-04  2.50445E-04
  6071.00000  1.28665E-01  0.00000E+00  1.99048E-02  8.24068E-02  4.45265E-03  1.16046E-02  1.00117E-03  5.68818E-03  2.27190E-03  1.48897E-04  9.35862E-04  2.50341E-04
  6072.00000  1.28610E-01  0.00000E+00  1.98989E-02  8.23687E-02  4.45119E-03  1.15997E-02  1.00083E-03  5.68483E-03  2.27095E-03  1.48847E-04  9.35328E-04  2.50237E-04
  6073.00000  1.28554E-01  0.00000E+00  1.98930E-02  8.23307E-02  4.44973E-03  1.15949E-02  1.00050E-03  5.68149E-03  2.27001E-03  1.48797E-04  9.34795E-04  2.50134E-04
  6074.00000  1.28499E-01  0.00000E+00  1.98871E-02  8.22927E-02  4.44827E-03  1.15900E-02  1.00017E-03  5.67814E-03  2.26906E-03  1.48747E-04  9.34263E-04  2.50030E-04
  6075.00000  1.28443E-01  0.00000E+00  1.98813E-02  8.22548E-02  4.44681E-03  1.15852E-02  9.99831E-04  5.67481E-03  2.26812E-03  1.48697E-04  9.33731E-04  2.49927E-04
  6076.00000  1.28388E-01  0.00000E+00  1.98754E-02  8.22168E-02  4.44536E-03  1.15804E-02  9.99497E-04  5.67147E-03  2.26718E-03  1.48647E-04  9.33199E-04  2.49823E-04
  6077.00000  1.28332E-01  0.00000E+00  1.98695E-02  8.21789E-02  4.44390E-03  1.15755E-02  9.99163E-04  5.66813E-03  2.26623E-03  1.48597E-04  9.32667E-04  2.49720E-04
  6078.00000  1.28277E-01  0.00000E+00  1.98636E-02  8.21410E-02  4.44245E-03  1.15707E-02  9.98829E-04  5.66480E-03  2.26529E-03  1.48547E-04  9.32136E-04  2.49616E-04
  6079.00000  1.28222E-01  0.00000E+00  1.98577E-02  8.21032E-02  4.44099E-03  1.15659E-02  9.98495E-04  5.66147E-03  2.26435E-03  1.48497E-04  9.31605E-04  2.49513E-04
  6080.00000  1.28166E-01  0.00000E+00  1.98518E-02  8.20654E-02  4.43954E-03  1.15610E-02  9.98162E-04  5.65814E-03  2.26341E-03  1.48447E-04  9.31075E-04  2.49410E-04
  6081.00000  1.28111E-01  0.00000E+00  1.98460E-02  8.20276E-02  4.43809E-03  1.15562E-02  9.97828E-04  5.65482E-03  2.26247E-03  1.48397E-04  9.30545E-04  2.49307E-04
  6082.00000  1.28056E-01  0.00000E+00  1.98401E-02  8.19898E-02  4.43663E-03  1.15514E-02  9.97495E-04  5.65150E-03  2.26153E-03  1.48347E-04  9.30015E-04  2.49204E-04
  6083.00000  1.28001E-01  0.00000E+00  1.98342E-02  8.19520E-02  4.43518E-03  1.15466E-02  9.97162E-04  5.64818E-03  2.26059E-03  1.48297E-04  9.29486E-04  2.49101E-04
  6084.00000  1.27946E-01  0.00000E+00  1.98284E-02  8.19143E-02  4.43373E-03  1.15418E-02  9.96829E-04  5.64486E-03  2.25965E-03  1.48247E-04  9.28957E-04  2.48998E-04
  6085.00000  1.27891E-01  0.00000E+00  1.98225E-02  8.18766E-02  4.43228E-03  1.15370E-02  9.96497E-04  5.64154E-03  2.25871E-03  1.48198E-04  9.28429E-04  2.48895E-04
  6086.00000  1.27836E-01  0.00000E+00  1.98167E-02  8.18390E-02  4.43083E-03  1.15322E-02  9.96164E-04  5.63823E-03  2.25778E-03  1.48148E-04  9.27901E-04  2.48792E-04
  6087.00000  1.27781E-01  0.00000E+00  1.98108E-02  8.18013E-02  4.42938E-03  1.15274E-02  9.95832E-04  5.63492E-03  2.25684E-03  1.48098E-04  9.27373E-04  2.48689E-04
  6088.00000  1.27726E-01  0.00000E+00  1.98050E-02  8.17637E-02  4.42794E-03  1.15226E-02  9.95499E-04  5.63161E-03  2.25590E-03  1.48048E-04  9.26845E-04  2.48587E-04
  6089.00000  1.27671E-01  0.00000E+00  1.97991E-02  8.17261E-02  4.42649E-03  1.15178E-02  9.95167E-04  5.62830E-03  2.25497E-03  1.47999E-04  9.26318E-04  2.48484E-04
  6090.00000  1.27616E-01  0.00000E+00  1.97933E-02  8.16886E-02  4.42504E-03  1.15130E-02  9.94835E-04  5.62500E-03  2.25403E-03  1.47949E-04  9.25792E-04  2.48382E-04
  6091.00000  1.27561E-01  0.00000E+00  1.97874E-02  8.16511E-02  4.42360E-03  1.15082E-02  9.94504E-04  5.62170E-03  2.25310E-03  1.47899E-04  9.25265E-04  2.48279E-04
  6092.00000  1.27506E-01  0.00000E+00  1.97816E-02  8.16136E-02  4.42215E-03  1.15034E-02  9.94172E-04  5.61840E-03  2.25216E-03  1.47850E-04  9.24739E-04  2.48177E-04
  6093.00000  1.27451E-01  0.00000E+00  1.97758E-02  8.15761E-02  4.42071E-03  1.14986E-02  9.93840E-04  5.61510E-03  2.25123E-03  1.47800E-04  9.24214E-04  2.48074E-04
  6094.00000  1.27397E-01  0.00000E+00  1.97700E-02  8.15387E-02  4.41926E-03  1.14938E-02  9.93509E-04  5.61181E-03  2.25029E-03  1.47751E-04  9.23689E-04  2.47972E-04
  6095.00000  1.27342E-01  0.00000E+00  1.97641E-02  8.15012E-02  4.41782E-03  1.14890E-02  9.93178E-04  5.60852E-03  2.24936E-03  1.47701E-04  9.23164E-04  2.47870E-04
  6096.00000  1.27287E-01  0.00000E+00  1.97583E-02  8.14638E-02  4.41638E-03  1.14842E-02  9.92847E-04  5.60523E-03  2.24843E-03  1.47652E-04  9.22639E-04  2.47768E-04
  6097.00000  1.27233E-01  0.00000E+00  1.97525E-02  8.14265E-02  4.41494E-03  1.14795E-02  9.92516E-04  5.60194E-03  2.24750E-03  1.47602E-04  9.22115E-04  2.47666E-04
  6098.00000  1.27178E-01  0.00000E+00  1.97467E-02  8.13891E-02  4.41349E-03  1.14747E-02  9.92185E-04  5.59866E-03  2.24657E-03  1.47553E-04  9.21591E-04  2.47564E-04
  6099.00000  1.27124E-01  0.00000E+00  1.97409E-02  8.13518E-02  4.41205E-03  1.14699E-02  9.91855E-04  5.59538E-03  2.24563E-03  1.47504E-04  9.21068E-04  2.47462E-04
  6100.00000  1.27069E-01  0.00000E+00  1.97351E-02  8.13145E-02  4.41061E-03  1.14651E-02  9.91524E-04  5.59210E-03  2.24470E-03  1.47454E-04  9.20545E-04  2.47360E-04
  6101.00000  1.27015E-01  0.00000E+00  1.97293E-02  8.12773E-02  4.40917E-03  1.14604E-02  9.91194E-04  5.58882E-03  2.24377E-03  1.47405E-04  9.20022E-04  2.47258E-04
  6102.00000  1.26960E-01  0.00000E+00  1.97235E-02  8.12401E-02  4.40774E-03  1.14556E-02  9.90864E-04  5.58555E-03  2.24285E-03  1.47356E-04  9.19500E-04  2.47157E-04
  6103.00000  1.26906E-01  0.00000E+00  1.97177E-02  8.12028E-02  4.40630E-03  1.14509E-02  9.90534E-04  5.58227E-03  2.24192E-03  1.47307E-04  9.18978E-04  2.47055E-04
  6104.00000  1.26851E-01  0.00000E+00  1.97119E-02  8.11657E-02  4.40486E-03  1.14461E-02  9.90204E-04  5.57900E-03  2.24099E-03  1.47257E-04  9.18456E-04  2.46953E-04
  6105.00000  1.26797E-01  0.00000E+00  1.97062E-02  8.11285E-02  4.40342E-03  1.14413E-02  9.89875E-04  5.57574E-03  2.24006E-03  1.47208E-04  9.17935E-04  2.46852E-04
  6106.00000  1.26743E-01  0.00000E+00  1.97004E-02  8.10914E-02  4.40199E-03  1.14366E-02  9.89545E-04  5.57247E-03  2.23913E-03  1.47159E-04  9.17414E-04  2.46750E-04
  6107.00000  1.26689E-01  0.00000E+00  1.96946E-02  8.10543E-02  4.40055E-03  1.14318E-02  9.89216E-04  5.56921E-03  2.23821E-03  1.47110E-04  9.16894E-04  2.46649E-04
  6108.00000  1.26634E-01  0.00000E+00  1.96889E-02  8.10172E-02  4.39912E-03  1.14271E-02  9.88887E-04  5.56595E-03  2.23728E-03  1.47061E-04  9.16374E-04  2.46548E-04
  6109.00000  1.26580E-01  0.00000E+00  1.96831E-02  8.09802E-02  4.39768E-03  1.14223E-02  9.88558E-04  5.56269E-03  2.23635E-03  1.47012E-04  9.15854E-04  2.46446E-04
  6110.00000  1.26526E-01  0.00000E+00  1.96773E-02  8.09432E-02  4.39625E-03  1.14176E-02  9.88229E-04  5.55944E-03  2.23543E-03  1.46963E-04  9.15334E-04  2.46345E-04
  6111.00000  1.26472E-01  0.00000E+00  1.96716E-02  8.09062E-02  4.39482E-03  1.14128E-02  9.87900E-04  5.55618E-03  2.23450E-03  1.46914E-04  9.14815E-04  2.46244E-04
  6112.00000  1.26418E-01  0.00000E+00  1.96658E-02  8.08692E-02  4.39339E-03  1.14081E-02  9.87571E-04  5.55293E-03  2.23358E-03  1.46865E-04  9.14297E-04  2.46143E-04
  6113.00000  1.26364E-01  0.00000E+00  1.96601E-02  8.08322E-02  4.39196E-03  1.14034E-02  9.87243E-04  5.54968E-03  2.23266E-03  1.46816E-04  9.13778E-04  2.46042E-04
  6114.00000  1.26310E-01  0.00000E+00  1.96543E-02  8.07953E-02  4.39052E-03  1.13986E-02  9.86915E-04  5.54644E-03  2.23173E-03  1.46767E-04  9.13260E-04  2.45941E-04
  6115.00000  1.26256E-01  0.00000E+00  1.96486E-02  8.07584E-02  4.38909E-03  1.13939E-02  9.86587E-04  5.54320E-03  2.23081E-03  1.46718E-04  9.12743E-04  2.45840E-04
  6116.00000  1.26202E-01  0.00000E+00  1.96429E-02  8.07216E-02  4.38766E-03  1.13892E-02  9.86259E-04  5.53995E-03  2.22989E-03  1.46669E-04  9.12226E-04  2.45740E-04
  6117.00000  1.26148E-01  0.00000E+00  1.96371E-02  8.06847E-02  4.38624E-03  1.13844E-02  9.85931E-04  5.53672E-03  2.22897E-03  1.46621E-04  9.11709E-04  2.45639E-04
  6118.00000  1.26094E-01  0.00000E+00  1.96314E-02  8.06479E-02  4.38481E-03  1.13797E-02  9.85603E-04  5.53348E-03  2.22804E-03  1.46572E-04  9.11192E-04  2.45538E-04
  6119.00000  1.26040E-01  0.00000E+00  1.96257E-02  8.06111E-02  4.38338E-03  1.13750E-02  9.85276E-04  5.53025E-03  2.22712E-03  1.46523E-04  9.10676E-04  2.45438E-04
  6120.00000  1.25987E-01  0.00000E+00  1.96200E-02  8.05744E-02  4.38195E-03  1.13703E-02  9.84948E-04  5.52701E-03  2.22620E-03  1.46474E-04  9.10160E-04  2.45337E-04
  6121.00000  1.25933E-01  0.00000E+00  1.96143E-02  8.05376E-02  4.38053E-03  1.13656E-02  9.84621E-04  5.52379E-03  2.22528E-03  1.46426E-04  9.09645E-04  2.45237E-04
  6122.00000  1.25879E-01  0.00000E+00  1.96086E-02  8.05009E-02  4.37910E-03  1.13608E-02  9.84294E-04  5.52056E-03  2.22436E-03  1.46377E-04  9.09130E-04  2.45137E-04
  6123.00000  1.25826E-01  0.00000E+00  1.96029E-02  8.04642E-02  4.37768E-03  1.13561E-02  9.83967E-04  5.51733E-03  2.22344E-03  1.46328E-04  9.08615E-04  2.45036E-04
  6124.00000  1.25772E-01  0.00000E+00  1.95972E-02  8.04275E-02  4.37625E-03  1.13514E-02  9.83640E-04  5.51411E-03  2.22253E-03  1.46280E-04  9.08101E-04  2.44936E-04
  6125.00000  1.25718E-01  0.00000E+00  1.95915E-02  8.03909E-02  4.37483E-03  1.13467E-02  9.83314E-04  5.51089E-03  2.22161E-03  1.46231E-04  9.07587E-04  2.44836E-04
  6126.00000  1.25665E-01  0.00000E+00  1.95858E-02  8.03543E-02  4.37341E-03  1.13420E-02  9.82987E-04  5.50767E-03  2.22069E-03  1.46183E-04  9.07073E-04  2.44736E-04
  6127.00000  1.25611E-01  0.00000E+00  1.95801E-02  8.03177E-02  4.37198E-03  1.13373E-02  9.82661E-04  5.50446E-03  2.21977E-03  1.46134E-04  9.06560E-04  2.44636E-04
  6128.00000  1.25558E-01  0.00000E+00  1.95744E-02  8.02811E-02  4.37056E-03  1.13326E-02  9.82335E-04  5.50125E-03  2.21886E-03  1.46086E-04  9.06047E-04  2.44536E-04
  6129.00000  1.25504E-01  0.00000E+00  1.95687E-02  8.02446E-02  4.36914E-03  1.13279E-02  9.82009E-04  5.49804E-03  2.21794E-03  1.46037E-04  9.05535E-04  2.44436E-04
  6130.00000  1.25451E-01  0.00000E+00  1.95630E-02  8.02081E-02  4.36772E-03  1.13232E-02  9.81683E-04  5.49483E-03  2.21703E-03  1.45989E-04  9.05022E-04  2.44336E-04
  6131.00000  1.25398E-01  0.00000E+00  1.95574E-02  8.01716E-02  4.36630E-03  1.13185E-02  9.81358E-04  5.49162E-03  2.21611E-03  1.45941E-04  9.04511E-04  2.44236E-04
  6132.00000  1.25344E-01  0.00000E+00  1.95517E-02  8.01351E-02  4.36488E-03  1.13138E-02  9.81032E-04  5.48842E-03  2.21520E-03  1.45892E-04  9.03999E-04  2.44137E-04
  6133.00000  1.25291E-01  0.00000E+00  1.95460E-02  8.00986E-02  4.36346E-03  1.13092E-02  9.80707E-04  5.48522E-03  2.21428E-03  1.45844E-04  9.03488E-04  2.44037E-04
  6134.00000  1.25238E-01  0.00000E+00  1.95404E-02  8.00622E-02  4.36205E-03  1.13045E-02  9.80382E-04  5.48202E-03  2.21337E-03  1.45796E-04  9.02977E-04  2.43937E-04
  6135.00000  1.25184E-01  0.00000E+00  1.95347E-02  8.00258E-02  4.36063E-03  1.12998E-02  9.80057E-04  5.47882E-03  2.21245E-03  1.45748E-04  9.02467E-04  2.43838E-04
  6136.00000  1.25131E-01  0.00000E+00  1.95290E-02  7.99894E-02  4.35921E-03  1.12951E-02  9.79732E-04  5.47563E-03  2.21154E-03  1.45699E-04  9.01957E-04  2.43738E-04
  6137.00000  1.25078E-01  0.00000E+00  1.95234E-02  7.99531E-02  4.35780E-03  1.12904E-02  9.79407E-04  5.47244E-03  2.21063E-03  1.45651E-04  9.01448E-04  2.43639E-04
  6138.00000  1.25025E-01  0.00000E+00  1.95177E-02  7.99167E-02  4.35638E-03  1.12858E-02  9.79083E-04  5.46925E-03  2.20972E-03  1.45603E-04  9.00938E-04  2.43540E-04
  6139.00000  1.24972E-01  0.00000E+00  1.95121E-02  7.98804E-02  4.35497E-03  1.12811E-02  9.78759E-04  5.46606E-03  2.20881E-03  1.45555E-04  9.00430E-04  2.43440E-04
  6140.00000  1.24919E-01  0.00000E+00  1.95065E-02  7.98441E-02  4.35356E-03  1.12764E-02  9.78434E-04  5.46287E-03  2.20790E-03  1.45507E-04  8.99921E-04  2.43341E-04
  6141.00000  1.24865E-01  0.00000E+00  1.95008E-02  7.98079E-02  4.35214E-03  1.12718E-02  9.78110E-04  5.45969E-03  2.20699E-03  1.45459E-04  8.99413E-04  2.43242E-04
  6142.00000  1.24812E-01  0.00000E+00  1.94952E-02  7.97716E-02  4.35073E-03  1.12671E-02  9.77787E-04  5.45651E-03  2.20608E-03  1.45411E-04  8.98905E-04  2.43143E-04
  6143.00000  1.24759E-01  0.00000E+00  1.94896E-02  7.97354E-02  4.34932E-03  1.12624E-02  9.77463E-04  5.45333E-03  2.20517E-03  1.45363E-04  8.98398E-04  2.43044E-04
  6144.00000  1.24707E-01  0.00000E+00  1.94839E-02  7.96992E-02  4.34791E-03  1.12578E-02  9.77139E-04  5.45015E-03  2.20426E-03  1.45315E-04  8.97891E-04  2.42945E-04
  6145.00000  1.24654E-01  0.00000E+00  1.94783E-02  7.96630E-02  4.34650E-03  1.12531E-02  9.76816E-04  5.44698E-03  2.20335E-03  1.45267E-04  8.97384E-04  2.42846E-04
  6146.00000  1.24601E-01  0.00000E+00  1.94727E-02  7.96269E-02  4.34509E-03  1.12485E-02  9.76493E-04  5.44381E-03  2.20244E-03  1.45219E-04  8.96878E-04  2.42747E-04
  6147.00000  1.24548E-01  0.00000E+00  1.94671E-02  7.95907E-02  4.34368E-03  1.12438E-02  9.76170E-04  5.44064E-03  2.20154E-03  1.45171E-04  8.96372E-04  2.42649E-04
  6148.00000  1.24495E-01  0.00000E+00  1.94615E-02  7.95546E-02  4.34227E-03  1.12392E-02  9.75847E-04  5.43747E-03  2.20063E-03  1.45123E-04  8.95866E-04  2.42550E-04
  6149.00000  1.24442E-01  0.00000E+00  1.94559E-02  7.95185E-02  4.34087E-03  1.12345E-02  9.75524E-04  5.43431E-03  2.19972E-03  1.45075E-04  8.95361E-04  2.42451E-04
  6150.00000  1.24389E-01  0.00000E+00  1.94503E-02  7.94825E-02  4.33946E-03  1.12299E-02  9.75202E-04  5.43114E-03  2.19882E-03  1.45027E-04  8.94856E-04  2.42353E-04
  6151.00000  1.24337E-01  0.00000E+00  1.94447E-02  7.94464E-02  4.33805E-03  1.12252E-02  9.74879E-04  5.42798E-03  2.19791E-03  1.44979E-04  8.94351E-04  2.42254E-04
  6152.00000  1.24284E-01  0.00000E+00  1.94391E-02  7.94104E-02  4.33665E-03  1.12206E-02  9.74557E-04  5.42483E-03  2.19701E-03  1.44932E-04  8.93847E-04  2.42156E-04
  6153.00000  1.24231E-01  0.00000E+00  1.94335E-02  7.93744E-02  4.33524E-03  1.12160E-02  9.74235E-04  5.42167E-03  2.19610E-03  1.44884E-04  8.93343E-04  2.42057E-04
  6154.00000  1.24179E-01  0.00000E+00  1.94279E-02  7.93384E-02  4.33384E-03  1.12113E-02  9.73913E-04  5.41852E-03  2.19520E-03  1.44836E-04  8.92840E-04  2.41959E-04
  6155.00000  1.24126E-01  0.00000E+00  1.94223E-02  7.93025E-02  4.33244E-03  1.12067E-02  9.73591E-04  5.41536E-03  2.19430E-03  1.44789E-04  8.92337E-04  2.41861E-04
  6156.00000  1.24074E-01  0.00000E+00  1.94167E-02  7.92665E-02  4.33103E-03  1.12021E-02  9.73270E-04  5.41222E-03  2.19339E-03  1.44741E-04  8.91834E-04  2.41763E-04
  6157.00000  1.24021E-01  0.00000E+00  1.94111E-02  7.92306E-02  4.32963E-03  1.11975E-02  9.72948E-04  5.40907E-03  2.19249E-03  1.44693E-04  8.91331E-04  2.41665E-04
  6158.00000  1.23968E-01  0.00000E+00  1.94055E-02  7.91947E-02  4.32823E-03  1.11928E-02  9.72627E-04  5.40592E-03  2.19159E-03  1.44646E-04  8.90829E-04  2.41566E-04
  6159.00000  1.23916E-01  0.00000E+00  1.94000E-02  7.91588E-02  4.32683E-03  1.11882E-02  9.72306E-04  5.40278E-03  2.19069E-03  1.44598E-04  8.90327E-04  2.41468E-04
  6160.00000  1.23864E-01  0.00000E+00  1.93944E-02  7.91230E-02  4.32543E-03  1.11836E-02  9.71985E-04  5.39964E-03  2.18979E-03  1.44551E-04  8.89826E-04  2.41371E-04
  6161.00000  1.23811E-01  0.00000E+00  1.93888E-02  7.90871E-02  4.32403E-03  1.11790E-02  9.71664E-04  5.39650E-03  2.18889E-03  1.44503E-04  8.89325E-04  2.41273E-04
  6162.00000  1.23759E-01  0.00000E+00  1.93832E-02  7.90513E-02  4.32263E-03  1.11744E-02  9.71343E-04  5.39337E-03  2.18799E-03  1.44456E-04  8.88824E-04  2.41175E-04
  6163.00000  1.23706E-01  0.00000E+00  1.93777E-02  7.90155E-02  4.32123E-03  1.11698E-02  9.71022E-04  5.39023E-03  2.18709E-03  1.44408E-04  8.88324E-04  2.41077E-04
  6164.00000  1.23654E-01  0.00000E+00  1.93721E-02  7.89797E-02  4.31984E-03  1.11651E-02  9.70702E-04  5.38710E-03  2.18619E-03  1.44361E-04  8.87824E-04  2.40979E-04
  6165.00000  1.23602E-01  0.00000E+00  1.93666E-02  7.89440E-02  4.31844E-03  1.11605E-02  9.70382E-04  5.38397E-03  2.18529E-03  1.44313E-04  8.87324E-04  2.40882E-04
  6166.00000  1.23549E-01  0.00000E+00  1.93610E-02  7.89082E-02  4.31704E-03  1.11559E-02  9.70062E-04  5.38085E-03  2.18440E-03  1.44266E-04  8.86825E-04  2.40784E-04
  6167.00000  1.23497E-01  0.00000E+00  1.93554E-02  7.88725E-02  4.31565E-03  1.11513E-02  9.69742E-04  5.37772E-03  2.18350E-03  1.44218E-04  8.86326E-04  2.40686E-04
  6168.00000  1.23445E-01  0.00000E+00  1.93499E-02  7.88368E-02  4.31425E-03  1.11467E-02  9.69422E-04  5.37460E-03  2.18260E-03  1.44171E-04  8.85827E-04  2.40589E-04
  6169.00000  1.23393E-01  0.00000E+00  1.93443E-02  7.88011E-02  4.31286E-03  1.11422E-02  9.69102E-04  5.37148E-03  2.18171E-03  1.44124E-04  8.85329E-04  2.40492E-04
  6170.00000  1.23341E-01  0.00000E+00  1.93388E-02  7.87655E-02  4.31147E-03  1.11376E-02  9.68783E-04  5.36836E-03  2.18081E-03  1.44077E-04  8.84831E-04  2.40394E-04
  6171.00000  1.23288E-01  0.00000E+00  1.93332E-02  7.87299E-02  4.31007E-03  1.11330E-02  9.68463E-04  5.36525E-03  2.17991E-03  1.44029E-04  8.84333E-04  2.40297E-04
  6172.00000  1.23236E-01  0.00000E+00  1.93277E-02  7.86942E-02  4.30868E-03  1.11284E-02  9.68144E-04  5.36214E-03  2.17902E-03  1.43982E-04  8.83836E-04  2.40200E-04
  6173.00000  1.23184E-01  0.00000E+00  1.93222E-02  7.86586E-02  4.30729E-03  1.11238E-02  9.67825E-04  5.35903E-03  2.17813E-03  1.43935E-04  8.83339E-04  2.40102E-04
  6174.00000  1.23132E-01  0.00000E+00  1.93166E-02  7.86230E-02  4.30590E-03  1.11192E-02  9.67506E-04  5.35592E-03  2.17723E-03  1.43888E-04  8.82842E-04  2.40005E-04
  6175.00000  1.23080E-01  0.00000E+00  1.93111E-02  7.85875E-02  4.30451E-03  1.11146E-02  9.67187E-04  5.35281E-03  2.17634E-03  1.43841E-04  8.82346E-04  2.39908E-04
  6176.00000  1.23028E-01  0.00000E+00  1.93056E-02  7.85519E-02  4.30312E-03  1.11101E-02  9.66868E-04  5.34971E-03  2.17545E-03  1.43793E-04  8.81850E-04  2.39811E-04
  6177.00000  1.22976E-01  0.00000E+00  1.93000E-02  7.85164E-02  4.30173E-03  1.11055E-02  9.66550E-04  5.34661E-03  2.17455E-03  1.43746E-04  8.81354E-04  2.39714E-04
  6178.00000  1.22924E-01  0.00000E+00  1.92945E-02  7.84809E-02  4.30034E-03  1.11009E-02  9.66232E-04  5.34351E-03  2.17366E-03  1.43699E-04  8.80859E-04  2.39617E-04
  6179.00000  1.22872E-01  0.00000E+00  1.92890E-02  7.84454E-02  4.29895E-03  1.10963E-02  9.65913E-04  5.34041E-03  2.17277E-03  1.43652E-04  8.80364E-04  2.39520E-04
  6180.00000  1.22820E-01  0.00000E+00  1.92834E-02  7.84100E-02  4.29756E-03  1.10918E-02  9.65595E-04  5.33732E-03  2.17188E-03  1.43605E-04  8.79870E-04  2.39423E-04
  6181.00000  1.22769E-01  0.00000E+00  1.92779E-02  7.83745E-02  4.29618E-03  1.10872E-02  9.65277E-04  5.33422E-03  2.17099E-03  1.43558E-04  8.79375E-04  2.39327E-04
  6182.00000  1.22717E-01  0.00000E+00  1.92724E-02  7.83391E-02  4.29479E-03  1.10826E-02  9.64959E-04  5.33113E-03  2.17010E-03  1.43511E-04  8.78882E-04  2.39230E-04
  6183.00000  1.22665E-01  0.00000E+00  1.92669E-02  7.83037E-02  4.29341E-03  1.10781E-02  9.64642E-04  5.32804E-03  2.16921E-03  1.43464E-04  8.78388E-04  2.39133E-04
  6184.00000  1.22613E-01  0.00000E+00  1.92614E-02  7.82683E-02  4.29202E-03  1.10735E-02  9.64324E-04  5.32496E-03  2.16832E-03  1.43417E-04  8.77895E-04  2.39037E-04
  6185.00000  1.22561E-01  0.00000E+00  1.92559E-02  7.82329E-02  4.29064E-03  1.10690E-02  9.64007E-04  5.32188E-03  2.16743E-03  1.43371E-04  8.77402E-04  2.38940E-04
  6186.00000  1.22510E-01  0.00000E+00  1.92503E-02  7.81975E-02  4.28925E-03  1.10644E-02  9.63690E-04  5.31879E-03  2.16654E-03  1.43324E-04  8.76909E-04  2.38844E-04
  6187.00000  1.22458E-01  0.00000E+00  1.92448E-02  7.81622E-02  4.28787E-03  1.10599E-02  9.63373E-04  5.31572E-03  2.16566E-03  1.43277E-04  8.76417E-04  2.38747E-04
  6188.00000  1.22406E-01  0.00000E+00  1.92393E-02  7.81269E-02  4.28649E-03  1.10553E-02  9.63056E-04  5.31264E-03  2.16477E-03  1.43230E-04  8.75925E-04  2.38651E-04
  6189.00000  1.22355E-01  0.00000E+00  1.92338E-02  7.80916E-02  4.28511E-03  1.10508E-02  9.62739E-04  5.30956E-03  2.16388E-03  1.43183E-04  8.75434E-04  2.38554E-04
  6190.00000  1.22303E-01  0.00000E+00  1.92283E-02  7.80563E-02  4.28372E-03  1.10462E-02  9.62422E-04  5.30649E-03  2.16300E-03  1.43137E-04  8.74943E-04  2.38458E-04
  6191.00000  1.22251E-01  0.00000E+00  1.92228E-02  7.80210E-02  4.28234E-03  1.10417E-02  9.62106E-04  5.30342E-03  2.16211E-03  1.43090E-04  8.74452E-04  2.38362E-04
  6192.00000  1.22200E-01  0.00000E+00  1.92173E-02  7.79857E-02  4.28096E-03  1.10371E-02  9.61789E-04  5.30035E-03  2.16123E-03  1.43043E-04  8.73961E-04  2.38265E-04
  6193.00000  1.22148E-01  0.00000E+00  1.92118E-02  7.79505E-02  4.27959E-03  1.10326E-02  9.61473E-04  5.29729E-03  2.16034E-03  1.42997E-04  8.73471E-04  2.38169E-04
  6194.00000  1.22097E-01  0.00000E+00  1.92063E-02  7.79153E-02  4.27821E-03  1.10281E-02  9.61157E-04  5.29422E-03  2.15946E-03  1.42950E-04  8.72981E-04  2.38073E-04
  6195.00000  1.22045E-01  0.00000E+00  1.92008E-02  7.78801E-02  4.27683E-03  1.10235E-02  9.60841E-04  5.29116E-03  2.15857E-03  1.42903E-04  8.72492E-04  2.37977E-04
  6196.00000  1.21994E-01  0.00000E+00  1.91953E-02  7.78449E-02  4.27545E-03  1.10190E-02  9.60526E-04  5.28810E-03  2.15769E-03  1.42857E-04  8.72003E-04  2.37881E-04
  6197.00000  1.21942E-01  0.00000E+00  1.91898E-02  7.78097E-02  4.27407E-03  1.10145E-02  9.60210E-04  5.28505E-03  2.15681E-03  1.42810E-04  8.71514E-04  2.37785E-04
  6198.00000  1.21891E-01  0.00000E+00  1.91843E-02  7.77746E-02  4.27270E-03  1.10100E-02  9.59894E-04  5.28199E-03  2.15593E-03  1.42764E-04  8.71026E-04  2.37689E-04
  6199.00000  1.21839E-01  0.00000E+00  1.91788E-02  7.77395E-02  4.27132E-03  1.10054E-02  9.59579E-04  5.27894E-03  2.15504E-03  1.42717E-04  8.70538E-04  2.37593E-04
  6200.00000  1.21788E-01  0.00000E+00  1.91733E-02  7.77044E-02  4.26995E-03  1.10009E-02  9.59264E-04  5.27589E-03  2.15416E-03  1.42671E-04  8.70050E-04  2.37497E-04
  6201.00000  1.21737E-01  0.00000E+00  1.91678E-02  7.76693E-02  4.26857E-03  1.09964E-02  9.58949E-04  5.27284E-03  2.15328E-03  1.42624E-04  8.69562E-04  2.37401E-04
  6202.00000  1.21685E-01  0.00000E+00  1.91624E-02  7.76342E-02  4.26720E-03  1.09919E-02  9.58634E-04  5.26980E-03  2.15240E-03  1.42578E-04  8.69075E-04  2.37306E-04
  6203.00000  1.21634E-01  0.00000E+00  1.91569E-02  7.75991E-02  4.26583E-03  1.09874E-02  9.58319E-04  5.26675E-03  2.15152E-03  1.42531E-04  8.68589E-04  2.37210E-04
  6204.00000  1.21583E-01  0.00000E+00  1.91514E-02  7.75641E-02  4.26446E-03  1.09829E-02  9.58005E-04  5.26371E-03  2.15064E-03  1.42485E-04  8.68102E-04  2.37114E-04
  6205.00000  1.21532E-01  0.00000E+00  1.91459E-02  7.75290E-02  4.26308E-03  1.09784E-02  9.57691E-04  5.26067E-03  2.14976E-03  1.42439E-04  8.67616E-04  2.37018E-04
  6206.00000  1.21480E-01  0.00000E+00  1.91404E-02  7.74940E-02  4.26171E-03  1.09739E-02  9.57376E-04  5.25763E-03  2.14888E-03  1.42392E-04  8.67131E-04  2.36923E-04
  6207.00000  1.21429E-01  0.00000E+00  1.91349E-02  7.74590E-02  4.26034E-03  1.09694E-02  9.57062E-04  5.25460E-03  2.14800E-03  1.42346E-04  8.66645E-04  2.36827E-04
  6208.00000  1.21378E-01  0.00000E+00  1.91294E-02  7.74241E-02  4.25897E-03  1.09649E-02  9.56748E-04  5.25156E-03  2.14713E-03  1.42300E-04  8.66160E-04  2.36732E-04
  6209.00000  1.21327E-01  0.00000E+00  1.91240E-02  7.73891E-02  4.25761E-03  1.09604E-02  9.56435E-04  5.24853E-03  2.14625E-03  1.42253E-04  8.65676E-04  2.36636E-04
  6210.00000  1.21276E-01  0.00000E+00  1.91185E-02  7.73542E-02  4.25624E-03  1.09559E-02  9.56121E-04  5.24551E-03  2.14537E-03  1.42207E-04  8.65191E-04  2.36541E-04
  6211.00000  1.21225E-01  0.00000E+00  1.91130E-02  7.73192E-02  4.25487E-03  1.09514E-02  9.55807E-04  5.24248E-03  2.14450E-03  1.42161E-04  8.64707E-04  2.36445E-04
  6212.00000  1.21173E-01  0.00000E+00  1.91075E-02  7.72843E-02  4.25350E-03  1.09469E-02  9.55494E-04  5.23945E-03  2.14362E-03  1.42115E-04  8.64224E-04  2.36350E-04
  6213.00000  1.21122E-01  0.00000E+00  1.91021E-02  7.72494E-02  4.25214E-03  1.09424E-02  9.55181E-04  5.23643E-03  2.14274E-03  1.42069E-04  8.63741E-04  2.36255E-04
  6214.00000  1.21071E-01  0.00000E+00  1.90966E-02  7.72145E-02  4.25077E-03  1.09379E-02  9.54868E-04  5.23341E-03  2.14187E-03  1.42022E-04  8.63258E-04  2.36159E-04
  6215.00000  1.21020E-01  0.00000E+00  1.90911E-02  7.71797E-02  4.24941E-03  1.09334E-02  9.54555E-04  5.23039E-03  2.14099E-03  1.41976E-04  8.62775E-04  2.36064E-04
  6216.00000  1.20969E-01  0.00000E+00  1.90856E-02  7.71448E-02  4.24804E-03  1.09289E-02  9.54243E-04  5.22738E-03  2.14012E-03  1.41930E-04  8.62293E-04  2.35969E-04
  6217.00000  1.20918E-01  0.00000E+00  1.90802E-02  7.71100E-02  4.24668E-03  1.09245E-02  9.53930E-04  5.22436E-03  2.13925E-03  1.41884E-04  8.61811E-04  2.35874E-04
  6218.00000  1.20867E-01  0.00000E+00  1.90747E-02  7.70752E-02  4.24532E-03  1.09200E-02  9.53618E-04  5.22135E-03  2.13837E-03  1.41838E-04  8.61329E-04  2.35779E-04
  6219.00000  1.20817E-01  0.00000E+00  1.90692E-02  7.70404E-02  4.24395E-03  1.09155E-02  9.53305E-04  5.21834E-03  2.13750E-03  1.41792E-04  8.60848E-04  2.35684E-04
  6220.00000  1.20766E-01  0.00000E+00  1.90637E-02  7.70057E-02  4.24259E-03  1.09110E-02  9.52993E-04  5.21533E-03  2.13663E-03  1.41746E-04  8.60367E-04  2.35589E-04
  6221.00000  1.20715E-01  0.00000E+00  1.90583E-02  7.69709E-02  4.24123E-03  1.09066E-02  9.52681E-04  5.21233E-03  2.13576E-03  1.41700E-04  8.59887E-04  2.35494E-04
  6222.00000  1.20664E-01  0.00000E+00  1.90528E-02  7.69362E-02  4.23987E-03  1.09021E-02  9.52370E-04  5.20933E-03  2.13489E-03  1.41654E-04  8.59406E-04  2.35399E-04
  6223.00000  1.20613E-01  0.00000E+00  1.90473E-02  7.69014E-02  4.23851E-03  1.08976E-02  9.52058E-04  5.20632E-03  2.13402E-03  1.41608E-04  8.58926E-04  2.35304E-04
  6224.00000  1.20562E-01  0.00000E+00  1.90419E-02  7.68667E-02  4.23715E-03  1.08932E-02  9.51747E-04  5.20333E-03  2.13315E-03  1.41562E-04  8.58447E-04  2.35209E-04
  6225.00000  1.20512E-01  0.00000E+00  1.90364E-02  7.68320E-02  4.23579E-03  1.08887E-02  9.51435E-04  5.20033E-03  2.13228E-03  1.41516E-04  8.57968E-04  2.35114E-04
  6226.00000  1.20461E-01  0.00000E+00  1.90310E-02  7.67974E-02  4.23444E-03  1.08843E-02  9.51124E-04  5.19733E-03  2.13141E-03  1.41471E-04  8.57489E-04  2.35019E-04
  6227.00000  1.20410E-01  0.00000E+00  1.90255E-02  7.67627E-02  4.23308E-03  1.08798E-02  9.50813E-04  5.19434E-03  2.13054E-03  1.41425E-04  8.57010E-04  2.34925E-04
  6228.00000  1.20359E-01  0.00000E+00  1.90200E-02  7.67281E-02  4.23172E-03  1.08754E-02  9.50502E-04  5.19135E-03  2.12967E-03  1.41379E-04  8.56532E-04  2.34830E-04
  6229.00000  1.20309E-01  0.00000E+00  1.90146E-02  7.66934E-02  4.23037E-03  1.08709E-02  9.50191E-04  5.18836E-03  2.12880E-03  1.41333E-04  8.56054E-04  2.34735E-04
  6230.00000  1.20258E-01  0.00000E+00  1.90091E-02  7.66588E-02  4.22901E-03  1.08665E-02  9.49881E-04  5.18538E-03  2.12793E-03  1.41287E-04  8.55576E-04  2.34641E-04
  6231.00000  1.20207E-01  0.00000E+00  1.90036E-02  7.66242E-02  4.22766E-03  1.08620E-02  9.49570E-04  5.18239E-03  2.12707E-03  1.41242E-04  8.55099E-04  2.34546E-04
  6232.00000  1.20157E-01  0.00000E+00  1.89982E-02  7.65897E-02  4.22630E-03  1.08576E-02  9.49260E-04  5.17941E-03  2.12620E-03  1.41196E-04  8.54622E-04  2.34452E-04
  6233.00000  1.20106E-01  0.00000E+00  1.89927E-02  7.65551E-02  4.22495E-03  1.08532E-02  9.48950E-04  5.17643E-03  2.12533E-03  1.41150E-04  8.54146E-04  2.34357E-04
  6234.00000  1.20056E-01  0.00000E+00  1.89873E-02  7.65206E-02  4.22360E-03  1.08487E-02  9.48640E-04  5.17345E-03  2.12447E-03  1.41104E-04  8.53669E-04  2.34263E-04
  6235.00000  1.20005E-01  0.00000E+00  1.89818E-02  7.64860E-02  4.22224E-03  1.08443E-02  9.48330E-04  5.17048E-03  2.12360E-03  1.41059E-04  8.53193E-04  2.34168E-04
  6236.00000  1.19955E-01  0.00000E+00  1.89763E-02  7.64515E-02  4.22089E-03  1.08399E-02  9.48021E-04  5.16750E-03  2.12274E-03  1.41013E-04  8.52718E-04  2.34074E-04
  6237.00000  1.19904E-01  0.00000E+00  1.89709E-02  7.64170E-02  4.21954E-03  1.08354E-02  9.47711E-04  5.16453E-03  2.12188E-03  1.40967E-04  8.52243E-04  2.33980E-04
  6238.00000  1.19854E-01  0.00000E+00  1.89654E-02  7.63826E-02  4.21819E-03  1.08310E-02  9.47402E-04  5.16156E-03  2.12101E-03  1.40922E-04  8.51768E-04  2.33885E-04
  6239.00000  1.19803E-01  0.00000E+00  1.89600E-02  7.63481E-02  4.21684E-03  1.08266E-02  9.47092E-04  5.15860E-03  2.12015E-03  1.40876E-04  8.51293E-04  2.33791E-04
  6240.00000  1.19753E-01  0.00000E+00  1.89545E-02  7.63137E-02  4.21549E-03  1.08221E-02  9.46783E-04  5.15563E-03  2.11929E-03  1.40831E-04  8.50819E-04  2.33697E-04
  6241.00000  1.19703E-01  0.00000E+00  1.89491E-02  7.62793E-02  4.21414E-03  1.08177E-02  9.46474E-04  5.15267E-03  2.11842E-03  1.40785E-04  8.50345E-04  2.33603E-04
  6242.00000  1.19652E-01  0.00000E+00  1.89436E-02  7.62449E-02  4.21280E-03  1.08133E-02  9.46165E-04  5.14971E-03  2.11756E-03  1.40740E-04  8.49871E-04  2.33509E-04
  6243.00000  1.19602E-01  0.00000E+00  1.89382E-02  7.62105E-02  4.21145E-03  1.08089E-02  9.45857E-04  5.14675E-03  2.11670E-03  1.40694E-04  8.49398E-04  2.33415E-04
  6244.00000  1.19551E-01  0.00000E+00  1.89327E-02  7.61761E-02  4.21010E-03  1.08045E-02  9.45548E-04  5.14379E-03  2.11584E-03  1.40649E-04  8.48924E-04  2.33321E-04
  6245.00000  1.19501E-01  0.00000E+00  1.89273E-02  7.61417E-02  4.20875E-03  1.08001E-02  9.45240E-04  5.14084E-03  2.11498E-03  1.40603E-04  8.48452E-04  2.33227E-04
  6246.00000  1.19451E-01  0.00000E+00  1.89218E-02  7.61074E-02  4.20741E-03  1.07957E-02  9.44931E-04  5.13789E-03  2.11412E-03  1.40558E-04  8.47979E-04  2.33133E-04
  6247.00000  1.19401E-01  0.00000E+00  1.89164E-02  7.60731E-02  4.20606E-03  1.07913E-02  9.44623E-04  5.13494E-03  2.11326E-03  1.40512E-04  8.47507E-04  2.33039E-04
  6248.00000  1.19350E-01  0.00000E+00  1.89109E-02  7.60388E-02  4.20472E-03  1.07869E-02  9.44315E-04  5.13199E-03  2.11240E-03  1.40467E-04  8.47036E-04  2.32946E-04
  6249.00000  1.19300E-01  0.00000E+00  1.89055E-02  7.60045E-02  4.20338E-03  1.07825E-02  9.44007E-04  5.12904E-03  2.11154E-03  1.40421E-04  8.46564E-04  2.32852E-04
  6250.00000  1.19250E-01  0.00000E+00  1.89000E-02  7.59702E-02  4.20203E-03  1.07781E-02  9.43699E-04  5.12610E-03  2.11069E-03  1.40376E-04  8.46093E-04  2.32758E-04
  6251.00000  1.19200E-01  0.00000E+00  1.88946E-02  7.59360E-02  4.20069E-03  1.07737E-02  9.43392E-04  5.12316E-03  2.10983E-03  1.40331E-04  8.45622E-04  2.32665E-04
  6252.00000  1.19150E-01  0.00000E+00  1.88891E-02  7.59018E-02  4.19935E-03  1.07693E-02  9.43084E-04  5.12022E-03  2.10897E-03  1.40285E-04  8.45152E-04  2.32571E-04
  6253.00000  1.19100E-01  0.00000E+00  1.88837E-02  7.58675E-02  4.19801E-03  1.07649E-02  9.42777E-04  5.11728E-03  2.10812E-03  1.40240E-04  8.44682E-04  2.32477E-04
  6254.00000  1.19050E-01  0.00000E+00  1.88783E-02  7.58333E-02  4.19667E-03  1.07605E-02  9.42470E-04  5.11435E-03  2.10726E-03  1.40195E-04  8.44212E-04  2.32384E-04
  6255.00000  1.19000E-01  0.00000E+00  1.88728E-02  7.57992E-02  4.19533E-03  1.07561E-02  9.42163E-04  5.11141E-03  2.10640E-03  1.40150E-04  8.43742E-04  2.32290E-04
  6256.00000  1.18950E-01  0.00000E+00  1.88674E-02  7.57650E-02  4.19399E-03  1.07517E-02  9.41856E-04  5.10848E-03  2.10555E-03  1.40104E-04  8.43273E-04  2.32197E-04
  6257.00000  1.18900E-01  0.00000E+00  1.88619E-02  7.57309E-02  4.19265E-03  1.07473E-02  9.41549E-04  5.10555E-03  2.10469E-03  1.40059E-04  8.42804E-04  2.32104E-04
  6258.00000  1.18850E-01  0.00000E+00  1.88565E-02  7.56967E-02  4.19131E-03  1.07429E-02  9.41242E-04  5.10263E-03  2.10384E-03  1.40014E-04  8.42336E-04  2.32010E-04
  6259.00000  1.18800E-01  0.00000E+00  1.88511E-02  7.56626E-02  4.18997E-03  1.07386E-02  9.40936E-04  5.09970E-03  2.10299E-03  1.39969E-04  8.41867E-04  2.31917E-04
  6260.00000  1.18750E-01  0.00000E+00  1.88456E-02  7.56285E-02  4.18863E-03  1.07342E-02  9.40630E-04  5.09678E-03  2.10213E-03  1.39924E-04  8.41399E-04  2.31824E-04
  6261.00000  1.18700E-01  0.00000E+00  1.88402E-02  7.55945E-02  4.18730E-03  1.07298E-02  9.40323E-04  5.09386E-03  2.10128E-03  1.39878E-04  8.40932E-04  2.31731E-04
  6262.00000  1.18650E-01  0.00000E+00  1.88348E-02  7.55604E-02  4.18596E-03  1.07254E-02  9.40017E-04  5.09094E-03  2.10043E-03  1.39833E-04  8.40465E-04  2.31638E-04
  6263.00000  1.18600E-01  0.00000E+00  1.88293E-02  7.55264E-02  4.18463E-03  1.07211E-02  9.39711E-04  5.08803E-03  2.09958E-03  1.39788E-04  8.39998E-04  2.31544E-04
  6264.00000  1.18550E-01  0.00000E+00  1.88239E-02  7.54924E-02  4.18329E-03  1.07167E-02  9.39405E-04  5.08511E-03  2.09872E-03  1.39743E-04  8.39531E-04  2.31451E-04
  6265.00000  1.18500E-01  0.00000E+00  1.88185E-02  7.54584E-02  4.18196E-03  1.07123E-02  9.39100E-04  5.08220E-03  2.09787E-03  1.39698E-04  8.39065E-04  2.31358E-04
  6266.00000  1.18451E-01  0.00000E+00  1.88130E-02  7.54244E-02  4.18062E-03  1.07080E-02  9.38794E-04  5.07929E-03  2.09702E-03  1.39653E-04  8.38599E-04  2.31265E-04
  6267.00000  1.18401E-01  0.00000E+00  1.88076E-02  7.53904E-02  4.17929E-03  1.07036E-02  9.38489E-04  5.07638E-03  2.09617E-03  1.39608E-04  8.38133E-04  2.31173E-04
  6268.00000  1.18351E-01  0.00000E+00  1.88022E-02  7.53565E-02  4.17796E-03  1.06993E-02  9.38184E-04  5.07348E-03  2.09532E-03  1.39563E-04  8.37668E-04  2.31080E-04
  6269.00000  1.18301E-01  0.00000E+00  1.87967E-02  7.53226E-02  4.17663E-03  1.06949E-02  9.37878E-04  5.07057E-03  2.09447E-03  1.39518E-04  8.37203E-04  2.30987E-04
  6270.00000  1.18252E-01  0.00000E+00  1.87913E-02  7.52887E-02  4.17529E-03  1.06906E-02  9.37574E-04  5.06767E-03  2.09362E-03  1.39473E-04  8.36738E-04  2.30894E-04
  6271.00000  1.18202E-01  0.00000E+00  1.87859E-02  7.52548E-02  4.17396E-03  1.06862E-02  9.37269E-04  5.06477E-03  2.09277E-03  1.39428E-04  8.36274E-04  2.30801E-04
  6272.00000  1.18153E-01  0.00000E+00  1.87805E-02  7.52209E-02  4.17263E-03  1.06819E-02  9.36964E-04  5.06187E-03  2.09193E-03  1.39383E-04  8.35810E-04  2.30709E-04
  6273.00000  1.18103E-01  0.00000E+00  1.87750E-02  7.51870E-02  4.17131E-03  1.06775E-02  9.36659E-04  5.05898E-03  2.09108E-03  1.39338E-04  8.35346E-04  2.30616E-04
  6274.00000  1.18053E-01  0.00000E+00  1.87696E-02  7.51532E-02  4.16998E-03  1.06732E-02  9.36355E-04  5.05608E-03  2.09023E-03  1.39293E-04  8.34882E-04  2.30523E-04
  6275.00000  1.18004E-01  0.00000E+00  1.87642E-02  7.51194E-02  4.16865E-03  1.06688E-02  9.36051E-04  5.05319E-03  2.08938E-03  1.39249E-04  8.34419E-04  2.30431E-04
  6276.00000  1.17954E-01  0.00000E+00  1.87588E-02  7.50856E-02  4.16732E-03  1.06645E-02  9.35747E-04  5.05030E-03  2.08854E-03  1.39204E-04  8.33957E-04  2.30338E-04
  6277.00000  1.17905E-01  0.00000E+00  1.87534E-02  7.50518E-02  4.16599E-03  1.06601E-02  9.35443E-04  5.04741E-03  2.08769E-03  1.39159E-04  8.33494E-04  2.30246E-04
  6278.00000  1.17855E-01  0.00000E+00  1.87479E-02  7.50181E-02  4.16467E-03  1.06558E-02  9.35139E-04  5.04453E-03  2.08685E-03  1.39114E-04  8.33032E-04  2.30154E-04
  6279.00000  1.17806E-01  0.00000E+00  1.87425E-02  7.49843E-02  4.16334E-03  1.06515E-02  9.34835E-04  5.04165E-03  2.08600E-03  1.39069E-04  8.32570E-04  2.30061E-04
  6280.00000  1.17756E-01  0.00000E+00  1.87371E-02  7.49506E-02  4.16202E-03  1.06471E-02  9.34532E-04  5.03876E-03  2.08516E-03  1.39025E-04  8.32109E-04  2.29969E-04
  6281.00000  1.17707E-01  0.00000E+00  1.87317E-02  7.49169E-02  4.16069E-03  1.06428E-02  9.34228E-04  5.03589E-03  2.08431E-03  1.38980E-04  8.31648E-04  2.29877E-04
  6282.00000  1.17658E-01  0.00000E+00  1.87263E-02  7.48832E-02  4.15937E-03  1.06385E-02  9.33925E-04  5.03301E-03  2.08347E-03  1.38935E-04  8.31187E-04  2.29784E-04
  6283.00000  1.17608E-01  0.00000E+00  1.87209E-02  7.48496E-02  4.15805E-03  1.06342E-02  9.33622E-04  5.03013E-03  2.08263E-03  1.38890E-04  8.30726E-04  2.29692E-04
  6284.00000  1.17559E-01  0.00000E+00  1.87155E-02  7.48159E-02  4.15673E-03  1.06299E-02  9.33319E-04  5.02726E-03  2.08178E-03  1.38846E-04  8.30266E-04  2.29600E-04
  6285.00000  1.17510E-01  0.00000E+00  1.87101E-02  7.47823E-02  4.15540E-03  1.06255E-02  9.33016E-04  5.02439E-03  2.08094E-03  1.38801E-04  8.29806E-04  2.29508E-04
  6286.00000  1.17461E-01  0.00000E+00  1.87047E-02  7.47487E-02  4.15408E-03  1.06212E-02  9.32714E-04  5.02152E-03  2.08010E-03  1.38756E-04  8.29347E-04  2.29416E-04
  6287.00000  1.17411E-01  0.00000E+00  1.86993E-02  7.47151E-02  4.15276E-03  1.06169E-02  9.32411E-04  5.01865E-03  2.07926E-03  1.38712E-04  8.28887E-04  2.29324E-04
  6288.00000  1.17362E-01  0.00000E+00  1.86939E-02  7.46815E-02  4.15144E-03  1.06126E-02  9.32109E-04  5.01579E-03  2.07842E-03  1.38667E-04  8.28429E-04  2.29232E-04
  6289.00000  1.17313E-01  0.00000E+00  1.86885E-02  7.46480E-02  4.15012E-03  1.06083E-02  9.31807E-04  5.01292E-03  2.07758E-03  1.38622E-04  8.27970E-04  2.29140E-04
  6290.00000  1.17264E-01  0.00000E+00  1.86831E-02  7.46145E-02  4.14881E-03  1.06040E-02  9.31505E-04  5.01006E-03  2.07674E-03  1.38578E-04  8.27512E-04  2.29048E-04
  6291.00000  1.17215E-01  0.00000E+00  1.86777E-02  7.45809E-02  4.14749E-03  1.05997E-02  9.31203E-04  5.00720E-03  2.07590E-03  1.38533E-04  8.27054E-04  2.28956E-04
  6292.00000  1.17166E-01  0.00000E+00  1.86723E-02  7.45475E-02  4.14617E-03  1.05954E-02  9.30901E-04  5.00434E-03  2.07506E-03  1.38489E-04  8.26596E-04  2.28864E-04
  6293.00000  1.17116E-01  0.00000E+00  1.86669E-02  7.45140E-02  4.14485E-03  1.05911E-02  9.30600E-04  5.00149E-03  2.07422E-03  1.38444E-04  8.26139E-04  2.28772E-04
  6294.00000  1.17067E-01  0.00000E+00  1.86615E-02  7.44806E-02  4.14354E-03  1.05868E-02  9.30298E-04  4.99864E-03  2.07338E-03  1.38400E-04  8.25682E-04  2.28681E-04
  6295.00000  1.17018E-01  0.00000E+00  1.86561E-02  7.44471E-02  4.14222E-03  1.05825E-02  9.29997E-04  4.99578E-03  2.07254E-03  1.38355E-04  8.25225E-04  2.28589E-04
  6296.00000  1.16969E-01  0.00000E+00  1.86507E-02  7.44137E-02  4.14091E-03  1.05782E-02  9.29696E-04  4.99293E-03  2.07170E-03  1.38311E-04  8.24769E-04  2.28497E-04
  6297.00000  1.16921E-01  0.00000E+00  1.86453E-02  7.43803E-02  4.13959E-03  1.05739E-02  9.29395E-04  4.99009E-03  2.07087E-03  1.38266E-04  8.24313E-04  2.28406E-04
  6298.00000  1.16872E-01  0.00000E+00  1.86400E-02  7.43470E-02  4.13828E-03  1.05696E-02  9.29094E-04  4.98724E-03  2.07003E-03  1.38222E-04  8.23857E-04  2.28314E-04
  6299.00000  1.16823E-01  0.00000E+00  1.86346E-02  7.43136E-02  4.13697E-03  1.05653E-02  9.28793E-04  4.98440E-03  2.06919E-03  1.38177E-04  8.23402E-04  2.28223E-04
  6300.00000  1.16774E-01  0.00000E+00  1.86292E-02  7.42803E-02  4.13565E-03  1.05610E-02  9.28493E-04  4.98156E-03  2.06836E-03  1.38133E-04  8.22947E-04  2.28131E-04
  6301.00000  1.16725E-01  0.00000E+00  1.86238E-02  7.42470E-02  4.13434E-03  1.05568E-02  9.28192E-04  4.97872E-03  2.06752E-03  1.38088E-04  8.22492E-04  2.28040E-04
  6302.00000  1.16676E-01  0.00000E+00  1.86184E-02  7.42137E-02  4.13303E-03  1.05525E-02  9.27892E-04  4.97588E-03  2.06669E-03  1.38044E-04  8.22037E-04  2.27948E-04
  6303.00000  1.16627E-01  0.00000E+00  1.86131E-02  7.41804E-02  4.13172E-03  1.05482E-02  9.27592E-04  4.97304E-03  2.06585E-03  1.38000E-04  8.21583E-04  2.27857E-04
  6304.00000  1.16579E-01  0.00000E+00  1.86077E-02  7.41472E-02  4.13041E-03  1.05439E-02  9.27292E-04  4.97021E-03  2.06502E-03  1.37955E-04  8.21129E-04  2.27766E-04
  6305.00000  1.16530E-01  0.00000E+00  1.86023E-02  7.41140E-02  4.12910E-03  1.05397E-02  9.26992E-04  4.96738E-03  2.06419E-03  1.37911E-04  8.20676E-04  2.27674E-04
  6306.00000  1.16481E-01  0.00000E+00  1.85970E-02  7.40808E-02  4.12779E-03  1.05354E-02  9.26692E-04  4.96455E-03  2.06336E-03  1.37867E-04  8.20223E-04  2.27583E-04
  6307.00000  1.16433E-01  0.00000E+00  1.85916E-02  7.40476E-02  4.12648E-03  1.05311E-02  9.26392E-04  4.96172E-03  2.06252E-03  1.37822E-04  8.19770E-04  2.27492E-04
  6308.00000  1.16384E-01  0.00000E+00  1.85862E-02  7.40144E-02  4.12518E-03  1.05269E-02  9.26093E-04  4.95890E-03  2.06169E-03  1.37778E-04  8.19317E-04  2.27401E-04
  6309.00000  1.16335E-01  0.00000E+00  1.85809E-02  7.39813E-02  4.12387E-03  1.05226E-02  9.25794E-04  4.95607E-03  2.06086E-03  1.37734E-04  8.18865E-04  2.27310E-04
  6310.00000  1.16287E-01  0.00000E+00  1.85755E-02  7.39481E-02  4.12256E-03  1.05183E-02  9.25495E-04  4.95325E-03  2.06003E-03  1.37689E-04  8.18413E-04  2.27219E-04
  6311.00000  1.16238E-01  0.00000E+00  1.85702E-02  7.39150E-02  4.12126E-03  1.05141E-02  9.25195E-04  4.95043E-03  2.05920E-03  1.37645E-04  8.17961E-04  2.27127E-04
  6312.00000  1.16190E-01  0.00000E+00  1.85648E-02  7.38820E-02  4.11995E-03  1.05098E-02  9.24897E-04  4.94762E-03  2.05837E-03  1.37601E-04  8.17510E-04  2.27036E-04
  6313.00000  1.16141E-01  0.00000E+00  1.85595E-02  7.38489E-02  4.11865E-03  1.05056E-02  9.24598E-04  4.94480E-03  2.05754E-03  1.37557E-04  8.17059E-04  2.26946E-04
  6314.00000  1.16093E-01  0.00000E+00  1.85541E-02  7.38159E-02  4.11734E-03  1.05013E-02  9.24299E-04  4.94199E-03  2.05671E-03  1.37512E-04  8.16608E-04  2.26855E-04
  6315.00000  1.16044E-01  0.00000E+00  1.85488E-02  7.37828E-02  4.11604E-03  1.04971E-02  9.24001E-04  4.93918E-03  2.05588E-03  1.37468E-04  8.16158E-04  2.26764E-04
  6316.00000  1.15996E-01  0.00000E+00  1.85434E-02  7.37498E-02  4.11473E-03  1.04928E-02  9.23702E-04  4.93637E-03  2.05505E-03  1.37424E-04  8.15707E-04  2.26673E-04
  6317.00000  1.15947E-01  0.00000E+00  1.85381E-02  7.37169E-02  4.11343E-03  1.04886E-02  9.23404E-04  4.93356E-03  2.05422E-03  1.37380E-04  8.15257E-04  2.26582E-04
  6318.00000  1.15899E-01  0.00000E+00  1.85327E-02  7.36839E-02  4.11213E-03  1.04843E-02  9.23106E-04  4.93076E-03  2.05340E-03  1.37336E-04  8.14808E-04  2.26491E-04
  6319.00000  1.15851E-01  0.00000E+00  1.85274E-02  7.36510E-02  4.11083E-03  1.04801E-02  9.22808E-04  4.92795E-03  2.05257E-03  1.37292E-04  8.14359E-04  2.26401E-04
  6320.00000  1.15802E-01  0.00000E+00  1.85221E-02  7.36181E-02  4.10953E-03  1.04759E-02  9.22510E-04  4.92515E-03  2.05174E-03  1.37247E-04  8.13910E-04  2.26310E-04
  6321.00000  1.15754E-01  0.00000E+00  1.85167E-02  7.35852E-02  4.10823E-03  1.04716E-02  9.22212E-04  4.92235E-03  2.05092E-03  1.37203E-04  8.13461E-04  2.26219E-04
  6322.00000  1.15706E-01  0.00000E+00  1.85114E-02  7.35523E-02  4.10693E-03  1.04674E-02  9.21915E-04  4.91955E-03  2.05009E-03  1.37159E-04  8.13013E-04  2.26129E-04
  6323.00000  1.15658E-01  0.00000E+00  1.85061E-02  7.35194E-02  4.10563E-03  1.04632E-02  9.21617E-04  4.91676E-03  2.04927E-03  1.37115E-04  8.12565E-04  2.26038E-04
  6324.00000  1.15610E-01  0.00000E+00  1.85008E-02  7.34866E-02  4.10433E-03  1.04589E-02  9.21320E-04  4.91397E-03  2.04844E-03  1.37071E-04  8.12117E-04  2.25947E-04
  6325.00000  1.15561E-01  0.00000E+00  1.84954E-02  7.34538E-02  4.10303E-03  1.04547E-02  9.21023E-04  4.91118E-03  2.04762E-03  1.37027E-04  8.11669E-04  2.25857E-04
  6326.00000  1.15513E-01  0.00000E+00  1.84901E-02  7.34210E-02  4.10173E-03  1.04505E-02  9.20726E-04  4.90839E-03  2.04679E-03  1.36983E-04  8.11222E-04  2.25766E-04
  6327.00000  1.15465E-01  0.00000E+00  1.84848E-02  7.33883E-02  4.10044E-03  1.04463E-02  9.20429E-04  4.90560E-03  2.04597E-03  1.36939E-04  8.10775E-04  2.25676E-04
  6328.00000  1.15417E-01  0.00000E+00  1.84795E-02  7.33555E-02  4.09914E-03  1.04420E-02  9.20132E-04  4.90281E-03  2.04515E-03  1.36895E-04  8.10329E-04  2.25586E-04
  6329.00000  1.15369E-01  0.00000E+00  1.84742E-02  7.33228E-02  4.09784E-03  1.04378E-02  9.19836E-04  4.90003E-03  2.04432E-03  1.36851E-04  8.09883E-04  2.25495E-04
  6330.00000  1.15321E-01  0.00000E+00  1.84689E-02  7.32901E-02  4.09655E-03  1.04336E-02  9.19539E-04  4.89725E-03  2.04350E-03  1.36807E-04  8.09437E-04  2.25405E-04
  6331.00000  1.15273E-01  0.00000E+00  1.84636E-02  7.32574E-02  4.09526E-03  1.04294E-02  9.19243E-04  4.89447E-03  2.04268E-03  1.36763E-04  8.08991E-04  2.25315E-04
  6332.00000  1.15225E-01  0.00000E+00  1.84583E-02  7.32248E-02  4.09396E-03  1.04252E-02  9.18946E-04  4.89169E-03  2.04186E-03  1.36719E-04  8.08546E-04  2.25224E-04
  6333.00000  1.15177E-01  0.00000E+00  1.84530E-02  7.31921E-02  4.09267E-03  1.04210E-02  9.18650E-04  4.88892E-03  2.04104E-03  1.36675E-04  8.08101E-04  2.25134E-04
  6334.00000  1.15129E-01  0.00000E+00  1.84477E-02  7.31595E-02  4.09137E-03  1.04168E-02  9.18354E-04  4.88614E-03  2.04022E-03  1.36631E-04  8.07656E-04  2.25044E-04
  6335.00000  1.15082E-01  0.00000E+00  1.84424E-02  7.31269E-02  4.09008E-03  1.04126E-02  9.18058E-04  4.88337E-03  2.03940E-03  1.36587E-04  8.07211E-04  2.24954E-04
  6336.00000  1.15034E-01  0.00000E+00  1.84371E-02  7.30943E-02  4.08879E-03  1.04084E-02  9.17763E-04  4.88060E-03  2.03858E-03  1.36543E-04  8.06767E-04  2.24864E-04
  6337.00000  1.14986E-01  0.00000E+00  1.84318E-02  7.30618E-02  4.08750E-03  1.04042E-02  9.17467E-04  4.87784E-03  2.03776E-03  1.36500E-04  8.06323E-04  2.24773E-04
  6338.00000  1.14938E-01  0.00000E+00  1.84265E-02  7.30293E-02  4.08621E-03  1.04000E-02  9.17172E-04  4.87507E-03  2.03694E-03  1.36456E-04  8.05880E-04  2.24683E-04
  6339.00000  1.14890E-01  0.00000E+00  1.84212E-02  7.29967E-02  4.08492E-03  1.03958E-02  9.16876E-04  4.87231E-03  2.03612E-03  1.36412E-04  8.05437E-04  2.24593E-04
  6340.00000  1.14843E-01  0.00000E+00  1.84160E-02  7.29643E-02  4.08363E-03  1.03916E-02  9.16581E-04  4.86954E-03  2.03530E-03  1.36368E-04  8.04994E-04  2.24503E-04
  6341.00000  1.14795E-01  0.00000E+00  1.84107E-02  7.29318E-02  4.08234E-03  1.03874E-02  9.16286E-04  4.86678E-03  2.03449E-03  1.36324E-04  8.04551E-04  2.24413E-04
  6342.00000  1.14747E-01  0.00000E+00  1.84054E-02  7.28993E-02  4.08105E-03  1.03832E-02  9.15991E-04  4.86403E-03  2.03367E-03  1.36280E-04  8.04109E-04  2.24323E-04
  6343.00000  1.14700E-01  0.00000E+00  1.84001E-02  7.28669E-02  4.07977E-03  1.03790E-02  9.15696E-04  4.86127E-03  2.03285E-03  1.36237E-04  8.03667E-04  2.24233E-04
  6344.00000  1.14652E-01  0.00000E+00  1.83949E-02  7.28345E-02  4.07848E-03  1.03748E-02  9.15402E-04  4.85852E-03  2.03204E-03  1.36193E-04  8.03225E-04  2.24144E-04
  6345.00000  1.14605E-01  0.00000E+00  1.83896E-02  7.28021E-02  4.07719E-03  1.03706E-02  9.15107E-04  4.85576E-03  2.03122E-03  1.36149E-04  8.02783E-04  2.24054E-04
  6346.00000  1.14557E-01  0.00000E+00  1.83843E-02  7.27698E-02  4.07591E-03  1.03664E-02  9.14813E-04  4.85301E-03  2.03040E-03  1.36105E-04  8.02342E-04  2.23964E-04
  6347.00000  1.14510E-01  0.00000E+00  1.83791E-02  7.27374E-02  4.07462E-03  1.03623E-02  9.14518E-04  4.85027E-03  2.02959E-03  1.36062E-04  8.01902E-04  2.23874E-04
  6348.00000  1.14462E-01  0.00000E+00  1.83738E-02  7.27051E-02  4.07334E-03  1.03581E-02  9.14224E-04  4.84752E-03  2.02877E-03  1.36018E-04  8.01461E-04  2.23784E-04
  6349.00000  1.14415E-01  0.00000E+00  1.83686E-02  7.26728E-02  4.07205E-03  1.03539E-02  9.13930E-04  4.84478E-03  2.02796E-03  1.35974E-04  8.01021E-04  2.23694E-04
  6350.00000  1.14367E-01  0.00000E+00  1.83633E-02  7.26406E-02  4.07077E-03  1.03497E-02  9.13637E-04  4.84203E-03  2.02715E-03  1.35931E-04  8.00581E-04  2.23605E-04
  6351.00000  1.14320E-01  0.00000E+00  1.83581E-02  7.26083E-02  4.06949E-03  1.03456E-02  9.13343E-04  4.83929E-03  2.02633E-03  1.35887E-04  8.00141E-04  2.23515E-04
  6352.00000  1.14273E-01  0.00000E+00  1.83528E-02  7.25761E-02  4.06821E-03  1.03414E-02  9.13049E-04  4.83655E-03  2.02552E-03  1.35843E-04  7.99702E-04  2.23425E-04
  6353.00000  1.14225E-01  0.00000E+00  1.83476E-02  7.25439E-02  4.06693E-03  1.03372E-02  9.12756E-04  4.83382E-03  2.02471E-03  1.35800E-04  7.99263E-04  2.23336E-04
  6354.00000  1.14178E-01  0.00000E+00  1.83424E-02  7.25117E-02  4.06564E-03  1.03331E-02  9.12463E-04  4.83108E-03  2.02390E-03  1.35756E-04  7.98824E-04  2.23246E-04
  6355.00000  1.14131E-01  0.00000E+00  1.83371E-02  7.24795E-02  4.06436E-03  1.03289E-02  9.12169E-04  4.82835E-03  2.02308E-03  1.35713E-04  7.98386E-04  2.23157E-04
  6356.00000  1.14084E-01  0.00000E+00  1.83319E-02  7.24474E-02  4.06308E-03  1.03248E-02  9.11876E-04  4.82562E-03  2.02227E-03  1.35669E-04  7.97948E-04  2.23067E-04
  6357.00000  1.14036E-01  0.00000E+00  1.83267E-02  7.24152E-02  4.06181E-03  1.03206E-02  9.11584E-04  4.82289E-03  2.02146E-03  1.35625E-04  7.97510E-04  2.22977E-04
  6358.00000  1.13989E-01  0.00000E+00  1.83215E-02  7.23831E-02  4.06053E-03  1.03164E-02  9.11291E-04  4.82016E-03  2.02065E-03  1.35582E-04  7.97073E-04  2.22888E-04
  6359.00000  1.13942E-01  0.00000E+00  1.83162E-02  7.23511E-02  4.05925E-03  1.03123E-02  9.10998E-04  4.81744E-03  2.01984E-03  1.35538E-04  7.96635E-04  2.22798E-04
  6360.00000  1.13895E-01  0.00000E+00  1.83110E-02  7.23190E-02  4.05797E-03  1.03081E-02  9.10706E-04  4.81471E-03  2.01903E-03  1.35495E-04  7.96199E-04  2.22709E-04
  6361.00000  1.13848E-01  0.00000E+00  1.83058E-02  7.22870E-02  4.05670E-03  1.03040E-02  9.10414E-04  4.81199E-03  2.01822E-03  1.35451E-04  7.95762E-04  2.22620E-04
  6362.00000  1.13801E-01  0.00000E+00  1.83006E-02  7.22549E-02  4.05542E-03  1.02999E-02  9.10122E-04  4.80927E-03  2.01741E-03  1.35408E-04  7.95326E-04  2.22530E-04
  6363.00000  1.13754E-01  0.00000E+00  1.82954E-02  7.22230E-02  4.05414E-03  1.02957E-02  9.09830E-04  4.80655E-03  2.01661E-03  1.35364E-04  7.94890E-04  2.22441E-04
  6364.00000  1.13707E-01  0.00000E+00  1.82902E-02  7.21910E-02  4.05287E-03  1.02916E-02  9.09538E-04  4.80384E-03  2.01580E-03  1.35321E-04  7.94454E-04  2.22351E-04
  6365.00000  1.13660E-01  0.00000E+00  1.82850E-02  7.21590E-02  4.05160E-03  1.02874E-02  9.09246E-04  4.80112E-03  2.01499E-03  1.35277E-04  7.94019E-04  2.22262E-04
  6366.00000  1.13613E-01  0.00000E+00  1.82798E-02  7.21271E-02  4.05032E-03  1.02833E-02  9.08954E-04  4.79841E-03  2.01418E-03  1.35234E-04  7.93584E-04  2.22173E-04
  6367.00000  1.13566E-01  0.00000E+00  1.82746E-02  7.20952E-02  4.04905E-03  1.02792E-02  9.08663E-04  4.79570E-03  2.01338E-03  1.35191E-04  7.93149E-04  2.22084E-04
  6368.00000  1.13519E-01  0.00000E+00  1.82694E-02  7.20633E-02  4.04778E-03  1.02750E-02  9.08372E-04  4.79299E-03  2.01257E-03  1.35147E-04  7.92714E-04  2.21994E-04
  6369.00000  1.13472E-01  0.00000E+00  1.82642E-02  7.20314E-02  4.04650E-03  1.02709E-02  9.08081E-04  4.79028E-03  2.01177E-03  1.35104E-04  7.92280E-04  2.21905E-04
  6370.00000  1.13426E-01  0.00000E+00  1.82590E-02  7.19996E-02  4.04523E-03  1.02668E-02  9.07790E-04  4.78758E-03  2.01096E-03  1.35060E-04  7.91846E-04  2.21816E-04
  6371.00000  1.13379E-01  0.00000E+00  1.82538E-02  7.19678E-02  4.04396E-03  1.02626E-02  9.07499E-04  4.78487E-03  2.01015E-03  1.35017E-04  7.91413E-04  2.21727E-04
  6372.00000  1.13332E-01  0.00000E+00  1.82486E-02  7.19360E-02  4.04269E-03  1.02585E-02  9.07208E-04  4.78217E-03  2.00935E-03  1.34974E-04  7.90980E-04  2.21638E-04
  6373.00000  1.13285E-01  0.00000E+00  1.82435E-02  7.19042E-02  4.04142E-03  1.02544E-02  9.06917E-04  4.77947E-03  2.00855E-03  1.34930E-04  7.90547E-04  2.21549E-04
  6374.00000  1.13239E-01  0.00000E+00  1.82383E-02  7.18724E-02  4.04015E-03  1.02503E-02  9.06627E-04  4.77678E-03  2.00774E-03  1.34887E-04  7.90114E-04  2.21460E-04
  6375.00000  1.13192E-01  0.00000E+00  1.82331E-02  7.18407E-02  4.03888E-03  1.02462E-02  9.06337E-04  4.77408E-03  2.00694E-03  1.34844E-04  7.89682E-04  2.21371E-04
  6376.00000  1.13145E-01  0.00000E+00  1.82279E-02  7.18089E-02  4.03762E-03  1.02421E-02  9.06046E-04  4.77139E-03  2.00614E-03  1.34800E-04  7.89250E-04  2.21282E-04
  6377.00000  1.13099E-01  0.00000E+00  1.82228E-02  7.17772E-02  4.03635E-03  1.02379E-02  9.05756E-04  4.76870E-03  2.00533E-03  1.34757E-04  7.88818E-04  2.21193E-04
  6378.00000  1.13052E-01  0.00000E+00  1.82176E-02  7.17456E-02  4.03508E-03  1.02338E-02  9.05466E-04  4.76601E-03  2.00453E-03  1.34714E-04  7.88386E-04  2.21104E-04
  6379.00000  1.13006E-01  0.00000E+00  1.82124E-02  7.17139E-02  4.03382E-03  1.02297E-02  9.05177E-04  4.76332E-03  2.00373E-03  1.34671E-04  7.87955E-04  2.21015E-04
  6380.00000  1.12959E-01  0.00000E+00  1.82073E-02  7.16823E-02  4.03255E-03  1.02256E-02  9.04887E-04  4.76063E-03  2.00293E-03  1.34627E-04  7.87524E-04  2.20926E-04
  6381.00000  1.12913E-01  0.00000E+00  1.82021E-02  7.16506E-02  4.03129E-03  1.02215E-02  9.04597E-04  4.75795E-03  2.00213E-03  1.34584E-04  7.87093E-04  2.20837E-04
  6382.00000  1.12866E-01  0.00000E+00  1.81970E-02  7.16190E-02  4.03002E-03  1.02174E-02  9.04308E-04  4.75527E-03  2.00133E-03  1.34541E-04  7.86663E-04  2.20748E-04
  6383.00000  1.12820E-01  0.00000E+00  1.81918E-02  7.15875E-02  4.02876E-03  1.02133E-02  9.04019E-04  4.75259E-03  2.00053E-03  1.34498E-04  7.86233E-04  2.20660E-04
  6384.00000  1.12774E-01  0.00000E+00  1.81867E-02  7.15559E-02  4.02749E-03  1.02092E-02  9.03730E-04  4.74991E-03  1.99973E-03  1.34454E-04  7.85803E-04  2.20571E-04
  6385.00000  1.12727E-01  0.00000E+00  1.81816E-02  7.15244E-02  4.02623E-03  1.02051E-02  9.03441E-04  4.74723E-03  1.99893E-03  1.34411E-04  7.85374E-04  2.20482E-04
  6386.00000  1.12681E-01  0.00000E+00  1.81764E-02  7.14929E-02  4.02497E-03  1.02010E-02  9.03152E-04  4.74456E-03  1.99813E-03  1.34368E-04  7.84945E-04  2.20393E-04
  6387.00000  1.12635E-01  0.00000E+00  1.81713E-02  7.14614E-02  4.02371E-03  1.01969E-02  9.02863E-04  4.74188E-03  1.99734E-03  1.34325E-04  7.84516E-04  2.20305E-04
  6388.00000  1.12588E-01  0.00000E+00  1.81661E-02  7.14299E-02  4.02244E-03  1.01929E-02  9.02575E-04  4.73921E-03  1.99654E-03  1.34282E-04  7.84087E-04  2.20216E-04
  6389.00000  1.12542E-01  0.00000E+00  1.81610E-02  7.13984E-02  4.02118E-03  1.01888E-02  9.02286E-04  4.73654E-03  1.99574E-03  1.34239E-04  7.83659E-04  2.20128E-04
  6390.00000  1.12496E-01  0.00000E+00  1.81559E-02  7.13670E-02  4.01992E-03  1.01847E-02  9.01998E-04  4.73388E-03  1.99495E-03  1.34196E-04  7.83231E-04  2.20039E-04
  6391.00000  1.12450E-01  0.00000E+00  1.81508E-02  7.13356E-02  4.01866E-03  1.01806E-02  9.01710E-04  4.73121E-03  1.99415E-03  1.34152E-04  7.82803E-04  2.19951E-04
  6392.00000  1.12403E-01  0.00000E+00  1.81456E-02  7.13042E-02  4.01740E-03  1.01765E-02  9.01421E-04  4.72855E-03  1.99335E-03  1.34109E-04  7.82376E-04  2.19862E-04
  6393.00000  1.12357E-01  0.00000E+00  1.81405E-02  7.12728E-02  4.01614E-03  1.01724E-02  9.01133E-04  4.72589E-03  1.99256E-03  1.34066E-04  7.81948E-04  2.19774E-04
  6394.00000  1.12311E-01  0.00000E+00  1.81354E-02  7.12414E-02  4.01489E-03  1.01684E-02  9.00846E-04  4.72323E-03  1.99176E-03  1.34023E-04  7.81521E-04  2.19685E-04
  6395.00000  1.12265E-01  0.00000E+00  1.81303E-02  7.12101E-02  4.01363E-03  1.01643E-02  9.00558E-04  4.72057E-03  1.99097E-03  1.33980E-04  7.81095E-04  2.19597E-04
  6396.00000  1.12219E-01  0.00000E+00  1.81252E-02  7.11788E-02  4.01237E-03  1.01602E-02  9.00270E-04  4.71791E-03  1.99017E-03  1.33937E-04  7.80669E-04  2.19509E-04
  6397.00000  1.12173E-01  0.00000E+00  1.81201E-02  7.11475E-02  4.01112E-03  1.01562E-02  8.99983E-04  4.71526E-03  1.98938E-03  1.33894E-04  7.80242E-04  2.19420E-04
  6398.00000  1.12127E-01  0.00000E+00  1.81150E-02  7.11162E-02  4.00986E-03  1.01521E-02  8.99696E-04  4.71261E-03  1.98859E-03  1.33851E-04  7.79817E-04  2.19332E-04
  6399.00000  1.12081E-01  0.00000E+00  1.81099E-02  7.10850E-02  4.00860E-03  1.01480E-02  8.99408E-04  4.70996E-03  1.98780E-03  1.33808E-04  7.79391E-04  2.19244E-04
  6400.00000  1.12035E-01  0.00000E+00  1.81048E-02  7.10537E-02  4.00735E-03  1.01440E-02  8.99121E-04  4.70731E-03  1.98700E-03  1.33765E-04  7.78966E-04  2.19156E-04
  6401.00000  1.11989E-01  0.00000E+00  1.80997E-02  7.10225E-02  4.00610E-03  1.01399E-02  8.98834E-04  4.70466E-03  1.98621E-03  1.33722E-04  7.78541E-04  2.19068E-04
  6402.00000  1.11943E-01  0.00000E+00  1.80946E-02  7.09913E-02  4.00484E-03  1.01358E-02  8.98548E-04  4.70202E-03  1.98542E-03  1.33679E-04  7.78116E-04  2.18980E-04
  6403.00000  1.11897E-01  0.00000E+00  1.80895E-02  7.09601E-02  4.00359E-03  1.01318E-02  8.98261E-04  4.69938E-03  1.98463E-03  1.33636E-04  7.77692E-04  2.18892E-04
  6404.00000  1.11852E-01  0.00000E+00  1.80844E-02  7.09290E-02  4.00234E-03  1.01277E-02  8.97974E-04  4.69674E-03  1.98384E-03  1.33593E-04  7.77268E-04  2.18804E-04
  6405.00000  1.11806E-01  0.00000E+00  1.80793E-02  7.08978E-02  4.00108E-03  1.01237E-02  8.97688E-04  4.69410E-03  1.98305E-03  1.33550E-04  7.76844E-04  2.18716E-04
  6406.00000  1.11760E-01  0.00000E+00  1.80742E-02  7.08667E-02  3.99983E-03  1.01196E-02  8.97401E-04  4.69146E-03  1.98226E-03  1.33508E-04  7.76421E-04  2.18628E-04
  6407.00000  1.11714E-01  0.00000E+00  1.80692E-02  7.08356E-02  3.99858E-03  1.01156E-02  8.97115E-04  4.68883E-03  1.98147E-03  1.33465E-04  7.75997E-04  2.18540E-04
  6408.00000  1.11669E-01  0.00000E+00  1.80641E-02  7.08045E-02  3.99733E-03  1.01115E-02  8.96829E-04  4.68619E-03  1.98068E-03  1.33422E-04  7.75575E-04  2.18452E-04
  6409.00000  1.11623E-01  0.00000E+00  1.80590E-02  7.07735E-02  3.99608E-03  1.01075E-02  8.96543E-04  4.68356E-03  1.97989E-03  1.33379E-04  7.75152E-04  2.18364E-04
  6410.00000  1.11577E-01  0.00000E+00  1.80539E-02  7.07424E-02  3.99483E-03  1.01034E-02  8.96257E-04  4.68093E-03  1.97910E-03  1.33336E-04  7.74729E-04  2.18276E-04
  6411.00000  1.11532E-01  0.00000E+00  1.80489E-02  7.07114E-02  3.99358E-03  1.00994E-02  8.95972E-04  4.67830E-03  1.97831E-03  1.33293E-04  7.74307E-04  2.18189E-04
  6412.00000  1.11486E-01  0.00000E+00  1.80438E-02  7.06804E-02  3.99234E-03  1.00954E-02  8.95686E-04  4.67568E-03  1.97753E-03  1.33250E-04  7.73886E-04  2.18101E-04
  6413.00000  1.11440E-01  0.00000E+00  1.80387E-02  7.06494E-02  3.99109E-03  1.00913E-02  8.95401E-04  4.67305E-03  1.97674E-03  1.33208E-04  7.73464E-04  2.18013E-04
  6414.00000  1.11395E-01  0.00000E+00  1.80337E-02  7.06185E-02  3.98984E-03  1.00873E-02  8.95115E-04  4.67043E-03  1.97595E-03  1.33165E-04  7.73043E-04  2.17926E-04
  6415.00000  1.11349E-01  0.00000E+00  1.80286E-02  7.05875E-02  3.98859E-03  1.00833E-02  8.94830E-04  4.66781E-03  1.97517E-03  1.33122E-04  7.72622E-04  2.17838E-04
  6416.00000  1.11304E-01  0.00000E+00  1.80236E-02  7.05566E-02  3.98735E-03  1.00792E-02  8.94545E-04  4.66519E-03  1.97438E-03  1.33079E-04  7.72201E-04  2.17751E-04
  6417.00000  1.11258E-01  0.00000E+00  1.80185E-02  7.05257E-02  3.98610E-03  1.00752E-02  8.94260E-04  4.66257E-03  1.97359E-03  1.33037E-04  7.71781E-04  2.17663E-04
  6418.00000  1.11213E-01  0.00000E+00  1.80134E-02  7.04948E-02  3.98486E-03  1.00712E-02  8.93975E-04  4.65996E-03  1.97281E-03  1.32994E-04  7.71361E-04  2.17576E-04
  6419.00000  1.11167E-01  0.00000E+00  1.80084E-02  7.04639E-02  3.98362E-03  1.00671E-02  8.93691E-04  4.65734E-03  1.97202E-03  1.32951E-04  7.70941E-04  2.17488E-04
  6420.00000  1.11122E-01  0.00000E+00  1.80033E-02  7.04330E-02  3.98237E-03  1.00631E-02  8.93406E-04  4.65473E-03  1.97124E-03  1.32909E-04  7.70521E-04  2.17401E-04
  6421.00000  1.11077E-01  0.00000E+00  1.79983E-02  7.04022E-02  3.98113E-03  1.00591E-02  8.93122E-04  4.65212E-03  1.97046E-03  1.32866E-04  7.70102E-04  2.17314E-04
  6422.00000  1.11031E-01  0.00000E+00  1.79933E-02  7.03714E-02  3.97989E-03  1.00551E-02  8.92838E-04  4.64952E-03  1.96967E-03  1.32823E-04  7.69683E-04  2.17226E-04
  6423.00000  1.10986E-01  0.00000E+00  1.79882E-02  7.03406E-02  3.97865E-03  1.00511E-02  8.92553E-04  4.64691E-03  1.96889E-03  1.32781E-04  7.69264E-04  2.17139E-04
  6424.00000  1.10941E-01  0.00000E+00  1.79832E-02  7.03098E-02  3.97740E-03  1.00471E-02  8.92269E-04  4.64430E-03  1.96811E-03  1.32738E-04  7.68846E-04  2.17052E-04
  6425.00000  1.10895E-01  0.00000E+00  1.79781E-02  7.02790E-02  3.97616E-03  1.00431E-02  8.91985E-04  4.64170E-03  1.96733E-03  1.32695E-04  7.68428E-04  2.16965E-04
  6426.00000  1.10850E-01  0.00000E+00  1.79731E-02  7.02483E-02  3.97492E-03  1.00390E-02  8.91702E-04  4.63910E-03  1.96654E-03  1.32653E-04  7.68010E-04  2.16878E-04
  6427.00000  1.10805E-01  0.00000E+00  1.79681E-02  7.02175E-02  3.97369E-03  1.00350E-02  8.91418E-04  4.63650E-03  1.96576E-03  1.32610E-04  7.67592E-04  2.16791E-04
  6428.00000  1.10760E-01  0.00000E+00  1.79630E-02  7.01868E-02  3.97245E-03  1.00310E-02  8.91135E-04  4.63390E-03  1.96498E-03  1.32568E-04  7.67175E-04  2.16704E-04
  6429.00000  1.10715E-01  0.00000E+00  1.79580E-02  7.01561E-02  3.97121E-03  1.00270E-02  8.90851E-04  4.63131E-03  1.96420E-03  1.32525E-04  7.66758E-04  2.16617E-04
  6430.00000  1.10669E-01  0.00000E+00  1.79530E-02  7.01254E-02  3.96997E-03  1.00230E-02  8.90568E-04  4.62871E-03  1.96342E-03  1.32482E-04  7.66342E-04  2.16530E-04
  6431.00000  1.10624E-01  0.00000E+00  1.79480E-02  7.00948E-02  3.96873E-03  1.00190E-02  8.90285E-04  4.62612E-03  1.96264E-03  1.32440E-04  7.65925E-04  2.16443E-04
  6432.00000  1.10579E-01  0.00000E+00  1.79430E-02  7.00641E-02  3.96750E-03  1.00150E-02  8.90002E-04  4.62353E-03  1.96186E-03  1.32397E-04  7.65509E-04  2.16356E-04
  6433.00000  1.10534E-01  0.00000E+00  1.79379E-02  7.00335E-02  3.96626E-03  1.00110E-02  8.89719E-04  4.62094E-03  1.96108E-03  1.32355E-04  7.65093E-04  2.16269E-04
  6434.00000  1.10489E-01  0.00000E+00  1.79329E-02  7.00029E-02  3.96503E-03  1.00071E-02  8.89437E-04  4.61836E-03  1.96030E-03  1.32312E-04  7.64678E-04  2.16182E-04
  6435.00000  1.10444E-01  0.00000E+00  1.79279E-02  6.99723E-02  3.96379E-03  1.00031E-02  8.89154E-04  4.61577E-03  1.95952E-03  1.32270E-04  7.64262E-04  2.16095E-04
  6436.00000  1.10399E-01  0.00000E+00  1.79229E-02  6.99417E-02  3.96256E-03  9.99908E-03  8.88872E-04  4.61319E-03  1.95875E-03  1.32228E-04  7.63848E-04  2.16009E-04
  6437.00000  1.10354E-01  0.00000E+00  1.79179E-02  6.99112E-02  3.96132E-03  9.99509E-03  8.88589E-04  4.61061E-03  1.95797E-03  1.32185E-04  7.63433E-04  2.15922E-04
  6438.00000  1.10309E-01  0.00000E+00  1.79129E-02  6.98806E-02  3.96009E-03  9.99111E-03  8.88307E-04  4.60803E-03  1.95719E-03  1.32143E-04  7.63018E-04  2.15835E-04
  6439.00000  1.10264E-01  0.00000E+00  1.79079E-02  6.98501E-02  3.95886E-03  9.98713E-03  8.88025E-04  4.60545E-03  1.95641E-03  1.32100E-04  7.62604E-04  2.15749E-04
  6440.00000  1.10219E-01  0.00000E+00  1.79029E-02  6.98196E-02  3.95763E-03  9.98315E-03  8.87743E-04  4.60287E-03  1.95564E-03  1.32058E-04  7.62190E-04  2.15662E-04
  6441.00000  1.10175E-01  0.00000E+00  1.78979E-02  6.97891E-02  3.95639E-03  9.97918E-03  8.87462E-04  4.60030E-03  1.95486E-03  1.32016E-04  7.61777E-04  2.15576E-04
  6442.00000  1.10130E-01  0.00000E+00  1.78929E-02  6.97587E-02  3.95516E-03  9.97520E-03  8.87180E-04  4.59773E-03  1.95409E-03  1.31973E-04  7.61364E-04  2.15489E-04
  6443.00000  1.10085E-01  0.00000E+00  1.78879E-02  6.97282E-02  3.95393E-03  9.97123E-03  8.86899E-04  4.59516E-03  1.95331E-03  1.31931E-04  7.60951E-04  2.15403E-04
  6444.00000  1.10040E-01  0.00000E+00  1.78829E-02  6.96978E-02  3.95270E-03  9.96726E-03  8.86617E-04  4.59259E-03  1.95254E-03  1.31888E-04  7.60538E-04  2.15317E-04
  6445.00000  1.09995E-01  0.00000E+00  1.78779E-02  6.96674E-02  3.95147E-03  9.96329E-03  8.86336E-04  4.59002E-03  1.95176E-03  1.31846E-04  7.60126E-04  2.15230E-04
  6446.00000  1.09951E-01  0.00000E+00  1.78729E-02  6.96370E-02  3.95025E-03  9.95933E-03  8.86055E-04  4.58745E-03  1.95099E-03  1.31804E-04  7.59713E-04  2.15144E-04
  6447.00000  1.09906E-01  0.00000E+00  1.78679E-02  6.96066E-02  3.94902E-03  9.95536E-03  8.85774E-04  4.58489E-03  1.95022E-03  1.31762E-04  7.59302E-04  2.15058E-04
  6448.00000  1.09861E-01  0.00000E+00  1.78629E-02  6.95762E-02  3.94779E-03  9.95140E-03  8.85493E-04  4.58233E-03  1.94944E-03  1.31719E-04  7.58890E-04  2.14972E-04
  6449.00000  1.09816E-01  0.00000E+00  1.78579E-02  6.95458E-02  3.94656E-03  9.94744E-03  8.85213E-04  4.57977E-03  1.94867E-03  1.31677E-04  7.58479E-04  2.14886E-04
  6450.00000  1.09772E-01  0.00000E+00  1.78529E-02  6.95155E-02  3.94534E-03  9.94348E-03  8.84932E-04  4.57721E-03  1.94790E-03  1.31635E-04  7.58068E-04  2.14799E-04
  6451.00000  1.09727E-01  0.00000E+00  1.78479E-02  6.94852E-02  3.94411E-03  9.93953E-03  8.84652E-04  4.57465E-03  1.94713E-03  1.31593E-04  7.57657E-04  2.14713E-04
  6452.00000  1.09683E-01  0.00000E+00  1.78429E-02  6.94549E-02  3.94288E-03  9.93558E-03  8.84372E-04  4.57210E-03  1.94635E-03  1.31550E-04  7.57246E-04  2.14627E-04
  6453.00000  1.09638E-01  0.00000E+00  1.78380E-02  6.94246E-02  3.94166E-03  9.93162E-03  8.84092E-04  4.56954E-03  1.94558E-03  1.31508E-04  7.56836E-04  2.14541E-04
  6454.00000  1.09593E-01  0.00000E+00  1.78330E-02  6.93943E-02  3.94043E-03  9.92767E-03  8.83812E-04  4.56699E-03  1.94481E-03  1.31466E-04  7.56426E-04  2.14456E-04
  6455.00000  1.09549E-01  0.00000E+00  1.78280E-02  6.93641E-02  3.93921E-03  9.92373E-03  8.83532E-04  4.56444E-03  1.94404E-03  1.31424E-04  7.56017E-04  2.14370E-04
  6456.00000  1.09504E-01  0.00000E+00  1.78230E-02  6.93338E-02  3.93799E-03  9.91978E-03  8.83252E-04  4.56190E-03  1.94327E-03  1.31382E-04  7.55607E-04  2.14284E-04
  6457.00000  1.09460E-01  0.00000E+00  1.78180E-02  6.93036E-02  3.93676E-03  9.91584E-03  8.82972E-04  4.55935E-03  1.94250E-03  1.31339E-04  7.55198E-04  2.14198E-04
  6458.00000  1.09415E-01  0.00000E+00  1.78131E-02  6.92734E-02  3.93554E-03  9.91190E-03  8.82693E-04  4.55681E-03  1.94174E-03  1.31297E-04  7.54789E-04  2.14112E-04
  6459.00000  1.09371E-01  0.00000E+00  1.78081E-02  6.92432E-02  3.93432E-03  9.90796E-03  8.82413E-04  4.55426E-03  1.94097E-03  1.31255E-04  7.54381E-04  2.14027E-04
  6460.00000  1.09326E-01  0.00000E+00  1.78031E-02  6.92130E-02  3.93310E-03  9.90402E-03  8.82134E-04  4.55172E-03  1.94020E-03  1.31213E-04  7.53972E-04  2.13941E-04
  6461.00000  1.09282E-01  0.00000E+00  1.77982E-02  6.91829E-02  3.93188E-03  9.90008E-03  8.81855E-04  4.54918E-03  1.93943E-03  1.31171E-04  7.53564E-04  2.13855E-04
  6462.00000  1.09238E-01  0.00000E+00  1.77932E-02  6.91527E-02  3.93066E-03  9.89615E-03  8.81576E-04  4.54665E-03  1.93866E-03  1.31129E-04  7.53157E-04  2.13770E-04
  6463.00000  1.09193E-01  0.00000E+00  1.77882E-02  6.91226E-02  3.92944E-03  9.89222E-03  8.81297E-04  4.54411E-03  1.93790E-03  1.31087E-04  7.52749E-04  2.13684E-04
  6464.00000  1.09149E-01  0.00000E+00  1.77833E-02  6.90925E-02  3.92822E-03  9.88829E-03  8.81018E-04  4.54158E-03  1.93713E-03  1.31045E-04  7.52342E-04  2.13599E-04
  6465.00000  1.09105E-01  0.00000E+00  1.77783E-02  6.90624E-02  3.92700E-03  9.88436E-03  8.80740E-04  4.53905E-03  1.93636E-03  1.31003E-04  7.51935E-04  2.13513E-04
  6466.00000  1.09060E-01  0.00000E+00  1.77733E-02  6.90323E-02  3.92578E-03  9.88044E-03  8.80461E-04  4.53652E-03  1.93560E-03  1.30961E-04  7.51528E-04  2.13428E-04
  6467.00000  1.09016E-01  0.00000E+00  1.77684E-02  6.90023E-02  3.92456E-03  9.87651E-03  8.80183E-04  4.53399E-03  1.93483E-03  1.30919E-04  7.51122E-04  2.13343E-04
  6468.00000  1.08972E-01  0.00000E+00  1.77634E-02  6.89722E-02  3.92335E-03  9.87259E-03  8.79905E-04  4.53146E-03  1.93407E-03  1.30877E-04  7.50716E-04  2.13257E-04
  6469.00000  1.08928E-01  0.00000E+00  1.77585E-02  6.89422E-02  3.92213E-03  9.86867E-03  8.79627E-04  4.52894E-03  1.93330E-03  1.30835E-04  7.50310E-04  2.13172E-04
  6470.00000  1.08883E-01  0.00000E+00  1.77535E-02  6.89122E-02  3.92091E-03  9.86475E-03  8.79349E-04  4.52642E-03  1.93254E-03  1.30793E-04  7.49904E-04  2.13087E-04
  6471.00000  1.08839E-01  0.00000E+00  1.77485E-02  6.88822E-02  3.91970E-03  9.86084E-03  8.79071E-04  4.52389E-03  1.93178E-03  1.30751E-04  7.49499E-04  2.13002E-04
  6472.00000  1.08795E-01  0.00000E+00  1.77436E-02  6.88522E-02  3.91848E-03  9.85692E-03  8.78793E-04  4.52138E-03  1.93101E-03  1.30709E-04  7.49094E-04  2.12917E-04
  6473.00000  1.08751E-01  0.00000E+00  1.77386E-02  6.88222E-02  3.91727E-03  9.85301E-03  8.78515E-04  4.51886E-03  1.93025E-03  1.30667E-04  7.48689E-04  2.12832E-04
  6474.00000  1.08707E-01  0.00000E+00  1.77337E-02  6.87922E-02  3.91605E-03  9.84910E-03  8.78238E-04  4.51634E-03  1.92949E-03  1.30625E-04  7.48285E-04  2.12747E-04
  6475.00000  1.08663E-01  0.00000E+00  1.77287E-02  6.87623E-02  3.91484E-03  9.84520E-03  8.77960E-04  4.51383E-03  1.92873E-03  1.30583E-04  7.47880E-04  2.12662E-04
  6476.00000  1.08619E-01  0.00000E+00  1.77238E-02  6.87324E-02  3.91363E-03  9.84129E-03  8.77683E-04  4.51132E-03  1.92797E-03  1.30541E-04  7.47476E-04  2.12577E-04
  6477.00000  1.08575E-01  0.00000E+00  1.77188E-02  6.87025E-02  3.91241E-03  9.83739E-03  8.77406E-04  4.50881E-03  1.92720E-03  1.30500E-04  7.47073E-04  2.12492E-04
  6478.00000  1.08531E-01  0.00000E+00  1.77139E-02  6.86726E-02  3.91120E-03  9.83348E-03  8.77129E-04  4.50630E-03  1.92644E-03  1.30458E-04  7.46669E-04  2.12407E-04
  6479.00000  1.08487E-01  0.00000E+00  1.77090E-02  6.86427E-02  3.90999E-03  9.82958E-03  8.76852E-04  4.50379E-03  1.92568E-03  1.30416E-04  7.46266E-04  2.12322E-04
  6480.00000  1.08443E-01  0.00000E+00  1.77040E-02  6.86128E-02  3.90878E-03  9.82569E-03  8.76575E-04  4.50128E-03  1.92492E-03  1.30374E-04  7.45863E-04  2.12237E-04
  6481.00000  1.08399E-01  0.00000E+00  1.76991E-02  6.85830E-02  3.90757E-03  9.82179E-03  8.76298E-04  4.49878E-03  1.92416E-03  1.30332E-04  7.45460E-04  2.12153E-04
  6482.00000  1.08355E-01  0.00000E+00  1.76941E-02  6.85531E-02  3.90636E-03  9.81790E-03  8.76022E-04  4.49628E-03  1.92340E-03  1.30291E-04  7.45058E-04  2.12068E-04
  6483.00000  1.08311E-01  0.00000E+00  1.76892E-02  6.85233E-02  3.90515E-03  9.81401E-03  8.75745E-04  4.49378E-03  1.92265E-03  1.30249E-04  7.44656E-04  2.11983E-04
  6484.00000  1.08267E-01  0.00000E+00  1.76843E-02  6.84935E-02  3.90394E-03  9.81012E-03  8.75469E-04  4.49128E-03  1.92189E-03  1.30207E-04  7.44254E-04  2.11899E-04
  6485.00000  1.08223E-01  0.00000E+00  1.76793E-02  6.84637E-02  3.90274E-03  9.80623E-03  8.75193E-04  4.48878E-03  1.92113E-03  1.30166E-04  7.43852E-04  2.11814E-04
  6486.00000  1.08179E-01  0.00000E+00  1.76744E-02  6.84340E-02  3.90153E-03  9.80234E-03  8.74917E-04  4.48629E-03  1.92037E-03  1.30124E-04  7.43451E-04  2.11730E-04
  6487.00000  1.08135E-01  0.00000E+00  1.76694E-02  6.84042E-02  3.90032E-03  9.79846E-03  8.74641E-04  4.48380E-03  1.91961E-03  1.30082E-04  7.43050E-04  2.11645E-04
  6488.00000  1.08091E-01  0.00000E+00  1.76645E-02  6.83745E-02  3.89911E-03  9.79458E-03  8.74365E-04  4.48130E-03  1.91886E-03  1.30041E-04  7.42649E-04  2.11561E-04
  6489.00000  1.08048E-01  0.00000E+00  1.76596E-02  6.83447E-02  3.89791E-03  9.79070E-03  8.74089E-04  4.47881E-03  1.91810E-03  1.29999E-04  7.42248E-04  2.11477E-04
  6490.00000  1.08004E-01  0.00000E+00  1.76546E-02  6.83150E-02  3.89670E-03  9.78682E-03  8.73813E-04  4.47633E-03  1.91734E-03  1.29957E-04  7.41848E-04  2.11392E-04
  6491.00000  1.07960E-01  0.00000E+00  1.76497E-02  6.82853E-02  3.89550E-03  9.78295E-03  8.73538E-04  4.47384E-03  1.91659E-03  1.29916E-04  7.41448E-04  2.11308E-04
  6492.00000  1.07916E-01  0.00000E+00  1.76448E-02  6.82556E-02  3.89430E-03  9.77907E-03  8.73263E-04  4.47136E-03  1.91583E-03  1.29874E-04  7.41048E-04  2.11224E-04
  6493.00000  1.07873E-01  0.00000E+00  1.76399E-02  6.82260E-02  3.89309E-03  9.77520E-03  8.72987E-04  4.46887E-03  1.91508E-03  1.29833E-04  7.40649E-04  2.11140E-04
  6494.00000  1.07829E-01  0.00000E+00  1.76349E-02  6.81963E-02  3.89189E-03  9.77133E-03  8.72712E-04  4.46639E-03  1.91432E-03  1.29791E-04  7.40250E-04  2.11055E-04
  6495.00000  1.07785E-01  0.00000E+00  1.76300E-02  6.81667E-02  3.89069E-03  9.76747E-03  8.72437E-04  4.46391E-03  1.91357E-03  1.29749E-04  7.39851E-04  2.10971E-04
  6496.00000  1.07742E-01  0.00000E+00  1.76251E-02  6.81371E-02  3.88948E-03  9.76360E-03  8.72162E-04  4.46143E-03  1.91282E-03  1.29708E-04  7.39452E-04  2.10887E-04
  6497.00000  1.07698E-01  0.00000E+00  1.76202E-02  6.81074E-02  3.88828E-03  9.75974E-03  8.71888E-04  4.45896E-03  1.91206E-03  1.29666E-04  7.39054E-04  2.10803E-04
  6498.00000  1.07654E-01  0.00000E+00  1.76152E-02  6.80778E-02  3.88708E-03  9.75588E-03  8.71613E-04  4.45648E-03  1.91131E-03  1.29625E-04  7.38655E-04  2.10719E-04
  6499.00000  1.07611E-01  0.00000E+00  1.76103E-02  6.80483E-02  3.88588E-03  9.75202E-03  8.71338E-04  4.45401E-03  1.91056E-03  1.29584E-04  7.38258E-04  2.10635E-04
  6500.00000  1.07567E-01  0.00000E+00  1.76054E-02  6.80187E-02  3.88468E-03  9.74816E-03  8.71064E-04  4.45154E-03  1.90980E-03  1.29542E-04  7.37860E-04  2.10551E-04
  6501.00000  1.07524E-01  0.00000E+00  1.76005E-02  6.79892E-02  3.88348E-03  9.74431E-03  8.70790E-04  4.44907E-03  1.90905E-03  1.29501E-04  7.37463E-04  2.10468E-04
  6502.00000  1.07480E-01  0.00000E+00  1.75956E-02  6.79596E-02  3.88229E-03  9.74046E-03  8.70516E-04  4.44660E-03  1.90830E-03  1.29459E-04  7.37066E-04  2.10384E-04
  6503.00000  1.07437E-01  0.00000E+00  1.75906E-02  6.79301E-02  3.88109E-03  9.73661E-03  8.70242E-04  4.44413E-03  1.90755E-03  1.29418E-04  7.36669E-04  2.10300E-04
  6504.00000  1.07393E-01  0.00000E+00  1.75857E-02  6.79006E-02  3.87989E-03  9.73276E-03  8.69968E-04  4.44167E-03  1.90680E-03  1.29377E-04  7.36272E-04  2.10216E-04
  6505.00000  1.07350E-01  0.00000E+00  1.75808E-02  6.78711E-02  3.87869E-03  9.72891E-03  8.69694E-04  4.43921E-03  1.90605E-03  1.29335E-04  7.35876E-04  2.10133E-04
  6506.00000  1.07306E-01  0.00000E+00  1.75759E-02  6.78416E-02  3.87750E-03  9.72507E-03  8.69421E-04  4.43674E-03  1.90530E-03  1.29294E-04  7.35480E-04  2.10049E-04
  6507.00000  1.07263E-01  0.00000E+00  1.75710E-02  6.78122E-02  3.87630E-03  9.72123E-03  8.69147E-04  4.43428E-03  1.90455E-03  1.29253E-04  7.35084E-04  2.09965E-04
  6508.00000  1.07220E-01  0.00000E+00  1.75661E-02  6.77827E-02  3.87511E-03  9.71739E-03  8.68874E-04  4.43183E-03  1.90380E-03  1.29211E-04  7.34689E-04  2.09882E-04
  6509.00000  1.07176E-01  0.00000E+00  1.75612E-02  6.77533E-02  3.87391E-03  9.71355E-03  8.68601E-04  4.42937E-03  1.90305E-03  1.29170E-04  7.34294E-04  2.09798E-04
  6510.00000  1.07133E-01  0.00000E+00  1.75562E-02  6.77239E-02  3.87272E-03  9.70971E-03  8.68327E-04  4.42692E-03  1.90230E-03  1.29129E-04  7.33899E-04  2.09715E-04
  6511.00000  1.07089E-01  0.00000E+00  1.75513E-02  6.76944E-02  3.87152E-03  9.70588E-03  8.68055E-04  4.42446E-03  1.90155E-03  1.29088E-04  7.33504E-04  2.09631E-04
  6512.00000  1.07046E-01  0.00000E+00  1.75464E-02  6.76651E-02  3.87033E-03  9.70205E-03  8.67782E-04  4.42201E-03  1.90080E-03  1.29046E-04  7.33110E-04  2.09548E-04
  6513.00000  1.07003E-01  0.00000E+00  1.75415E-02  6.76357E-02  3.86914E-03  9.69822E-03  8.67509E-04  4.41956E-03  1.90006E-03  1.29005E-04  7.32715E-04  2.09465E-04
  6514.00000  1.06960E-01  0.00000E+00  1.75366E-02  6.76063E-02  3.86795E-03  9.69439E-03  8.67236E-04  4.41711E-03  1.89931E-03  1.28964E-04  7.32322E-04  2.09381E-04
  6515.00000  1.06916E-01  0.00000E+00  1.75317E-02  6.75770E-02  3.86675E-03  9.69056E-03  8.66964E-04  4.41467E-03  1.89856E-03  1.28923E-04  7.31928E-04  2.09298E-04
  6516.00000  1.06873E-01  0.00000E+00  1.75268E-02  6.75477E-02  3.86556E-03  9.68674E-03  8.66692E-04  4.41222E-03  1.89782E-03  1.28882E-04  7.31535E-04  2.09215E-04
  6517.00000  1.06830E-01  0.00000E+00  1.75219E-02  6.75183E-02  3.86437E-03  9.68292E-03  8.66420E-04  4.40978E-03  1.89707E-03  1.28841E-04  7.31142E-04  2.09132E-04
  6518.00000  1.06787E-01  0.00000E+00  1.75170E-02  6.74890E-02  3.86318E-03  9.67910E-03  8.66148E-04  4.40734E-03  1.89633E-03  1.28800E-04  7.30749E-04  2.09048E-04
  6519.00000  1.06744E-01  0.00000E+00  1.75121E-02  6.74598E-02  3.86199E-03  9.67528E-03  8.65876E-04  4.40490E-03  1.89558E-03  1.28759E-04  7.30356E-04  2.08965E-04
  6520.00000  1.06700E-01  0.00000E+00  1.75072E-02  6.74305E-02  3.86080E-03  9.67146E-03  8.65604E-04  4.40246E-03  1.89484E-03  1.28717E-04  7.29964E-04  2.08882E-04
  6521.00000  1.06657E-01  0.00000E+00  1.75023E-02  6.74012E-02  3.85961E-03  9.66765E-03  8.65332E-04  4.40002E-03  1.89409E-03  1.28676E-04  7.29572E-04  2.08799E-04
  6522.00000  1.06614E-01  0.00000E+00  1.74974E-02  6.73720E-02  3.85843E-03  9.66384E-03  8.65061E-04  4.39759E-03  1.89335E-03  1.28635E-04  7.29180E-04  2.08716E-04
  6523.00000  1.06571E-01  0.00000E+00  1.74925E-02  6.73428E-02  3.85724E-03  9.66002E-03  8.64789E-04  4.39516E-03  1.89260E-03  1.28594E-04  7.28789E-04  2.08633E-04
  6524.00000  1.06528E-01  0.00000E+00  1.74876E-02  6.73135E-02  3.85605E-03  9.65622E-03  8.64518E-04  4.39272E-03  1.89186E-03  1.28553E-04  7.28398E-04  2.08551E-04
  6525.00000  1.06485E-01  0.00000E+00  1.74827E-02  6.72843E-02  3.85487E-03  9.65241E-03  8.64247E-04  4.39030E-03  1.89112E-03  1.28512E-04  7.28007E-04  2.08468E-04
  6526.00000  1.06442E-01  0.00000E+00  1.74779E-02  6.72552E-02  3.85368E-03  9.64861E-03  8.63976E-04  4.38787E-03  1.89038E-03  1.28472E-04  7.27616E-04  2.08385E-04
  6527.00000  1.06399E-01  0.00000E+00  1.74730E-02  6.72260E-02  3.85249E-03  9.64480E-03  8.63705E-04  4.38544E-03  1.88963E-03  1.28431E-04  7.27226E-04  2.08302E-04
  6528.00000  1.06356E-01  0.00000E+00  1.74681E-02  6.71969E-02  3.85131E-03  9.64100E-03  8.63434E-04  4.38302E-03  1.88889E-03  1.28390E-04  7.26836E-04  2.08219E-04
  6529.00000  1.06313E-01  0.00000E+00  1.74632E-02  6.71677E-02  3.85012E-03  9.63720E-03  8.63163E-04  4.38059E-03  1.88815E-03  1.28349E-04  7.26446E-04  2.08137E-04
  6530.00000  1.06270E-01  0.00000E+00  1.74583E-02  6.71386E-02  3.84894E-03  9.63341E-03  8.62893E-04  4.37817E-03  1.88741E-03  1.28308E-04  7.26056E-04  2.08054E-04
  6531.00000  1.06227E-01  0.00000E+00  1.74534E-02  6.71095E-02  3.84776E-03  9.62961E-03  8.62623E-04  4.37575E-03  1.88667E-03  1.28267E-04  7.25667E-04  2.07972E-04
  6532.00000  1.06184E-01  0.00000E+00  1.74485E-02  6.70804E-02  3.84657E-03  9.62582E-03  8.62352E-04  4.37334E-03  1.88593E-03  1.28226E-04  7.25278E-04  2.07889E-04
  6533.00000  1.06141E-01  0.00000E+00  1.74437E-02  6.70513E-02  3.84539E-03  9.62203E-03  8.62082E-04  4.37092E-03  1.88519E-03  1.28185E-04  7.24889E-04  2.07807E-04
  6534.00000  1.06099E-01  0.00000E+00  1.74388E-02  6.70223E-02  3.84421E-03  9.61824E-03  8.61812E-04  4.36850E-03  1.88445E-03  1.28145E-04  7.24500E-04  2.07724E-04
  6535.00000  1.06056E-01  0.00000E+00  1.74339E-02  6.69932E-02  3.84303E-03  9.61445E-03  8.61542E-04  4.36609E-03  1.88371E-03  1.28104E-04  7.24112E-04  2.07642E-04
  6536.00000  1.06013E-01  0.00000E+00  1.74290E-02  6.69642E-02  3.84185E-03  9.61066E-03  8.61272E-04  4.36368E-03  1.88297E-03  1.28063E-04  7.23724E-04  2.07560E-04
  6537.00000  1.05970E-01  0.00000E+00  1.74241E-02  6.69352E-02  3.84066E-03  9.60688E-03  8.61003E-04  4.36127E-03  1.88224E-03  1.28022E-04  7.23336E-04  2.07477E-04
  6538.00000  1.05927E-01  0.00000E+00  1.74193E-02  6.69061E-02  3.83948E-03  9.60310E-03  8.60733E-04  4.35886E-03  1.88150E-03  1.27982E-04  7.22948E-04  2.07395E-04
  6539.00000  1.05885E-01  0.00000E+00  1.74144E-02  6.68772E-02  3.83830E-03  9.59932E-03  8.60464E-04  4.35646E-03  1.88076E-03  1.27941E-04  7.22561E-04  2.07313E-04
  6540.00000  1.05842E-01  0.00000E+00  1.74095E-02  6.68482E-02  3.83713E-03  9.59554E-03  8.60194E-04  4.35405E-03  1.88003E-03  1.27900E-04  7.22174E-04  2.07231E-04
  6541.00000  1.05799E-01  0.00000E+00  1.74046E-02  6.68192E-02  3.83595E-03  9.59176E-03  8.59925E-04  4.35165E-03  1.87929E-03  1.27860E-04  7.21787E-04  2.07149E-04
  6542.00000  1.05757E-01  0.00000E+00  1.73998E-02  6.67903E-02  3.83477E-03  9.58799E-03  8.59656E-04  4.34925E-03  1.87855E-03  1.27819E-04  7.21400E-04  2.07067E-04
  6543.00000  1.05714E-01  0.00000E+00  1.73949E-02  6.67614E-02  3.83359E-03  9.58422E-03  8.59387E-04  4.34685E-03  1.87782E-03  1.27778E-04  7.21014E-04  2.06985E-04
  6544.00000  1.05671E-01  0.00000E+00  1.73900E-02  6.67324E-02  3.83241E-03  9.58045E-03  8.59118E-04  4.34445E-03  1.87708E-03  1.27738E-04  7.20628E-04  2.06903E-04
  6545.00000  1.05629E-01  0.00000E+00  1.73852E-02  6.67035E-02  3.83124E-03  9.57668E-03  8.58849E-04  4.34206E-03  1.87635E-03  1.27697E-04  7.20242E-04  2.06821E-04
  6546.00000  1.05586E-01  0.00000E+00  1.73803E-02  6.66747E-02  3.83006E-03  9.57291E-03  8.58581E-04  4.33966E-03  1.87561E-03  1.27657E-04  7.19857E-04  2.06739E-04
  6547.00000  1.05543E-01  0.00000E+00  1.73754E-02  6.66458E-02  3.82889E-03  9.56915E-03  8.58312E-04  4.33727E-03  1.87488E-03  1.27616E-04  7.19471E-04  2.06658E-04
  6548.00000  1.05501E-01  0.00000E+00  1.73706E-02  6.66169E-02  3.82771E-03  9.56538E-03  8.58044E-04  4.33488E-03  1.87414E-03  1.27576E-04  7.19086E-04  2.06576E-04
  6549.00000  1.05458E-01  0.00000E+00  1.73657E-02  6.65881E-02  3.82654E-03  9.56162E-03  8.57776E-04  4.33249E-03  1.87341E-03  1.27535E-04  7.18701E-04  2.06494E-04
  6550.00000  1.05416E-01  0.00000E+00  1.73609E-02  6.65593E-02  3.82536E-03  9.55786E-03  8.57507E-04  4.33010E-03  1.87268E-03  1.27495E-04  7.18317E-04  2.06413E-04
  6551.00000  1.05373E-01  0.00000E+00  1.73560E-02  6.65305E-02  3.82419E-03  9.55411E-03  8.57239E-04  4.32771E-03  1.87195E-03  1.27454E-04  7.17933E-04  2.06331E-04
  6552.00000  1.05331E-01  0.00000E+00  1.73512E-02  6.65017E-02  3.82302E-03  9.55035E-03  8.56971E-04  4.32533E-03  1.87121E-03  1.27414E-04  7.17548E-04  2.06250E-04
  6553.00000  1.05288E-01  0.00000E+00  1.73463E-02  6.64729E-02  3.82185E-03  9.54660E-03  8.56704E-04  4.32295E-03  1.87048E-03  1.27373E-04  7.17165E-04  2.06168E-04
  6554.00000  1.05246E-01  0.00000E+00  1.73414E-02  6.64441E-02  3.82067E-03  9.54285E-03  8.56436E-04  4.32057E-03  1.86975E-03  1.27333E-04  7.16781E-04  2.06087E-04
  6555.00000  1.05204E-01  0.00000E+00  1.73366E-02  6.64154E-02  3.81950E-03  9.53910E-03  8.56168E-04  4.31819E-03  1.86902E-03  1.27292E-04  7.16398E-04  2.06006E-04
  6556.00000  1.05161E-01  0.00000E+00  1.73317E-02  6.63867E-02  3.81833E-03  9.53535E-03  8.55901E-04  4.31581E-03  1.86829E-03  1.27252E-04  7.16015E-04  2.05924E-04
  6557.00000  1.05119E-01  0.00000E+00  1.73269E-02  6.63579E-02  3.81716E-03  9.53161E-03  8.55633E-04  4.31343E-03  1.86756E-03  1.27212E-04  7.15632E-04  2.05843E-04
  6558.00000  1.05077E-01  0.00000E+00  1.73220E-02  6.63292E-02  3.81599E-03  9.52786E-03  8.55366E-04  4.31106E-03  1.86683E-03  1.27171E-04  7.15249E-04  2.05762E-04
  6559.00000  1.05034E-01  0.00000E+00  1.73172E-02  6.63006E-02  3.81482E-03  9.52412E-03  8.55099E-04  4.30868E-03  1.86610E-03  1.27131E-04  7.14867E-04  2.05681E-04
  6560.00000  1.04992E-01  0.00000E+00  1.73124E-02  6.62719E-02  3.81365E-03  9.52038E-03  8.54832E-04  4.30631E-03  1.86537E-03  1.27091E-04  7.14485E-04  2.05600E-04
  6561.00000  1.04950E-01  0.00000E+00  1.73075E-02  6.62432E-02  3.81249E-03  9.51664E-03  8.54565E-04  4.30394E-03  1.86464E-03  1.27051E-04  7.14103E-04  2.05519E-04
  6562.00000  1.04907E-01  0.00000E+00  1.73027E-02  6.62146E-02  3.81132E-03  9.51291E-03  8.54298E-04  4.30157E-03  1.86391E-03  1.27010E-04  7.13721E-04  2.05438E-04
  6563.00000  1.04865E-01  0.00000E+00  1.72978E-02  6.61860E-02  3.81015E-03  9.50918E-03  8.54031E-04  4.29921E-03  1.86318E-03  1.26970E-04  7.13340E-04  2.05357E-04
  6564.00000  1.04823E-01  0.00000E+00  1.72930E-02  6.61574E-02  3.80899E-03  9.50544E-03  8.53765E-04  4.29684E-03  1.86246E-03  1.26930E-04  7.12959E-04  2.05276E-04
  6565.00000  1.04781E-01  0.00000E+00  1.72882E-02  6.61288E-02  3.80782E-03  9.50171E-03  8.53498E-04  4.29448E-03  1.86173E-03  1.26890E-04  7.12578E-04  2.05196E-04
  6566.00000  1.04739E-01  0.00000E+00  1.72833E-02  6.61002E-02  3.80666E-03  9.49799E-03  8.53232E-04  4.29212E-03  1.86100E-03  1.26850E-04  7.12198E-04  2.05115E-04
  6567.00000  1.04697E-01  0.00000E+00  1.72785E-02  6.60716E-02  3.80549E-03  9.49426E-03  8.52966E-04  4.28976E-03  1.86027E-03  1.26809E-04  7.11817E-04  2.05034E-04
  6568.00000  1.04654E-01  0.00000E+00  1.72737E-02  6.60431E-02  3.80433E-03  9.49054E-03  8.52700E-04  4.28740E-03  1.85955E-03  1.26769E-04  7.11437E-04  2.04954E-04
  6569.00000  1.04612E-01  0.00000E+00  1.72688E-02  6.60146E-02  3.80316E-03  9.48682E-03  8.52434E-04  4.28504E-03  1.85882E-03  1.26729E-04  7.11057E-04  2.04873E-04
  6570.00000  1.04570E-01  0.00000E+00  1.72640E-02  6.59861E-02  3.80200E-03  9.48310E-03  8.52168E-04  4.28268E-03  1.85810E-03  1.26689E-04  7.10678E-04  2.04793E-04
  6571.00000  1.04528E-01  0.00000E+00  1.72592E-02  6.59576E-02  3.80084E-03  9.47938E-03  8.51902E-04  4.28033E-03  1.85737E-03  1.26649E-04  7.10299E-04  2.04712E-04
  6572.00000  1.04486E-01  0.00000E+00  1.72544E-02  6.59291E-02  3.79967E-03  9.47566E-03  8.51636E-04  4.27798E-03  1.85665E-03  1.26609E-04  7.09919E-04  2.04632E-04
  6573.00000  1.04444E-01  0.00000E+00  1.72495E-02  6.59006E-02  3.79851E-03  9.47195E-03  8.51371E-04  4.27563E-03  1.85592E-03  1.26569E-04  7.09541E-04  2.04552E-04
  6574.00000  1.04402E-01  0.00000E+00  1.72447E-02  6.58722E-02  3.79735E-03  9.46824E-03  8.51106E-04  4.27328E-03  1.85520E-03  1.26529E-04  7.09162E-04  2.04471E-04
  6575.00000  1.04360E-01  0.00000E+00  1.72399E-02  6.58437E-02  3.79619E-03  9.46453E-03  8.50840E-04  4.27093E-03  1.85447E-03  1.26489E-04  7.08784E-04  2.04391E-04
  6576.00000  1.04318E-01  0.00000E+00  1.72351E-02  6.58153E-02  3.79503E-03  9.46082E-03  8.50575E-04  4.26858E-03  1.85375E-03  1.26449E-04  7.08406E-04  2.04311E-04
  6577.00000  1.04276E-01  0.00000E+00  1.72303E-02  6.57869E-02  3.79387E-03  9.45711E-03  8.50310E-04  4.26624E-03  1.85303E-03  1.26409E-04  7.08028E-04  2.04231E-04
  6578.00000  1.04235E-01  0.00000E+00  1.72255E-02  6.57585E-02  3.79271E-03  9.45341E-03  8.50045E-04  4.26389E-03  1.85230E-03  1.26370E-04  7.07650E-04  2.04151E-04
  6579.00000  1.04193E-01  0.00000E+00  1.72207E-02  6.57302E-02  3.79155E-03  9.44971E-03  8.49780E-04  4.26155E-03  1.85158E-03  1.26330E-04  7.07273E-04  2.04071E-04
  6580.00000  1.04151E-01  0.00000E+00  1.72158E-02  6.57018E-02  3.79040E-03  9.44601E-03  8.49516E-04  4.25921E-03  1.85086E-03  1.26290E-04  7.06896E-04  2.03991E-04
  6581.00000  1.04109E-01  0.00000E+00  1.72110E-02  6.56735E-02  3.78924E-03  9.44231E-03  8.49251E-04  4.25687E-03  1.85014E-03  1.26250E-04  7.06519E-04  2.03911E-04
  6582.00000  1.04067E-01  0.00000E+00  1.72062E-02  6.56451E-02  3.78808E-03  9.43861E-03  8.48987E-04  4.25454E-03  1.84942E-03  1.26210E-04  7.06143E-04  2.03832E-04
  6583.00000  1.04025E-01  0.00000E+00  1.72014E-02  6.56168E-02  3.78693E-03  9.43492E-03  8.48723E-04  4.25220E-03  1.84870E-03  1.26171E-04  7.05766E-04  2.03752E-04
  6584.00000  1.03984E-01  0.00000E+00  1.71966E-02  6.55885E-02  3.78577E-03  9.43123E-03  8.48458E-04  4.24987E-03  1.84798E-03  1.26131E-04  7.05390E-04  2.03672E-04
  6585.00000  1.03942E-01  0.00000E+00  1.71918E-02  6.55603E-02  3.78461E-03  9.42754E-03  8.48194E-04  4.24754E-03  1.84725E-03  1.26091E-04  7.05015E-04  2.03592E-04
  6586.00000  1.03900E-01  0.00000E+00  1.71870E-02  6.55320E-02  3.78346E-03  9.42385E-03  8.47930E-04  4.24521E-03  1.84653E-03  1.26051E-04  7.04639E-04  2.03513E-04
  6587.00000  1.03859E-01  0.00000E+00  1.71822E-02  6.55038E-02  3.78230E-03  9.42016E-03  8.47667E-04  4.24288E-03  1.84582E-03  1.26012E-04  7.04264E-04  2.03433E-04
  6588.00000  1.03817E-01  0.00000E+00  1.71775E-02  6.54755E-02  3.78115E-03  9.41648E-03  8.47403E-04  4.24055E-03  1.84510E-03  1.25972E-04  7.03889E-04  2.03354E-04
  6589.00000  1.03775E-01  0.00000E+00  1.71727E-02  6.54473E-02  3.78000E-03  9.41279E-03  8.47139E-04  4.23822E-03  1.84438E-03  1.25932E-04  7.03514E-04  2.03275E-04
  6590.00000  1.03734E-01  0.00000E+00  1.71679E-02  6.54191E-02  3.77884E-03  9.40911E-03  8.46876E-04  4.23590E-03  1.84366E-03  1.25893E-04  7.03140E-04  2.03195E-04
  6591.00000  1.03692E-01  0.00000E+00  1.71631E-02  6.53910E-02  3.77769E-03  9.40543E-03  8.46613E-04  4.23358E-03  1.84294E-03  1.25853E-04  7.02765E-04  2.03116E-04
  6592.00000  1.03650E-01  0.00000E+00  1.71583E-02  6.53628E-02  3.77654E-03  9.40176E-03  8.46350E-04  4.23126E-03  1.84222E-03  1.25814E-04  7.02391E-04  2.03037E-04
  6593.00000  1.03609E-01  0.00000E+00  1.71535E-02  6.53346E-02  3.77539E-03  9.39808E-03  8.46087E-04  4.22894E-03  1.84151E-03  1.25774E-04  7.02018E-04  2.02957E-04
  6594.00000  1.03567E-01  0.00000E+00  1.71487E-02  6.53065E-02  3.77424E-03  9.39441E-03  8.45824E-04  4.22662E-03  1.84079E-03  1.25735E-04  7.01644E-04  2.02878E-04
  6595.00000  1.03526E-01  0.00000E+00  1.71440E-02  6.52784E-02  3.77309E-03  9.39073E-03  8.45561E-04  4.22430E-03  1.84007E-03  1.25695E-04  7.01271E-04  2.02799E-04
  6596.00000  1.03484E-01  0.00000E+00  1.71392E-02  6.52503E-02  3.77194E-03  9.38706E-03  8.45298E-04  4.22199E-03  1.83936E-03  1.25656E-04  7.00898E-04  2.02720E-04
  6597.00000  1.03443E-01  0.00000E+00  1.71344E-02  6.52222E-02  3.77079E-03  9.38340E-03  8.45036E-04  4.21967E-03  1.83864E-03  1.25616E-04  7.00525E-04  2.02641E-04
  6598.00000  1.03402E-01  0.00000E+00  1.71296E-02  6.51942E-02  3.76964E-03  9.37973E-03  8.44773E-04  4.21736E-03  1.83793E-03  1.25577E-04  7.00153E-04  2.02562E-04
  6599.00000  1.03360E-01  0.00000E+00  1.71249E-02  6.51661E-02  3.76849E-03  9.37607E-03  8.44511E-04  4.21505E-03  1.83721E-03  1.25537E-04  6.99780E-04  2.02484E-04
  6600.00000  1.03319E-01  0.00000E+00  1.71201E-02  6.51381E-02  3.76734E-03  9.37240E-03  8.44249E-04  4.21274E-03  1.83650E-03  1.25498E-04  6.99408E-04  2.02405E-04
  6601.00000  1.03277E-01  0.00000E+00  1.71153E-02  6.51101E-02  3.76619E-03  9.36874E-03  8.43987E-04  4.21044E-03  1.83578E-03  1.25458E-04  6.99036E-04  2.02326E-04
  6602.00000  1.03236E-01  0.00000E+00  1.71106E-02  6.50821E-02  3.76504E-03  9.36508E-03  8.43725E-04  4.20813E-03  1.83507E-03  1.25419E-04  6.98665E-04  2.02247E-04
  6603.00000  1.03195E-01  0.00000E+00  1.71058E-02  6.50541E-02  3.76390E-03  9.36143E-03  8.43463E-04  4.20583E-03  1.83435E-03  1.25380E-04  6.98294E-04  2.02169E-04
  6604.00000  1.03153E-01  0.00000E+00  1.71011E-02  6.50261E-02  3.76275E-03  9.35777E-03  8.43201E-04  4.20352E-03  1.83364E-03  1.25340E-04  6.97923E-04  2.02090E-04
  6605.00000  1.03112E-01  0.00000E+00  1.70963E-02  6.49982E-02  3.76161E-03  9.35412E-03  8.42940E-04  4.20122E-03  1.83293E-03  1.25301E-04  6.97552E-04  2.02012E-04
  6606.00000  1.03071E-01  0.00000E+00  1.70915E-02  6.49703E-02  3.76046E-03  9.35047E-03  8.42678E-04  4.19893E-03  1.83222E-03  1.25262E-04  6.97181E-04  2.01933E-04
  6607.00000  1.03030E-01  0.00000E+00  1.70868E-02  6.49423E-02  3.75932E-03  9.34682E-03  8.42417E-04  4.19663E-03  1.83150E-03  1.25223E-04  6.96811E-04  2.01855E-04
  6608.00000  1.02988E-01  0.00000E+00  1.70820E-02  6.49144E-02  3.75817E-03  9.34317E-03  8.42155E-04  4.19433E-03  1.83079E-03  1.25183E-04  6.96441E-04  2.01777E-04
  6609.00000  1.02947E-01  0.00000E+00  1.70773E-02  6.48866E-02  3.75703E-03  9.33952E-03  8.41894E-04  4.19204E-03  1.83008E-03  1.25144E-04  6.96071E-04  2.01698E-04
  6610.00000  1.02906E-01  0.00000E+00  1.70725E-02  6.48587E-02  3.75588E-03  9.33588E-03  8.41633E-04  4.18975E-03  1.82937E-03  1.25105E-04  6.95702E-04  2.01620E-04
  6611.00000  1.02865E-01  0.00000E+00  1.70678E-02  6.48309E-02  3.75474E-03  9.33223E-03  8.41372E-04  4.18745E-03  1.82866E-03  1.25066E-04  6.95332E-04  2.01542E-04
  6612.00000  1.02824E-01  0.00000E+00  1.70631E-02  6.48030E-02  3.75360E-03  9.32859E-03  8.41112E-04  4.18517E-03  1.82795E-03  1.25027E-04  6.94963E-04  2.01464E-04
  6613.00000  1.02783E-01  0.00000E+00  1.70583E-02  6.47752E-02  3.75246E-03  9.32495E-03  8.40851E-04  4.18288E-03  1.82724E-03  1.24988E-04  6.94594E-04  2.01386E-04
  6614.00000  1.02742E-01  0.00000E+00  1.70536E-02  6.47474E-02  3.75132E-03  9.32132E-03  8.40590E-04  4.18059E-03  1.82653E-03  1.24949E-04  6.94226E-04  2.01308E-04
  6615.00000  1.02701E-01  0.00000E+00  1.70489E-02  6.47196E-02  3.75017E-03  9.31768E-03  8.40330E-04  4.17831E-03  1.82582E-03  1.24909E-04  6.93857E-04  2.01230E-04
  6616.00000  1.02660E-01  0.00000E+00  1.70441E-02  6.46919E-02  3.74903E-03  9.31405E-03  8.40070E-04  4.17602E-03  1.82511E-03  1.24870E-04  6.93489E-04  2.01152E-04
  6617.00000  1.02619E-01  0.00000E+00  1.70394E-02  6.46641E-02  3.74789E-03  9.31042E-03  8.39809E-04  4.17374E-03  1.82440E-03  1.24831E-04  6.93121E-04  2.01074E-04
  6618.00000  1.02578E-01  0.00000E+00  1.70347E-02  6.46364E-02  3.74675E-03  9.30679E-03  8.39549E-04  4.17146E-03  1.82370E-03  1.24792E-04  6.92754E-04  2.00996E-04
  6619.00000  1.02537E-01  0.00000E+00  1.70299E-02  6.46087E-02  3.74562E-03  9.30316E-03  8.39289E-04  4.16918E-03  1.82299E-03  1.24753E-04  6.92386E-04  2.00918E-04
  6620.00000  1.02496E-01  0.00000E+00  1.70252E-02  6.45810E-02  3.74448E-03  9.29953E-03  8.39030E-04  4.16691E-03  1.82228E-03  1.24714E-04  6.92019E-04  2.00841E-04
  6621.00000  1.02455E-01  0.00000E+00  1.70205E-02  6.45533E-02  3.74334E-03  9.29591E-03  8.38770E-04  4.16463E-03  1.82157E-03  1.24675E-04  6.91652E-04  2.00763E-04
  6622.00000  1.02414E-01  0.00000E+00  1.70158E-02  6.45256E-02  3.74220E-03  9.29228E-03  8.38510E-04  4.16236E-03  1.82087E-03  1.24637E-04  6.91285E-04  2.00686E-04
  6623.00000  1.02373E-01  0.00000E+00  1.70111E-02  6.44980E-02  3.74106E-03  9.28866E-03  8.38251E-04  4.16008E-03  1.82016E-03  1.24598E-04  6.90919E-04  2.00608E-04
  6624.00000  1.02333E-01  0.00000E+00  1.70064E-02  6.44703E-02  3.73993E-03  9.28504E-03  8.37991E-04  4.15781E-03  1.81946E-03  1.24559E-04  6.90553E-04  2.00531E-04
  6625.00000  1.02292E-01  0.00000E+00  1.70016E-02  6.44427E-02  3.73879E-03  9.28143E-03  8.37732E-04  4.15554E-03  1.81875E-03  1.24520E-04  6.90187E-04  2.00453E-04
  6626.00000  1.02251E-01  0.00000E+00  1.69969E-02  6.44151E-02  3.73766E-03  9.27781E-03  8.37473E-04  4.15328E-03  1.81805E-03  1.24481E-04  6.89821E-04  2.00376E-04
  6627.00000  1.02210E-01  0.00000E+00  1.69922E-02  6.43875E-02  3.73652E-03  9.27420E-03  8.37213E-04  4.15101E-03  1.81734E-03  1.24442E-04  6.89455E-04  2.00299E-04
  6628.00000  1.02170E-01  0.00000E+00  1.69875E-02  6.43600E-02  3.73539E-03  9.27059E-03  8.36954E-04  4.14875E-03  1.81664E-03  1.24403E-04  6.89090E-04  2.00221E-04
  6629.00000  1.02129E-01  0.00000E+00  1.69828E-02  6.43324E-02  3.73425E-03  9.26698E-03  8.36695E-04  4.14648E-03  1.81593E-03  1.24365E-04  6.88725E-04  2.00144E-04
  6630.00000  1.02088E-01  0.00000E+00  1.69781E-02  6.43049E-02  3.73312E-03  9.26337E-03  8.36437E-04  4.14422E-03  1.81523E-03  1.24326E-04  6.88360E-04  2.00067E-04
  6631.00000  1.02048E-01  0.00000E+00  1.69734E-02  6.42774E-02  3.73199E-03  9.25976E-03  8.36178E-04  4.14196E-03  1.81453E-03  1.24287E-04  6.87996E-04  1.99990E-04
  6632.00000  1.02007E-01  0.00000E+00  1.69687E-02  6.42499E-02  3.73086E-03  9.25616E-03  8.35919E-04  4.13970E-03  1.81382E-03  1.24248E-04  6.87631E-04  1.99913E-04
  6633.00000  1.01966E-01  0.00000E+00  1.69640E-02  6.42224E-02  3.72972E-03  9.25256E-03  8.35661E-04  4.13745E-03  1.81312E-03  1.24210E-04  6.87267E-04  1.99836E-04
  6634.00000  1.01926E-01  0.00000E+00  1.69594E-02  6.41949E-02  3.72859E-03  9.24896E-03  8.35403E-04  4.13519E-03  1.81242E-03  1.24171E-04  6.86903E-04  1.99759E-04
  6635.00000  1.01885E-01  0.00000E+00  1.69547E-02  6.41675E-02  3.72746E-03  9.24536E-03  8.35144E-04  4.13294E-03  1.81172E-03  1.24132E-04  6.86540E-04  1.99682E-04
  6636.00000  1.01845E-01  0.00000E+00  1.69500E-02  6.41401E-02  3.72633E-03  9.24176E-03  8.34886E-04  4.13068E-03  1.81101E-03  1.24094E-04  6.86176E-04  1.99605E-04
  6637.00000  1.01804E-01  0.00000E+00  1.69453E-02  6.41127E-02  3.72520E-03  9.23817E-03  8.34628E-04  4.12843E-03  1.81031E-03  1.24055E-04  6.85813E-04  1.99528E-04
  6638.00000  1.01764E-01  0.00000E+00  1.69406E-02  6.40853E-02  3.72407E-03  9.23458E-03  8.34370E-04  4.12618E-03  1.80961E-03  1.24017E-04  6.85450E-04  1.99452E-04
  6639.00000  1.01723E-01  0.00000E+00  1.69359E-02  6.40579E-02  3.72294E-03  9.23098E-03  8.34112E-04  4.12394E-03  1.80891E-03  1.23978E-04  6.85087E-04  1.99375E-04
  6640.00000  1.01683E-01  0.00000E+00  1.69313E-02  6.40305E-02  3.72182E-03  9.22740E-03  8.33855E-04  4.12169E-03  1.80821E-03  1.23940E-04  6.84725E-04  1.99298E-04
  6641.00000  1.01642E-01  0.00000E+00  1.69266E-02  6.40032E-02  3.72069E-03  9.22381E-03  8.33597E-04  4.11944E-03  1.80751E-03  1.23901E-04  6.84363E-04  1.99222E-04
  6642.00000  1.01602E-01  0.00000E+00  1.69219E-02  6.39758E-02  3.71956E-03  9.22022E-03  8.33340E-04  4.11720E-03  1.80681E-03  1.23863E-04  6.84001E-04  1.99145E-04
  6643.00000  1.01562E-01  0.00000E+00  1.69173E-02  6.39485E-02  3.71844E-03  9.21664E-03  8.33082E-04  4.11496E-03  1.80611E-03  1.23824E-04  6.83639E-04  1.99069E-04
  6644.00000  1.01521E-01  0.00000E+00  1.69126E-02  6.39212E-02  3.71731E-03  9.21306E-03  8.32825E-04  4.11272E-03  1.80542E-03  1.23786E-04  6.83277E-04  1.98992E-04
  6645.00000  1.01481E-01  0.00000E+00  1.69079E-02  6.38940E-02  3.71618E-03  9.20948E-03  8.32568E-04  4.11048E-03  1.80472E-03  1.23747E-04  6.82916E-04  1.98916E-04
  6646.00000  1.01441E-01  0.00000E+00  1.69033E-02  6.38667E-02  3.71506E-03  9.20590E-03  8.32311E-04  4.10824E-03  1.80402E-03  1.23709E-04  6.82555E-04  1.98839E-04
  6647.00000  1.01400E-01  0.00000E+00  1.68986E-02  6.38394E-02  3.71393E-03  9.20233E-03  8.32054E-04  4.10601E-03  1.80332E-03  1.23671E-04  6.82194E-04  1.98763E-04
  6648.00000  1.01360E-01  0.00000E+00  1.68940E-02  6.38122E-02  3.71281E-03  9.19875E-03  8.31797E-04  4.10377E-03  1.80262E-03  1.23632E-04  6.81833E-04  1.98687E-04
  6649.00000  1.01320E-01  0.00000E+00  1.68893E-02  6.37850E-02  3.71169E-03  9.19518E-03  8.31541E-04  4.10154E-03  1.80193E-03  1.23594E-04  6.81473E-04  1.98610E-04
  6650.00000  1.01280E-01  0.00000E+00  1.68847E-02  6.37578E-02  3.71056E-03  9.19161E-03  8.31284E-04  4.09931E-03  1.80123E-03  1.23556E-04  6.81113E-04  1.98534E-04
  6651.00000  1.01239E-01  0.00000E+00  1.68800E-02  6.37306E-02  3.70944E-03  9.18804E-03  8.31028E-04  4.09708E-03  1.80053E-03  1.23517E-04  6.80753E-04  1.98458E-04
  6652.00000  1.01199E-01  0.00000E+00  1.68754E-02  6.37035E-02  3.70832E-03  9.18448E-03  8.30771E-04  4.09485E-03  1.79984E-03  1.23479E-04  6.80393E-04  1.98382E-04
  6653.00000  1.01159E-01  0.00000E+00  1.68707E-02  6.36763E-02  3.70720E-03  9.18091E-03  8.30515E-04  4.09262E-03  1.79914E-03  1.23441E-04  6.80034E-04  1.98306E-04
  6654.00000  1.01119E-01  0.00000E+00  1.68661E-02  6.36492E-02  3.70608E-03  9.17735E-03  8.30259E-04  4.09039E-03  1.79845E-03  1.23403E-04  6.79675E-04  1.98230E-04
  6655.00000  1.01079E-01  0.00000E+00  1.68614E-02  6.36221E-02  3.70495E-03  9.17379E-03  8.30003E-04  4.08817E-03  1.79775E-03  1.23365E-04  6.79316E-04  1.98154E-04
  6656.00000  1.01039E-01  0.00000E+00  1.68568E-02  6.35950E-02  3.70383E-03  9.17023E-03  8.29747E-04  4.08595E-03  1.79706E-03  1.23326E-04  6.78957E-04  1.98078E-04
  6657.00000  1.00999E-01  0.00000E+00  1.68522E-02  6.35679E-02  3.70271E-03  9.16667E-03  8.29491E-04  4.08373E-03  1.79636E-03  1.23288E-04  6.78599E-04  1.98002E-04
  6658.00000  1.00959E-01  0.00000E+00  1.68475E-02  6.35409E-02  3.70160E-03  9.16312E-03  8.29236E-04  4.08151E-03  1.79567E-03  1.23250E-04  6.78241E-04  1.97926E-04
  6659.00000  1.00919E-01  0.00000E+00  1.68429E-02  6.35138E-02  3.70048E-03  9.15956E-03  8.28980E-04  4.07929E-03  1.79498E-03  1.23212E-04  6.77883E-04  1.97850E-04
  6660.00000  1.00879E-01  0.00000E+00  1.68383E-02  6.34868E-02  3.69936E-03  9.15601E-03  8.28725E-04  4.07707E-03  1.79428E-03  1.23174E-04  6.77525E-04  1.97775E-04
  6661.00000  1.00839E-01  0.00000E+00  1.68337E-02  6.34598E-02  3.69824E-03  9.15246E-03  8.28469E-04  4.07486E-03  1.79359E-03  1.23136E-04  6.77167E-04  1.97699E-04
  6662.00000  1.00799E-01  0.00000E+00  1.68290E-02  6.34328E-02  3.69712E-03  9.14891E-03  8.28214E-04  4.07264E-03  1.79290E-03  1.23098E-04  6.76810E-04  1.97623E-04
  6663.00000  1.00759E-01  0.00000E+00  1.68244E-02  6.34058E-02  3.69601E-03  9.14537E-03  8.27959E-04  4.07043E-03  1.79221E-03  1.23060E-04  6.76453E-04  1.97548E-04
  6664.00000  1.00719E-01  0.00000E+00  1.68198E-02  6.33788E-02  3.69489E-03  9.14182E-03  8.27704E-04  4.06822E-03  1.79151E-03  1.23022E-04  6.76096E-04  1.97472E-04
  6665.00000  1.00680E-01  0.00000E+00  1.68152E-02  6.33519E-02  3.69377E-03  9.13828E-03  8.27450E-04  4.06601E-03  1.79082E-03  1.22984E-04  6.75740E-04  1.97396E-04
  6666.00000  1.00640E-01  0.00000E+00  1.68106E-02  6.33249E-02  3.69266E-03  9.13474E-03  8.27195E-04  4.06380E-03  1.79013E-03  1.22946E-04  6.75384E-04  1.97321E-04
  6667.00000  1.00600E-01  0.00000E+00  1.68060E-02  6.32980E-02  3.69154E-03  9.13120E-03  8.26940E-04  4.06160E-03  1.78944E-03  1.22908E-04  6.75028E-04  1.97245E-04
  6668.00000  1.00560E-01  0.00000E+00  1.68014E-02  6.32711E-02  3.69043E-03  9.12766E-03  8.26686E-04  4.05939E-03  1.78875E-03  1.22870E-04  6.74672E-04  1.97170E-04
  6669.00000  1.00520E-01  0.00000E+00  1.67968E-02  6.32443E-02  3.68931E-03  9.12412E-03  8.26432E-04  4.05719E-03  1.78806E-03  1.22833E-04  6.74316E-04  1.97095E-04
  6670.00000  1.00481E-01  0.00000E+00  1.67921E-02  6.32174E-02  3.68820E-03  9.12059E-03  8.26177E-04  4.05498E-03  1.78737E-03  1.22795E-04  6.73961E-04  1.97019E-04
  6671.00000  1.00441E-01  0.00000E+00  1.67875E-02  6.31905E-02  3.68709E-03  9.11706E-03  8.25923E-04  4.05278E-03  1.78668E-03  1.22757E-04  6.73606E-04  1.96944E-04
  6672.00000  1.00401E-01  0.00000E+00  1.67829E-02  6.31637E-02  3.68597E-03  9.11353E-03  8.25669E-04  4.05059E-03  1.78599E-03  1.22719E-04  6.73251E-04  1.96869E-04
  6673.00000  1.00362E-01  0.00000E+00  1.67784E-02  6.31369E-02  3.68486E-03  9.11000E-03  8.25415E-04  4.04839E-03  1.78530E-03  1.22681E-04  6.72896E-04  1.96793E-04
  6674.00000  1.00322E-01  0.00000E+00  1.67738E-02  6.31101E-02  3.68375E-03  9.10647E-03  8.25162E-04  4.04619E-03  1.78461E-03  1.22644E-04  6.72542E-04  1.96718E-04
  6675.00000  1.00282E-01  0.00000E+00  1.67692E-02  6.30833E-02  3.68264E-03  9.10295E-03  8.24908E-04  4.04400E-03  1.78393E-03  1.22606E-04  6.72188E-04  1.96643E-04
  6676.00000  1.00243E-01  0.00000E+00  1.67646E-02  6.30565E-02  3.68153E-03  9.09942E-03  8.24655E-04  4.04180E-03  1.78324E-03  1.22568E-04  6.71834E-04  1.96568E-04
  6677.00000  1.00203E-01  0.00000E+00  1.67600E-02  6.30298E-02  3.68042E-03  9.09590E-03  8.24401E-04  4.03961E-03  1.78255E-03  1.22530E-04  6.71480E-04  1.96493E-04
  6678.00000  1.00164E-01  0.00000E+00  1.67554E-02  6.30030E-02  3.67931E-03  9.09238E-03  8.24148E-04  4.03742E-03  1.78186E-03  1.22493E-04  6.71126E-04  1.96418E-04
  6679.00000  1.00124E-01  0.00000E+00  1.67508E-02  6.29763E-02  3.67820E-03  9.08886E-03  8.23895E-04  4.03523E-03  1.78118E-03  1.22455E-04  6.70773E-04  1.96343E-04
  6680.00000  1.00085E-01  0.00000E+00  1.67462E-02  6.29496E-02  3.67709E-03  9.08535E-03  8.23642E-04  4.03305E-03  1.78049E-03  1.22418E-04  6.70420E-04  1.96268E-04
  6681.00000  1.00045E-01  0.00000E+00  1.67417E-02  6.29229E-02  3.67598E-03  9.08183E-03  8.23389E-04  4.03086E-03  1.77981E-03  1.22380E-04  6.70067E-04  1.96193E-04
  6682.00000  1.00006E-01  0.00000E+00  1.67371E-02  6.28963E-02  3.67487E-03  9.07832E-03  8.23136E-04  4.02868E-03  1.77912E-03  1.22342E-04  6.69715E-04  1.96118E-04
  6683.00000  9.99662E-02  0.00000E+00  1.67325E-02  6.28696E-02  3.67376E-03  9.07481E-03  8.22883E-04  4.02650E-03  1.77844E-03  1.22305E-04  6.69363E-04  1.96043E-04
  6684.00000  9.99268E-02  0.00000E+00  1.67279E-02  6.28430E-02  3.67265E-03  9.07130E-03  8.22631E-04  4.02431E-03  1.77775E-03  1.22267E-04  6.69010E-04  1.95968E-04
  6685.00000  9.98874E-02  0.00000E+00  1.67234E-02  6.28164E-02  3.67155E-03  9.06779E-03  8.22378E-04  4.02213E-03  1.77707E-03  1.22230E-04  6.68659E-04  1.95894E-04
  6686.00000  9.98481E-02  0.00000E+00  1.67188E-02  6.27898E-02  3.67044E-03  9.06428E-03  8.22126E-04  4.01996E-03  1.77638E-03  1.22192E-04  6.68307E-04  1.95819E-04
  6687.00000  9.98087E-02  0.00000E+00  1.67142E-02  6.27632E-02  3.66934E-03  9.06078E-03  8.21874E-04  4.01778E-03  1.77570E-03  1.22155E-04  6.67956E-04  1.95744E-04
  6688.00000  9.97694E-02  0.00000E+00  1.67097E-02  6.27366E-02  3.66823E-03  9.05727E-03  8.21621E-04  4.01561E-03  1.77502E-03  1.22117E-04  6.67604E-04  1.95670E-04
  6689.00000  9.97301E-02  0.00000E+00  1.67051E-02  6.27100E-02  3.66713E-03  9.05377E-03  8.21369E-04  4.01343E-03  1.77433E-03  1.22080E-04  6.67253E-04  1.95595E-04
  6690.00000  9.96908E-02  0.00000E+00  1.67006E-02  6.26835E-02  3.66602E-03  9.05027E-03  8.21118E-04  4.01126E-03  1.77365E-03  1.22043E-04  6.66903E-04  1.95520E-04
  6691.00000  9.96516E-02  0.00000E+00  1.66960E-02  6.26570E-02  3.66492E-03  9.04677E-03  8.20866E-04  4.00909E-03  1.77297E-03  1.22005E-04  6.66552E-04  1.95446E-04
  6692.00000  9.96123E-02  0.00000E+00  1.66914E-02  6.26305E-02  3.66381E-03  9.04328E-03  8.20614E-04  4.00692E-03  1.77229E-03  1.21968E-04  6.66202E-04  1.95371E-04
  6693.00000  9.95731E-02  0.00000E+00  1.66869E-02  6.26040E-02  3.66271E-03  9.03978E-03  8.20362E-04  4.00475E-03  1.77161E-03  1.21930E-04  6.65852E-04  1.95297E-04
  6694.00000  9.95340E-02  0.00000E+00  1.66823E-02  6.25775E-02  3.66161E-03  9.03629E-03  8.20111E-04  4.00259E-03  1.77092E-03  1.21893E-04  6.65502E-04  1.95223E-04
  6695.00000  9.94948E-02  0.00000E+00  1.66778E-02  6.25510E-02  3.66051E-03  9.03280E-03  8.19859E-04  4.00042E-03  1.77024E-03  1.21856E-04  6.65152E-04  1.95148E-04
  6696.00000  9.94557E-02  0.00000E+00  1.66732E-02  6.25246E-02  3.65941E-03  9.02931E-03  8.19608E-04  3.99826E-03  1.76956E-03  1.21818E-04  6.64803E-04  1.95074E-04
  6697.00000  9.94165E-02  0.00000E+00  1.66687E-02  6.24981E-02  3.65830E-03  9.02583E-03  8.19357E-04  3.99610E-03  1.76888E-03  1.21781E-04  6.64454E-04  1.95000E-04
  6698.00000  9.93774E-02  0.00000E+00  1.66642E-02  6.24717E-02  3.65720E-03  9.02234E-03  8.19106E-04  3.99394E-03  1.76820E-03  1.21744E-04  6.64105E-04  1.94926E-04
  6699.00000  9.93384E-02  0.00000E+00  1.66596E-02  6.24453E-02  3.65610E-03  9.01886E-03  8.18855E-04  3.99178E-03  1.76752E-03  1.21707E-04  6.63756E-04  1.94851E-04
  6700.00000  9.92993E-02  0.00000E+00  1.66551E-02  6.24189E-02  3.65500E-03  9.01537E-03  8.18604E-04  3.98962E-03  1.76684E-03  1.21670E-04  6.63408E-04  1.94777E-04
  6701.00000  9.92603E-02  0.00000E+00  1.66505E-02  6.23926E-02  3.65391E-03  9.01189E-03  8.18353E-04  3.98746E-03  1.76617E-03  1.21632E-04  6.63060E-04  1.94703E-04
  6702.00000  9.92213E-02  0.00000E+00  1.66460E-02  6.23662E-02  3.65281E-03  9.00842E-03  8.18103E-04  3.98531E-03  1.76549E-03  1.21595E-04  6.62711E-04  1.94629E-04
  6703.00000  9.91823E-02  0.00000E+00  1.66415E-02  6.23399E-02  3.65171E-03  9.00494E-03  8.17852E-04  3.98316E-03  1.76481E-03  1.21558E-04  6.62364E-04  1.94555E-04
  6704.00000  9.91433E-02  0.00000E+00  1.66369E-02  6.23136E-02  3.65061E-03  9.00147E-03  8.17602E-04  3.98100E-03  1.76413E-03  1.21521E-04  6.62016E-04  1.94481E-04
  6705.00000  9.91044E-02  0.00000E+00  1.66324E-02  6.22872E-02  3.64951E-03  8.99799E-03  8.17351E-04  3.97885E-03  1.76345E-03  1.21484E-04  6.61669E-04  1.94407E-04
  6706.00000  9.90655E-02  0.00000E+00  1.66279E-02  6.22609E-02  3.64842E-03  8.99452E-03  8.17101E-04  3.97670E-03  1.76278E-03  1.21447E-04  6.61321E-04  1.94333E-04
  6707.00000  9.90266E-02  0.00000E+00  1.66234E-02  6.22347E-02  3.64732E-03  8.99105E-03  8.16851E-04  3.97456E-03  1.76210E-03  1.21410E-04  6.60975E-04  1.94259E-04
  6708.00000  9.89877E-02  0.00000E+00  1.66188E-02  6.22084E-02  3.64623E-03  8.98758E-03  8.16601E-04  3.97241E-03  1.76142E-03  1.21373E-04  6.60628E-04  1.94186E-04
  6709.00000  9.89488E-02  0.00000E+00  1.66143E-02  6.21822E-02  3.64513E-03  8.98412E-03  8.16351E-04  3.97027E-03  1.76075E-03  1.21336E-04  6.60281E-04  1.94112E-04
  6710.00000  9.89100E-02  0.00000E+00  1.66098E-02  6.21559E-02  3.64404E-03  8.98066E-03  8.16101E-04  3.96812E-03  1.76007E-03  1.21299E-04  6.59935E-04  1.94038E-04
  6711.00000  9.88712E-02  0.00000E+00  1.66053E-02  6.21297E-02  3.64294E-03  8.97719E-03  8.15851E-04  3.96598E-03  1.75940E-03  1.21262E-04  6.59589E-04  1.93965E-04
  6712.00000  9.88324E-02  0.00000E+00  1.66008E-02  6.21035E-02  3.64185E-03  8.97373E-03  8.15602E-04  3.96384E-03  1.75872E-03  1.21225E-04  6.59243E-04  1.93891E-04
  6713.00000  9.87936E-02  0.00000E+00  1.65963E-02  6.20773E-02  3.64076E-03  8.97027E-03  8.15352E-04  3.96170E-03  1.75805E-03  1.21188E-04  6.58898E-04  1.93817E-04
  6714.00000  9.87549E-02  0.00000E+00  1.65917E-02  6.20511E-02  3.63966E-03  8.96682E-03  8.15103E-04  3.95956E-03  1.75737E-03  1.21151E-04  6.58552E-04  1.93744E-04
  6715.00000  9.87161E-02  0.00000E+00  1.65872E-02  6.20250E-02  3.63857E-03  8.96336E-03  8.14853E-04  3.95743E-03  1.75670E-03  1.21114E-04  6.58207E-04  1.93670E-04
  6716.00000  9.86774E-02  0.00000E+00  1.65827E-02  6.19988E-02  3.63748E-03  8.95991E-03  8.14604E-04  3.95529E-03  1.75603E-03  1.21077E-04  6.57862E-04  1.93597E-04
  6717.00000  9.86387E-02  0.00000E+00  1.65782E-02  6.19727E-02  3.63639E-03  8.95646E-03  8.14355E-04  3.95316E-03  1.75535E-03  1.21040E-04  6.57517E-04  1.93523E-04
  6718.00000  9.86001E-02  0.00000E+00  1.65737E-02  6.19466E-02  3.63530E-03  8.95301E-03  8.14106E-04  3.95103E-03  1.75468E-03  1.21003E-04  6.57173E-04  1.93450E-04
  6719.00000  9.85614E-02  0.00000E+00  1.65692E-02  6.19205E-02  3.63421E-03  8.94956E-03  8.13857E-04  3.94890E-03  1.75401E-03  1.20966E-04  6.56828E-04  1.93377E-04
  6720.00000  9.85228E-02  0.00000E+00  1.65647E-02  6.18944E-02  3.63312E-03  8.94612E-03  8.13609E-04  3.94677E-03  1.75333E-03  1.20930E-04  6.56484E-04  1.93303E-04
  6721.00000  9.84842E-02  0.00000E+00  1.65602E-02  6.18684E-02  3.63203E-03  8.94267E-03  8.13360E-04  3.94464E-03  1.75266E-03  1.20893E-04  6.56141E-04  1.93230E-04
  6722.00000  9.84456E-02  0.00000E+00  1.65557E-02  6.18423E-02  3.63094E-03  8.93923E-03  8.13111E-04  3.94251E-03  1.75199E-03  1.20856E-04  6.55797E-04  1.93157E-04
  6723.00000  9.84070E-02  0.00000E+00  1.65512E-02  6.18163E-02  3.62985E-03  8.93579E-03  8.12863E-04  3.94039E-03  1.75132E-03  1.20819E-04  6.55454E-04  1.93084E-04
  6724.00000  9.83685E-02  0.00000E+00  1.65467E-02  6.17902E-02  3.62877E-03  8.93235E-03  8.12614E-04  3.93826E-03  1.75065E-03  1.20783E-04  6.55110E-04  1.93011E-04
  6725.00000  9.83300E-02  0.00000E+00  1.65422E-02  6.17642E-02  3.62768E-03  8.92891E-03  8.12366E-04  3.93614E-03  1.74998E-03  1.20746E-04  6.54767E-04  1.92938E-04
  6726.00000  9.82915E-02  0.00000E+00  1.65377E-02  6.17382E-02  3.62659E-03  8.92548E-03  8.12118E-04  3.93402E-03  1.74931E-03  1.20709E-04  6.54425E-04  1.92865E-04
  6727.00000  9.82530E-02  0.00000E+00  1.65333E-02  6.17123E-02  3.62550E-03  8.92205E-03  8.11870E-04  3.93190E-03  1.74864E-03  1.20673E-04  6.54082E-04  1.92792E-04
  6728.00000  9.82146E-02  0.00000E+00  1.65288E-02  6.16863E-02  3.62442E-03  8.91861E-03  8.11622E-04  3.92978E-03  1.74797E-03  1.20636E-04  6.53740E-04  1.92719E-04
  6729.00000  9.81761E-02  0.00000E+00  1.65243E-02  6.16603E-02  3.62333E-03  8.91518E-03  8.11374E-04  3.92767E-03  1.74730E-03  1.20599E-04  6.53398E-04  1.92646E-04
  6730.00000  9.81377E-02  0.00000E+00  1.65198E-02  6.16344E-02  3.62225E-03  8.91176E-03  8.11127E-04  3.92555E-03  1.74663E-03  1.20563E-04  6.53056E-04  1.92573E-04
  6731.00000  9.80993E-02  0.00000E+00  1.65153E-02  6.16085E-02  3.62116E-03  8.90833E-03  8.10879E-04  3.92344E-03  1.74596E-03  1.20526E-04  6.52714E-04  1.92500E-04
  6732.00000  9.80609E-02  0.00000E+00  1.65108E-02  6.15826E-02  3.62008E-03  8.90490E-03  8.10632E-04  3.92133E-03  1.74529E-03  1.20490E-04  6.52373E-04  1.92427E-04
  6733.00000  9.80226E-02  0.00000E+00  1.65064E-02  6.15567E-02  3.61900E-03  8.90148E-03  8.10384E-04  3.91921E-03  1.74462E-03  1.20453E-04  6.52032E-04  1.92354E-04
  6734.00000  9.79842E-02  0.00000E+00  1.65019E-02  6.15308E-02  3.61791E-03  8.89806E-03  8.10137E-04  3.91711E-03  1.74396E-03  1.20417E-04  6.51691E-04  1.92282E-04
  6735.00000  9.79459E-02  0.00000E+00  1.64974E-02  6.15049E-02  3.61683E-03  8.89464E-03  8.09890E-04  3.91500E-03  1.74329E-03  1.20380E-04  6.51350E-04  1.92209E-04
  6736.00000  9.79076E-02  0.00000E+00  1.64929E-02  6.14791E-02  3.61575E-03  8.89122E-03  8.09643E-04  3.91289E-03  1.74262E-03  1.20344E-04  6.51010E-04  1.92136E-04
  6737.00000  9.78694E-02  0.00000E+00  1.64885E-02  6.14533E-02  3.61467E-03  8.88781E-03  8.09396E-04  3.91078E-03  1.74196E-03  1.20307E-04  6.50670E-04  1.92064E-04
  6738.00000  9.78311E-02  0.00000E+00  1.64840E-02  6.14274E-02  3.61358E-03  8.88439E-03  8.09149E-04  3.90868E-03  1.74129E-03  1.20271E-04  6.50330E-04  1.91991E-04
  6739.00000  9.77929E-02  0.00000E+00  1.64795E-02  6.14016E-02  3.61250E-03  8.88098E-03  8.08903E-04  3.90658E-03  1.74062E-03  1.20234E-04  6.49990E-04  1.91919E-04
  6740.00000  9.77547E-02  0.00000E+00  1.64751E-02  6.13758E-02  3.61142E-03  8.87757E-03  8.08656E-04  3.90448E-03  1.73996E-03  1.20198E-04  6.49650E-04  1.91846E-04
  6741.00000  9.77165E-02  0.00000E+00  1.64706E-02  6.13501E-02  3.61034E-03  8.87416E-03  8.08410E-04  3.90238E-03  1.73929E-03  1.20162E-04  6.49311E-04  1.91774E-04
  6742.00000  9.76783E-02  0.00000E+00  1.64661E-02  6.13243E-02  3.60926E-03  8.87075E-03  8.08163E-04  3.90028E-03  1.73863E-03  1.20125E-04  6.48972E-04  1.91701E-04
  6743.00000  9.76401E-02  0.00000E+00  1.64617E-02  6.12985E-02  3.60818E-03  8.86734E-03  8.07917E-04  3.89818E-03  1.73796E-03  1.20089E-04  6.48633E-04  1.91629E-04
  6744.00000  9.76020E-02  0.00000E+00  1.64572E-02  6.12728E-02  3.60710E-03  8.86394E-03  8.07671E-04  3.89609E-03  1.73730E-03  1.20053E-04  6.48294E-04  1.91556E-04
  6745.00000  9.75639E-02  0.00000E+00  1.64527E-02  6.12471E-02  3.60603E-03  8.86054E-03  8.07425E-04  3.89399E-03  1.73663E-03  1.20016E-04  6.47956E-04  1.91484E-04
  6746.00000  9.75258E-02  0.00000E+00  1.64483E-02  6.12214E-02  3.60495E-03  8.85714E-03  8.07179E-04  3.89190E-03  1.73597E-03  1.19980E-04  6.47617E-04  1.91412E-04
  6747.00000  9.74877E-02  0.00000E+00  1.64438E-02  6.11957E-02  3.60387E-03  8.85374E-03  8.06933E-04  3.88981E-03  1.73531E-03  1.19944E-04  6.47279E-04  1.91340E-04
  6748.00000  9.74496E-02  0.00000E+00  1.64394E-02  6.11700E-02  3.60279E-03  8.85034E-03  8.06688E-04  3.88772E-03  1.73464E-03  1.19908E-04  6.46942E-04  1.91267E-04
  6749.00000  9.74116E-02  0.00000E+00  1.64349E-02  6.11443E-02  3.60172E-03  8.84694E-03  8.06442E-04  3.88563E-03  1.73398E-03  1.19871E-04  6.46604E-04  1.91195E-04
  6750.00000  9.73736E-02  0.00000E+00  1.64305E-02  6.11187E-02  3.60064E-03  8.84355E-03  8.06197E-04  3.88354E-03  1.73332E-03  1.19835E-04  6.46267E-04  1.91123E-04
  6751.00000  9.73356E-02  0.00000E+00  1.64260E-02  6.10930E-02  3.59956E-03  8.84016E-03  8.05952E-04  3.88146E-03  1.73266E-03  1.19799E-04  6.45930E-04  1.91051E-04
  6752.00000  9.72976E-02  0.00000E+00  1.64216E-02  6.10674E-02  3.59849E-03  8.83676E-03  8.05706E-04  3.87937E-03  1.73199E-03  1.19763E-04  6.45593E-04  1.90979E-04
  6753.00000  9.72596E-02  0.00000E+00  1.64171E-02  6.10418E-02  3.59741E-03  8.83337E-03  8.05461E-04  3.87729E-03  1.73133E-03  1.19727E-04  6.45256E-04  1.90907E-04
  6754.00000  9.72217E-02  0.00000E+00  1.64127E-02  6.10162E-02  3.59634E-03  8.82999E-03  8.05216E-04  3.87521E-03  1.73067E-03  1.19691E-04  6.44920E-04  1.90835E-04
  6755.00000  9.71838E-02  0.00000E+00  1.64082E-02  6.09906E-02  3.59527E-03  8.82660E-03  8.04972E-04  3.87313E-03  1.73001E-03  1.19654E-04  6.44583E-04  1.90763E-04
  6756.00000  9.71459E-02  0.00000E+00  1.64038E-02  6.09650E-02  3.59419E-03  8.82322E-03  8.04727E-04  3.87105E-03  1.72935E-03  1.19618E-04  6.44247E-04  1.90691E-04
  6757.00000  9.71080E-02  0.00000E+00  1.63993E-02  6.09395E-02  3.59312E-03  8.81983E-03  8.04482E-04  3.86897E-03  1.72869E-03  1.19582E-04  6.43912E-04  1.90619E-04
  6758.00000  9.70701E-02  0.00000E+00  1.63949E-02  6.09139E-02  3.59205E-03  8.81645E-03  8.04238E-04  3.86689E-03  1.72803E-03  1.19546E-04  6.43576E-04  1.90548E-04
  6759.00000  9.70323E-02  0.00000E+00  1.63904E-02  6.08884E-02  3.59097E-03  8.81307E-03  8.03993E-04  3.86482E-03  1.72737E-03  1.19510E-04  6.43241E-04  1.90476E-04
  6760.00000  9.69944E-02  0.00000E+00  1.63860E-02  6.08629E-02  3.58990E-03  8.80969E-03  8.03749E-04  3.86275E-03  1.72671E-03  1.19474E-04  6.42905E-04  1.90404E-04
  6761.00000  9.69566E-02  0.00000E+00  1.63816E-02  6.08373E-02  3.58883E-03  8.80632E-03  8.03505E-04  3.86068E-03  1.72605E-03  1.19438E-04  6.42571E-04  1.90332E-04
  6762.00000  9.69188E-02  0.00000E+00  1.63771E-02  6.08119E-02  3.58776E-03  8.80294E-03  8.03261E-04  3.85861E-03  1.72539E-03  1.19402E-04  6.42236E-04  1.90261E-04
  6763.00000  9.68811E-02  0.00000E+00  1.63727E-02  6.07864E-02  3.58669E-03  8.79957E-03  8.03017E-04  3.85654E-03  1.72474E-03  1.19366E-04  6.41901E-04  1.90189E-04
  6764.00000  9.68433E-02  0.00000E+00  1.63683E-02  6.07609E-02  3.58562E-03  8.79620E-03  8.02773E-04  3.85447E-03  1.72408E-03  1.19330E-04  6.41567E-04  1.90117E-04
  6765.00000  9.68056E-02  0.00000E+00  1.63638E-02  6.07355E-02  3.58455E-03  8.79283E-03  8.02529E-04  3.85240E-03  1.72342E-03  1.19294E-04  6.41233E-04  1.90046E-04
  6766.00000  9.67679E-02  0.00000E+00  1.63594E-02  6.07100E-02  3.58348E-03  8.78946E-03  8.02285E-04  3.85034E-03  1.72276E-03  1.19258E-04  6.40899E-04  1.89974E-04
  6767.00000  9.67302E-02  0.00000E+00  1.63550E-02  6.06846E-02  3.58241E-03  8.78609E-03  8.02042E-04  3.84827E-03  1.72211E-03  1.19222E-04  6.40565E-04  1.89903E-04
  6768.00000  9.66925E-02  0.00000E+00  1.63505E-02  6.06592E-02  3.58135E-03  8.78273E-03  8.01798E-04  3.84621E-03  1.72145E-03  1.19186E-04  6.40232E-04  1.89831E-04
  6769.00000  9.66548E-02  0.00000E+00  1.63461E-02  6.06338E-02  3.58028E-03  8.77937E-03  8.01555E-04  3.84415E-03  1.72080E-03  1.19151E-04  6.39899E-04  1.89760E-04
  6770.00000  9.66172E-02  0.00000E+00  1.63417E-02  6.06084E-02  3.57921E-03  8.77600E-03  8.01312E-04  3.84209E-03  1.72014E-03  1.19115E-04  6.39566E-04  1.89688E-04
  6771.00000  9.65796E-02  0.00000E+00  1.63373E-02  6.05830E-02  3.57815E-03  8.77264E-03  8.01068E-04  3.84004E-03  1.71948E-03  1.19079E-04  6.39233E-04  1.89617E-04
  6772.00000  9.65420E-02  0.00000E+00  1.63328E-02  6.05577E-02  3.57708E-03  8.76929E-03  8.00825E-04  3.83798E-03  1.71883E-03  1.19043E-04  6.38900E-04  1.89546E-04
  6773.00000  9.65044E-02  0.00000E+00  1.63284E-02  6.05323E-02  3.57601E-03  8.76593E-03  8.00582E-04  3.83592E-03  1.71818E-03  1.19007E-04  6.38568E-04  1.89474E-04
  6774.00000  9.64668E-02  0.00000E+00  1.63240E-02  6.05070E-02  3.57495E-03  8.76258E-03  8.00339E-04  3.83387E-03  1.71752E-03  1.18971E-04  6.38236E-04  1.89403E-04
  6775.00000  9.64293E-02  0.00000E+00  1.63196E-02  6.04817E-02  3.57388E-03  8.75922E-03  8.00097E-04  3.83182E-03  1.71687E-03  1.18936E-04  6.37904E-04  1.89332E-04
  6776.00000  9.63918E-02  0.00000E+00  1.63152E-02  6.04564E-02  3.57282E-03  8.75587E-03  7.99854E-04  3.82977E-03  1.71621E-03  1.18900E-04  6.37572E-04  1.89261E-04
  6777.00000  9.63543E-02  0.00000E+00  1.63107E-02  6.04311E-02  3.57176E-03  8.75252E-03  7.99612E-04  3.82772E-03  1.71556E-03  1.18864E-04  6.37241E-04  1.89190E-04
  6778.00000  9.63168E-02  0.00000E+00  1.63063E-02  6.04058E-02  3.57069E-03  8.74917E-03  7.99369E-04  3.82567E-03  1.71491E-03  1.18828E-04  6.36909E-04  1.89118E-04
  6779.00000  9.62793E-02  0.00000E+00  1.63019E-02  6.03805E-02  3.56963E-03  8.74583E-03  7.99127E-04  3.82362E-03  1.71425E-03  1.18792E-04  6.36578E-04  1.89047E-04
  6780.00000  9.62419E-02  0.00000E+00  1.62975E-02  6.03553E-02  3.56857E-03  8.74248E-03  7.98884E-04  3.82158E-03  1.71360E-03  1.18757E-04  6.36247E-04  1.88976E-04
  6781.00000  9.62044E-02  0.00000E+00  1.62931E-02  6.03300E-02  3.56751E-03  8.73914E-03  7.98642E-04  3.81953E-03  1.71295E-03  1.18721E-04  6.35917E-04  1.88905E-04
  6782.00000  9.61670E-02  0.00000E+00  1.62887E-02  6.03048E-02  3.56645E-03  8.73580E-03  7.98400E-04  3.81749E-03  1.71230E-03  1.18685E-04  6.35586E-04  1.88834E-04
  6783.00000  9.61296E-02  0.00000E+00  1.62843E-02  6.02796E-02  3.56539E-03  8.73246E-03  7.98158E-04  3.81545E-03  1.71165E-03  1.18650E-04  6.35256E-04  1.88763E-04
  6784.00000  9.60922E-02  0.00000E+00  1.62799E-02  6.02544E-02  3.56433E-03  8.72913E-03  7.97916E-04  3.81341E-03  1.71100E-03  1.18614E-04  6.34926E-04  1.88692E-04
  6785.00000  9.60549E-02  0.00000E+00  1.62754E-02  6.02292E-02  3.56327E-03  8.72579E-03  7.97675E-04  3.81137E-03  1.71035E-03  1.18578E-04  6.34596E-04  1.88621E-04
  6786.00000  9.60175E-02  0.00000E+00  1.62710E-02  6.02040E-02  3.56221E-03  8.72246E-03  7.97433E-04  3.80933E-03  1.70970E-03  1.18543E-04  6.34266E-04  1.88551E-04
  6787.00000  9.59802E-02  0.00000E+00  1.62666E-02  6.01788E-02  3.56115E-03  8.71912E-03  7.97191E-04  3.80729E-03  1.70905E-03  1.18507E-04  6.33937E-04  1.88480E-04
  6788.00000  9.59429E-02  0.00000E+00  1.62622E-02  6.01537E-02  3.56009E-03  8.71579E-03  7.96950E-04  3.80526E-03  1.70840E-03  1.18472E-04  6.33607E-04  1.88409E-04
  6789.00000  9.59056E-02  0.00000E+00  1.62578E-02  6.01285E-02  3.55903E-03  8.71246E-03  7.96708E-04  3.80323E-03  1.70775E-03  1.18436E-04  6.33278E-04  1.88338E-04
  6790.00000  9.58683E-02  0.00000E+00  1.62534E-02  6.01034E-02  3.55797E-03  8.70914E-03  7.96467E-04  3.80119E-03  1.70710E-03  1.18401E-04  6.32950E-04  1.88267E-04
  6791.00000  9.58311E-02  0.00000E+00  1.62490E-02  6.00783E-02  3.55692E-03  8.70581E-03  7.96226E-04  3.79916E-03  1.70645E-03  1.18365E-04  6.32621E-04  1.88197E-04
  6792.00000  9.57938E-02  0.00000E+00  1.62446E-02  6.00532E-02  3.55586E-03  8.70249E-03  7.95985E-04  3.79713E-03  1.70580E-03  1.18329E-04  6.32293E-04  1.88126E-04
  6793.00000  9.57566E-02  0.00000E+00  1.62402E-02  6.00281E-02  3.55480E-03  8.69917E-03  7.95744E-04  3.79510E-03  1.70515E-03  1.18294E-04  6.31964E-04  1.88055E-04
  6794.00000  9.57194E-02  0.00000E+00  1.62358E-02  6.00030E-02  3.55375E-03  8.69585E-03  7.95503E-04  3.79308E-03  1.70450E-03  1.18258E-04  6.31636E-04  1.87985E-04
  6795.00000  9.56823E-02  0.00000E+00  1.62314E-02  5.99780E-02  3.55269E-03  8.69253E-03  7.95262E-04  3.79105E-03  1.70386E-03  1.18223E-04  6.31309E-04  1.87914E-04
  6796.00000  9.56451E-02  0.00000E+00  1.62270E-02  5.99529E-02  3.55164E-03  8.68921E-03  7.95022E-04  3.78903E-03  1.70321E-03  1.18188E-04  6.30981E-04  1.87843E-04
  6797.00000  9.56079E-02  0.00000E+00  1.62227E-02  5.99279E-02  3.55058E-03  8.68590E-03  7.94781E-04  3.78700E-03  1.70256E-03  1.18152E-04  6.30654E-04  1.87773E-04
  6798.00000  9.55708E-02  0.00000E+00  1.62183E-02  5.99029E-02  3.54953E-03  8.68258E-03  7.94541E-04  3.78498E-03  1.70192E-03  1.18117E-04  6.30326E-04  1.87702E-04
  6799.00000  9.55337E-02  0.00000E+00  1.62139E-02  5.98778E-02  3.54848E-03  8.67927E-03  7.94300E-04  3.78296E-03  1.70127E-03  1.18081E-04  6.30000E-04  1.87632E-04
  6800.00000  9.54966E-02  0.00000E+00  1.62095E-02  5.98528E-02  3.54742E-03  8.67596E-03  7.94060E-04  3.78094E-03  1.70062E-03  1.18046E-04  6.29673E-04  1.87561E-04
  6801.00000  9.54595E-02  0.00000E+00  1.62051E-02  5.98278E-02  3.54637E-03  8.67265E-03  7.93820E-04  3.77892E-03  1.69998E-03  1.18010E-04  6.29346E-04  1.87491E-04
  6802.00000  9.54225E-02  0.00000E+00  1.62007E-02  5.98029E-02  3.54532E-03  8.66935E-03  7.93580E-04  3.77691E-03  1.69933E-03  1.17975E-04  6.29020E-04  1.87420E-04
  6803.00000  9.53854E-02  0.00000E+00  1.61963E-02  5.97779E-02  3.54427E-03  8.66604E-03  7.93340E-04  3.77489E-03  1.69869E-03  1.17940E-04  6.28694E-04  1.87350E-04
  6804.00000  9.53484E-02  0.00000E+00  1.61919E-02  5.97530E-02  3.54322E-03  8.66274E-03  7.93100E-04  3.77288E-03  1.69804E-03  1.17904E-04  6.28368E-04  1.87280E-04
  6805.00000  9.53114E-02  0.00000E+00  1.61876E-02  5.97280E-02  3.54217E-03  8.65944E-03  7.92860E-04  3.77087E-03  1.69740E-03  1.17869E-04  6.28042E-04  1.87209E-04
  6806.00000  9.52744E-02  0.00000E+00  1.61832E-02  5.97031E-02  3.54112E-03  8.65614E-03  7.92621E-04  3.76886E-03  1.69676E-03  1.17834E-04  6.27717E-04  1.87139E-04
  6807.00000  9.52375E-02  0.00000E+00  1.61788E-02  5.96782E-02  3.54007E-03  8.65284E-03  7.92381E-04  3.76685E-03  1.69611E-03  1.17799E-04  6.27392E-04  1.87069E-04
  6808.00000  9.52005E-02  0.00000E+00  1.61744E-02  5.96533E-02  3.53902E-03  8.64954E-03  7.92142E-04  3.76484E-03  1.69547E-03  1.17763E-04  6.27066E-04  1.86998E-04
  6809.00000  9.51636E-02  0.00000E+00  1.61700E-02  5.96284E-02  3.53797E-03  8.64625E-03  7.91902E-04  3.76283E-03  1.69482E-03  1.17728E-04  6.26742E-04  1.86928E-04
  6810.00000  9.51267E-02  0.00000E+00  1.61657E-02  5.96035E-02  3.53692E-03  8.64295E-03  7.91663E-04  3.76082E-03  1.69418E-03  1.17693E-04  6.26417E-04  1.86858E-04
  6811.00000  9.50898E-02  0.00000E+00  1.61613E-02  5.95786E-02  3.53587E-03  8.63966E-03  7.91424E-04  3.75882E-03  1.69354E-03  1.17658E-04  6.26093E-04  1.86788E-04
  6812.00000  9.50529E-02  0.00000E+00  1.61569E-02  5.95538E-02  3.53482E-03  8.63637E-03  7.91185E-04  3.75682E-03  1.69290E-03  1.17622E-04  6.25768E-04  1.86717E-04
  6813.00000  9.50161E-02  0.00000E+00  1.61525E-02  5.95290E-02  3.53377E-03  8.63308E-03  7.90946E-04  3.75481E-03  1.69226E-03  1.17587E-04  6.25444E-04  1.86647E-04
  6814.00000  9.49792E-02  0.00000E+00  1.61482E-02  5.95041E-02  3.53273E-03  8.62980E-03  7.90708E-04  3.75281E-03  1.69161E-03  1.17552E-04  6.25121E-04  1.86577E-04
  6815.00000  9.49424E-02  0.00000E+00  1.61438E-02  5.94793E-02  3.53168E-03  8.62651E-03  7.90469E-04  3.75081E-03  1.69097E-03  1.17517E-04  6.24797E-04  1.86507E-04
  6816.00000  9.49056E-02  0.00000E+00  1.61394E-02  5.94545E-02  3.53063E-03  8.62323E-03  7.90230E-04  3.74881E-03  1.69033E-03  1.17482E-04  6.24474E-04  1.86437E-04
  6817.00000  9.48688E-02  0.00000E+00  1.61351E-02  5.94297E-02  3.52959E-03  8.61994E-03  7.89992E-04  3.74682E-03  1.68969E-03  1.17447E-04  6.24151E-04  1.86367E-04
  6818.00000  9.48320E-02  0.00000E+00  1.61307E-02  5.94050E-02  3.52854E-03  8.61666E-03  7.89754E-04  3.74482E-03  1.68905E-03  1.17411E-04  6.23828E-04  1.86297E-04
  6819.00000  9.47953E-02  0.00000E+00  1.61263E-02  5.93802E-02  3.52750E-03  8.61338E-03  7.89515E-04  3.74283E-03  1.68841E-03  1.17376E-04  6.23505E-04  1.86227E-04
  6820.00000  9.47585E-02  0.00000E+00  1.61220E-02  5.93554E-02  3.52645E-03  8.61011E-03  7.89277E-04  3.74084E-03  1.68777E-03  1.17341E-04  6.23182E-04  1.86157E-04
  6821.00000  9.47218E-02  0.00000E+00  1.61176E-02  5.93307E-02  3.52541E-03  8.60683E-03  7.89039E-04  3.73884E-03  1.68713E-03  1.17306E-04  6.22860E-04  1.86087E-04
  6822.00000  9.46851E-02  0.00000E+00  1.61132E-02  5.93060E-02  3.52437E-03  8.60356E-03  7.88801E-04  3.73685E-03  1.68649E-03  1.17271E-04  6.22538E-04  1.86017E-04
  6823.00000  9.46484E-02  0.00000E+00  1.61089E-02  5.92813E-02  3.52332E-03  8.60028E-03  7.88564E-04  3.73487E-03  1.68585E-03  1.17236E-04  6.22216E-04  1.85947E-04
  6824.00000  9.46118E-02  0.00000E+00  1.61045E-02  5.92566E-02  3.52228E-03  8.59701E-03  7.88326E-04  3.73288E-03  1.68522E-03  1.17201E-04  6.21895E-04  1.85877E-04
  6825.00000  9.45751E-02  0.00000E+00  1.61002E-02  5.92319E-02  3.52124E-03  8.59374E-03  7.88088E-04  3.73089E-03  1.68458E-03  1.17166E-04  6.21573E-04  1.85807E-04
  6826.00000  9.45385E-02  0.00000E+00  1.60958E-02  5.92072E-02  3.52020E-03  8.59047E-03  7.87851E-04  3.72891E-03  1.68394E-03  1.17131E-04  6.21252E-04  1.85737E-04
  6827.00000  9.45019E-02  0.00000E+00  1.60915E-02  5.91825E-02  3.51915E-03  8.58721E-03  7.87614E-04  3.72692E-03  1.68330E-03  1.17096E-04  6.20931E-04  1.85667E-04
  6828.00000  9.44653E-02  0.00000E+00  1.60871E-02  5.91579E-02  3.51811E-03  8.58394E-03  7.87376E-04  3.72494E-03  1.68266E-03  1.17061E-04  6.20610E-04  1.85597E-04
  6829.00000  9.44287E-02  0.00000E+00  1.60827E-02  5.91333E-02  3.51707E-03  8.58068E-03  7.87139E-04  3.72296E-03  1.68203E-03  1.17026E-04  6.20289E-04  1.85528E-04
  6830.00000  9.43922E-02  0.00000E+00  1.60784E-02  5.91086E-02  3.51603E-03  8.57742E-03  7.86902E-04  3.72098E-03  1.68139E-03  1.16991E-04  6.19969E-04  1.85458E-04
  6831.00000  9.43556E-02  0.00000E+00  1.60740E-02  5.90840E-02  3.51499E-03  8.57416E-03  7.86665E-04  3.71900E-03  1.68076E-03  1.16956E-04  6.19649E-04  1.85388E-04
  6832.00000  9.43191E-02  0.00000E+00  1.60697E-02  5.90594E-02  3.51395E-03  8.57090E-03  7.86429E-04  3.71703E-03  1.68012E-03  1.16921E-04  6.19329E-04  1.85318E-04
  6833.00000  9.42826E-02  0.00000E+00  1.60653E-02  5.90348E-02  3.51291E-03  8.56764E-03  7.86192E-04  3.71505E-03  1.67948E-03  1.16886E-04  6.19009E-04  1.85249E-04
  6834.00000  9.42461E-02  0.00000E+00  1.60610E-02  5.90102E-02  3.51188E-03  8.56439E-03  7.85955E-04  3.71308E-03  1.67885E-03  1.16851E-04  6.18689E-04  1.85179E-04
  6835.00000  9.42096E-02  0.00000E+00  1.60567E-02  5.89857E-02  3.51084E-03  8.56113E-03  7.85719E-04  3.71110E-03  1.67821E-03  1.16817E-04  6.18370E-04  1.85109E-04
  6836.00000  9.41732E-02  0.00000E+00  1.60523E-02  5.89611E-02  3.50980E-03  8.55788E-03  7.85482E-04  3.70913E-03  1.67758E-03  1.16782E-04  6.18051E-04  1.85040E-04
  6837.00000  9.41368E-02  0.00000E+00  1.60480E-02  5.89366E-02  3.50876E-03  8.55463E-03  7.85246E-04  3.70716E-03  1.67695E-03  1.16747E-04  6.17732E-04  1.84970E-04
  6838.00000  9.41003E-02  0.00000E+00  1.60436E-02  5.89121E-02  3.50773E-03  8.55138E-03  7.85010E-04  3.70519E-03  1.67631E-03  1.16712E-04  6.17413E-04  1.84900E-04
  6839.00000  9.40639E-02  0.00000E+00  1.60393E-02  5.88875E-02  3.50669E-03  8.54813E-03  7.84774E-04  3.70323E-03  1.67568E-03  1.16677E-04  6.17095E-04  1.84831E-04
  6840.00000  9.40276E-02  0.00000E+00  1.60350E-02  5.88630E-02  3.50566E-03  8.54489E-03  7.84538E-04  3.70126E-03  1.67504E-03  1.16642E-04  6.16776E-04  1.84761E-04
  6841.00000  9.39912E-02  0.00000E+00  1.60306E-02  5.88385E-02  3.50462E-03  8.54164E-03  7.84302E-04  3.69929E-03  1.67441E-03  1.16608E-04  6.16458E-04  1.84692E-04
  6842.00000  9.39548E-02  0.00000E+00  1.60263E-02  5.88141E-02  3.50359E-03  8.53840E-03  7.84066E-04  3.69733E-03  1.67378E-03  1.16573E-04  6.16140E-04  1.84622E-04
  6843.00000  9.39185E-02  0.00000E+00  1.60219E-02  5.87896E-02  3.50255E-03  8.53516E-03  7.83830E-04  3.69537E-03  1.67315E-03  1.16538E-04  6.15823E-04  1.84553E-04
  6844.00000  9.38822E-02  0.00000E+00  1.60176E-02  5.87651E-02  3.50152E-03  8.53192E-03  7.83595E-04  3.69341E-03  1.67251E-03  1.16503E-04  6.15505E-04  1.84483E-04
  6845.00000  9.38459E-02  0.00000E+00  1.60133E-02  5.87407E-02  3.50048E-03  8.52868E-03  7.83359E-04  3.69145E-03  1.67188E-03  1.16468E-04  6.15188E-04  1.84414E-04
  6846.00000  9.38096E-02  0.00000E+00  1.60090E-02  5.87163E-02  3.49945E-03  8.52544E-03  7.83124E-04  3.68949E-03  1.67125E-03  1.16434E-04  6.14870E-04  1.84344E-04
  6847.00000  9.37734E-02  0.00000E+00  1.60046E-02  5.86919E-02  3.49842E-03  8.52221E-03  7.82889E-04  3.68753E-03  1.67062E-03  1.16399E-04  6.14554E-04  1.84275E-04
  6848.00000  9.37371E-02  0.00000E+00  1.60003E-02  5.86675E-02  3.49739E-03  8.51898E-03  7.82654E-04  3.68558E-03  1.66999E-03  1.16364E-04  6.14237E-04  1.84206E-04
  6849.00000  9.37009E-02  0.00000E+00  1.59960E-02  5.86431E-02  3.49636E-03  8.51575E-03  7.82418E-04  3.68362E-03  1.66936E-03  1.16329E-04  6.13920E-04  1.84136E-04
  6850.00000  9.36647E-02  0.00000E+00  1.59917E-02  5.86187E-02  3.49532E-03  8.51252E-03  7.82183E-04  3.68167E-03  1.66873E-03  1.16295E-04  6.13604E-04  1.84067E-04
  6851.00000  9.36285E-02  0.00000E+00  1.59873E-02  5.85943E-02  3.49429E-03  8.50929E-03  7.81949E-04  3.67972E-03  1.66810E-03  1.16260E-04  6.13288E-04  1.83998E-04
  6852.00000  9.35924E-02  0.00000E+00  1.59830E-02  5.85700E-02  3.49326E-03  8.50606E-03  7.81714E-04  3.67777E-03  1.66747E-03  1.16225E-04  6.12972E-04  1.83929E-04
  6853.00000  9.35562E-02  0.00000E+00  1.59787E-02  5.85456E-02  3.49223E-03  8.50284E-03  7.81479E-04  3.67582E-03  1.66684E-03  1.16191E-04  6.12656E-04  1.83859E-04
  6854.00000  9.35201E-02  0.00000E+00  1.59744E-02  5.85213E-02  3.49120E-03  8.49961E-03  7.81244E-04  3.67387E-03  1.66621E-03  1.16156E-04  6.12341E-04  1.83790E-04
  6855.00000  9.34840E-02  0.00000E+00  1.59701E-02  5.84970E-02  3.49018E-03  8.49639E-03  7.81010E-04  3.67192E-03  1.66559E-03  1.16121E-04  6.12025E-04  1.83721E-04
  6856.00000  9.34479E-02  0.00000E+00  1.59657E-02  5.84727E-02  3.48915E-03  8.49317E-03  7.80776E-04  3.66998E-03  1.66496E-03  1.16087E-04  6.11710E-04  1.83652E-04
  6857.00000  9.34118E-02  0.00000E+00  1.59614E-02  5.84484E-02  3.48812E-03  8.48995E-03  7.80541E-04  3.66803E-03  1.66433E-03  1.16052E-04  6.11395E-04  1.83583E-04
  6858.00000  9.33758E-02  0.00000E+00  1.59571E-02  5.84241E-02  3.48709E-03  8.48674E-03  7.80307E-04  3.66609E-03  1.66370E-03  1.16017E-04  6.11080E-04  1.83514E-04
  6859.00000  9.33397E-02  0.00000E+00  1.59528E-02  5.83998E-02  3.48607E-03  8.48352E-03  7.80073E-04  3.66415E-03  1.66307E-03  1.15983E-04  6.10766E-04  1.83445E-04
  6860.00000  9.33037E-02  0.00000E+00  1.59485E-02  5.83756E-02  3.48504E-03  8.48031E-03  7.79839E-04  3.66221E-03  1.66245E-03  1.15948E-04  6.10451E-04  1.83376E-04
  6861.00000  9.32677E-02  0.00000E+00  1.59442E-02  5.83513E-02  3.48401E-03  8.47710E-03  7.79605E-04  3.66027E-03  1.66182E-03  1.15914E-04  6.10137E-04  1.83307E-04
  6862.00000  9.32317E-02  0.00000E+00  1.59399E-02  5.83271E-02  3.48299E-03  8.47389E-03  7.79371E-04  3.65833E-03  1.66120E-03  1.15879E-04  6.09823E-04  1.83238E-04
  6863.00000  9.31957E-02  0.00000E+00  1.59356E-02  5.83029E-02  3.48196E-03  8.47068E-03  7.79137E-04  3.65639E-03  1.66057E-03  1.15845E-04  6.09509E-04  1.83169E-04
  6864.00000  9.31598E-02  0.00000E+00  1.59313E-02  5.82787E-02  3.48094E-03  8.46747E-03  7.78904E-04  3.65446E-03  1.65994E-03  1.15810E-04  6.09196E-04  1.83100E-04
  6865.00000  9.31239E-02  0.00000E+00  1.59270E-02  5.82545E-02  3.47991E-03  8.46427E-03  7.78670E-04  3.65252E-03  1.65932E-03  1.15776E-04  6.08882E-04  1.83031E-04
  6866.00000  9.30880E-02  0.00000E+00  1.59227E-02  5.82303E-02  3.47889E-03  8.46107E-03  7.78437E-04  3.65059E-03  1.65869E-03  1.15741E-04  6.08569E-04  1.82962E-04
  6867.00000  9.30521E-02  0.00000E+00  1.59184E-02  5.82062E-02  3.47787E-03  8.45786E-03  7.78203E-04  3.64866E-03  1.65807E-03  1.15706E-04  6.08256E-04  1.82893E-04
  6868.00000  9.30162E-02  0.00000E+00  1.59141E-02  5.81820E-02  3.47684E-03  8.45466E-03  7.77970E-04  3.64673E-03  1.65744E-03  1.15672E-04  6.07943E-04  1.82824E-04
  6869.00000  9.29803E-02  0.00000E+00  1.59098E-02  5.81579E-02  3.47582E-03  8.45147E-03  7.77737E-04  3.64480E-03  1.65682E-03  1.15637E-04  6.07631E-04  1.82756E-04
  6870.00000  9.29445E-02  0.00000E+00  1.59055E-02  5.81338E-02  3.47480E-03  8.44827E-03  7.77504E-04  3.64287E-03  1.65620E-03  1.15603E-04  6.07318E-04  1.82687E-04
  6871.00000  9.29087E-02  0.00000E+00  1.59012E-02  5.81096E-02  3.47378E-03  8.44507E-03  7.77271E-04  3.64094E-03  1.65557E-03  1.15569E-04  6.07006E-04  1.82618E-04
  6872.00000  9.28729E-02  0.00000E+00  1.58969E-02  5.80855E-02  3.47275E-03  8.44188E-03  7.77038E-04  3.63902E-03  1.65495E-03  1.15534E-04  6.06694E-04  1.82550E-04
  6873.00000  9.28371E-02  0.00000E+00  1.58926E-02  5.80614E-02  3.47173E-03  8.43869E-03  7.76805E-04  3.63709E-03  1.65433E-03  1.15500E-04  6.06382E-04  1.82481E-04
  6874.00000  9.28013E-02  0.00000E+00  1.58883E-02  5.80374E-02  3.47071E-03  8.43550E-03  7.76572E-04  3.63517E-03  1.65370E-03  1.15465E-04  6.06071E-04  1.82412E-04
  6875.00000  9.27655E-02  0.00000E+00  1.58840E-02  5.80133E-02  3.46969E-03  8.43231E-03  7.76340E-04  3.63325E-03  1.65308E-03  1.15431E-04  6.05759E-04  1.82344E-04
  6876.00000  9.27298E-02  0.00000E+00  1.58798E-02  5.79893E-02  3.46867E-03  8.42912E-03  7.76107E-04  3.63132E-03  1.65246E-03  1.15396E-04  6.05448E-04  1.82275E-04
  6877.00000  9.26941E-02  0.00000E+00  1.58755E-02  5.79652E-02  3.46765E-03  8.42594E-03  7.75875E-04  3.62940E-03  1.65184E-03  1.15362E-04  6.05137E-04  1.82207E-04
  6878.00000  9.26584E-02  0.00000E+00  1.58712E-02  5.79412E-02  3.46664E-03  8.42275E-03  7.75642E-04  3.62749E-03  1.65122E-03  1.15328E-04  6.04826E-04  1.82138E-04
  6879.00000  9.26227E-02  0.00000E+00  1.58669E-02  5.79172E-02  3.46562E-03  8.41957E-03  7.75410E-04  3.62557E-03  1.65060E-03  1.15293E-04  6.04516E-04  1.82070E-04
  6880.00000  9.25871E-02  0.00000E+00  1.58626E-02  5.78932E-02  3.46460E-03  8.41639E-03  7.75178E-04  3.62365E-03  1.64998E-03  1.15259E-04  6.04205E-04  1.82001E-04
  6881.00000  9.25514E-02  0.00000E+00  1.58584E-02  5.78692E-02  3.46358E-03  8.41321E-03  7.74946E-04  3.62174E-03  1.64935E-03  1.15225E-04  6.03895E-04  1.81933E-04
  6882.00000  9.25158E-02  0.00000E+00  1.58541E-02  5.78452E-02  3.46256E-03  8.41003E-03  7.74714E-04  3.61983E-03  1.64873E-03  1.15190E-04  6.03585E-04  1.81864E-04
  6883.00000  9.24802E-02  0.00000E+00  1.58498E-02  5.78212E-02  3.46155E-03  8.40686E-03  7.74482E-04  3.61791E-03  1.64811E-03  1.15156E-04  6.03275E-04  1.81796E-04
  6884.00000  9.24446E-02  0.00000E+00  1.58455E-02  5.77973E-02  3.46053E-03  8.40368E-03  7.74251E-04  3.61600E-03  1.64749E-03  1.15122E-04  6.02965E-04  1.81728E-04
  6885.00000  9.24090E-02  0.00000E+00  1.58413E-02  5.77733E-02  3.45951E-03  8.40051E-03  7.74019E-04  3.61409E-03  1.64688E-03  1.15087E-04  6.02656E-04  1.81660E-04
  6886.00000  9.23735E-02  0.00000E+00  1.58370E-02  5.77494E-02  3.45850E-03  8.39734E-03  7.73788E-04  3.61218E-03  1.64626E-03  1.15053E-04  6.02347E-04  1.81591E-04
  6887.00000  9.23380E-02  0.00000E+00  1.58327E-02  5.77255E-02  3.45748E-03  8.39417E-03  7.73556E-04  3.61028E-03  1.64564E-03  1.15019E-04  6.02038E-04  1.81523E-04
  6888.00000  9.23024E-02  0.00000E+00  1.58285E-02  5.77016E-02  3.45647E-03  8.39100E-03  7.73325E-04  3.60837E-03  1.64502E-03  1.14985E-04  6.01729E-04  1.81455E-04
  6889.00000  9.22669E-02  0.00000E+00  1.58242E-02  5.76777E-02  3.45545E-03  8.38783E-03  7.73094E-04  3.60647E-03  1.64440E-03  1.14950E-04  6.01420E-04  1.81387E-04
  6890.00000  9.22315E-02  0.00000E+00  1.58200E-02  5.76538E-02  3.45444E-03  8.38466E-03  7.72863E-04  3.60456E-03  1.64378E-03  1.14916E-04  6.01112E-04  1.81319E-04
  6891.00000  9.21960E-02  0.00000E+00  1.58157E-02  5.76300E-02  3.45343E-03  8.38150E-03  7.72632E-04  3.60266E-03  1.64317E-03  1.14882E-04  6.00803E-04  1.81250E-04
  6892.00000  9.21606E-02  0.00000E+00  1.58114E-02  5.76061E-02  3.45241E-03  8.37834E-03  7.72401E-04  3.60076E-03  1.64255E-03  1.14848E-04  6.00495E-04  1.81182E-04
  6893.00000  9.21251E-02  0.00000E+00  1.58072E-02  5.75823E-02  3.45140E-03  8.37518E-03  7.72170E-04  3.59886E-03  1.64193E-03  1.14813E-04  6.00188E-04  1.81114E-04
  6894.00000  9.20897E-02  0.00000E+00  1.58029E-02  5.75585E-02  3.45039E-03  8.37202E-03  7.71939E-04  3.59696E-03  1.64131E-03  1.14779E-04  5.99880E-04  1.81046E-04
  6895.00000  9.20544E-02  0.00000E+00  1.57987E-02  5.75347E-02  3.44938E-03  8.36886E-03  7.71709E-04  3.59507E-03  1.64070E-03  1.14745E-04  5.99572E-04  1.80978E-04
  6896.00000  9.20190E-02  0.00000E+00  1.57944E-02  5.75109E-02  3.44837E-03  8.36570E-03  7.71478E-04  3.59317E-03  1.64008E-03  1.14711E-04  5.99265E-04  1.80910E-04
  6897.00000  9.19836E-02  0.00000E+00  1.57902E-02  5.74871E-02  3.44735E-03  8.36255E-03  7.71248E-04  3.59127E-03  1.63947E-03  1.14677E-04  5.98958E-04  1.80842E-04
  6898.00000  9.19483E-02  0.00000E+00  1.57859E-02  5.74633E-02  3.44634E-03  8.35939E-03  7.71018E-04  3.58938E-03  1.63885E-03  1.14643E-04  5.98651E-04  1.80775E-04
  6899.00000  9.19130E-02  0.00000E+00  1.57817E-02  5.74396E-02  3.44533E-03  8.35624E-03  7.70788E-04  3.58749E-03  1.63824E-03  1.14608E-04  5.98345E-04  1.80707E-04
  6900.00000  9.18777E-02  0.00000E+00  1.57775E-02  5.74158E-02  3.44432E-03  8.35309E-03  7.70557E-04  3.58560E-03  1.63762E-03  1.14574E-04  5.98038E-04  1.80639E-04
  6901.00000  9.18424E-02  0.00000E+00  1.57732E-02  5.73921E-02  3.44331E-03  8.34994E-03  7.70328E-04  3.58371E-03  1.63701E-03  1.14540E-04  5.97732E-04  1.80571E-04
  6902.00000  9.18072E-02  0.00000E+00  1.57690E-02  5.73684E-02  3.44230E-03  8.34679E-03  7.70098E-04  3.58182E-03  1.63639E-03  1.14506E-04  5.97426E-04  1.80503E-04
  6903.00000  9.17719E-02  0.00000E+00  1.57647E-02  5.73447E-02  3.44130E-03  8.34365E-03  7.69868E-04  3.57993E-03  1.63578E-03  1.14472E-04  5.97120E-04  1.80436E-04
  6904.00000  9.17367E-02  0.00000E+00  1.57605E-02  5.73210E-02  3.44029E-03  8.34050E-03  7.69638E-04  3.57805E-03  1.63516E-03  1.14438E-04  5.96814E-04  1.80368E-04
  6905.00000  9.17015E-02  0.00000E+00  1.57563E-02  5.72973E-02  3.43928E-03  8.33736E-03  7.69409E-04  3.57616E-03  1.63455E-03  1.14404E-04  5.96509E-04  1.80300E-04
  6906.00000  9.16664E-02  0.00000E+00  1.57520E-02  5.72736E-02  3.43827E-03  8.33422E-03  7.69179E-04  3.57428E-03  1.63394E-03  1.14370E-04  5.96204E-04  1.80232E-04
  6907.00000  9.16312E-02  0.00000E+00  1.57478E-02  5.72500E-02  3.43727E-03  8.33108E-03  7.68950E-04  3.57240E-03  1.63333E-03  1.14336E-04  5.95899E-04  1.80165E-04
  6908.00000  9.15960E-02  0.00000E+00  1.57436E-02  5.72263E-02  3.43626E-03  8.32794E-03  7.68721E-04  3.57052E-03  1.63271E-03  1.14302E-04  5.95594E-04  1.80097E-04
  6909.00000  9.15609E-02  0.00000E+00  1.57393E-02  5.72027E-02  3.43525E-03  8.32480E-03  7.68492E-04  3.56864E-03  1.63210E-03  1.14268E-04  5.95289E-04  1.80030E-04
  6910.00000  9.15258E-02  0.00000E+00  1.57351E-02  5.71791E-02  3.43425E-03  8.32167E-03  7.68263E-04  3.56676E-03  1.63149E-03  1.14234E-04  5.94985E-04  1.79962E-04
  6911.00000  9.14907E-02  0.00000E+00  1.57309E-02  5.71555E-02  3.43324E-03  8.31854E-03  7.68034E-04  3.56488E-03  1.63088E-03  1.14200E-04  5.94680E-04  1.79895E-04
  6912.00000  9.14557E-02  0.00000E+00  1.57267E-02  5.71319E-02  3.43224E-03  8.31540E-03  7.67805E-04  3.56301E-03  1.63027E-03  1.14166E-04  5.94376E-04  1.79827E-04
  6913.00000  9.14206E-02  0.00000E+00  1.57225E-02  5.71083E-02  3.43123E-03  8.31227E-03  7.67576E-04  3.56113E-03  1.62966E-03  1.14132E-04  5.94072E-04  1.79760E-04
  6914.00000  9.13856E-02  0.00000E+00  1.57182E-02  5.70848E-02  3.43023E-03  8.30914E-03  7.67348E-04  3.55926E-03  1.62905E-03  1.14098E-04  5.93769E-04  1.79692E-04
  6915.00000  9.13506E-02  0.00000E+00  1.57140E-02  5.70612E-02  3.42923E-03  8.30601E-03  7.67119E-04  3.55739E-03  1.62844E-03  1.14064E-04  5.93465E-04  1.79625E-04
  6916.00000  9.13156E-02  0.00000E+00  1.57098E-02  5.70377E-02  3.42822E-03  8.30289E-03  7.66891E-04  3.55551E-03  1.62783E-03  1.14030E-04  5.93162E-04  1.79558E-04
  6917.00000  9.12806E-02  0.00000E+00  1.57056E-02  5.70142E-02  3.42722E-03  8.29976E-03  7.66663E-04  3.55365E-03  1.62722E-03  1.13996E-04  5.92859E-04  1.79490E-04
  6918.00000  9.12456E-02  0.00000E+00  1.57014E-02  5.69906E-02  3.42622E-03  8.29664E-03  7.66434E-04  3.55178E-03  1.62661E-03  1.13962E-04  5.92556E-04  1.79423E-04
  6919.00000  9.12107E-02  0.00000E+00  1.56972E-02  5.69671E-02  3.42522E-03  8.29352E-03  7.66206E-04  3.54991E-03  1.62600E-03  1.13928E-04  5.92253E-04  1.79356E-04
  6920.00000  9.11758E-02  0.00000E+00  1.56930E-02  5.69437E-02  3.42422E-03  8.29040E-03  7.65978E-04  3.54804E-03  1.62539E-03  1.13894E-04  5.91951E-04  1.79288E-04
  6921.00000  9.11409E-02  0.00000E+00  1.56888E-02  5.69202E-02  3.42322E-03  8.28728E-03  7.65750E-04  3.54618E-03  1.62478E-03  1.13860E-04  5.91648E-04  1.79221E-04
  6922.00000  9.11060E-02  0.00000E+00  1.56846E-02  5.68967E-02  3.42222E-03  8.28416E-03  7.65523E-04  3.54432E-03  1.62417E-03  1.13826E-04  5.91346E-04  1.79154E-04
  6923.00000  9.10711E-02  0.00000E+00  1.56804E-02  5.68733E-02  3.42122E-03  8.28105E-03  7.65295E-04  3.54245E-03  1.62356E-03  1.13792E-04  5.91044E-04  1.79087E-04
  6924.00000  9.10363E-02  0.00000E+00  1.56762E-02  5.68498E-02  3.42022E-03  8.27794E-03  7.65067E-04  3.54059E-03  1.62296E-03  1.13758E-04  5.90742E-04  1.79020E-04
  6925.00000  9.10015E-02  0.00000E+00  1.56720E-02  5.68264E-02  3.41922E-03  8.27482E-03  7.64840E-04  3.53873E-03  1.62235E-03  1.13724E-04  5.90441E-04  1.78953E-04
  6926.00000  9.09667E-02  0.00000E+00  1.56678E-02  5.68030E-02  3.41822E-03  8.27171E-03  7.64612E-04  3.53687E-03  1.62174E-03  1.13691E-04  5.90139E-04  1.78886E-04
  6927.00000  9.09319E-02  0.00000E+00  1.56636E-02  5.67796E-02  3.41722E-03  8.26860E-03  7.64385E-04  3.53502E-03  1.62114E-03  1.13657E-04  5.89838E-04  1.78819E-04
  6928.00000  9.08971E-02  0.00000E+00  1.56594E-02  5.67562E-02  3.41622E-03  8.26550E-03  7.64158E-04  3.53316E-03  1.62053E-03  1.13623E-04  5.89537E-04  1.78752E-04
  6929.00000  9.08624E-02  0.00000E+00  1.56552E-02  5.67329E-02  3.41523E-03  8.26239E-03  7.63930E-04  3.53130E-03  1.61992E-03  1.13589E-04  5.89236E-04  1.78685E-04
  6930.00000  9.08276E-02  0.00000E+00  1.56510E-02  5.67095E-02  3.41423E-03  8.25929E-03  7.63703E-04  3.52945E-03  1.61932E-03  1.13555E-04  5.88935E-04  1.78618E-04
  6931.00000  9.07929E-02  0.00000E+00  1.56468E-02  5.66862E-02  3.41323E-03  8.25618E-03  7.63476E-04  3.52760E-03  1.61871E-03  1.13521E-04  5.88635E-04  1.78551E-04
  6932.00000  9.07582E-02  0.00000E+00  1.56426E-02  5.66628E-02  3.41224E-03  8.25308E-03  7.63249E-04  3.52575E-03  1.61811E-03  1.13487E-04  5.88335E-04  1.78484E-04
  6933.00000  9.07235E-02  0.00000E+00  1.56385E-02  5.66395E-02  3.41124E-03  8.24998E-03  7.63023E-04  3.52390E-03  1.61750E-03  1.13454E-04  5.88035E-04  1.78417E-04
  6934.00000  9.06889E-02  0.00000E+00  1.56343E-02  5.66162E-02  3.41025E-03  8.24689E-03  7.62796E-04  3.52205E-03  1.61690E-03  1.13420E-04  5.87735E-04  1.78350E-04
  6935.00000  9.06543E-02  0.00000E+00  1.56301E-02  5.65929E-02  3.40925E-03  8.24379E-03  7.62569E-04  3.52020E-03  1.61630E-03  1.13386E-04  5.87435E-04  1.78284E-04
  6936.00000  9.06196E-02  0.00000E+00  1.56259E-02  5.65697E-02  3.40826E-03  8.24069E-03  7.62343E-04  3.51835E-03  1.61569E-03  1.13352E-04  5.87135E-04  1.78217E-04
  6937.00000  9.05850E-02  0.00000E+00  1.56218E-02  5.65464E-02  3.40726E-03  8.23760E-03  7.62116E-04  3.51651E-03  1.61509E-03  1.13319E-04  5.86836E-04  1.78150E-04
  6938.00000  9.05505E-02  0.00000E+00  1.56176E-02  5.65231E-02  3.40627E-03  8.23451E-03  7.61890E-04  3.51466E-03  1.61449E-03  1.13285E-04  5.86537E-04  1.78083E-04
  6939.00000  9.05159E-02  0.00000E+00  1.56134E-02  5.64999E-02  3.40528E-03  8.23142E-03  7.61664E-04  3.51282E-03  1.61388E-03  1.13251E-04  5.86238E-04  1.78017E-04
  6940.00000  9.04814E-02  0.00000E+00  1.56093E-02  5.64767E-02  3.40428E-03  8.22833E-03  7.61437E-04  3.51098E-03  1.61328E-03  1.13217E-04  5.85939E-04  1.77950E-04
  6941.00000  9.04468E-02  0.00000E+00  1.56051E-02  5.64535E-02  3.40329E-03  8.22524E-03  7.61211E-04  3.50914E-03  1.61268E-03  1.13184E-04  5.85640E-04  1.77884E-04
  6942.00000  9.04123E-02  0.00000E+00  1.56009E-02  5.64303E-02  3.40230E-03  8.22216E-03  7.60985E-04  3.50730E-03  1.61208E-03  1.13150E-04  5.85342E-04  1.77817E-04
  6943.00000  9.03778E-02  0.00000E+00  1.55968E-02  5.64071E-02  3.40131E-03  8.21907E-03  7.60759E-04  3.50546E-03  1.61147E-03  1.13116E-04  5.85044E-04  1.77750E-04
  6944.00000  9.03434E-02  0.00000E+00  1.55926E-02  5.63839E-02  3.40032E-03  8.21599E-03  7.60534E-04  3.50362E-03  1.61087E-03  1.13082E-04  5.84746E-04  1.77684E-04
  6945.00000  9.03089E-02  0.00000E+00  1.55884E-02  5.63608E-02  3.39933E-03  8.21291E-03  7.60308E-04  3.50178E-03  1.61027E-03  1.13049E-04  5.84448E-04  1.77617E-04
  6946.00000  9.02745E-02  0.00000E+00  1.55843E-02  5.63376E-02  3.39834E-03  8.20983E-03  7.60082E-04  3.49995E-03  1.60967E-03  1.13015E-04  5.84150E-04  1.77551E-04
  6947.00000  9.02401E-02  0.00000E+00  1.55801E-02  5.63145E-02  3.39735E-03  8.20675E-03  7.59857E-04  3.49811E-03  1.60907E-03  1.12981E-04  5.83852E-04  1.77485E-04
  6948.00000  9.02057E-02  0.00000E+00  1.55760E-02  5.62914E-02  3.39636E-03  8.20368E-03  7.59631E-04  3.49628E-03  1.60847E-03  1.12948E-04  5.83555E-04  1.77418E-04
  6949.00000  9.01713E-02  0.00000E+00  1.55718E-02  5.62683E-02  3.39537E-03  8.20060E-03  7.59406E-04  3.49445E-03  1.60787E-03  1.12914E-04  5.83258E-04  1.77352E-04
  6950.00000  9.01370E-02  0.00000E+00  1.55677E-02  5.62452E-02  3.39438E-03  8.19753E-03  7.59181E-04  3.49262E-03  1.60727E-03  1.12880E-04  5.82961E-04  1.77285E-04
  6951.00000  9.01026E-02  0.00000E+00  1.55635E-02  5.62221E-02  3.39339E-03  8.19446E-03  7.58955E-04  3.49079E-03  1.60667E-03  1.12847E-04  5.82664E-04  1.77219E-04
  6952.00000  9.00683E-02  0.00000E+00  1.55594E-02  5.61990E-02  3.39241E-03  8.19139E-03  7.58730E-04  3.48896E-03  1.60607E-03  1.12813E-04  5.82368E-04  1.77153E-04
  6953.00000  9.00340E-02  0.00000E+00  1.55552E-02  5.61760E-02  3.39142E-03  8.18832E-03  7.58505E-04  3.48714E-03  1.60547E-03  1.12779E-04  5.82071E-04  1.77087E-04
  6954.00000  8.99997E-02  0.00000E+00  1.55511E-02  5.61529E-02  3.39043E-03  8.18525E-03  7.58281E-04  3.48531E-03  1.60487E-03  1.12746E-04  5.81775E-04  1.77020E-04
  6955.00000  8.99655E-02  0.00000E+00  1.55470E-02  5.61299E-02  3.38944E-03  8.18219E-03  7.58056E-04  3.48348E-03  1.60428E-03  1.12712E-04  5.81479E-04  1.76954E-04
  6956.00000  8.99312E-02  0.00000E+00  1.55428E-02  5.61069E-02  3.38846E-03  8.17912E-03  7.57831E-04  3.48166E-03  1.60368E-03  1.12679E-04  5.81183E-04  1.76888E-04
  6957.00000  8.98970E-02  0.00000E+00  1.55387E-02  5.60839E-02  3.38747E-03  8.17606E-03  7.57606E-04  3.47984E-03  1.60308E-03  1.12645E-04  5.80887E-04  1.76822E-04
  6958.00000  8.98628E-02  0.00000E+00  1.55346E-02  5.60609E-02  3.38649E-03  8.17300E-03  7.57382E-04  3.47802E-03  1.60248E-03  1.12611E-04  5.80592E-04  1.76756E-04
  6959.00000  8.98286E-02  0.00000E+00  1.55304E-02  5.60380E-02  3.38550E-03  8.16994E-03  7.57157E-04  3.47620E-03  1.60189E-03  1.12578E-04  5.80297E-04  1.76689E-04
  6960.00000  8.97945E-02  0.00000E+00  1.55263E-02  5.60150E-02  3.38452E-03  8.16688E-03  7.56933E-04  3.47438E-03  1.60129E-03  1.12544E-04  5.80001E-04  1.76623E-04
  6961.00000  8.97603E-02  0.00000E+00  1.55222E-02  5.59920E-02  3.38353E-03  8.16383E-03  7.56709E-04  3.47256E-03  1.60069E-03  1.12511E-04  5.79707E-04  1.76557E-04
  6962.00000  8.97262E-02  0.00000E+00  1.55180E-02  5.59691E-02  3.38255E-03  8.16077E-03  7.56485E-04  3.47075E-03  1.60010E-03  1.12477E-04  5.79412E-04  1.76491E-04
  6963.00000  8.96921E-02  0.00000E+00  1.55139E-02  5.59462E-02  3.38157E-03  8.15772E-03  7.56261E-04  3.46893E-03  1.59950E-03  1.12444E-04  5.79117E-04  1.76425E-04
  6964.00000  8.96580E-02  0.00000E+00  1.55098E-02  5.59233E-02  3.38058E-03  8.15466E-03  7.56037E-04  3.46712E-03  1.59890E-03  1.12410E-04  5.78823E-04  1.76359E-04
  6965.00000  8.96239E-02  0.00000E+00  1.55057E-02  5.59004E-02  3.37960E-03  8.15161E-03  7.55813E-04  3.46530E-03  1.59831E-03  1.12377E-04  5.78529E-04  1.76293E-04
  6966.00000  8.95898E-02  0.00000E+00  1.55015E-02  5.58775E-02  3.37862E-03  8.14856E-03  7.55589E-04  3.46349E-03  1.59771E-03  1.12343E-04  5.78235E-04  1.76227E-04
  6967.00000  8.95558E-02  0.00000E+00  1.54974E-02  5.58546E-02  3.37764E-03  8.14552E-03  7.55366E-04  3.46168E-03  1.59712E-03  1.12310E-04  5.77941E-04  1.76161E-04
  6968.00000  8.95218E-02  0.00000E+00  1.54933E-02  5.58318E-02  3.37665E-03  8.14247E-03  7.55142E-04  3.45987E-03  1.59652E-03  1.12276E-04  5.77647E-04  1.76095E-04
  6969.00000  8.94878E-02  0.00000E+00  1.54892E-02  5.58089E-02  3.37567E-03  8.13942E-03  7.54919E-04  3.45806E-03  1.59593E-03  1.12243E-04  5.77354E-04  1.76030E-04
  6970.00000  8.94538E-02  0.00000E+00  1.54851E-02  5.57861E-02  3.37469E-03  8.13638E-03  7.54695E-04  3.45626E-03  1.59534E-03  1.12210E-04  5.77061E-04  1.75964E-04
  6971.00000  8.94198E-02  0.00000E+00  1.54810E-02  5.57633E-02  3.37371E-03  8.13334E-03  7.54472E-04  3.45445E-03  1.59474E-03  1.12176E-04  5.76768E-04  1.75898E-04
  6972.00000  8.93859E-02  0.00000E+00  1.54769E-02  5.57405E-02  3.37273E-03  8.13030E-03  7.54249E-04  3.45265E-03  1.59415E-03  1.12143E-04  5.76475E-04  1.75832E-04
  6973.00000  8.93519E-02  0.00000E+00  1.54728E-02  5.57177E-02  3.37175E-03  8.12726E-03  7.54026E-04  3.45084E-03  1.59355E-03  1.12109E-04  5.76182E-04  1.75766E-04
  6974.00000  8.93180E-02  0.00000E+00  1.54687E-02  5.56949E-02  3.37077E-03  8.12422E-03  7.53803E-04  3.44904E-03  1.59296E-03  1.12076E-04  5.75890E-04  1.75701E-04
  6975.00000  8.92841E-02  0.00000E+00  1.54646E-02  5.56721E-02  3.36979E-03  8.12118E-03  7.53580E-04  3.44724E-03  1.59237E-03  1.12043E-04  5.75597E-04  1.75635E-04
  6976.00000  8.92503E-02  0.00000E+00  1.54605E-02  5.56494E-02  3.36882E-03  8.11815E-03  7.53358E-04  3.44544E-03  1.59178E-03  1.12009E-04  5.75305E-04  1.75569E-04
  6977.00000  8.92164E-02  0.00000E+00  1.54564E-02  5.56266E-02  3.36784E-03  8.11511E-03  7.53135E-04  3.44364E-03  1.59118E-03  1.11976E-04  5.75013E-04  1.75503E-04
  6978.00000  8.91826E-02  0.00000E+00  1.54523E-02  5.56039E-02  3.36686E-03  8.11208E-03  7.52912E-04  3.44184E-03  1.59059E-03  1.11942E-04  5.74722E-04  1.75438E-04
  6979.00000  8.91488E-02  0.00000E+00  1.54482E-02  5.55812E-02  3.36588E-03  8.10905E-03  7.52690E-04  3.44005E-03  1.59000E-03  1.11909E-04  5.74430E-04  1.75372E-04
  6980.00000  8.91150E-02  0.00000E+00  1.54441E-02  5.55585E-02  3.36491E-03  8.10602E-03  7.52468E-04  3.43825E-03  1.58941E-03  1.11876E-04  5.74139E-04  1.75306E-04
  6981.00000  8.90812E-02  0.00000E+00  1.54400E-02  5.55358E-02  3.36393E-03  8.10299E-03  7.52245E-04  3.43646E-03  1.58882E-03  1.11842E-04  5.73848E-04  1.75241E-04
  6982.00000  8.90474E-02  0.00000E+00  1.54359E-02  5.55131E-02  3.36296E-03  8.09997E-03  7.52023E-04  3.43467E-03  1.58823E-03  1.11809E-04  5.73557E-04  1.75175E-04
  6983.00000  8.90137E-02  0.00000E+00  1.54318E-02  5.54905E-02  3.36198E-03  8.09694E-03  7.51801E-04  3.43287E-03  1.58764E-03  1.11776E-04  5.73266E-04  1.75110E-04
  6984.00000  8.89799E-02  0.00000E+00  1.54277E-02  5.54678E-02  3.36100E-03  8.09392E-03  7.51579E-04  3.43108E-03  1.58705E-03  1.11743E-04  5.72975E-04  1.75044E-04
  6985.00000  8.89462E-02  0.00000E+00  1.54236E-02  5.54452E-02  3.36003E-03  8.09090E-03  7.51358E-04  3.42929E-03  1.58646E-03  1.11709E-04  5.72685E-04  1.74979E-04
  6986.00000  8.89126E-02  0.00000E+00  1.54196E-02  5.54226E-02  3.35906E-03  8.08787E-03  7.51136E-04  3.42751E-03  1.58587E-03  1.11676E-04  5.72395E-04  1.74913E-04
  6987.00000  8.88789E-02  0.00000E+00  1.54155E-02  5.54000E-02  3.35808E-03  8.08486E-03  7.50914E-04  3.42572E-03  1.58528E-03  1.11643E-04  5.72105E-04  1.74848E-04
  6988.00000  8.88452E-02  0.00000E+00  1.54114E-02  5.53774E-02  3.35711E-03  8.08184E-03  7.50693E-04  3.42393E-03  1.58469E-03  1.11609E-04  5.71815E-04  1.74782E-04
  6989.00000  8.88116E-02  0.00000E+00  1.54073E-02  5.53548E-02  3.35614E-03  8.07882E-03  7.50471E-04  3.42215E-03  1.58410E-03  1.11576E-04  5.71525E-04  1.74717E-04
  6990.00000  8.87780E-02  0.00000E+00  1.54033E-02  5.53322E-02  3.35516E-03  8.07581E-03  7.50250E-04  3.42037E-03  1.58351E-03  1.11543E-04  5.71235E-04  1.74651E-04
  6991.00000  8.87444E-02  0.00000E+00  1.53992E-02  5.53096E-02  3.35419E-03  8.07279E-03  7.50029E-04  3.41858E-03  1.58293E-03  1.11510E-04  5.70946E-04  1.74586E-04
  6992.00000  8.87108E-02  0.00000E+00  1.53951E-02  5.52871E-02  3.35322E-03  8.06978E-03  7.49807E-04  3.41680E-03  1.58234E-03  1.11477E-04  5.70657E-04  1.74521E-04
  6993.00000  8.86773E-02  0.00000E+00  1.53910E-02  5.52646E-02  3.35225E-03  8.06677E-03  7.49586E-04  3.41502E-03  1.58175E-03  1.11443E-04  5.70368E-04  1.74455E-04
  6994.00000  8.86437E-02  0.00000E+00  1.53870E-02  5.52420E-02  3.35128E-03  8.06376E-03  7.49365E-04  3.41324E-03  1.58116E-03  1.11410E-04  5.70079E-04  1.74390E-04
  6995.00000  8.86102E-02  0.00000E+00  1.53829E-02  5.52195E-02  3.35031E-03  8.06075E-03  7.49145E-04  3.41147E-03  1.58058E-03  1.11377E-04  5.69791E-04  1.74325E-04
  6996.00000  8.85767E-02  0.00000E+00  1.53788E-02  5.51970E-02  3.34934E-03  8.05775E-03  7.48924E-04  3.40969E-03  1.57999E-03  1.11344E-04  5.69502E-04  1.74260E-04
  6997.00000  8.85432E-02  0.00000E+00  1.53748E-02  5.51746E-02  3.34837E-03  8.05474E-03  7.48703E-04  3.40791E-03  1.57940E-03  1.11311E-04  5.69214E-04  1.74194E-04
  6998.00000  8.85097E-02  0.00000E+00  1.53707E-02  5.51521E-02  3.34740E-03  8.05174E-03  7.48483E-04  3.40614E-03  1.57882E-03  1.11277E-04  5.68926E-04  1.74129E-04
  6999.00000  8.84763E-02  0.00000E+00  1.53667E-02  5.51296E-02  3.34643E-03  8.04874E-03  7.48262E-04  3.40437E-03  1.57823E-03  1.11244E-04  5.68638E-04  1.74064E-04
  7000.00000  8.84428E-02  0.00000E+00  1.53626E-02  5.51072E-02  3.34546E-03  8.04574E-03  7.48042E-04  3.40260E-03  1.57765E-03  1.11211E-04  5.68351E-04  1.73999E-04
  7001.00000  8.84094E-02  0.00000E+00  1.53585E-02  5.50848E-02  3.34449E-03  8.04274E-03  7.47821E-04  3.40083E-03  1.57706E-03  1.11178E-04  5.68063E-04  1.73934E-04
  7002.00000  8.83760E-02  0.00000E+00  1.53545E-02  5.50623E-02  3.34353E-03  8.03975E-03  7.47601E-04  3.39906E-03  1.57648E-03  1.11145E-04  5.67776E-04  1.73869E-04
  7003.00000  8.83427E-02  0.00000E+00  1.53504E-02  5.50399E-02  3.34256E-03  8.03675E-03  7.47381E-04  3.39729E-03  1.57589E-03  1.11112E-04  5.67489E-04  1.73804E-04
  7004.00000  8.83093E-02  0.00000E+00  1.53464E-02  5.50175E-02  3.34159E-03  8.03376E-03  7.47161E-04  3.39552E-03  1.57531E-03  1.11079E-04  5.67202E-04  1.73739E-04
  7005.00000  8.82759E-02  0.00000E+00  1.53423E-02  5.49952E-02  3.34063E-03  8.03076E-03  7.46941E-04  3.39375E-03  1.57473E-03  1.11046E-04  5.66915E-04  1.73673E-04
  7006.00000  8.82426E-02  0.00000E+00  1.53383E-02  5.49728E-02  3.33966E-03  8.02777E-03  7.46721E-04  3.39199E-03  1.57414E-03  1.11013E-04  5.66628E-04  1.73609E-04
  7007.00000  8.82093E-02  0.00000E+00  1.53342E-02  5.49504E-02  3.33870E-03  8.02478E-03  7.46501E-04  3.39022E-03  1.57356E-03  1.10979E-04  5.66342E-04  1.73544E-04
  7008.00000  8.81760E-02  0.00000E+00  1.53302E-02  5.49281E-02  3.33773E-03  8.02180E-03  7.46282E-04  3.38846E-03  1.57298E-03  1.10946E-04  5.66055E-04  1.73479E-04
  7009.00000  8.81427E-02  0.00000E+00  1.53262E-02  5.49058E-02  3.33677E-03  8.01881E-03  7.46062E-04  3.38670E-03  1.57239E-03  1.10913E-04  5.65769E-04  1.73414E-04
  7010.00000  8.81095E-02  0.00000E+00  1.53221E-02  5.48834E-02  3.33580E-03  8.01583E-03  7.45843E-04  3.38494E-03  1.57181E-03  1.10880E-04  5.65483E-04  1.73349E-04
  7011.00000  8.80763E-02  0.00000E+00  1.53181E-02  5.48611E-02  3.33484E-03  8.01284E-03  7.45623E-04  3.38318E-03  1.57123E-03  1.10847E-04  5.65198E-04  1.73284E-04
  7012.00000  8.80430E-02  0.00000E+00  1.53140E-02  5.48388E-02  3.33388E-03  8.00986E-03  7.45404E-04  3.38142E-03  1.57065E-03  1.10814E-04  5.64912E-04  1.73219E-04
  7013.00000  8.80098E-02  0.00000E+00  1.53100E-02  5.48166E-02  3.33291E-03  8.00688E-03  7.45185E-04  3.37966E-03  1.57007E-03  1.10781E-04  5.64627E-04  1.73154E-04
  7014.00000  8.79766E-02  0.00000E+00  1.53060E-02  5.47943E-02  3.33195E-03  8.00390E-03  7.44965E-04  3.37791E-03  1.56948E-03  1.10748E-04  5.64342E-04  1.73090E-04
  7015.00000  8.79435E-02  0.00000E+00  1.53019E-02  5.47720E-02  3.33099E-03  8.00092E-03  7.44746E-04  3.37615E-03  1.56890E-03  1.10715E-04  5.64056E-04  1.73025E-04
  7016.00000  8.79103E-02  0.00000E+00  1.52979E-02  5.47498E-02  3.33003E-03  7.99795E-03  7.44527E-04  3.37440E-03  1.56832E-03  1.10682E-04  5.63772E-04  1.72960E-04
  7017.00000  8.78772E-02  0.00000E+00  1.52939E-02  5.47275E-02  3.32907E-03  7.99497E-03  7.44308E-04  3.37265E-03  1.56774E-03  1.10649E-04  5.63487E-04  1.72896E-04
  7018.00000  8.78441E-02  0.00000E+00  1.52899E-02  5.47053E-02  3.32811E-03  7.99200E-03  7.44090E-04  3.37089E-03  1.56716E-03  1.10616E-04  5.63202E-04  1.72831E-04
  7019.00000  8.78110E-02  0.00000E+00  1.52858E-02  5.46831E-02  3.32714E-03  7.98903E-03  7.43871E-04  3.36914E-03  1.56658E-03  1.10583E-04  5.62918E-04  1.72766E-04
  7020.00000  8.77779E-02  0.00000E+00  1.52818E-02  5.46609E-02  3.32618E-03  7.98606E-03  7.43652E-04  3.36739E-03  1.56600E-03  1.10550E-04  5.62634E-04  1.72702E-04
  7021.00000  8.77448E-02  0.00000E+00  1.52778E-02  5.46387E-02  3.32522E-03  7.98309E-03  7.43434E-04  3.36565E-03  1.56542E-03  1.10518E-04  5.62350E-04  1.72637E-04
  7022.00000  8.77118E-02  0.00000E+00  1.52738E-02  5.46166E-02  3.32427E-03  7.98013E-03  7.43215E-04  3.36390E-03  1.56485E-03  1.10485E-04  5.62066E-04  1.72573E-04
  7023.00000  8.76788E-02  0.00000E+00  1.52697E-02  5.45944E-02  3.32331E-03  7.97716E-03  7.42997E-04  3.36215E-03  1.56427E-03  1.10452E-04  5.61782E-04  1.72508E-04
  7024.00000  8.76458E-02  0.00000E+00  1.52657E-02  5.45723E-02  3.32235E-03  7.97420E-03  7.42778E-04  3.36041E-03  1.56369E-03  1.10419E-04  5.61499E-04  1.72444E-04
  7025.00000  8.76128E-02  0.00000E+00  1.52617E-02  5.45501E-02  3.32139E-03  7.97123E-03  7.42560E-04  3.35866E-03  1.56311E-03  1.10386E-04  5.61216E-04  1.72379E-04
  7026.00000  8.75798E-02  0.00000E+00  1.52577E-02  5.45280E-02  3.32043E-03  7.96827E-03  7.42342E-04  3.35692E-03  1.56253E-03  1.10353E-04  5.60932E-04  1.72315E-04
  7027.00000  8.75468E-02  0.00000E+00  1.52537E-02  5.45059E-02  3.31947E-03  7.96531E-03  7.42124E-04  3.35518E-03  1.56195E-03  1.10320E-04  5.60649E-04  1.72251E-04
  7028.00000  8.75139E-02  0.00000E+00  1.52497E-02  5.44838E-02  3.31852E-03  7.96235E-03  7.41906E-04  3.35344E-03  1.56138E-03  1.10287E-04  5.60367E-04  1.72186E-04
  7029.00000  8.74810E-02  0.00000E+00  1.52457E-02  5.44617E-02  3.31756E-03  7.95940E-03  7.41688E-04  3.35170E-03  1.56080E-03  1.10255E-04  5.60084E-04  1.72122E-04
  7030.00000  8.74481E-02  0.00000E+00  1.52416E-02  5.44396E-02  3.31660E-03  7.95644E-03  7.41470E-04  3.34996E-03  1.56022E-03  1.10222E-04  5.59802E-04  1.72058E-04
  7031.00000  8.74152E-02  0.00000E+00  1.52376E-02  5.44176E-02  3.31565E-03  7.95349E-03  7.41253E-04  3.34822E-03  1.55965E-03  1.10189E-04  5.59519E-04  1.71994E-04
  7032.00000  8.73823E-02  0.00000E+00  1.52336E-02  5.43955E-02  3.31469E-03  7.95054E-03  7.41035E-04  3.34649E-03  1.55907E-03  1.10156E-04  5.59237E-04  1.71929E-04
  7033.00000  8.73495E-02  0.00000E+00  1.52296E-02  5.43735E-02  3.31374E-03  7.94758E-03  7.40818E-04  3.34475E-03  1.55849E-03  1.10123E-04  5.58955E-04  1.71865E-04
  7034.00000  8.73166E-02  0.00000E+00  1.52256E-02  5.43515E-02  3.31278E-03  7.94463E-03  7.40600E-04  3.34302E-03  1.55792E-03  1.10090E-04  5.58674E-04  1.71801E-04
  7035.00000  8.72838E-02  0.00000E+00  1.52216E-02  5.43295E-02  3.31183E-03  7.94169E-03  7.40383E-04  3.34128E-03  1.55734E-03  1.10058E-04  5.58392E-04  1.71737E-04
  7036.00000  8.72510E-02  0.00000E+00  1.52176E-02  5.43075E-02  3.31087E-03  7.93874E-03  7.40166E-04  3.33955E-03  1.55677E-03  1.10025E-04  5.58111E-04  1.71673E-04
  7037.00000  8.72182E-02  0.00000E+00  1.52136E-02  5.42855E-02  3.30992E-03  7.93579E-03  7.39948E-04  3.33782E-03  1.55619E-03  1.09992E-04  5.57829E-04  1.71609E-04
  7038.00000  8.71854E-02  0.00000E+00  1.52096E-02  5.42635E-02  3.30897E-03  7.93285E-03  7.39731E-04  3.33609E-03  1.55562E-03  1.09959E-04  5.57548E-04  1.71545E-04
  7039.00000  8.71527E-02  0.00000E+00  1.52056E-02  5.42415E-02  3.30801E-03  7.92991E-03  7.39514E-04  3.33436E-03  1.55504E-03  1.09927E-04  5.57267E-04  1.71481E-04
  7040.00000  8.71199E-02  0.00000E+00  1.52016E-02  5.42196E-02  3.30706E-03  7.92697E-03  7.39298E-04  3.33264E-03  1.55447E-03  1.09894E-04  5.56987E-04  1.71417E-04
  7041.00000  8.70872E-02  0.00000E+00  1.51976E-02  5.41976E-02  3.30611E-03  7.92402E-03  7.39081E-04  3.33091E-03  1.55390E-03  1.09861E-04  5.56706E-04  1.71353E-04
  7042.00000  8.70545E-02  0.00000E+00  1.51937E-02  5.41757E-02  3.30516E-03  7.92109E-03  7.38864E-04  3.32918E-03  1.55332E-03  1.09829E-04  5.56426E-04  1.71289E-04
  7043.00000  8.70218E-02  0.00000E+00  1.51897E-02  5.41538E-02  3.30420E-03  7.91815E-03  7.38648E-04  3.32746E-03  1.55275E-03  1.09796E-04  5.56146E-04  1.71225E-04
  7044.00000  8.69892E-02  0.00000E+00  1.51857E-02  5.41319E-02  3.30325E-03  7.91521E-03  7.38431E-04  3.32574E-03  1.55218E-03  1.09763E-04  5.55866E-04  1.71162E-04
  7045.00000  8.69565E-02  0.00000E+00  1.51817E-02  5.41100E-02  3.30230E-03  7.91228E-03  7.38215E-04  3.32401E-03  1.55160E-03  1.09731E-04  5.55586E-04  1.71098E-04
  7046.00000  8.69239E-02  0.00000E+00  1.51777E-02  5.40881E-02  3.30135E-03  7.90935E-03  7.37998E-04  3.32229E-03  1.55103E-03  1.09698E-04  5.55306E-04  1.71034E-04
  7047.00000  8.68913E-02  0.00000E+00  1.51737E-02  5.40663E-02  3.30040E-03  7.90641E-03  7.37782E-04  3.32057E-03  1.55046E-03  1.09665E-04  5.55027E-04  1.70970E-04
  7048.00000  8.68587E-02  0.00000E+00  1.51697E-02  5.40444E-02  3.29945E-03  7.90348E-03  7.37566E-04  3.31886E-03  1.54989E-03  1.09633E-04  5.54748E-04  1.70907E-04
  7049.00000  8.68261E-02  0.00000E+00  1.51658E-02  5.40225E-02  3.29850E-03  7.90055E-03  7.37350E-04  3.31714E-03  1.54932E-03  1.09600E-04  5.54468E-04  1.70843E-04
  7050.00000  8.67935E-02  0.00000E+00  1.51618E-02  5.40007E-02  3.29755E-03  7.89763E-03  7.37134E-04  3.31542E-03  1.54874E-03  1.09568E-04  5.54190E-04  1.70779E-04
  7051.00000  8.67610E-02  0.00000E+00  1.51578E-02  5.39789E-02  3.29661E-03  7.89470E-03  7.36918E-04  3.31371E-03  1.54817E-03  1.09535E-04  5.53911E-04  1.70716E-04
  7052.00000  8.67284E-02  0.00000E+00  1.51538E-02  5.39571E-02  3.29566E-03  7.89177E-03  7.36703E-04  3.31199E-03  1.54760E-03  1.09502E-04  5.53632E-04  1.70652E-04
  7053.00000  8.66959E-02  0.00000E+00  1.51498E-02  5.39353E-02  3.29471E-03  7.88885E-03  7.36487E-04  3.31028E-03  1.54703E-03  1.09470E-04  5.53354E-04  1.70589E-04
  7054.00000  8.66634E-02  0.00000E+00  1.51459E-02  5.39135E-02  3.29376E-03  7.88593E-03  7.36271E-04  3.30857E-03  1.54646E-03  1.09437E-04  5.53076E-04  1.70525E-04
  7055.00000  8.66309E-02  0.00000E+00  1.51419E-02  5.38917E-02  3.29282E-03  7.88301E-03  7.36056E-04  3.30686E-03  1.54589E-03  1.09405E-04  5.52798E-04  1.70462E-04
  7056.00000  8.65984E-02  0.00000E+00  1.51379E-02  5.38700E-02  3.29187E-03  7.88009E-03  7.35841E-04  3.30515E-03  1.54532E-03  1.09372E-04  5.52520E-04  1.70398E-04
  7057.00000  8.65660E-02  0.00000E+00  1.51340E-02  5.38482E-02  3.29092E-03  7.87717E-03  7.35625E-04  3.30344E-03  1.54475E-03  1.09340E-04  5.52242E-04  1.70335E-04
  7058.00000  8.65335E-02  0.00000E+00  1.51300E-02  5.38265E-02  3.28998E-03  7.87425E-03  7.35410E-04  3.30173E-03  1.54418E-03  1.09307E-04  5.51965E-04  1.70272E-04
  7059.00000  8.65011E-02  0.00000E+00  1.51260E-02  5.38047E-02  3.28903E-03  7.87134E-03  7.35195E-04  3.30003E-03  1.54361E-03  1.09275E-04  5.51687E-04  1.70208E-04
  7060.00000  8.64687E-02  0.00000E+00  1.51221E-02  5.37830E-02  3.28809E-03  7.86842E-03  7.34980E-04  3.29832E-03  1.54304E-03  1.09242E-04  5.51410E-04  1.70145E-04
  7061.00000  8.64363E-02  0.00000E+00  1.51181E-02  5.37613E-02  3.28714E-03  7.86551E-03  7.34765E-04  3.29662E-03  1.54248E-03  1.09210E-04  5.51133E-04  1.70082E-04
  7062.00000  8.64039E-02  0.00000E+00  1.51141E-02  5.37396E-02  3.28620E-03  7.86260E-03  7.34551E-04  3.29491E-03  1.54191E-03  1.09178E-04  5.50856E-04  1.70019E-04
  7063.00000  8.63716E-02  0.00000E+00  1.51102E-02  5.37179E-02  3.28526E-03  7.85969E-03  7.34336E-04  3.29321E-03  1.54134E-03  1.09145E-04  5.50580E-04  1.69955E-04
  7064.00000  8.63392E-02  0.00000E+00  1.51062E-02  5.36962E-02  3.28431E-03  7.85678E-03  7.34121E-04  3.29151E-03  1.54077E-03  1.09113E-04  5.50303E-04  1.69892E-04
  7065.00000  8.63069E-02  0.00000E+00  1.51022E-02  5.36746E-02  3.28337E-03  7.85388E-03  7.33907E-04  3.28981E-03  1.54021E-03  1.09080E-04  5.50027E-04  1.69829E-04
  7066.00000  8.62746E-02  0.00000E+00  1.50983E-02  5.36529E-02  3.28243E-03  7.85097E-03  7.33693E-04  3.28811E-03  1.53964E-03  1.09048E-04  5.49751E-04  1.69766E-04
  7067.00000  8.62423E-02  0.00000E+00  1.50943E-02  5.36313E-02  3.28149E-03  7.84807E-03  7.33478E-04  3.28642E-03  1.53907E-03  1.09016E-04  5.49475E-04  1.69703E-04
  7068.00000  8.62100E-02  0.00000E+00  1.50904E-02  5.36097E-02  3.28054E-03  7.84516E-03  7.33264E-04  3.28472E-03  1.53851E-03  1.08983E-04  5.49199E-04  1.69640E-04
  7069.00000  8.61778E-02  0.00000E+00  1.50864E-02  5.35880E-02  3.27960E-03  7.84226E-03  7.33050E-04  3.28302E-03  1.53794E-03  1.08951E-04  5.48924E-04  1.69577E-04
  7070.00000  8.61455E-02  0.00000E+00  1.50825E-02  5.35664E-02  3.27866E-03  7.83936E-03  7.32836E-04  3.28133E-03  1.53737E-03  1.08918E-04  5.48648E-04  1.69514E-04
  7071.00000  8.61133E-02  0.00000E+00  1.50785E-02  5.35448E-02  3.27772E-03  7.83646E-03  7.32622E-04  3.27964E-03  1.53681E-03  1.08886E-04  5.48373E-04  1.69451E-04
  7072.00000  8.60811E-02  0.00000E+00  1.50746E-02  5.35233E-02  3.27678E-03  7.83357E-03  7.32408E-04  3.27795E-03  1.53624E-03  1.08854E-04  5.48098E-04  1.69388E-04
  7073.00000  8.60489E-02  0.00000E+00  1.50706E-02  5.35017E-02  3.27584E-03  7.83067E-03  7.32195E-04  3.27625E-03  1.53568E-03  1.08821E-04  5.47823E-04  1.69325E-04
  7074.00000  8.60167E-02  0.00000E+00  1.50667E-02  5.34801E-02  3.27490E-03  7.82778E-03  7.31981E-04  3.27456E-03  1.53511E-03  1.08789E-04  5.47548E-04  1.69263E-04
  7075.00000  8.59846E-02  0.00000E+00  1.50627E-02  5.34586E-02  3.27397E-03  7.82489E-03  7.31767E-04  3.27288E-03  1.53455E-03  1.08757E-04  5.47274E-04  1.69200E-04
  7076.00000  8.59524E-02  0.00000E+00  1.50588E-02  5.34370E-02  3.27303E-03  7.82199E-03  7.31554E-04  3.27119E-03  1.53398E-03  1.08725E-04  5.47000E-04  1.69137E-04
  7077.00000  8.59203E-02  0.00000E+00  1.50548E-02  5.34155E-02  3.27209E-03  7.81910E-03  7.31341E-04  3.26950E-03  1.53342E-03  1.08692E-04  5.46725E-04  1.69074E-04
  7078.00000  8.58882E-02  0.00000E+00  1.50509E-02  5.33940E-02  3.27115E-03  7.81622E-03  7.31127E-04  3.26782E-03  1.53286E-03  1.08660E-04  5.46451E-04  1.69012E-04
  7079.00000  8.58561E-02  0.00000E+00  1.50469E-02  5.33725E-02  3.27021E-03  7.81333E-03  7.30914E-04  3.26613E-03  1.53229E-03  1.08628E-04  5.46177E-04  1.68949E-04
  7080.00000  8.58240E-02  0.00000E+00  1.50430E-02  5.33510E-02  3.26928E-03  7.81044E-03  7.30701E-04  3.26445E-03  1.53173E-03  1.08596E-04  5.45904E-04  1.68886E-04
  7081.00000  8.57919E-02  0.00000E+00  1.50391E-02  5.33295E-02  3.26834E-03  7.80756E-03  7.30488E-04  3.26277E-03  1.53117E-03  1.08563E-04  5.45630E-04  1.68824E-04
  7082.00000  8.57599E-02  0.00000E+00  1.50351E-02  5.33081E-02  3.26741E-03  7.80468E-03  7.30275E-04  3.26108E-03  1.53061E-03  1.08531E-04  5.45357E-04  1.68761E-04
  7083.00000  8.57278E-02  0.00000E+00  1.50312E-02  5.32866E-02  3.26647E-03  7.80180E-03  7.30062E-04  3.25940E-03  1.53004E-03  1.08499E-04  5.45084E-04  1.68699E-04
  7084.00000  8.56958E-02  0.00000E+00  1.50272E-02  5.32652E-02  3.26554E-03  7.79892E-03  7.29849E-04  3.25773E-03  1.52948E-03  1.08467E-04  5.44811E-04  1.68636E-04
  7085.00000  8.56638E-02  0.00000E+00  1.50233E-02  5.32437E-02  3.26460E-03  7.79604E-03  7.29637E-04  3.25605E-03  1.52892E-03  1.08435E-04  5.44538E-04  1.68574E-04
  7086.00000  8.56318E-02  0.00000E+00  1.50194E-02  5.32223E-02  3.26367E-03  7.79316E-03  7.29424E-04  3.25437E-03  1.52836E-03  1.08402E-04  5.44265E-04  1.68511E-04
  7087.00000  8.55999E-02  0.00000E+00  1.50154E-02  5.32009E-02  3.26273E-03  7.79029E-03  7.29211E-04  3.25269E-03  1.52780E-03  1.08370E-04  5.43992E-04  1.68449E-04
  7088.00000  8.55679E-02  0.00000E+00  1.50115E-02  5.31795E-02  3.26180E-03  7.78741E-03  7.28999E-04  3.25102E-03  1.52724E-03  1.08338E-04  5.43720E-04  1.68387E-04
  7089.00000  8.55360E-02  0.00000E+00  1.50076E-02  5.31581E-02  3.26087E-03  7.78454E-03  7.28787E-04  3.24935E-03  1.52668E-03  1.08306E-04  5.43448E-04  1.68324E-04
  7090.00000  8.55040E-02  0.00000E+00  1.50037E-02  5.31367E-02  3.25993E-03  7.78167E-03  7.28574E-04  3.24767E-03  1.52612E-03  1.08274E-04  5.43176E-04  1.68262E-04
  7091.00000  8.54721E-02  0.00000E+00  1.49997E-02  5.31153E-02  3.25900E-03  7.77880E-03  7.28362E-04  3.24600E-03  1.52556E-03  1.08242E-04  5.42904E-04  1.68200E-04
  7092.00000  8.54402E-02  0.00000E+00  1.49958E-02  5.30940E-02  3.25807E-03  7.77593E-03  7.28150E-04  3.24433E-03  1.52500E-03  1.08210E-04  5.42632E-04  1.68138E-04
  7093.00000  8.54084E-02  0.00000E+00  1.49919E-02  5.30726E-02  3.25714E-03  7.77307E-03  7.27938E-04  3.24266E-03  1.52444E-03  1.08178E-04  5.42361E-04  1.68075E-04
  7094.00000  8.53765E-02  0.00000E+00  1.49880E-02  5.30513E-02  3.25620E-03  7.77020E-03  7.27726E-04  3.24099E-03  1.52388E-03  1.08146E-04  5.42089E-04  1.68013E-04
  7095.00000  8.53446E-02  0.00000E+00  1.49840E-02  5.30300E-02  3.25527E-03  7.76734E-03  7.27514E-04  3.23932E-03  1.52332E-03  1.08114E-04  5.41818E-04  1.67951E-04
  7096.00000  8.53128E-02  0.00000E+00  1.49801E-02  5.30086E-02  3.25434E-03  7.76447E-03  7.27302E-04  3.23766E-03  1.52276E-03  1.08082E-04  5.41547E-04  1.67889E-04
  7097.00000  8.52810E-02  0.00000E+00  1.49762E-02  5.29873E-02  3.25341E-03  7.76161E-03  7.27091E-04  3.23599E-03  1.52220E-03  1.08050E-04  5.41276E-04  1.67827E-04
  7098.00000  8.52492E-02  0.00000E+00  1.49723E-02  5.29660E-02  3.25248E-03  7.75875E-03  7.26879E-04  3.23433E-03  1.52164E-03  1.08018E-04  5.41005E-04  1.67765E-04
  7099.00000  8.52174E-02  0.00000E+00  1.49684E-02  5.29448E-02  3.25155E-03  7.75590E-03  7.26668E-04  3.23266E-03  1.52109E-03  1.07986E-04  5.40735E-04  1.67703E-04
  7100.00000  8.51856E-02  0.00000E+00  1.49644E-02  5.29235E-02  3.25062E-03  7.75304E-03  7.26456E-04  3.23100E-03  1.52053E-03  1.07954E-04  5.40464E-04  1.67641E-04
  7101.00000  8.51539E-02  0.00000E+00  1.49605E-02  5.29022E-02  3.24970E-03  7.75018E-03  7.26245E-04  3.22934E-03  1.51997E-03  1.07922E-04  5.40194E-04  1.67579E-04
  7102.00000  8.51221E-02  0.00000E+00  1.49566E-02  5.28810E-02  3.24877E-03  7.74733E-03  7.26033E-04  3.22768E-03  1.51941E-03  1.07890E-04  5.39924E-04  1.67517E-04
  7103.00000  8.50904E-02  0.00000E+00  1.49527E-02  5.28597E-02  3.24784E-03  7.74448E-03  7.25822E-04  3.22602E-03  1.51886E-03  1.07858E-04  5.39654E-04  1.67455E-04
  7104.00000  8.50587E-02  0.00000E+00  1.49488E-02  5.28385E-02  3.24691E-03  7.74163E-03  7.25611E-04  3.22436E-03  1.51830E-03  1.07826E-04  5.39384E-04  1.67394E-04
  7105.00000  8.50270E-02  0.00000E+00  1.49449E-02  5.28173E-02  3.24598E-03  7.73878E-03  7.25400E-04  3.22271E-03  1.51774E-03  1.07794E-04  5.39115E-04  1.67332E-04
  7106.00000  8.49953E-02  0.00000E+00  1.49410E-02  5.27961E-02  3.24506E-03  7.73593E-03  7.25189E-04  3.22105E-03  1.51719E-03  1.07762E-04  5.38845E-04  1.67270E-04
  7107.00000  8.49636E-02  0.00000E+00  1.49371E-02  5.27749E-02  3.24413E-03  7.73308E-03  7.24978E-04  3.21939E-03  1.51663E-03  1.07730E-04  5.38576E-04  1.67208E-04
  7108.00000  8.49320E-02  0.00000E+00  1.49332E-02  5.27537E-02  3.24320E-03  7.73023E-03  7.24768E-04  3.21774E-03  1.51608E-03  1.07698E-04  5.38307E-04  1.67147E-04
  7109.00000  8.49004E-02  0.00000E+00  1.49292E-02  5.27325E-02  3.24228E-03  7.72739E-03  7.24557E-04  3.21609E-03  1.51552E-03  1.07666E-04  5.38038E-04  1.67085E-04
  7110.00000  8.48687E-02  0.00000E+00  1.49253E-02  5.27113E-02  3.24135E-03  7.72455E-03  7.24346E-04  3.21443E-03  1.51497E-03  1.07634E-04  5.37769E-04  1.67023E-04
  7111.00000  8.48371E-02  0.00000E+00  1.49214E-02  5.26902E-02  3.24043E-03  7.72170E-03  7.24136E-04  3.21278E-03  1.51441E-03  1.07603E-04  5.37501E-04  1.66962E-04
  7112.00000  8.48055E-02  0.00000E+00  1.49175E-02  5.26690E-02  3.23950E-03  7.71886E-03  7.23925E-04  3.21113E-03  1.51386E-03  1.07571E-04  5.37232E-04  1.66900E-04
  7113.00000  8.47740E-02  0.00000E+00  1.49136E-02  5.26479E-02  3.23858E-03  7.71602E-03  7.23715E-04  3.20948E-03  1.51330E-03  1.07539E-04  5.36964E-04  1.66839E-04
  7114.00000  8.47424E-02  0.00000E+00  1.49097E-02  5.26268E-02  3.23765E-03  7.71319E-03  7.23505E-04  3.20784E-03  1.51275E-03  1.07507E-04  5.36696E-04  1.66777E-04
  7115.00000  8.47109E-02  0.00000E+00  1.49058E-02  5.26056E-02  3.23673E-03  7.71035E-03  7.23294E-04  3.20619E-03  1.51220E-03  1.07475E-04  5.36428E-04  1.66716E-04
  7116.00000  8.46793E-02  0.00000E+00  1.49019E-02  5.25845E-02  3.23581E-03  7.70751E-03  7.23084E-04  3.20454E-03  1.51164E-03  1.07444E-04  5.36160E-04  1.66654E-04
  7117.00000  8.46478E-02  0.00000E+00  1.48980E-02  5.25634E-02  3.23488E-03  7.70468E-03  7.22874E-04  3.20290E-03  1.51109E-03  1.07412E-04  5.35893E-04  1.66593E-04
  7118.00000  8.46163E-02  0.00000E+00  1.48942E-02  5.25424E-02  3.23396E-03  7.70185E-03  7.22664E-04  3.20126E-03  1.51054E-03  1.07380E-04  5.35625E-04  1.66532E-04
  7119.00000  8.45848E-02  0.00000E+00  1.48903E-02  5.25213E-02  3.23304E-03  7.69901E-03  7.22455E-04  3.19961E-03  1.50998E-03  1.07348E-04  5.35358E-04  1.66470E-04
  7120.00000  8.45534E-02  0.00000E+00  1.48864E-02  5.25002E-02  3.23212E-03  7.69618E-03  7.22245E-04  3.19797E-03  1.50943E-03  1.07317E-04  5.35091E-04  1.66409E-04
  7121.00000  8.45219E-02  0.00000E+00  1.48825E-02  5.24792E-02  3.23119E-03  7.69336E-03  7.22035E-04  3.19633E-03  1.50888E-03  1.07285E-04  5.34824E-04  1.66348E-04
  7122.00000  8.44905E-02  0.00000E+00  1.48786E-02  5.24581E-02  3.23027E-03  7.69053E-03  7.21826E-04  3.19469E-03  1.50833E-03  1.07253E-04  5.34557E-04  1.66286E-04
  7123.00000  8.44590E-02  0.00000E+00  1.48747E-02  5.24371E-02  3.22935E-03  7.68770E-03  7.21616E-04  3.19305E-03  1.50778E-03  1.07222E-04  5.34290E-04  1.66225E-04
  7124.00000  8.44276E-02  0.00000E+00  1.48708E-02  5.24161E-02  3.22843E-03  7.68488E-03  7.21407E-04  3.19142E-03  1.50723E-03  1.07190E-04  5.34024E-04  1.66164E-04
  7125.00000  8.43962E-02  0.00000E+00  1.48669E-02  5.23951E-02  3.22751E-03  7.68205E-03  7.21198E-04  3.18978E-03  1.50667E-03  1.07158E-04  5.33758E-04  1.66103E-04
  7126.00000  8.43649E-02  0.00000E+00  1.48630E-02  5.23741E-02  3.22659E-03  7.67923E-03  7.20988E-04  3.18814E-03  1.50612E-03  1.07127E-04  5.33492E-04  1.66042E-04
  7127.00000  8.43335E-02  0.00000E+00  1.48591E-02  5.23531E-02  3.22567E-03  7.67641E-03  7.20779E-04  3.18651E-03  1.50557E-03  1.07095E-04  5.33226E-04  1.65980E-04
  7128.00000  8.43021E-02  0.00000E+00  1.48553E-02  5.23321E-02  3.22475E-03  7.67359E-03  7.20570E-04  3.18488E-03  1.50502E-03  1.07064E-04  5.32960E-04  1.65919E-04
  7129.00000  8.42708E-02  0.00000E+00  1.48514E-02  5.23112E-02  3.22383E-03  7.67077E-03  7.20361E-04  3.18324E-03  1.50447E-03  1.07032E-04  5.32694E-04  1.65858E-04
  7130.00000  8.42395E-02  0.00000E+00  1.48475E-02  5.22902E-02  3.22292E-03  7.66795E-03  7.20153E-04  3.18161E-03  1.50392E-03  1.07001E-04  5.32429E-04  1.65797E-04
  7131.00000  8.42082E-02  0.00000E+00  1.48436E-02  5.22693E-02  3.22200E-03  7.66514E-03  7.19944E-04  3.17998E-03  1.50337E-03  1.06969E-04  5.32163E-04  1.65736E-04
  7132.00000  8.41769E-02  0.00000E+00  1.48397E-02  5.22483E-02  3.22108E-03  7.66232E-03  7.19735E-04  3.17836E-03  1.50282E-03  1.06938E-04  5.31898E-04  1.65675E-04
  7133.00000  8.41456E-02  0.00000E+00  1.48359E-02  5.22274E-02  3.22016E-03  7.65951E-03  7.19527E-04  3.17673E-03  1.50227E-03  1.06906E-04  5.31633E-04  1.65614E-04
  7134.00000  8.41144E-02  0.00000E+00  1.48320E-02  5.22065E-02  3.21925E-03  7.65670E-03  7.19318E-04  3.17510E-03  1.50173E-03  1.06875E-04  5.31369E-04  1.65554E-04
  7135.00000  8.40831E-02  0.00000E+00  1.48281E-02  5.21856E-02  3.21833E-03  7.65389E-03  7.19110E-04  3.17347E-03  1.50118E-03  1.06843E-04  5.31104E-04  1.65493E-04
  7136.00000  8.40519E-02  0.00000E+00  1.48242E-02  5.21647E-02  3.21742E-03  7.65108E-03  7.18902E-04  3.17185E-03  1.50063E-03  1.06812E-04  5.30840E-04  1.65432E-04
  7137.00000  8.40207E-02  0.00000E+00  1.48204E-02  5.21438E-02  3.21650E-03  7.64827E-03  7.18693E-04  3.17023E-03  1.50008E-03  1.06780E-04  5.30575E-04  1.65371E-04
  7138.00000  8.39895E-02  0.00000E+00  1.48165E-02  5.21229E-02  3.21559E-03  7.64547E-03  7.18485E-04  3.16860E-03  1.49953E-03  1.06749E-04  5.30311E-04  1.65310E-04
  7139.00000  8.39583E-02  0.00000E+00  1.48126E-02  5.21021E-02  3.21467E-03  7.64266E-03  7.18277E-04  3.16698E-03  1.49899E-03  1.06717E-04  5.30047E-04  1.65249E-04
  7140.00000  8.39271E-02  0.00000E+00  1.48088E-02  5.20812E-02  3.21376E-03  7.63986E-03  7.18069E-04  3.16536E-03  1.49844E-03  1.06686E-04  5.29783E-04  1.65189E-04
  7141.00000  8.38960E-02  0.00000E+00  1.48049E-02  5.20604E-02  3.21284E-03  7.63705E-03  7.17862E-04  3.16374E-03  1.49789E-03  1.06655E-04  5.29520E-04  1.65128E-04
  7142.00000  8.38648E-02  0.00000E+00  1.48010E-02  5.20395E-02  3.21193E-03  7.63425E-03  7.17654E-04  3.16212E-03  1.49734E-03  1.06623E-04  5.29256E-04  1.65067E-04
  7143.00000  8.38337E-02  0.00000E+00  1.47972E-02  5.20187E-02  3.21102E-03  7.63145E-03  7.17446E-04  3.16051E-03  1.49680E-03  1.06592E-04  5.28993E-04  1.65007E-04
  7144.00000  8.38026E-02  0.00000E+00  1.47933E-02  5.19979E-02  3.21010E-03  7.62866E-03  7.17239E-04  3.15889E-03  1.49625E-03  1.06561E-04  5.28730E-04  1.64946E-04
  7145.00000  8.37715E-02  0.00000E+00  1.47894E-02  5.19771E-02  3.20919E-03  7.62586E-03  7.17031E-04  3.15728E-03  1.49571E-03  1.06529E-04  5.28467E-04  1.64885E-04
  7146.00000  8.37404E-02  0.00000E+00  1.47856E-02  5.19563E-02  3.20828E-03  7.62306E-03  7.16824E-04  3.15566E-03  1.49516E-03  1.06498E-04  5.28204E-04  1.64825E-04
  7147.00000  8.37093E-02  0.00000E+00  1.47817E-02  5.19355E-02  3.20737E-03  7.62027E-03  7.16617E-04  3.15405E-03  1.49462E-03  1.06467E-04  5.27942E-04  1.64764E-04
  7148.00000  8.36783E-02  0.00000E+00  1.47779E-02  5.19148E-02  3.20646E-03  7.61748E-03  7.16410E-04  3.15244E-03  1.49407E-03  1.06435E-04  5.27679E-04  1.64704E-04
  7149.00000  8.36472E-02  0.00000E+00  1.47740E-02  5.18940E-02  3.20555E-03  7.61468E-03  7.16203E-04  3.15082E-03  1.49353E-03  1.06404E-04  5.27417E-04  1.64643E-04
  7150.00000  8.36162E-02  0.00000E+00  1.47701E-02  5.18732E-02  3.20464E-03  7.61189E-03  7.15996E-04  3.14921E-03  1.49298E-03  1.06373E-04  5.27155E-04  1.64583E-04
  7151.00000  8.35852E-02  0.00000E+00  1.47663E-02  5.18525E-02  3.20373E-03  7.60911E-03  7.15789E-04  3.14760E-03  1.49244E-03  1.06342E-04  5.26893E-04  1.64523E-04
  7152.00000  8.35542E-02  0.00000E+00  1.47624E-02  5.18318E-02  3.20282E-03  7.60632E-03  7.15582E-04  3.14600E-03  1.49189E-03  1.06310E-04  5.26631E-04  1.64462E-04
  7153.00000  8.35232E-02  0.00000E+00  1.47586E-02  5.18111E-02  3.20191E-03  7.60353E-03  7.15375E-04  3.14439E-03  1.49135E-03  1.06279E-04  5.26369E-04  1.64402E-04
  7154.00000  8.34923E-02  0.00000E+00  1.47547E-02  5.17903E-02  3.20100E-03  7.60075E-03  7.15168E-04  3.14278E-03  1.49081E-03  1.06248E-04  5.26108E-04  1.64342E-04
  7155.00000  8.34613E-02  0.00000E+00  1.47509E-02  5.17696E-02  3.20009E-03  7.59797E-03  7.14962E-04  3.14118E-03  1.49026E-03  1.06217E-04  5.25847E-04  1.64281E-04
  7156.00000  8.34304E-02  0.00000E+00  1.47470E-02  5.17490E-02  3.19918E-03  7.59518E-03  7.14755E-04  3.13957E-03  1.48972E-03  1.06186E-04  5.25585E-04  1.64221E-04
  7157.00000  8.33995E-02  0.00000E+00  1.47432E-02  5.17283E-02  3.19827E-03  7.59240E-03  7.14549E-04  3.13797E-03  1.48918E-03  1.06155E-04  5.25324E-04  1.64161E-04
  7158.00000  8.33686E-02  0.00000E+00  1.47393E-02  5.17076E-02  3.19737E-03  7.58962E-03  7.14343E-04  3.13637E-03  1.48863E-03  1.06123E-04  5.25064E-04  1.64101E-04
  7159.00000  8.33377E-02  0.00000E+00  1.47355E-02  5.16869E-02  3.19646E-03  7.58685E-03  7.14136E-04  3.13477E-03  1.48809E-03  1.06092E-04  5.24803E-04  1.64040E-04
  7160.00000  8.33068E-02  0.00000E+00  1.47316E-02  5.16663E-02  3.19555E-03  7.58407E-03  7.13930E-04  3.13317E-03  1.48755E-03  1.06061E-04  5.24542E-04  1.63980E-04
  7161.00000  8.32759E-02  0.00000E+00  1.47278E-02  5.16457E-02  3.19465E-03  7.58130E-03  7.13724E-04  3.13157E-03  1.48701E-03  1.06030E-04  5.24282E-04  1.63920E-04
  7162.00000  8.32451E-02  0.00000E+00  1.47240E-02  5.16250E-02  3.19374E-03  7.57852E-03  7.13518E-04  3.12997E-03  1.48647E-03  1.05999E-04  5.24022E-04  1.63860E-04
  7163.00000  8.32143E-02  0.00000E+00  1.47201E-02  5.16044E-02  3.19284E-03  7.57575E-03  7.13312E-04  3.12837E-03  1.48593E-03  1.05968E-04  5.23762E-04  1.63800E-04
  7164.00000  8.31834E-02  0.00000E+00  1.47163E-02  5.15838E-02  3.19193E-03  7.57298E-03  7.13107E-04  3.12678E-03  1.48539E-03  1.05937E-04  5.23502E-04  1.63740E-04
  7165.00000  8.31526E-02  0.00000E+00  1.47124E-02  5.15632E-02  3.19103E-03  7.57021E-03  7.12901E-04  3.12518E-03  1.48485E-03  1.05906E-04  5.23242E-04  1.63680E-04
  7166.00000  8.31219E-02  0.00000E+00  1.47086E-02  5.15426E-02  3.19012E-03  7.56744E-03  7.12695E-04  3.12359E-03  1.48431E-03  1.05875E-04  5.22982E-04  1.63620E-04
  7167.00000  8.30911E-02  0.00000E+00  1.47048E-02  5.15220E-02  3.18922E-03  7.56468E-03  7.12490E-04  3.12199E-03  1.48377E-03  1.05844E-04  5.22723E-04  1.63560E-04
  7168.00000  8.30603E-02  0.00000E+00  1.47009E-02  5.15015E-02  3.18831E-03  7.56191E-03  7.12284E-04  3.12040E-03  1.48323E-03  1.05813E-04  5.22464E-04  1.63500E-04
  7169.00000  8.30296E-02  0.00000E+00  1.46971E-02  5.14809E-02  3.18741E-03  7.55915E-03  7.12079E-04  3.11881E-03  1.48269E-03  1.05782E-04  5.22205E-04  1.63441E-04
  7170.00000  8.29989E-02  0.00000E+00  1.46933E-02  5.14604E-02  3.18651E-03  7.55639E-03  7.11873E-04  3.11722E-03  1.48215E-03  1.05751E-04  5.21946E-04  1.63381E-04
  7171.00000  8.29682E-02  0.00000E+00  1.46894E-02  5.14398E-02  3.18560E-03  7.55362E-03  7.11668E-04  3.11563E-03  1.48161E-03  1.05720E-04  5.21687E-04  1.63321E-04
  7172.00000  8.29375E-02  0.00000E+00  1.46856E-02  5.14193E-02  3.18470E-03  7.55086E-03  7.11463E-04  3.11404E-03  1.48107E-03  1.05689E-04  5.21428E-04  1.63261E-04
  7173.00000  8.29068E-02  0.00000E+00  1.46818E-02  5.13988E-02  3.18380E-03  7.54811E-03  7.11258E-04  3.11246E-03  1.48053E-03  1.05658E-04  5.21170E-04  1.63202E-04
  7174.00000  8.28761E-02  0.00000E+00  1.46780E-02  5.13783E-02  3.18290E-03  7.54535E-03  7.11053E-04  3.11087E-03  1.47999E-03  1.05627E-04  5.20911E-04  1.63142E-04
  7175.00000  8.28454E-02  0.00000E+00  1.46741E-02  5.13578E-02  3.18200E-03  7.54259E-03  7.10848E-04  3.10928E-03  1.47946E-03  1.05597E-04  5.20653E-04  1.63082E-04
  7176.00000  8.28148E-02  0.00000E+00  1.46703E-02  5.13373E-02  3.18110E-03  7.53984E-03  7.10643E-04  3.10770E-03  1.47892E-03  1.05566E-04  5.20395E-04  1.63023E-04
  7177.00000  8.27842E-02  0.00000E+00  1.46665E-02  5.13168E-02  3.18020E-03  7.53709E-03  7.10438E-04  3.10612E-03  1.47838E-03  1.05535E-04  5.20137E-04  1.62963E-04
  7178.00000  8.27536E-02  0.00000E+00  1.46627E-02  5.12964E-02  3.17930E-03  7.53433E-03  7.10233E-04  3.10453E-03  1.47784E-03  1.05504E-04  5.19879E-04  1.62904E-04
  7179.00000  8.27230E-02  0.00000E+00  1.46588E-02  5.12759E-02  3.17840E-03  7.53158E-03  7.10029E-04  3.10295E-03  1.47731E-03  1.05473E-04  5.19622E-04  1.62844E-04
  7180.00000  8.26924E-02  0.00000E+00  1.46550E-02  5.12555E-02  3.17750E-03  7.52883E-03  7.09824E-04  3.10137E-03  1.47677E-03  1.05442E-04  5.19364E-04  1.62785E-04
  7181.00000  8.26618E-02  0.00000E+00  1.46512E-02  5.12351E-02  3.17660E-03  7.52609E-03  7.09620E-04  3.09979E-03  1.47623E-03  1.05412E-04  5.19107E-04  1.62725E-04
  7182.00000  8.26313E-02  0.00000E+00  1.46474E-02  5.12146E-02  3.17570E-03  7.52334E-03  7.09415E-04  3.09821E-03  1.47570E-03  1.05381E-04  5.18850E-04  1.62666E-04
  7183.00000  8.26008E-02  0.00000E+00  1.46436E-02  5.11942E-02  3.17480E-03  7.52059E-03  7.09211E-04  3.09664E-03  1.47516E-03  1.05350E-04  5.18593E-04  1.62607E-04
  7184.00000  8.25702E-02  0.00000E+00  1.46398E-02  5.11738E-02  3.17390E-03  7.51785E-03  7.09007E-04  3.09506E-03  1.47463E-03  1.05319E-04  5.18336E-04  1.62548E-04
  7185.00000  8.25397E-02  0.00000E+00  1.46360E-02  5.11534E-02  3.17300E-03  7.51511E-03  7.08803E-04  3.09348E-03  1.47409E-03  1.05289E-04  5.18080E-04  1.62488E-04
  7186.00000  8.25092E-02  0.00000E+00  1.46322E-02  5.11330E-02  3.17211E-03  7.51236E-03  7.08598E-04  3.09191E-03  1.47356E-03  1.05258E-04  5.17823E-04  1.62429E-04
  7187.00000  8.24788E-02  0.00000E+00  1.46283E-02  5.11127E-02  3.17121E-03  7.50962E-03  7.08394E-04  3.09034E-03  1.47302E-03  1.05227E-04  5.17567E-04  1.62370E-04
  7188.00000  8.24483E-02  0.00000E+00  1.46245E-02  5.10923E-02  3.17031E-03  7.50688E-03  7.08191E-04  3.08876E-03  1.47249E-03  1.05197E-04  5.17311E-04  1.62311E-04
  7189.00000  8.24178E-02  0.00000E+00  1.46207E-02  5.10720E-02  3.16942E-03  7.50415E-03  7.07987E-04  3.08719E-03  1.47195E-03  1.05166E-04  5.17055E-04  1.62252E-04
  7190.00000  8.23874E-02  0.00000E+00  1.46169E-02  5.10516E-02  3.16852E-03  7.50141E-03  7.07783E-04  3.08562E-03  1.47142E-03  1.05135E-04  5.16799E-04  1.62193E-04
  7191.00000  8.23570E-02  0.00000E+00  1.46131E-02  5.10313E-02  3.16762E-03  7.49867E-03  7.07579E-04  3.08405E-03  1.47088E-03  1.05105E-04  5.16543E-04  1.62134E-04
  7192.00000  8.23266E-02  0.00000E+00  1.46093E-02  5.10110E-02  3.16673E-03  7.49594E-03  7.07376E-04  3.08248E-03  1.47035E-03  1.05074E-04  5.16287E-04  1.62075E-04
  7193.00000  8.22962E-02  0.00000E+00  1.46055E-02  5.09906E-02  3.16583E-03  7.49321E-03  7.07172E-04  3.08092E-03  1.46982E-03  1.05044E-04  5.16032E-04  1.62016E-04
  7194.00000  8.22658E-02  0.00000E+00  1.46017E-02  5.09703E-02  3.16494E-03  7.49048E-03  7.06969E-04  3.07935E-03  1.46928E-03  1.05013E-04  5.15777E-04  1.61957E-04
  7195.00000  8.22355E-02  0.00000E+00  1.45979E-02  5.09501E-02  3.16404E-03  7.48775E-03  7.06765E-04  3.07778E-03  1.46875E-03  1.04982E-04  5.15522E-04  1.61898E-04
  7196.00000  8.22051E-02  0.00000E+00  1.45941E-02  5.09298E-02  3.16315E-03  7.48502E-03  7.06562E-04  3.07622E-03  1.46822E-03  1.04952E-04  5.15267E-04  1.61839E-04
  7197.00000  8.21748E-02  0.00000E+00  1.45903E-02  5.09095E-02  3.16226E-03  7.48229E-03  7.06359E-04  3.07465E-03  1.46769E-03  1.04921E-04  5.15012E-04  1.61780E-04
  7198.00000  8.21445E-02  0.00000E+00  1.45865E-02  5.08892E-02  3.16136E-03  7.47956E-03  7.06156E-04  3.07309E-03  1.46715E-03  1.04891E-04  5.14757E-04  1.61722E-04
  7199.00000  8.21142E-02  0.00000E+00  1.45827E-02  5.08690E-02  3.16047E-03  7.47684E-03  7.05953E-04  3.07153E-03  1.46662E-03  1.04860E-04  5.14503E-04  1.61663E-04
  7200.00000  8.20839E-02  0.00000E+00  1.45790E-02  5.08487E-02  3.15958E-03  7.47411E-03  7.05750E-04  3.06997E-03  1.46609E-03  1.04830E-04  5.14248E-04  1.61604E-04
  7201.00000  8.20536E-02  0.00000E+00  1.45752E-02  5.08285E-02  3.15869E-03  7.47139E-03  7.05547E-04  3.06841E-03  1.46556E-03  1.04800E-04  5.13994E-04  1.61545E-04
  7202.00000  8.20234E-02  0.00000E+00  1.45714E-02  5.08083E-02  3.15779E-03  7.46867E-03  7.05345E-04  3.06685E-03  1.46503E-03  1.04769E-04  5.13740E-04  1.61487E-04
  7203.00000  8.19931E-02  0.00000E+00  1.45676E-02  5.07881E-02  3.15690E-03  7.46595E-03  7.05142E-04  3.06529E-03  1.46450E-03  1.04739E-04  5.13486E-04  1.61428E-04
  7204.00000  8.19629E-02  0.00000E+00  1.45638E-02  5.07679E-02  3.15601E-03  7.46323E-03  7.04939E-04  3.06374E-03  1.46397E-03  1.04708E-04  5.13233E-04  1.61370E-04
  7205.00000  8.19327E-02  0.00000E+00  1.45600E-02  5.07477E-02  3.15512E-03  7.46051E-03  7.04737E-04  3.06218E-03  1.46344E-03  1.04678E-04  5.12979E-04  1.61311E-04
  7206.00000  8.19025E-02  0.00000E+00  1.45562E-02  5.07275E-02  3.15423E-03  7.45779E-03  7.04534E-04  3.06063E-03  1.46291E-03  1.04648E-04  5.12726E-04  1.61253E-04
  7207.00000  8.18723E-02  0.00000E+00  1.45525E-02  5.07073E-02  3.15334E-03  7.45508E-03  7.04332E-04  3.05907E-03  1.46238E-03  1.04617E-04  5.12472E-04  1.61194E-04
  7208.00000  8.18421E-02  0.00000E+00  1.45487E-02  5.06872E-02  3.15245E-03  7.45237E-03  7.04130E-04  3.05752E-03  1.46185E-03  1.04587E-04  5.12219E-04  1.61136E-04
  7209.00000  8.18120E-02  0.00000E+00  1.45449E-02  5.06670E-02  3.15156E-03  7.44965E-03  7.03928E-04  3.05597E-03  1.46132E-03  1.04557E-04  5.11967E-04  1.61078E-04
  7210.00000  8.17818E-02  0.00000E+00  1.45411E-02  5.06469E-02  3.15067E-03  7.44694E-03  7.03726E-04  3.05442E-03  1.46079E-03  1.04526E-04  5.11714E-04  1.61019E-04
  7211.00000  8.17517E-02  0.00000E+00  1.45374E-02  5.06268E-02  3.14979E-03  7.44423E-03  7.03524E-04  3.05287E-03  1.46026E-03  1.04496E-04  5.11461E-04  1.60961E-04
  7212.00000  8.17216E-02  0.00000E+00  1.45336E-02  5.06066E-02  3.14890E-03  7.44152E-03  7.03322E-04  3.05132E-03  1.45973E-03  1.04466E-04  5.11209E-04  1.60903E-04
  7213.00000  8.16915E-02  0.00000E+00  1.45298E-02  5.05865E-02  3.14801E-03  7.43881E-03  7.03120E-04  3.04977E-03  1.45920E-03  1.04436E-04  5.10956E-04  1.60845E-04
  7214.00000  8.16614E-02  0.00000E+00  1.45260E-02  5.05664E-02  3.14712E-03  7.43611E-03  7.02919E-04  3.04822E-03  1.45867E-03  1.04405E-04  5.10704E-04  1.60787E-04
  7215.00000  8.16313E-02  0.00000E+00  1.45223E-02  5.05463E-02  3.14624E-03  7.43340E-03  7.02717E-04  3.04668E-03  1.45814E-03  1.04375E-04  5.10452E-04  1.60729E-04
  7216.00000  8.16013E-02  0.00000E+00  1.45185E-02  5.05263E-02  3.14535E-03  7.43070E-03  7.02516E-04  3.04513E-03  1.45762E-03  1.04345E-04  5.10201E-04  1.60670E-04
  7217.00000  8.15713E-02  0.00000E+00  1.45147E-02  5.05062E-02  3.14446E-03  7.42800E-03  7.02314E-04  3.04359E-03  1.45709E-03  1.04315E-04  5.09949E-04  1.60612E-04
  7218.00000  8.15412E-02  0.00000E+00  1.45110E-02  5.04861E-02  3.14358E-03  7.42530E-03  7.02113E-04  3.04205E-03  1.45656E-03  1.04285E-04  5.09697E-04  1.60554E-04
  7219.00000  8.15112E-02  0.00000E+00  1.45072E-02  5.04661E-02  3.14269E-03  7.42260E-03  7.01912E-04  3.04051E-03  1.45603E-03  1.04254E-04  5.09446E-04  1.60496E-04
  7220.00000  8.14812E-02  0.00000E+00  1.45034E-02  5.04461E-02  3.14181E-03  7.41990E-03  7.01710E-04  3.03896E-03  1.45551E-03  1.04224E-04  5.09195E-04  1.60439E-04
  7221.00000  8.14513E-02  0.00000E+00  1.44997E-02  5.04260E-02  3.14092E-03  7.41720E-03  7.01509E-04  3.03742E-03  1.45498E-03  1.04194E-04  5.08944E-04  1.60381E-04
  7222.00000  8.14213E-02  0.00000E+00  1.44959E-02  5.04060E-02  3.14004E-03  7.41450E-03  7.01308E-04  3.03589E-03  1.45446E-03  1.04164E-04  5.08693E-04  1.60323E-04
  7223.00000  8.13914E-02  0.00000E+00  1.44922E-02  5.03860E-02  3.13915E-03  7.41181E-03  7.01108E-04  3.03435E-03  1.45393E-03  1.04134E-04  5.08442E-04  1.60265E-04
  7224.00000  8.13614E-02  0.00000E+00  1.44884E-02  5.03660E-02  3.13827E-03  7.40912E-03  7.00907E-04  3.03281E-03  1.45340E-03  1.04104E-04  5.08192E-04  1.60207E-04
  7225.00000  8.13315E-02  0.00000E+00  1.44846E-02  5.03460E-02  3.13739E-03  7.40642E-03  7.00706E-04  3.03128E-03  1.45288E-03  1.04074E-04  5.07941E-04  1.60150E-04
  7226.00000  8.13016E-02  0.00000E+00  1.44809E-02  5.03261E-02  3.13650E-03  7.40373E-03  7.00505E-04  3.02974E-03  1.45235E-03  1.04044E-04  5.07691E-04  1.60092E-04
  7227.00000  8.12717E-02  0.00000E+00  1.44771E-02  5.03061E-02  3.13562E-03  7.40104E-03  7.00305E-04  3.02821E-03  1.45183E-03  1.04014E-04  5.07441E-04  1.60034E-04
  7228.00000  8.12419E-02  0.00000E+00  1.44734E-02  5.02861E-02  3.13474E-03  7.39836E-03  7.00104E-04  3.02667E-03  1.45130E-03  1.03984E-04  5.07191E-04  1.59977E-04
  7229.00000  8.12120E-02  0.00000E+00  1.44696E-02  5.02662E-02  3.13386E-03  7.39567E-03  6.99904E-04  3.02514E-03  1.45078E-03  1.03954E-04  5.06941E-04  1.59919E-04
  7230.00000  8.11822E-02  0.00000E+00  1.44659E-02  5.02463E-02  3.13298E-03  7.39298E-03  6.99704E-04  3.02361E-03  1.45025E-03  1.03924E-04  5.06692E-04  1.59861E-04
  7231.00000  8.11523E-02  0.00000E+00  1.44622E-02  5.02263E-02  3.13210E-03  7.39030E-03  6.99504E-04  3.02208E-03  1.44973E-03  1.03894E-04  5.06442E-04  1.59804E-04
  7232.00000  8.11225E-02  0.00000E+00  1.44584E-02  5.02064E-02  3.13122E-03  7.38762E-03  6.99303E-04  3.02055E-03  1.44921E-03  1.03864E-04  5.06193E-04  1.59746E-04
  7233.00000  8.10927E-02  0.00000E+00  1.44547E-02  5.01865E-02  3.13034E-03  7.38494E-03  6.99103E-04  3.01902E-03  1.44868E-03  1.03834E-04  5.05944E-04  1.59689E-04
  7234.00000  8.10630E-02  0.00000E+00  1.44509E-02  5.01666E-02  3.12946E-03  7.38226E-03  6.98903E-04  3.01749E-03  1.44816E-03  1.03804E-04  5.05695E-04  1.59632E-04
  7235.00000  8.10332E-02  0.00000E+00  1.44472E-02  5.01468E-02  3.12858E-03  7.37958E-03  6.98704E-04  3.01597E-03  1.44764E-03  1.03775E-04  5.05446E-04  1.59574E-04
  7236.00000  8.10034E-02  0.00000E+00  1.44434E-02  5.01269E-02  3.12770E-03  7.37690E-03  6.98504E-04  3.01444E-03  1.44712E-03  1.03745E-04  5.05197E-04  1.59517E-04
  7237.00000  8.09737E-02  0.00000E+00  1.44397E-02  5.01070E-02  3.12682E-03  7.37422E-03  6.98304E-04  3.01292E-03  1.44659E-03  1.03715E-04  5.04949E-04  1.59460E-04
  7238.00000  8.09440E-02  0.00000E+00  1.44360E-02  5.00872E-02  3.12594E-03  7.37155E-03  6.98104E-04  3.01139E-03  1.44607E-03  1.03685E-04  5.04700E-04  1.59402E-04
  7239.00000  8.09143E-02  0.00000E+00  1.44322E-02  5.00673E-02  3.12506E-03  7.36888E-03  6.97905E-04  3.00987E-03  1.44555E-03  1.03655E-04  5.04452E-04  1.59345E-04
  7240.00000  8.08846E-02  0.00000E+00  1.44285E-02  5.00475E-02  3.12418E-03  7.36620E-03  6.97705E-04  3.00835E-03  1.44503E-03  1.03625E-04  5.04204E-04  1.59288E-04
  7241.00000  8.08549E-02  0.00000E+00  1.44248E-02  5.00277E-02  3.12331E-03  7.36353E-03  6.97506E-04  3.00683E-03  1.44451E-03  1.03596E-04  5.03956E-04  1.59231E-04
  7242.00000  8.08253E-02  0.00000E+00  1.44210E-02  5.00079E-02  3.12243E-03  7.36086E-03  6.97307E-04  3.00531E-03  1.44399E-03  1.03566E-04  5.03708E-04  1.59174E-04
  7243.00000  8.07956E-02  0.00000E+00  1.44173E-02  4.99881E-02  3.12155E-03  7.35820E-03  6.97108E-04  3.00379E-03  1.44346E-03  1.03536E-04  5.03461E-04  1.59117E-04
  7244.00000  8.07660E-02  0.00000E+00  1.44136E-02  4.99683E-02  3.12068E-03  7.35553E-03  6.96908E-04  3.00227E-03  1.44294E-03  1.03506E-04  5.03213E-04  1.59060E-04
  7245.00000  8.07364E-02  0.00000E+00  1.44099E-02  4.99485E-02  3.11980E-03  7.35286E-03  6.96709E-04  3.00075E-03  1.44242E-03  1.03477E-04  5.02966E-04  1.59003E-04
  7246.00000  8.07068E-02  0.00000E+00  1.44061E-02  4.99287E-02  3.11893E-03  7.35020E-03  6.96510E-04  2.99924E-03  1.44190E-03  1.03447E-04  5.02718E-04  1.58946E-04
  7247.00000  8.06772E-02  0.00000E+00  1.44024E-02  4.99090E-02  3.11805E-03  7.34754E-03  6.96311E-04  2.99772E-03  1.44138E-03  1.03417E-04  5.02471E-04  1.58889E-04
  7248.00000  8.06476E-02  0.00000E+00  1.43987E-02  4.98892E-02  3.11718E-03  7.34487E-03  6.96112E-04  2.99621E-03  1.44086E-03  1.03388E-04  5.02224E-04  1.58832E-04
  7249.00000  8.06180E-02  0.00000E+00  1.43950E-02  4.98695E-02  3.11630E-03  7.34221E-03  6.95914E-04  2.99470E-03  1.44034E-03  1.03358E-04  5.01978E-04  1.58775E-04
  7250.00000  8.05885E-02  0.00000E+00  1.43913E-02  4.98497E-02  3.11543E-03  7.33955E-03  6.95715E-04  2.99318E-03  1.43983E-03  1.03328E-04  5.01731E-04  1.58718E-04
  7251.00000  8.05590E-02  0.00000E+00  1.43876E-02  4.98300E-02  3.11455E-03  7.33690E-03  6.95516E-04  2.99167E-03  1.43931E-03  1.03299E-04  5.01485E-04  1.58662E-04
  7252.00000  8.05294E-02  0.00000E+00  1.43838E-02  4.98103E-02  3.11368E-03  7.33424E-03  6.95318E-04  2.99016E-03  1.43879E-03  1.03269E-04  5.01238E-04  1.58605E-04
  7253.00000  8.04999E-02  0.00000E+00  1.43801E-02  4.97906E-02  3.11280E-03  7.33158E-03  6.95119E-04  2.98865E-03  1.43827E-03  1.03240E-04  5.00992E-04  1.58548E-04
  7254.00000  8.04705E-02  0.00000E+00  1.43764E-02  4.97709E-02  3.11193E-03  7.32893E-03  6.94921E-04  2.98714E-03  1.43775E-03  1.03210E-04  5.00746E-04  1.58492E-04
  7255.00000  8.04410E-02  0.00000E+00  1.43727E-02  4.97512E-02  3.11106E-03  7.32628E-03  6.94723E-04  2.98563E-03  1.43723E-03  1.03180E-04  5.00500E-04  1.58435E-04
  7256.00000  8.04115E-02  0.00000E+00  1.43690E-02  4.97316E-02  3.11019E-03  7.32363E-03  6.94524E-04  2.98413E-03  1.43672E-03  1.03151E-04  5.00254E-04  1.58378E-04
  7257.00000  8.03821E-02  0.00000E+00  1.43653E-02  4.97119E-02  3.10931E-03  7.32098E-03  6.94326E-04  2.98262E-03  1.43620E-03  1.03121E-04  5.00009E-04  1.58322E-04
  7258.00000  8.03527E-02  0.00000E+00  1.43616E-02  4.96923E-02  3.10844E-03  7.31833E-03  6.94128E-04  2.98112E-03  1.43568E-03  1.03092E-04  4.99763E-04  1.58265E-04
  7259.00000  8.03233E-02  0.00000E+00  1.43579E-02  4.96726E-02  3.10757E-03  7.31568E-03  6.93930E-04  2.97961E-03  1.43517E-03  1.03062E-04  4.99518E-04  1.58209E-04
  7260.00000  8.02939E-02  0.00000E+00  1.43542E-02  4.96530E-02  3.10670E-03  7.31303E-03  6.93732E-04  2.97811E-03  1.43465E-03  1.03033E-04  4.99273E-04  1.58152E-04
  7261.00000  8.02645E-02  0.00000E+00  1.43505E-02  4.96334E-02  3.10583E-03  7.31039E-03  6.93534E-04  2.97661E-03  1.43413E-03  1.03003E-04  4.99028E-04  1.58096E-04
  7262.00000  8.02351E-02  0.00000E+00  1.43468E-02  4.96138E-02  3.10496E-03  7.30774E-03  6.93336E-04  2.97511E-03  1.43362E-03  1.02974E-04  4.98783E-04  1.58040E-04
  7263.00000  8.02058E-02  0.00000E+00  1.43431E-02  4.95942E-02  3.10409E-03  7.30510E-03  6.93139E-04  2.97360E-03  1.43310E-03  1.02944E-04  4.98538E-04  1.57983E-04
  7264.00000  8.01764E-02  0.00000E+00  1.43394E-02  4.95746E-02  3.10322E-03  7.30246E-03  6.92941E-04  2.97210E-03  1.43258E-03  1.02915E-04  4.98294E-04  1.57927E-04
  7265.00000  8.01471E-02  0.00000E+00  1.43357E-02  4.95550E-02  3.10235E-03  7.29981E-03  6.92743E-04  2.97061E-03  1.43207E-03  1.02886E-04  4.98049E-04  1.57871E-04
  7266.00000  8.01178E-02  0.00000E+00  1.43320E-02  4.95355E-02  3.10148E-03  7.29718E-03  6.92546E-04  2.96911E-03  1.43155E-03  1.02856E-04  4.97805E-04  1.57814E-04
  7267.00000  8.00885E-02  0.00000E+00  1.43283E-02  4.95159E-02  3.10061E-03  7.29454E-03  6.92349E-04  2.96761E-03  1.43104E-03  1.02827E-04  4.97561E-04  1.57758E-04
  7268.00000  8.00592E-02  0.00000E+00  1.43246E-02  4.94964E-02  3.09974E-03  7.29190E-03  6.92151E-04  2.96612E-03  1.43052E-03  1.02798E-04  4.97317E-04  1.57702E-04
  7269.00000  8.00300E-02  0.00000E+00  1.43209E-02  4.94768E-02  3.09888E-03  7.28926E-03  6.91954E-04  2.96462E-03  1.43001E-03  1.02768E-04  4.97073E-04  1.57646E-04
  7270.00000  8.00007E-02  0.00000E+00  1.43172E-02  4.94573E-02  3.09801E-03  7.28663E-03  6.91757E-04  2.96313E-03  1.42950E-03  1.02739E-04  4.96829E-04  1.57590E-04
  7271.00000  7.99715E-02  0.00000E+00  1.43136E-02  4.94378E-02  3.09714E-03  7.28399E-03  6.91560E-04  2.96163E-03  1.42898E-03  1.02710E-04  4.96585E-04  1.57534E-04
  7272.00000  7.99423E-02  0.00000E+00  1.43099E-02  4.94183E-02  3.09627E-03  7.28136E-03  6.91363E-04  2.96014E-03  1.42847E-03  1.02680E-04  4.96342E-04  1.57478E-04
  7273.00000  7.99131E-02  0.00000E+00  1.43062E-02  4.93988E-02  3.09541E-03  7.27873E-03  6.91166E-04  2.95865E-03  1.42795E-03  1.02651E-04  4.96099E-04  1.57422E-04
  7274.00000  7.98839E-02  0.00000E+00  1.43025E-02  4.93793E-02  3.09454E-03  7.27610E-03  6.90969E-04  2.95716E-03  1.42744E-03  1.02622E-04  4.95856E-04  1.57366E-04
  7275.00000  7.98547E-02  0.00000E+00  1.42988E-02  4.93599E-02  3.09367E-03  7.27347E-03  6.90772E-04  2.95567E-03  1.42693E-03  1.02593E-04  4.95613E-04  1.57310E-04
  7276.00000  7.98256E-02  0.00000E+00  1.42952E-02  4.93404E-02  3.09281E-03  7.27084E-03  6.90575E-04  2.95418E-03  1.42642E-03  1.02563E-04  4.95370E-04  1.57254E-04
  7277.00000  7.97964E-02  0.00000E+00  1.42915E-02  4.93210E-02  3.09194E-03  7.26822E-03  6.90379E-04  2.95270E-03  1.42590E-03  1.02534E-04  4.95127E-04  1.57198E-04
  7278.00000  7.97673E-02  0.00000E+00  1.42878E-02  4.93015E-02  3.09108E-03  7.26559E-03  6.90182E-04  2.95121E-03  1.42539E-03  1.02505E-04  4.94884E-04  1.57142E-04
  7279.00000  7.97382E-02  0.00000E+00  1.42841E-02  4.92821E-02  3.09021E-03  7.26297E-03  6.89986E-04  2.94972E-03  1.42488E-03  1.02476E-04  4.94642E-04  1.57086E-04
  7280.00000  7.97091E-02  0.00000E+00  1.42805E-02  4.92627E-02  3.08935E-03  7.26035E-03  6.89789E-04  2.94824E-03  1.42437E-03  1.02447E-04  4.94400E-04  1.57030E-04
  7281.00000  7.96800E-02  0.00000E+00  1.42768E-02  4.92433E-02  3.08849E-03  7.25772E-03  6.89593E-04  2.94676E-03  1.42385E-03  1.02418E-04  4.94158E-04  1.56975E-04
  7282.00000  7.96509E-02  0.00000E+00  1.42731E-02  4.92239E-02  3.08762E-03  7.25510E-03  6.89397E-04  2.94527E-03  1.42334E-03  1.02388E-04  4.93916E-04  1.56919E-04
  7283.00000  7.96219E-02  0.00000E+00  1.42695E-02  4.92045E-02  3.08676E-03  7.25248E-03  6.89201E-04  2.94379E-03  1.42283E-03  1.02359E-04  4.93674E-04  1.56863E-04
  7284.00000  7.95929E-02  0.00000E+00  1.42658E-02  4.91851E-02  3.08590E-03  7.24987E-03  6.89005E-04  2.94231E-03  1.42232E-03  1.02330E-04  4.93432E-04  1.56808E-04
  7285.00000  7.95638E-02  0.00000E+00  1.42621E-02  4.91657E-02  3.08503E-03  7.24725E-03  6.88809E-04  2.94083E-03  1.42181E-03  1.02301E-04  4.93191E-04  1.56752E-04
  7286.00000  7.95348E-02  0.00000E+00  1.42585E-02  4.91464E-02  3.08417E-03  7.24463E-03  6.88613E-04  2.93935E-03  1.42130E-03  1.02272E-04  4.92949E-04  1.56696E-04
  7287.00000  7.95058E-02  0.00000E+00  1.42548E-02  4.91270E-02  3.08331E-03  7.24202E-03  6.88417E-04  2.93787E-03  1.42079E-03  1.02243E-04  4.92708E-04  1.56641E-04
  7288.00000  7.94769E-02  0.00000E+00  1.42512E-02  4.91077E-02  3.08245E-03  7.23941E-03  6.88221E-04  2.93640E-03  1.42028E-03  1.02214E-04  4.92467E-04  1.56585E-04
  7289.00000  7.94479E-02  0.00000E+00  1.42475E-02  4.90884E-02  3.08159E-03  7.23679E-03  6.88026E-04  2.93492E-03  1.41977E-03  1.02185E-04  4.92226E-04  1.56530E-04
  7290.00000  7.94189E-02  0.00000E+00  1.42438E-02  4.90690E-02  3.08073E-03  7.23418E-03  6.87830E-04  2.93345E-03  1.41926E-03  1.02156E-04  4.91986E-04  1.56474E-04
  7291.00000  7.93900E-02  0.00000E+00  1.42402E-02  4.90497E-02  3.07987E-03  7.23157E-03  6.87635E-04  2.93197E-03  1.41875E-03  1.02127E-04  4.91745E-04  1.56419E-04
  7292.00000  7.93611E-02  0.00000E+00  1.42365E-02  4.90304E-02  3.07901E-03  7.22897E-03  6.87440E-04  2.93050E-03  1.41824E-03  1.02098E-04  4.91504E-04  1.56363E-04
  7293.00000  7.93322E-02  0.00000E+00  1.42329E-02  4.90111E-02  3.07815E-03  7.22636E-03  6.87244E-04  2.92903E-03  1.41773E-03  1.02069E-04  4.91264E-04  1.56308E-04
  7294.00000  7.93033E-02  0.00000E+00  1.42292E-02  4.89919E-02  3.07729E-03  7.22375E-03  6.87049E-04  2.92755E-03  1.41722E-03  1.02040E-04  4.91024E-04  1.56252E-04
  7295.00000  7.92744E-02  0.00000E+00  1.42256E-02  4.89726E-02  3.07643E-03  7.22115E-03  6.86854E-04  2.92608E-03  1.41672E-03  1.02012E-04  4.90784E-04  1.56197E-04
  7296.00000  7.92455E-02  0.00000E+00  1.42219E-02  4.89533E-02  3.07557E-03  7.21855E-03  6.86659E-04  2.92461E-03  1.41621E-03  1.01983E-04  4.90544E-04  1.56142E-04
  7297.00000  7.92167E-02  0.00000E+00  1.42183E-02  4.89341E-02  3.07471E-03  7.21594E-03  6.86464E-04  2.92315E-03  1.41570E-03  1.01954E-04  4.90304E-04  1.56086E-04
  7298.00000  7.91879E-02  0.00000E+00  1.42147E-02  4.89149E-02  3.07386E-03  7.21334E-03  6.86269E-04  2.92168E-03  1.41519E-03  1.01925E-04  4.90065E-04  1.56031E-04
  7299.00000  7.91590E-02  0.00000E+00  1.42110E-02  4.88956E-02  3.07300E-03  7.21074E-03  6.86074E-04  2.92021E-03  1.41468E-03  1.01896E-04  4.89825E-04  1.55976E-04
  7300.00000  7.91302E-02  0.00000E+00  1.42074E-02  4.88764E-02  3.07214E-03  7.20815E-03  6.85880E-04  2.91875E-03  1.41418E-03  1.01867E-04  4.89586E-04  1.55920E-04
  7301.00000  7.91015E-02  0.00000E+00  1.42037E-02  4.88572E-02  3.07128E-03  7.20555E-03  6.85685E-04  2.91728E-03  1.41367E-03  1.01839E-04  4.89347E-04  1.55865E-04
  7302.00000  7.90727E-02  0.00000E+00  1.42001E-02  4.88380E-02  3.07043E-03  7.20295E-03  6.85491E-04  2.91582E-03  1.41316E-03  1.01810E-04  4.89108E-04  1.55810E-04
  7303.00000  7.90439E-02  0.00000E+00  1.41965E-02  4.88188E-02  3.06957E-03  7.20036E-03  6.85296E-04  2.91435E-03  1.41266E-03  1.01781E-04  4.88869E-04  1.55755E-04
  7304.00000  7.90152E-02  0.00000E+00  1.41928E-02  4.87997E-02  3.06872E-03  7.19777E-03  6.85102E-04  2.91289E-03  1.41215E-03  1.01752E-04  4.88630E-04  1.55700E-04
  7305.00000  7.89865E-02  0.00000E+00  1.41892E-02  4.87805E-02  3.06786E-03  7.19517E-03  6.84908E-04  2.91143E-03  1.41164E-03  1.01724E-04  4.88392E-04  1.55644E-04
  7306.00000  7.89577E-02  0.00000E+00  1.41856E-02  4.87613E-02  3.06701E-03  7.19258E-03  6.84713E-04  2.90997E-03  1.41114E-03  1.01695E-04  4.88154E-04  1.55589E-04
  7307.00000  7.89290E-02  0.00000E+00  1.41819E-02  4.87422E-02  3.06615E-03  7.18999E-03  6.84519E-04  2.90851E-03  1.41063E-03  1.01666E-04  4.87915E-04  1.55534E-04
  7308.00000  7.89004E-02  0.00000E+00  1.41783E-02  4.87231E-02  3.06530E-03  7.18741E-03  6.84325E-04  2.90705E-03  1.41013E-03  1.01637E-04  4.87677E-04  1.55479E-04
  7309.00000  7.88717E-02  0.00000E+00  1.41747E-02  4.87039E-02  3.06445E-03  7.18482E-03  6.84131E-04  2.90559E-03  1.40962E-03  1.01609E-04  4.87439E-04  1.55424E-04
  7310.00000  7.88430E-02  0.00000E+00  1.41710E-02  4.86848E-02  3.06359E-03  7.18223E-03  6.83938E-04  2.90414E-03  1.40912E-03  1.01580E-04  4.87201E-04  1.55369E-04
  7311.00000  7.88144E-02  0.00000E+00  1.41674E-02  4.86657E-02  3.06274E-03  7.17965E-03  6.83744E-04  2.90268E-03  1.40861E-03  1.01551E-04  4.86964E-04  1.55314E-04
  7312.00000  7.87858E-02  0.00000E+00  1.41638E-02  4.86466E-02  3.06189E-03  7.17707E-03  6.83550E-04  2.90123E-03  1.40811E-03  1.01523E-04  4.86726E-04  1.55259E-04
  7313.00000  7.87572E-02  0.00000E+00  1.41602E-02  4.86275E-02  3.06103E-03  7.17448E-03  6.83356E-04  2.89977E-03  1.40760E-03  1.01494E-04  4.86489E-04  1.55204E-04
  7314.00000  7.87286E-02  0.00000E+00  1.41566E-02  4.86085E-02  3.06018E-03  7.17190E-03  6.83163E-04  2.89832E-03  1.40710E-03  1.01466E-04  4.86252E-04  1.55150E-04
  7315.00000  7.87000E-02  0.00000E+00  1.41529E-02  4.85894E-02  3.05933E-03  7.16933E-03  6.82969E-04  2.89687E-03  1.40660E-03  1.01437E-04  4.86015E-04  1.55095E-04
  7316.00000  7.86714E-02  0.00000E+00  1.41493E-02  4.85704E-02  3.05848E-03  7.16675E-03  6.82776E-04  2.89542E-03  1.40609E-03  1.01408E-04  4.85778E-04  1.55040E-04
  7317.00000  7.86429E-02  0.00000E+00  1.41457E-02  4.85513E-02  3.05763E-03  7.16417E-03  6.82583E-04  2.89396E-03  1.40559E-03  1.01380E-04  4.85541E-04  1.54985E-04
  7318.00000  7.86143E-02  0.00000E+00  1.41421E-02  4.85323E-02  3.05678E-03  7.16160E-03  6.82390E-04  2.89251E-03  1.40509E-03  1.01351E-04  4.85304E-04  1.54930E-04
  7319.00000  7.85858E-02  0.00000E+00  1.41385E-02  4.85133E-02  3.05593E-03  7.15902E-03  6.82196E-04  2.89107E-03  1.40459E-03  1.01323E-04  4.85068E-04  1.54875E-04
  7320.00000  7.85573E-02  0.00000E+00  1.41349E-02  4.84943E-02  3.05508E-03  7.15645E-03  6.82003E-04  2.88962E-03  1.40408E-03  1.01294E-04  4.84831E-04  1.54821E-04
  7321.00000  7.85288E-02  0.00000E+00  1.41313E-02  4.84753E-02  3.05423E-03  7.15388E-03  6.81810E-04  2.88817E-03  1.40358E-03  1.01266E-04  4.84595E-04  1.54766E-04
  7322.00000  7.85003E-02  0.00000E+00  1.41276E-02  4.84563E-02  3.05338E-03  7.15131E-03  6.81617E-04  2.88672E-03  1.40308E-03  1.01237E-04  4.84359E-04  1.54711E-04
  7323.00000  7.84719E-02  0.00000E+00  1.41240E-02  4.84373E-02  3.05253E-03  7.14874E-03  6.81425E-04  2.88528E-03  1.40258E-03  1.01209E-04  4.84123E-04  1.54657E-04
  7324.00000  7.84434E-02  0.00000E+00  1.41204E-02  4.84183E-02  3.05168E-03  7.14617E-03  6.81232E-04  2.88383E-03  1.40208E-03  1.01180E-04  4.83887E-04  1.54602E-04
  7325.00000  7.84150E-02  0.00000E+00  1.41168E-02  4.83994E-02  3.05083E-03  7.14360E-03  6.81039E-04  2.88239E-03  1.40158E-03  1.01152E-04  4.83652E-04  1.54547E-04
  7326.00000  7.83866E-02  0.00000E+00  1.41132E-02  4.83804E-02  3.04998E-03  7.14104E-03  6.80846E-04  2.88095E-03  1.40108E-03  1.01124E-04  4.83416E-04  1.54493E-04
  7327.00000  7.83582E-02  0.00000E+00  1.41096E-02  4.83615E-02  3.04913E-03  7.13847E-03  6.80654E-04  2.87951E-03  1.40057E-03  1.01095E-04  4.83181E-04  1.54438E-04
  7328.00000  7.83298E-02  0.00000E+00  1.41060E-02  4.83425E-02  3.04829E-03  7.13591E-03  6.80461E-04  2.87807E-03  1.40007E-03  1.01067E-04  4.82945E-04  1.54384E-04
  7329.00000  7.83014E-02  0.00000E+00  1.41024E-02  4.83236E-02  3.04744E-03  7.13335E-03  6.80269E-04  2.87663E-03  1.39957E-03  1.01038E-04  4.82710E-04  1.54329E-04
  7330.00000  7.82730E-02  0.00000E+00  1.40988E-02  4.83047E-02  3.04659E-03  7.13079E-03  6.80077E-04  2.87519E-03  1.39907E-03  1.01010E-04  4.82475E-04  1.54275E-04
  7331.00000  7.82447E-02  0.00000E+00  1.40952E-02  4.82858E-02  3.04575E-03  7.12823E-03  6.79884E-04  2.87375E-03  1.39857E-03  1.00982E-04  4.82241E-04  1.54220E-04
  7332.00000  7.82163E-02  0.00000E+00  1.40916E-02  4.82669E-02  3.04490E-03  7.12567E-03  6.79692E-04  2.87231E-03  1.39808E-03  1.00953E-04  4.82006E-04  1.54166E-04
  7333.00000  7.81880E-02  0.00000E+00  1.40880E-02  4.82480E-02  3.04405E-03  7.12311E-03  6.79500E-04  2.87087E-03  1.39758E-03  1.00925E-04  4.81771E-04  1.54112E-04
  7334.00000  7.81597E-02  0.00000E+00  1.40845E-02  4.82292E-02  3.04321E-03  7.12056E-03  6.79308E-04  2.86944E-03  1.39708E-03  1.00897E-04  4.81537E-04  1.54057E-04
  7335.00000  7.81314E-02  0.00000E+00  1.40809E-02  4.82103E-02  3.04236E-03  7.11800E-03  6.79116E-04  2.86800E-03  1.39658E-03  1.00868E-04  4.81303E-04  1.54003E-04
  7336.00000  7.81031E-02  0.00000E+00  1.40773E-02  4.81915E-02  3.04152E-03  7.11545E-03  6.78924E-04  2.86657E-03  1.39608E-03  1.00840E-04  4.81068E-04  1.53949E-04
  7337.00000  7.80749E-02  0.00000E+00  1.40737E-02  4.81726E-02  3.04067E-03  7.11289E-03  6.78732E-04  2.86514E-03  1.39558E-03  1.00812E-04  4.80834E-04  1.53894E-04
  7338.00000  7.80466E-02  0.00000E+00  1.40701E-02  4.81538E-02  3.03983E-03  7.11034E-03  6.78541E-04  2.86370E-03  1.39508E-03  1.00784E-04  4.80601E-04  1.53840E-04
  7339.00000  7.80184E-02  0.00000E+00  1.40665E-02  4.81350E-02  3.03898E-03  7.10779E-03  6.78349E-04  2.86227E-03  1.39459E-03  1.00755E-04  4.80367E-04  1.53786E-04
  7340.00000  7.79902E-02  0.00000E+00  1.40629E-02  4.81162E-02  3.03814E-03  7.10524E-03  6.78157E-04  2.86084E-03  1.39409E-03  1.00727E-04  4.80133E-04  1.53732E-04
  7341.00000  7.79620E-02  0.00000E+00  1.40594E-02  4.80974E-02  3.03730E-03  7.10269E-03  6.77966E-04  2.85941E-03  1.39359E-03  1.00699E-04  4.79900E-04  1.53677E-04
  7342.00000  7.79338E-02  0.00000E+00  1.40558E-02  4.80786E-02  3.03645E-03  7.10015E-03  6.77774E-04  2.85798E-03  1.39309E-03  1.00671E-04  4.79666E-04  1.53623E-04
  7343.00000  7.79056E-02  0.00000E+00  1.40522E-02  4.80598E-02  3.03561E-03  7.09760E-03  6.77583E-04  2.85656E-03  1.39260E-03  1.00642E-04  4.79433E-04  1.53569E-04
  7344.00000  7.78774E-02  0.00000E+00  1.40486E-02  4.80410E-02  3.03477E-03  7.09506E-03  6.77391E-04  2.85513E-03  1.39210E-03  1.00614E-04  4.79200E-04  1.53515E-04
  7345.00000  7.78493E-02  0.00000E+00  1.40450E-02  4.80223E-02  3.03393E-03  7.09251E-03  6.77200E-04  2.85370E-03  1.39160E-03  1.00586E-04  4.78967E-04  1.53461E-04
  7346.00000  7.78211E-02  0.00000E+00  1.40415E-02  4.80035E-02  3.03308E-03  7.08997E-03  6.77009E-04  2.85228E-03  1.39111E-03  1.00558E-04  4.78734E-04  1.53407E-04
  7347.00000  7.77930E-02  0.00000E+00  1.40379E-02  4.79848E-02  3.03224E-03  7.08743E-03  6.76818E-04  2.85085E-03  1.39061E-03  1.00530E-04  4.78502E-04  1.53353E-04
  7348.00000  7.77649E-02  0.00000E+00  1.40343E-02  4.79660E-02  3.03140E-03  7.08489E-03  6.76627E-04  2.84943E-03  1.39012E-03  1.00502E-04  4.78269E-04  1.53299E-04
  7349.00000  7.77368E-02  0.00000E+00  1.40308E-02  4.79473E-02  3.03056E-03  7.08235E-03  6.76436E-04  2.84801E-03  1.38962E-03  1.00474E-04  4.78037E-04  1.53245E-04
  7350.00000  7.77087E-02  0.00000E+00  1.40272E-02  4.79286E-02  3.02972E-03  7.07981E-03  6.76245E-04  2.84659E-03  1.38913E-03  1.00446E-04  4.77805E-04  1.53191E-04
  7351.00000  7.76806E-02  0.00000E+00  1.40236E-02  4.79099E-02  3.02888E-03  7.07728E-03  6.76054E-04  2.84516E-03  1.38863E-03  1.00417E-04  4.77573E-04  1.53137E-04
  7352.00000  7.76526E-02  0.00000E+00  1.40200E-02  4.78912E-02  3.02804E-03  7.07474E-03  6.75864E-04  2.84374E-03  1.38814E-03  1.00389E-04  4.77341E-04  1.53083E-04
  7353.00000  7.76245E-02  0.00000E+00  1.40165E-02  4.78725E-02  3.02720E-03  7.07221E-03  6.75673E-04  2.84233E-03  1.38764E-03  1.00361E-04  4.77109E-04  1.53030E-04
  7354.00000  7.75965E-02  0.00000E+00  1.40129E-02  4.78538E-02  3.02636E-03  7.06967E-03  6.75482E-04  2.84091E-03  1.38715E-03  1.00333E-04  4.76877E-04  1.52976E-04
  7355.00000  7.75685E-02  0.00000E+00  1.40094E-02  4.78352E-02  3.02552E-03  7.06714E-03  6.75292E-04  2.83949E-03  1.38665E-03  1.00305E-04  4.76646E-04  1.52922E-04
  7356.00000  7.75405E-02  0.00000E+00  1.40058E-02  4.78165E-02  3.02468E-03  7.06461E-03  6.75101E-04  2.83807E-03  1.38616E-03  1.00277E-04  4.76414E-04  1.52868E-04
  7357.00000  7.75125E-02  0.00000E+00  1.40022E-02  4.77979E-02  3.02385E-03  7.06208E-03  6.74911E-04  2.83666E-03  1.38566E-03  1.00249E-04  4.76183E-04  1.52815E-04
  7358.00000  7.74846E-02  0.00000E+00  1.39987E-02  4.77793E-02  3.02301E-03  7.05955E-03  6.74721E-04  2.83524E-03  1.38517E-03  1.00221E-04  4.75952E-04  1.52761E-04
  7359.00000  7.74566E-02  0.00000E+00  1.39951E-02  4.77606E-02  3.02217E-03  7.05703E-03  6.74531E-04  2.83383E-03  1.38468E-03  1.00193E-04  4.75721E-04  1.52707E-04
  7360.00000  7.74287E-02  0.00000E+00  1.39916E-02  4.77420E-02  3.02133E-03  7.05450E-03  6.74340E-04  2.83242E-03  1.38418E-03  1.00165E-04  4.75490E-04  1.52654E-04
  7361.00000  7.74007E-02  0.00000E+00  1.39880E-02  4.77234E-02  3.02050E-03  7.05197E-03  6.74150E-04  2.83101E-03  1.38369E-03  1.00138E-04  4.75259E-04  1.52600E-04
  7362.00000  7.73728E-02  0.00000E+00  1.39845E-02  4.77048E-02  3.01966E-03  7.04945E-03  6.73960E-04  2.82959E-03  1.38320E-03  1.00110E-04  4.75029E-04  1.52546E-04
  7363.00000  7.73449E-02  0.00000E+00  1.39809E-02  4.76862E-02  3.01882E-03  7.04693E-03  6.73771E-04  2.82818E-03  1.38271E-03  1.00082E-04  4.74798E-04  1.52493E-04
  7364.00000  7.73170E-02  0.00000E+00  1.39773E-02  4.76677E-02  3.01799E-03  7.04441E-03  6.73581E-04  2.82677E-03  1.38221E-03  1.00054E-04  4.74568E-04  1.52439E-04
  7365.00000  7.72892E-02  0.00000E+00  1.39738E-02  4.76491E-02  3.01715E-03  7.04189E-03  6.73391E-04  2.82537E-03  1.38172E-03  1.00026E-04  4.74338E-04  1.52386E-04
  7366.00000  7.72613E-02  0.00000E+00  1.39703E-02  4.76306E-02  3.01632E-03  7.03937E-03  6.73201E-04  2.82396E-03  1.38123E-03  9.99981E-05  4.74108E-04  1.52332E-04
  7367.00000  7.72335E-02  0.00000E+00  1.39667E-02  4.76120E-02  3.01548E-03  7.03685E-03  6.73012E-04  2.82255E-03  1.38074E-03  9.99702E-05  4.73878E-04  1.52279E-04
  7368.00000  7.72056E-02  0.00000E+00  1.39632E-02  4.75935E-02  3.01465E-03  7.03433E-03  6.72822E-04  2.82115E-03  1.38025E-03  9.99424E-05  4.73648E-04  1.52225E-04
  7369.00000  7.71778E-02  0.00000E+00  1.39596E-02  4.75749E-02  3.01382E-03  7.03182E-03  6.72633E-04  2.81974E-03  1.37976E-03  9.99146E-05  4.73419E-04  1.52172E-04
  7370.00000  7.71500E-02  0.00000E+00  1.39561E-02  4.75564E-02  3.01298E-03  7.02930E-03  6.72444E-04  2.81834E-03  1.37927E-03  9.98868E-05  4.73189E-04  1.52119E-04
  7371.00000  7.71222E-02  0.00000E+00  1.39525E-02  4.75379E-02  3.01215E-03  7.02679E-03  6.72255E-04  2.81694E-03  1.37878E-03  9.98590E-05  4.72960E-04  1.52065E-04
  7372.00000  7.70945E-02  0.00000E+00  1.39490E-02  4.75194E-02  3.01132E-03  7.02428E-03  6.72065E-04  2.81553E-03  1.37829E-03  9.98312E-05  4.72731E-04  1.52012E-04
  7373.00000  7.70667E-02  0.00000E+00  1.39454E-02  4.75009E-02  3.01048E-03  7.02177E-03  6.71876E-04  2.81413E-03  1.37779E-03  9.98034E-05  4.72502E-04  1.51959E-04
  7374.00000  7.70390E-02  0.00000E+00  1.39419E-02  4.74825E-02  3.00965E-03  7.01926E-03  6.71687E-04  2.81273E-03  1.37730E-03  9.97757E-05  4.72273E-04  1.51905E-04
  7375.00000  7.70112E-02  0.00000E+00  1.39384E-02  4.74640E-02  3.00882E-03  7.01675E-03  6.71498E-04  2.81133E-03  1.37682E-03  9.97479E-05  4.72044E-04  1.51852E-04
  7376.00000  7.69835E-02  0.00000E+00  1.39348E-02  4.74455E-02  3.00799E-03  7.01424E-03  6.71310E-04  2.80993E-03  1.37633E-03  9.97202E-05  4.71816E-04  1.51799E-04
  7377.00000  7.69558E-02  0.00000E+00  1.39313E-02  4.74271E-02  3.00716E-03  7.01173E-03  6.71121E-04  2.80854E-03  1.37584E-03  9.96925E-05  4.71587E-04  1.51746E-04
  7378.00000  7.69281E-02  0.00000E+00  1.39278E-02  4.74087E-02  3.00633E-03  7.00923E-03  6.70932E-04  2.80714E-03  1.37535E-03  9.96648E-05  4.71359E-04  1.51692E-04
  7379.00000  7.69005E-02  0.00000E+00  1.39242E-02  4.73902E-02  3.00550E-03  7.00673E-03  6.70744E-04  2.80574E-03  1.37486E-03  9.96371E-05  4.71131E-04  1.51639E-04
  7380.00000  7.68728E-02  0.00000E+00  1.39207E-02  4.73718E-02  3.00467E-03  7.00422E-03  6.70555E-04  2.80435E-03  1.37437E-03  9.96094E-05  4.70903E-04  1.51586E-04
  7381.00000  7.68451E-02  0.00000E+00  1.39172E-02  4.73534E-02  3.00384E-03  7.00172E-03  6.70367E-04  2.80295E-03  1.37388E-03  9.95818E-05  4.70675E-04  1.51533E-04
  7382.00000  7.68175E-02  0.00000E+00  1.39137E-02  4.73350E-02  3.00301E-03  6.99922E-03  6.70179E-04  2.80156E-03  1.37339E-03  9.95541E-05  4.70447E-04  1.51480E-04
  7383.00000  7.67899E-02  0.00000E+00  1.39101E-02  4.73166E-02  3.00218E-03  6.99672E-03  6.69990E-04  2.80017E-03  1.37291E-03  9.95265E-05  4.70219E-04  1.51427E-04
  7384.00000  7.67623E-02  0.00000E+00  1.39066E-02  4.72982E-02  3.00135E-03  6.99423E-03  6.69802E-04  2.79878E-03  1.37242E-03  9.94989E-05  4.69992E-04  1.51374E-04
  7385.00000  7.67347E-02  0.00000E+00  1.39031E-02  4.72799E-02  3.00052E-03  6.99173E-03  6.69614E-04  2.79738E-03  1.37193E-03  9.94712E-05  4.69765E-04  1.51321E-04
  7386.00000  7.67071E-02  0.00000E+00  1.38996E-02  4.72615E-02  2.99969E-03  6.98923E-03  6.69426E-04  2.79599E-03  1.37144E-03  9.94436E-05  4.69538E-04  1.51268E-04
  7387.00000  7.66795E-02  0.00000E+00  1.38960E-02  4.72431E-02  2.99887E-03  6.98674E-03  6.69238E-04  2.79460E-03  1.37096E-03  9.94161E-05  4.69310E-04  1.51215E-04
  7388.00000  7.66520E-02  0.00000E+00  1.38925E-02  4.72248E-02  2.99804E-03  6.98425E-03  6.69050E-04  2.79322E-03  1.37047E-03  9.93885E-05  4.69084E-04  1.51162E-04
  7389.00000  7.66244E-02  0.00000E+00  1.38890E-02  4.72065E-02  2.99721E-03  6.98176E-03  6.68862E-04  2.79183E-03  1.36998E-03  9.93609E-05  4.68857E-04  1.51109E-04
  7390.00000  7.65969E-02  0.00000E+00  1.38855E-02  4.71881E-02  2.99638E-03  6.97927E-03  6.68675E-04  2.79044E-03  1.36950E-03  9.93334E-05  4.68630E-04  1.51056E-04
  7391.00000  7.65694E-02  0.00000E+00  1.38820E-02  4.71698E-02  2.99556E-03  6.97678E-03  6.68487E-04  2.78906E-03  1.36901E-03  9.93058E-05  4.68404E-04  1.51003E-04
  7392.00000  7.65419E-02  0.00000E+00  1.38784E-02  4.71515E-02  2.99473E-03  6.97429E-03  6.68300E-04  2.78767E-03  1.36853E-03  9.92783E-05  4.68177E-04  1.50951E-04
  7393.00000  7.65144E-02  0.00000E+00  1.38749E-02  4.71332E-02  2.99391E-03  6.97180E-03  6.68112E-04  2.78629E-03  1.36804E-03  9.92508E-05  4.67951E-04  1.50898E-04
  7394.00000  7.64869E-02  0.00000E+00  1.38714E-02  4.71149E-02  2.99308E-03  6.96932E-03  6.67925E-04  2.78490E-03  1.36755E-03  9.92233E-05  4.67725E-04  1.50845E-04
  7395.00000  7.64595E-02  0.00000E+00  1.38679E-02  4.70967E-02  2.99226E-03  6.96683E-03  6.67737E-04  2.78352E-03  1.36707E-03  9.91958E-05  4.67499E-04  1.50792E-04
  7396.00000  7.64320E-02  0.00000E+00  1.38644E-02  4.70784E-02  2.99143E-03  6.96435E-03  6.67550E-04  2.78214E-03  1.36658E-03  9.91683E-05  4.67273E-04  1.50739E-04
  7397.00000  7.64046E-02  0.00000E+00  1.38609E-02  4.70601E-02  2.99061E-03  6.96187E-03  6.67363E-04  2.78076E-03  1.36610E-03  9.91408E-05  4.67048E-04  1.50687E-04
  7398.00000  7.63771E-02  0.00000E+00  1.38574E-02  4.70419E-02  2.98978E-03  6.95939E-03  6.67176E-04  2.77938E-03  1.36562E-03  9.91133E-05  4.66822E-04  1.50634E-04
  7399.00000  7.63497E-02  0.00000E+00  1.38539E-02  4.70236E-02  2.98896E-03  6.95691E-03  6.66989E-04  2.77800E-03  1.36513E-03  9.90859E-05  4.66597E-04  1.50581E-04
  7400.00000  7.63223E-02  0.00000E+00  1.38504E-02  4.70054E-02  2.98813E-03  6.95443E-03  6.66802E-04  2.77662E-03  1.36465E-03  9.90585E-05  4.66371E-04  1.50529E-04
  7401.00000  7.62950E-02  0.00000E+00  1.38468E-02  4.69872E-02  2.98731E-03  6.95195E-03  6.66615E-04  2.77524E-03  1.36416E-03  9.90310E-05  4.66146E-04  1.50476E-04
  7402.00000  7.62676E-02  0.00000E+00  1.38433E-02  4.69690E-02  2.98649E-03  6.94948E-03  6.66428E-04  2.77387E-03  1.36368E-03  9.90036E-05  4.65921E-04  1.50423E-04
  7403.00000  7.62402E-02  0.00000E+00  1.38398E-02  4.69508E-02  2.98566E-03  6.94700E-03  6.66242E-04  2.77249E-03  1.36320E-03  9.89762E-05  4.65696E-04  1.50371E-04
  7404.00000  7.62129E-02  0.00000E+00  1.38363E-02  4.69326E-02  2.98484E-03  6.94453E-03  6.66055E-04  2.77112E-03  1.36271E-03  9.89488E-05  4.65472E-04  1.50318E-04
  7405.00000  7.61856E-02  0.00000E+00  1.38328E-02  4.69144E-02  2.98402E-03  6.94206E-03  6.65868E-04  2.76974E-03  1.36223E-03  9.89214E-05  4.65247E-04  1.50266E-04
  7406.00000  7.61582E-02  0.00000E+00  1.38293E-02  4.68962E-02  2.98320E-03  6.93958E-03  6.65682E-04  2.76837E-03  1.36175E-03  9.88940E-05  4.65022E-04  1.50213E-04
  7407.00000  7.61309E-02  0.00000E+00  1.38258E-02  4.68780E-02  2.98238E-03  6.93711E-03  6.65495E-04  2.76700E-03  1.36127E-03  9.88666E-05  4.64798E-04  1.50161E-04
  7408.00000  7.61037E-02  0.00000E+00  1.38223E-02  4.68599E-02  2.98156E-03  6.93465E-03  6.65309E-04  2.76562E-03  1.36078E-03  9.88393E-05  4.64574E-04  1.50108E-04
  7409.00000  7.60764E-02  0.00000E+00  1.38188E-02  4.68417E-02  2.98073E-03  6.93218E-03  6.65123E-04  2.76425E-03  1.36030E-03  9.88119E-05  4.64350E-04  1.50056E-04
  7410.00000  7.60491E-02  0.00000E+00  1.38153E-02  4.68236E-02  2.97991E-03  6.92971E-03  6.64937E-04  2.76288E-03  1.35982E-03  9.87846E-05  4.64126E-04  1.50003E-04
  7411.00000  7.60219E-02  0.00000E+00  1.38119E-02  4.68055E-02  2.97909E-03  6.92724E-03  6.64750E-04  2.76151E-03  1.35934E-03  9.87573E-05  4.63902E-04  1.49951E-04
  7412.00000  7.59946E-02  0.00000E+00  1.38084E-02  4.67873E-02  2.97827E-03  6.92478E-03  6.64564E-04  2.76014E-03  1.35886E-03  9.87299E-05  4.63678E-04  1.49899E-04
  7413.00000  7.59674E-02  0.00000E+00  1.38049E-02  4.67692E-02  2.97745E-03  6.92232E-03  6.64378E-04  2.75878E-03  1.35838E-03  9.87026E-05  4.63455E-04  1.49846E-04
  7414.00000  7.59402E-02  0.00000E+00  1.38014E-02  4.67511E-02  2.97663E-03  6.91985E-03  6.64192E-04  2.75741E-03  1.35790E-03  9.86753E-05  4.63231E-04  1.49794E-04
  7415.00000  7.59130E-02  0.00000E+00  1.37979E-02  4.67330E-02  2.97581E-03  6.91739E-03  6.64006E-04  2.75604E-03  1.35742E-03  9.86480E-05  4.63008E-04  1.49742E-04
  7416.00000  7.58858E-02  0.00000E+00  1.37944E-02  4.67150E-02  2.97500E-03  6.91493E-03  6.63821E-04  2.75468E-03  1.35694E-03  9.86208E-05  4.62785E-04  1.49689E-04
  7417.00000  7.58586E-02  0.00000E+00  1.37909E-02  4.66969E-02  2.97418E-03  6.91247E-03  6.63635E-04  2.75331E-03  1.35646E-03  9.85935E-05  4.62562E-04  1.49637E-04
  7418.00000  7.58315E-02  0.00000E+00  1.37874E-02  4.66788E-02  2.97336E-03  6.91001E-03  6.63449E-04  2.75195E-03  1.35598E-03  9.85662E-05  4.62339E-04  1.49585E-04
  7419.00000  7.58043E-02  0.00000E+00  1.37839E-02  4.66608E-02  2.97254E-03  6.90756E-03  6.63263E-04  2.75059E-03  1.35550E-03  9.85390E-05  4.62116E-04  1.49533E-04
  7420.00000  7.57772E-02  0.00000E+00  1.37805E-02  4.66427E-02  2.97172E-03  6.90510E-03  6.63078E-04  2.74923E-03  1.35502E-03  9.85117E-05  4.61893E-04  1.49480E-04
  7421.00000  7.57501E-02  0.00000E+00  1.37770E-02  4.66247E-02  2.97091E-03  6.90265E-03  6.62892E-04  2.74786E-03  1.35454E-03  9.84845E-05  4.61671E-04  1.49428E-04
  7422.00000  7.57230E-02  0.00000E+00  1.37735E-02  4.66066E-02  2.97009E-03  6.90019E-03  6.62707E-04  2.74650E-03  1.35406E-03  9.84573E-05  4.61448E-04  1.49376E-04
  7423.00000  7.56959E-02  0.00000E+00  1.37700E-02  4.65886E-02  2.96927E-03  6.89774E-03  6.62522E-04  2.74514E-03  1.35358E-03  9.84301E-05  4.61226E-04  1.49324E-04
  7424.00000  7.56688E-02  0.00000E+00  1.37665E-02  4.65706E-02  2.96846E-03  6.89529E-03  6.62336E-04  2.74379E-03  1.35310E-03  9.84029E-05  4.61004E-04  1.49272E-04
  7425.00000  7.56417E-02  0.00000E+00  1.37631E-02  4.65526E-02  2.96764E-03  6.89284E-03  6.62151E-04  2.74243E-03  1.35262E-03  9.83757E-05  4.60782E-04  1.49220E-04
  7426.00000  7.56147E-02  0.00000E+00  1.37596E-02  4.65346E-02  2.96683E-03  6.89039E-03  6.61966E-04  2.74107E-03  1.35215E-03  9.83485E-05  4.60560E-04  1.49168E-04
  7427.00000  7.55876E-02  0.00000E+00  1.37561E-02  4.65166E-02  2.96601E-03  6.88794E-03  6.61781E-04  2.73972E-03  1.35167E-03  9.83213E-05  4.60338E-04  1.49115E-04
  7428.00000  7.55606E-02  0.00000E+00  1.37526E-02  4.64987E-02  2.96519E-03  6.88549E-03  6.61596E-04  2.73836E-03  1.35119E-03  9.82942E-05  4.60117E-04  1.49063E-04
  7429.00000  7.55336E-02  0.00000E+00  1.37492E-02  4.64807E-02  2.96438E-03  6.88305E-03  6.61411E-04  2.73701E-03  1.35071E-03  9.82670E-05  4.59895E-04  1.49011E-04
  7430.00000  7.55066E-02  0.00000E+00  1.37457E-02  4.64627E-02  2.96357E-03  6.88060E-03  6.61226E-04  2.73565E-03  1.35024E-03  9.82399E-05  4.59674E-04  1.48959E-04
  7431.00000  7.54796E-02  0.00000E+00  1.37422E-02  4.64448E-02  2.96275E-03  6.87816E-03  6.61041E-04  2.73430E-03  1.34976E-03  9.82127E-05  4.59453E-04  1.48907E-04
  7432.00000  7.54526E-02  0.00000E+00  1.37388E-02  4.64269E-02  2.96194E-03  6.87572E-03  6.60857E-04  2.73295E-03  1.34928E-03  9.81856E-05  4.59232E-04  1.48855E-04
  7433.00000  7.54257E-02  0.00000E+00  1.37353E-02  4.64089E-02  2.96112E-03  6.87327E-03  6.60672E-04  2.73160E-03  1.34881E-03  9.81585E-05  4.59011E-04  1.48803E-04
  7434.00000  7.53987E-02  0.00000E+00  1.37318E-02  4.63910E-02  2.96031E-03  6.87083E-03  6.60488E-04  2.73025E-03  1.34833E-03  9.81314E-05  4.58790E-04  1.48751E-04
  7435.00000  7.53718E-02  0.00000E+00  1.37283E-02  4.63731E-02  2.95950E-03  6.86839E-03  6.60303E-04  2.72890E-03  1.34785E-03  9.81043E-05  4.58569E-04  1.48700E-04
  7436.00000  7.53448E-02  0.00000E+00  1.37249E-02  4.63552E-02  2.95869E-03  6.86596E-03  6.60119E-04  2.72755E-03  1.34738E-03  9.80772E-05  4.58348E-04  1.48648E-04
  7437.00000  7.53179E-02  0.00000E+00  1.37214E-02  4.63373E-02  2.95787E-03  6.86352E-03  6.59934E-04  2.72620E-03  1.34690E-03  9.80502E-05  4.58128E-04  1.48596E-04
  7438.00000  7.52910E-02  0.00000E+00  1.37180E-02  4.63194E-02  2.95706E-03  6.86108E-03  6.59750E-04  2.72485E-03  1.34643E-03  9.80231E-05  4.57908E-04  1.48544E-04
  7439.00000  7.52641E-02  0.00000E+00  1.37145E-02  4.63015E-02  2.95625E-03  6.85865E-03  6.59566E-04  2.72351E-03  1.34595E-03  9.79961E-05  4.57688E-04  1.48492E-04
  7440.00000  7.52372E-02  0.00000E+00  1.37110E-02  4.62837E-02  2.95544E-03  6.85621E-03  6.59382E-04  2.72216E-03  1.34548E-03  9.79690E-05  4.57467E-04  1.48440E-04
  7441.00000  7.52104E-02  0.00000E+00  1.37076E-02  4.62658E-02  2.95463E-03  6.85378E-03  6.59198E-04  2.72082E-03  1.34500E-03  9.79420E-05  4.57248E-04  1.48388E-04
  7442.00000  7.51835E-02  0.00000E+00  1.37041E-02  4.62479E-02  2.95382E-03  6.85135E-03  6.59014E-04  2.71948E-03  1.34453E-03  9.79150E-05  4.57028E-04  1.48337E-04
  7443.00000  7.51567E-02  0.00000E+00  1.37007E-02  4.62301E-02  2.95301E-03  6.84892E-03  6.58830E-04  2.71813E-03  1.34405E-03  9.78880E-05  4.56808E-04  1.48285E-04
  7444.00000  7.51298E-02  0.00000E+00  1.36972E-02  4.62123E-02  2.95220E-03  6.84649E-03  6.58646E-04  2.71679E-03  1.34358E-03  9.78610E-05  4.56589E-04  1.48233E-04
  7445.00000  7.51030E-02  0.00000E+00  1.36937E-02  4.61944E-02  2.95139E-03  6.84406E-03  6.58462E-04  2.71545E-03  1.34310E-03  9.78340E-05  4.56369E-04  1.48181E-04
  7446.00000  7.50762E-02  0.00000E+00  1.36903E-02  4.61766E-02  2.95058E-03  6.84163E-03  6.58279E-04  2.71411E-03  1.34263E-03  9.78070E-05  4.56150E-04  1.48129E-04
  7447.00000  7.50494E-02  0.00000E+00  1.36868E-02  4.61588E-02  2.94977E-03  6.83921E-03  6.58095E-04  2.71277E-03  1.34216E-03  9.77800E-05  4.55931E-04  1.48078E-04
  7448.00000  7.50227E-02  0.00000E+00  1.36834E-02  4.61410E-02  2.94897E-03  6.83678E-03  6.57912E-04  2.71143E-03  1.34168E-03  9.77531E-05  4.55712E-04  1.48026E-04
  7449.00000  7.49959E-02  0.00000E+00  1.36799E-02  4.61232E-02  2.94816E-03  6.83436E-03  6.57728E-04  2.71009E-03  1.34121E-03  9.77261E-05  4.55493E-04  1.47974E-04
  7450.00000  7.49691E-02  0.00000E+00  1.36765E-02  4.61054E-02  2.94735E-03  6.83194E-03  6.57545E-04  2.70876E-03  1.34074E-03  9.76992E-05  4.55274E-04  1.47922E-04
  7451.00000  7.49424E-02  0.00000E+00  1.36730E-02  4.60877E-02  2.94654E-03  6.82951E-03  6.57362E-04  2.70742E-03  1.34026E-03  9.76723E-05  4.55056E-04  1.47871E-04
  7452.00000  7.49157E-02  0.00000E+00  1.36696E-02  4.60699E-02  2.94574E-03  6.82709E-03  6.57178E-04  2.70609E-03  1.33979E-03  9.76454E-05  4.54837E-04  1.47819E-04
  7453.00000  7.48890E-02  0.00000E+00  1.36661E-02  4.60521E-02  2.94493E-03  6.82467E-03  6.56995E-04  2.70475E-03  1.33932E-03  9.76185E-05  4.54619E-04  1.47767E-04
  7454.00000  7.48623E-02  0.00000E+00  1.36627E-02  4.60344E-02  2.94412E-03  6.82226E-03  6.56812E-04  2.70342E-03  1.33885E-03  9.75916E-05  4.54401E-04  1.47716E-04
  7455.00000  7.48356E-02  0.00000E+00  1.36592E-02  4.60167E-02  2.94332E-03  6.81984E-03  6.56629E-04  2.70209E-03  1.33838E-03  9.75647E-05  4.54183E-04  1.47664E-04
  7456.00000  7.48089E-02  0.00000E+00  1.36558E-02  4.59989E-02  2.94251E-03  6.81742E-03  6.56447E-04  2.70075E-03  1.33790E-03  9.75378E-05  4.53965E-04  1.47613E-04
  7457.00000  7.47822E-02  0.00000E+00  1.36523E-02  4.59812E-02  2.94171E-03  6.81501E-03  6.56264E-04  2.69942E-03  1.33743E-03  9.75109E-05  4.53747E-04  1.47561E-04
  7458.00000  7.47556E-02  0.00000E+00  1.36489E-02  4.59635E-02  2.94090E-03  6.81260E-03  6.56081E-04  2.69809E-03  1.33696E-03  9.74841E-05  4.53529E-04  1.47509E-04
  7459.00000  7.47289E-02  0.00000E+00  1.36455E-02  4.59458E-02  2.94010E-03  6.81018E-03  6.55898E-04  2.69676E-03  1.33649E-03  9.74572E-05  4.53312E-04  1.47458E-04
  7460.00000  7.47023E-02  0.00000E+00  1.36420E-02  4.59281E-02  2.93929E-03  6.80777E-03  6.55716E-04  2.69544E-03  1.33602E-03  9.74304E-05  4.53094E-04  1.47406E-04
  7461.00000  7.46757E-02  0.00000E+00  1.36386E-02  4.59104E-02  2.93849E-03  6.80536E-03  6.55533E-04  2.69411E-03  1.33555E-03  9.74035E-05  4.52877E-04  1.47355E-04
  7462.00000  7.46491E-02  0.00000E+00  1.36352E-02  4.58928E-02  2.93768E-03  6.80296E-03  6.55351E-04  2.69278E-03  1.33508E-03  9.73767E-05  4.52660E-04  1.47303E-04
  7463.00000  7.46225E-02  0.00000E+00  1.36317E-02  4.58751E-02  2.93688E-03  6.80055E-03  6.55169E-04  2.69145E-03  1.33461E-03  9.73499E-05  4.52443E-04  1.47251E-04
  7464.00000  7.45959E-02  0.00000E+00  1.36283E-02  4.58574E-02  2.93608E-03  6.79814E-03  6.54986E-04  2.69013E-03  1.33414E-03  9.73231E-05  4.52226E-04  1.47200E-04
  7465.00000  7.45694E-02  0.00000E+00  1.36248E-02  4.58398E-02  2.93528E-03  6.79574E-03  6.54804E-04  2.68880E-03  1.33367E-03  9.72963E-05  4.52009E-04  1.47148E-04
  7466.00000  7.45428E-02  0.00000E+00  1.36214E-02  4.58221E-02  2.93447E-03  6.79333E-03  6.54622E-04  2.68748E-03  1.33320E-03  9.72695E-05  4.51793E-04  1.47097E-04
  7467.00000  7.45163E-02  0.00000E+00  1.36180E-02  4.58045E-02  2.93367E-03  6.79093E-03  6.54440E-04  2.68616E-03  1.33273E-03  9.72428E-05  4.51576E-04  1.47045E-04
  7468.00000  7.44898E-02  0.00000E+00  1.36146E-02  4.57869E-02  2.93287E-03  6.78853E-03  6.54258E-04  2.68484E-03  1.33226E-03  9.72160E-05  4.51360E-04  1.46994E-04
  7469.00000  7.44632E-02  0.00000E+00  1.36111E-02  4.57693E-02  2.93207E-03  6.78613E-03  6.54076E-04  2.68351E-03  1.33179E-03  9.71892E-05  4.51144E-04  1.46942E-04
  7470.00000  7.44367E-02  0.00000E+00  1.36077E-02  4.57517E-02  2.93127E-03  6.78373E-03  6.53895E-04  2.68219E-03  1.33132E-03  9.71625E-05  4.50927E-04  1.46891E-04
  7471.00000  7.44103E-02  0.00000E+00  1.36043E-02  4.57341E-02  2.93047E-03  6.78133E-03  6.53713E-04  2.68087E-03  1.33086E-03  9.71357E-05  4.50712E-04  1.46840E-04
  7472.00000  7.43838E-02  0.00000E+00  1.36008E-02  4.57165E-02  2.92966E-03  6.77893E-03  6.53531E-04  2.67955E-03  1.33039E-03  9.71090E-05  4.50496E-04  1.46788E-04
  7473.00000  7.43573E-02  0.00000E+00  1.35974E-02  4.56989E-02  2.92886E-03  6.77654E-03  6.53350E-04  2.67824E-03  1.32992E-03  9.70823E-05  4.50280E-04  1.46737E-04
  7474.00000  7.43309E-02  0.00000E+00  1.35940E-02  4.56813E-02  2.92806E-03  6.77414E-03  6.53168E-04  2.67692E-03  1.32945E-03  9.70555E-05  4.50064E-04  1.46685E-04
  7475.00000  7.43044E-02  0.00000E+00  1.35906E-02  4.56638E-02  2.92726E-03  6.77175E-03  6.52987E-04  2.67560E-03  1.32898E-03  9.70288E-05  4.49849E-04  1.46634E-04
  7476.00000  7.42780E-02  0.00000E+00  1.35871E-02  4.56462E-02  2.92646E-03  6.76936E-03  6.52805E-04  2.67429E-03  1.32852E-03  9.70021E-05  4.49634E-04  1.46583E-04
  7477.00000  7.42516E-02  0.00000E+00  1.35837E-02  4.56287E-02  2.92567E-03  6.76697E-03  6.52624E-04  2.67297E-03  1.32805E-03  9.69754E-05  4.49419E-04  1.46531E-04
  7478.00000  7.42252E-02  0.00000E+00  1.35803E-02  4.56111E-02  2.92487E-03  6.76457E-03  6.52443E-04  2.67166E-03  1.32758E-03  9.69487E-05  4.49204E-04  1.46480E-04
  7479.00000  7.41988E-02  0.00000E+00  1.35769E-02  4.55936E-02  2.92407E-03  6.76219E-03  6.52262E-04  2.67034E-03  1.32712E-03  9.69221E-05  4.48989E-04  1.46428E-04
  7480.00000  7.41724E-02  0.00000E+00  1.35735E-02  4.55761E-02  2.92327E-03  6.75980E-03  6.52081E-04  2.66903E-03  1.32665E-03  9.68954E-05  4.48774E-04  1.46377E-04
  7481.00000  7.41460E-02  0.00000E+00  1.35701E-02  4.55585E-02  2.92247E-03  6.75741E-03  6.51900E-04  2.66772E-03  1.32618E-03  9.68687E-05  4.48559E-04  1.46326E-04
  7482.00000  7.41197E-02  0.00000E+00  1.35666E-02  4.55410E-02  2.92167E-03  6.75502E-03  6.51719E-04  2.66641E-03  1.32572E-03  9.68420E-05  4.48345E-04  1.46274E-04
  7483.00000  7.40933E-02  0.00000E+00  1.35632E-02  4.55235E-02  2.92088E-03  6.75264E-03  6.51538E-04  2.66510E-03  1.32525E-03  9.68154E-05  4.48130E-04  1.46223E-04
  7484.00000  7.40670E-02  0.00000E+00  1.35598E-02  4.55061E-02  2.92008E-03  6.75026E-03  6.51357E-04  2.66379E-03  1.32479E-03  9.67887E-05  4.47916E-04  1.46172E-04
  7485.00000  7.40407E-02  0.00000E+00  1.35564E-02  4.54886E-02  2.91928E-03  6.74787E-03  6.51177E-04  2.66248E-03  1.32432E-03  9.67621E-05  4.47702E-04  1.46121E-04
  7486.00000  7.40144E-02  0.00000E+00  1.35530E-02  4.54711E-02  2.91849E-03  6.74549E-03  6.50996E-04  2.66117E-03  1.32386E-03  9.67355E-05  4.47488E-04  1.46069E-04
  7487.00000  7.39881E-02  0.00000E+00  1.35496E-02  4.54536E-02  2.91769E-03  6.74311E-03  6.50815E-04  2.65986E-03  1.32339E-03  9.67089E-05  4.47274E-04  1.46018E-04
  7488.00000  7.39618E-02  0.00000E+00  1.35462E-02  4.54362E-02  2.91689E-03  6.74073E-03  6.50635E-04  2.65856E-03  1.32293E-03  9.66822E-05  4.47060E-04  1.45967E-04
  7489.00000  7.39355E-02  0.00000E+00  1.35428E-02  4.54187E-02  2.91610E-03  6.73835E-03  6.50454E-04  2.65725E-03  1.32246E-03  9.66556E-05  4.46846E-04  1.45916E-04
  7490.00000  7.39093E-02  0.00000E+00  1.35394E-02  4.54013E-02  2.91530E-03  6.73598E-03  6.50274E-04  2.65594E-03  1.32200E-03  9.66290E-05  4.46633E-04  1.45864E-04
  7491.00000  7.38830E-02  0.00000E+00  1.35359E-02  4.53839E-02  2.91451E-03  6.73360E-03  6.50094E-04  2.65464E-03  1.32154E-03  9.66024E-05  4.46419E-04  1.45813E-04
  7492.00000  7.38568E-02  0.00000E+00  1.35325E-02  4.53664E-02  2.91371E-03  6.73122E-03  6.49913E-04  2.65334E-03  1.32107E-03  9.65758E-05  4.46206E-04  1.45762E-04
  7493.00000  7.38306E-02  0.00000E+00  1.35291E-02  4.53490E-02  2.91292E-03  6.72885E-03  6.49733E-04  2.65203E-03  1.32061E-03  9.65492E-05  4.45993E-04  1.45711E-04
  7494.00000  7.38044E-02  0.00000E+00  1.35257E-02  4.53316E-02  2.91212E-03  6.72648E-03  6.49553E-04  2.65073E-03  1.32014E-03  9.65227E-05  4.45780E-04  1.45660E-04
  7495.00000  7.37782E-02  0.00000E+00  1.35223E-02  4.53142E-02  2.91133E-03  6.72411E-03  6.49373E-04  2.64943E-03  1.31968E-03  9.64961E-05  4.45567E-04  1.45609E-04
  7496.00000  7.37520E-02  0.00000E+00  1.35189E-02  4.52968E-02  2.91054E-03  6.72173E-03  6.49193E-04  2.64813E-03  1.31922E-03  9.64695E-05  4.45354E-04  1.45558E-04
  7497.00000  7.37258E-02  0.00000E+00  1.35155E-02  4.52795E-02  2.90974E-03  6.71936E-03  6.49013E-04  2.64683E-03  1.31876E-03  9.64430E-05  4.45141E-04  1.45507E-04
  7498.00000  7.36996E-02  0.00000E+00  1.35121E-02  4.52621E-02  2.90895E-03  6.71700E-03  6.48833E-04  2.64553E-03  1.31829E-03  9.64164E-05  4.44929E-04  1.45455E-04
  7499.00000  7.36735E-02  0.00000E+00  1.35087E-02  4.52447E-02  2.90816E-03  6.71463E-03  6.48653E-04  2.64423E-03  1.31783E-03  9.63899E-05  4.44716E-04  1.45404E-04
  7500.00000  7.36473E-02  0.00000E+00  1.35053E-02  4.52274E-02  2.90737E-03  6.71226E-03  6.48474E-04  2.64294E-03  1.31737E-03  9.63633E-05  4.44504E-04  1.45353E-04
  7501.00000  7.36212E-02  0.00000E+00  1.35019E-02  4.52100E-02  2.90657E-03  6.70989E-03  6.48294E-04  2.64164E-03  1.31691E-03  9.63368E-05  4.44292E-04  1.45302E-04
  7502.00000  7.35951E-02  0.00000E+00  1.34986E-02  4.51927E-02  2.90578E-03  6.70753E-03  6.48114E-04  2.64035E-03  1.31645E-03  9.63103E-05  4.44080E-04  1.45251E-04
  7503.00000  7.35690E-02  0.00000E+00  1.34952E-02  4.51754E-02  2.90499E-03  6.70517E-03  6.47935E-04  2.63905E-03  1.31599E-03  9.62838E-05  4.43868E-04  1.45200E-04
  7504.00000  7.35429E-02  0.00000E+00  1.34918E-02  4.51580E-02  2.90420E-03  6.70280E-03  6.47755E-04  2.63776E-03  1.31552E-03  9.62573E-05  4.43656E-04  1.45149E-04
  7505.00000  7.35168E-02  0.00000E+00  1.34884E-02  4.51407E-02  2.90341E-03  6.70044E-03  6.47576E-04  2.63646E-03  1.31506E-03  9.62308E-05  4.43444E-04  1.45098E-04
  7506.00000  7.34908E-02  0.00000E+00  1.34850E-02  4.51234E-02  2.90262E-03  6.69808E-03  6.47397E-04  2.63517E-03  1.31460E-03  9.62043E-05  4.43233E-04  1.45048E-04
  7507.00000  7.34647E-02  0.00000E+00  1.34816E-02  4.51061E-02  2.90183E-03  6.69572E-03  6.47217E-04  2.63388E-03  1.31414E-03  9.61778E-05  4.43021E-04  1.44997E-04
  7508.00000  7.34387E-02  0.00000E+00  1.34782E-02  4.50888E-02  2.90104E-03  6.69336E-03  6.47038E-04  2.63259E-03  1.31368E-03  9.61513E-05  4.42810E-04  1.44946E-04
  7509.00000  7.34126E-02  0.00000E+00  1.34748E-02  4.50716E-02  2.90025E-03  6.69101E-03  6.46859E-04  2.63130E-03  1.31322E-03  9.61248E-05  4.42599E-04  1.44895E-04
  7510.00000  7.33866E-02  0.00000E+00  1.34714E-02  4.50543E-02  2.89946E-03  6.68865E-03  6.46680E-04  2.63001E-03  1.31276E-03  9.60984E-05  4.42388E-04  1.44844E-04
  7511.00000  7.33606E-02  0.00000E+00  1.34681E-02  4.50370E-02  2.89867E-03  6.68629E-03  6.46501E-04  2.62872E-03  1.31230E-03  9.60719E-05  4.42177E-04  1.44793E-04
  7512.00000  7.33346E-02  0.00000E+00  1.34647E-02  4.50198E-02  2.89788E-03  6.68394E-03  6.46322E-04  2.62743E-03  1.31184E-03  9.60455E-05  4.41966E-04  1.44742E-04
  7513.00000  7.33086E-02  0.00000E+00  1.34613E-02  4.50025E-02  2.89709E-03  6.68159E-03  6.46143E-04  2.62615E-03  1.31138E-03  9.60190E-05  4.41755E-04  1.44691E-04
  7514.00000  7.32827E-02  0.00000E+00  1.34579E-02  4.49853E-02  2.89630E-03  6.67923E-03  6.45965E-04  2.62486E-03  1.31092E-03  9.59926E-05  4.41545E-04  1.44641E-04
  7515.00000  7.32567E-02  0.00000E+00  1.34545E-02  4.49681E-02  2.89552E-03  6.67688E-03  6.45786E-04  2.62357E-03  1.31047E-03  9.59662E-05  4.41334E-04  1.44590E-04
  7516.00000  7.32308E-02  0.00000E+00  1.34512E-02  4.49508E-02  2.89473E-03  6.67453E-03  6.45607E-04  2.62229E-03  1.31001E-03  9.59397E-05  4.41124E-04  1.44539E-04
  7517.00000  7.32048E-02  0.00000E+00  1.34478E-02  4.49336E-02  2.89394E-03  6.67218E-03  6.45429E-04  2.62101E-03  1.30955E-03  9.59133E-05  4.40913E-04  1.44488E-04
  7518.00000  7.31789E-02  0.00000E+00  1.34444E-02  4.49164E-02  2.89316E-03  6.66984E-03  6.45250E-04  2.61972E-03  1.30909E-03  9.58869E-05  4.40703E-04  1.44438E-04
  7519.00000  7.31530E-02  0.00000E+00  1.34410E-02  4.48992E-02  2.89237E-03  6.66749E-03  6.45072E-04  2.61844E-03  1.30863E-03  9.58605E-05  4.40493E-04  1.44387E-04
  7520.00000  7.31271E-02  0.00000E+00  1.34377E-02  4.48820E-02  2.89158E-03  6.66514E-03  6.44893E-04  2.61716E-03  1.30817E-03  9.58341E-05  4.40283E-04  1.44336E-04
  7521.00000  7.31012E-02  0.00000E+00  1.34343E-02  4.48649E-02  2.89080E-03  6.66280E-03  6.44715E-04  2.61588E-03  1.30772E-03  9.58077E-05  4.40074E-04  1.44286E-04
  7522.00000  7.30754E-02  0.00000E+00  1.34309E-02  4.48477E-02  2.89001E-03  6.66046E-03  6.44537E-04  2.61460E-03  1.30726E-03  9.57814E-05  4.39864E-04  1.44235E-04
  7523.00000  7.30495E-02  0.00000E+00  1.34276E-02  4.48305E-02  2.88923E-03  6.65811E-03  6.44359E-04  2.61332E-03  1.30680E-03  9.57550E-05  4.39655E-04  1.44184E-04
  7524.00000  7.30237E-02  0.00000E+00  1.34242E-02  4.48134E-02  2.88844E-03  6.65577E-03  6.44181E-04  2.61204E-03  1.30634E-03  9.57286E-05  4.39445E-04  1.44134E-04
  7525.00000  7.29978E-02  0.00000E+00  1.34208E-02  4.47962E-02  2.88766E-03  6.65343E-03  6.44003E-04  2.61076E-03  1.30589E-03  9.57023E-05  4.39236E-04  1.44083E-04
  7526.00000  7.29720E-02  0.00000E+00  1.34175E-02  4.47791E-02  2.88688E-03  6.65109E-03  6.43825E-04  2.60949E-03  1.30543E-03  9.56759E-05  4.39027E-04  1.44033E-04
  7527.00000  7.29462E-02  0.00000E+00  1.34141E-02  4.47620E-02  2.88609E-03  6.64875E-03  6.43647E-04  2.60821E-03  1.30497E-03  9.56496E-05  4.38818E-04  1.43982E-04
  7528.00000  7.29204E-02  0.00000E+00  1.34107E-02  4.47449E-02  2.88531E-03  6.64642E-03  6.43469E-04  2.60694E-03  1.30452E-03  9.56233E-05  4.38609E-04  1.43932E-04
  7529.00000  7.28946E-02  0.00000E+00  1.34074E-02  4.47277E-02  2.88453E-03  6.64408E-03  6.43291E-04  2.60566E-03  1.30406E-03  9.55969E-05  4.38400E-04  1.43881E-04
  7530.00000  7.28688E-02  0.00000E+00  1.34040E-02  4.47106E-02  2.88374E-03  6.64175E-03  6.43114E-04  2.60439E-03  1.30361E-03  9.55706E-05  4.38192E-04  1.43830E-04
  7531.00000  7.28431E-02  0.00000E+00  1.34006E-02  4.46935E-02  2.88296E-03  6.63941E-03  6.42936E-04  2.60312E-03  1.30315E-03  9.55443E-05  4.37983E-04  1.43780E-04
  7532.00000  7.28173E-02  0.00000E+00  1.33973E-02  4.46764E-02  2.88218E-03  6.63708E-03  6.42759E-04  2.60184E-03  1.30270E-03  9.55180E-05  4.37775E-04  1.43730E-04
  7533.00000  7.27916E-02  0.00000E+00  1.33939E-02  4.46594E-02  2.88140E-03  6.63475E-03  6.42581E-04  2.60057E-03  1.30224E-03  9.54917E-05  4.37567E-04  1.43679E-04
  7534.00000  7.27658E-02  0.00000E+00  1.33906E-02  4.46423E-02  2.88061E-03  6.63242E-03  6.42404E-04  2.59930E-03  1.30179E-03  9.54654E-05  4.37358E-04  1.43629E-04
  7535.00000  7.27401E-02  0.00000E+00  1.33872E-02  4.46252E-02  2.87983E-03  6.63009E-03  6.42227E-04  2.59803E-03  1.30133E-03  9.54392E-05  4.37151E-04  1.43578E-04
  7536.00000  7.27144E-02  0.00000E+00  1.33839E-02  4.46082E-02  2.87905E-03  6.62776E-03  6.42050E-04  2.59676E-03  1.30088E-03  9.54129E-05  4.36943E-04  1.43528E-04
  7537.00000  7.26887E-02  0.00000E+00  1.33805E-02  4.45911E-02  2.87827E-03  6.62543E-03  6.41873E-04  2.59550E-03  1.30042E-03  9.53866E-05  4.36735E-04  1.43478E-04
  7538.00000  7.26630E-02  0.00000E+00  1.33771E-02  4.45741E-02  2.87749E-03  6.62311E-03  6.41696E-04  2.59423E-03  1.29997E-03  9.53604E-05  4.36527E-04  1.43427E-04
  7539.00000  7.26374E-02  0.00000E+00  1.33738E-02  4.45571E-02  2.87671E-03  6.62078E-03  6.41519E-04  2.59296E-03  1.29951E-03  9.53341E-05  4.36320E-04  1.43377E-04
  7540.00000  7.26117E-02  0.00000E+00  1.33704E-02  4.45400E-02  2.87593E-03  6.61846E-03  6.41342E-04  2.59170E-03  1.29906E-03  9.53079E-05  4.36112E-04  1.43327E-04
  7541.00000  7.25861E-02  0.00000E+00  1.33671E-02  4.45230E-02  2.87515E-03  6.61614E-03  6.41165E-04  2.59043E-03  1.29861E-03  9.52816E-05  4.35905E-04  1.43276E-04
  7542.00000  7.25604E-02  0.00000E+00  1.33637E-02  4.45060E-02  2.87437E-03  6.61382E-03  6.40988E-04  2.58917E-03  1.29815E-03  9.52554E-05  4.35698E-04  1.43226E-04
  7543.00000  7.25348E-02  0.00000E+00  1.33604E-02  4.44890E-02  2.87360E-03  6.61150E-03  6.40812E-04  2.58790E-03  1.29770E-03  9.52292E-05  4.35491E-04  1.43176E-04
  7544.00000  7.25092E-02  0.00000E+00  1.33571E-02  4.44720E-02  2.87282E-03  6.60918E-03  6.40635E-04  2.58664E-03  1.29725E-03  9.52030E-05  4.35284E-04  1.43126E-04
  7545.00000  7.24836E-02  0.00000E+00  1.33537E-02  4.44550E-02  2.87204E-03  6.60686E-03  6.40459E-04  2.58538E-03  1.29679E-03  9.51768E-05  4.35078E-04  1.43075E-04
  7546.00000  7.24580E-02  0.00000E+00  1.33504E-02  4.44381E-02  2.87126E-03  6.60454E-03  6.40282E-04  2.58412E-03  1.29634E-03  9.51506E-05  4.34871E-04  1.43025E-04
  7547.00000  7.24324E-02  0.00000E+00  1.33470E-02  4.44211E-02  2.87048E-03  6.60223E-03  6.40106E-04  2.58286E-03  1.29589E-03  9.51244E-05  4.34664E-04  1.42975E-04
  7548.00000  7.24069E-02  0.00000E+00  1.33437E-02  4.44041E-02  2.86971E-03  6.59991E-03  6.39930E-04  2.58160E-03  1.29544E-03  9.50982E-05  4.34458E-04  1.42925E-04
  7549.00000  7.23813E-02  0.00000E+00  1.33403E-02  4.43872E-02  2.86893E-03  6.59760E-03  6.39753E-04  2.58034E-03  1.29498E-03  9.50720E-05  4.34252E-04  1.42875E-04
  7550.00000  7.23558E-02  0.00000E+00  1.33370E-02  4.43702E-02  2.86815E-03  6.59528E-03  6.39577E-04  2.57908E-03  1.29453E-03  9.50458E-05  4.34046E-04  1.42825E-04
  7551.00000  7.23303E-02  0.00000E+00  1.33337E-02  4.43533E-02  2.86738E-03  6.59297E-03  6.39401E-04  2.57782E-03  1.29408E-03  9.50197E-05  4.33840E-04  1.42774E-04
  7552.00000  7.23048E-02  0.00000E+00  1.33303E-02  4.43364E-02  2.86660E-03  6.59066E-03  6.39225E-04  2.57657E-03  1.29363E-03  9.49935E-05  4.33634E-04  1.42724E-04
  7553.00000  7.22793E-02  0.00000E+00  1.33270E-02  4.43195E-02  2.86582E-03  6.58835E-03  6.39049E-04  2.57531E-03  1.29318E-03  9.49674E-05  4.33428E-04  1.42674E-04
  7554.00000  7.22538E-02  0.00000E+00  1.33237E-02  4.43026E-02  2.86505E-03  6.58605E-03  6.38874E-04  2.57406E-03  1.29273E-03  9.49412E-05  4.33223E-04  1.42624E-04
  7555.00000  7.22283E-02  0.00000E+00  1.33203E-02  4.42857E-02  2.86427E-03  6.58374E-03  6.38698E-04  2.57280E-03  1.29228E-03  9.49151E-05  4.33017E-04  1.42574E-04
  7556.00000  7.22028E-02  0.00000E+00  1.33170E-02  4.42688E-02  2.86350E-03  6.58143E-03  6.38522E-04  2.57155E-03  1.29183E-03  9.48889E-05  4.32812E-04  1.42524E-04
  7557.00000  7.21774E-02  0.00000E+00  1.33137E-02  4.42519E-02  2.86272E-03  6.57913E-03  6.38346E-04  2.57029E-03  1.29138E-03  9.48628E-05  4.32606E-04  1.42474E-04
  7558.00000  7.21519E-02  0.00000E+00  1.33103E-02  4.42350E-02  2.86195E-03  6.57682E-03  6.38171E-04  2.56904E-03  1.29093E-03  9.48367E-05  4.32401E-04  1.42424E-04
  7559.00000  7.21265E-02  0.00000E+00  1.33070E-02  4.42181E-02  2.86117E-03  6.57452E-03  6.37995E-04  2.56779E-03  1.29048E-03  9.48106E-05  4.32196E-04  1.42374E-04
  7560.00000  7.21011E-02  0.00000E+00  1.33037E-02  4.42013E-02  2.86040E-03  6.57222E-03  6.37820E-04  2.56654E-03  1.29003E-03  9.47844E-05  4.31991E-04  1.42324E-04
  7561.00000  7.20757E-02  0.00000E+00  1.33004E-02  4.41844E-02  2.85963E-03  6.56992E-03  6.37645E-04  2.56529E-03  1.28958E-03  9.47583E-05  4.31787E-04  1.42275E-04
  7562.00000  7.20503E-02  0.00000E+00  1.32970E-02  4.41676E-02  2.85885E-03  6.56762E-03  6.37469E-04  2.56404E-03  1.28913E-03  9.47322E-05  4.31582E-04  1.42225E-04
  7563.00000  7.20249E-02  0.00000E+00  1.32937E-02  4.41508E-02  2.85808E-03  6.56532E-03  6.37294E-04  2.56279E-03  1.28868E-03  9.47061E-05  4.31378E-04  1.42175E-04
  7564.00000  7.19995E-02  0.00000E+00  1.32904E-02  4.41339E-02  2.85731E-03  6.56302E-03  6.37119E-04  2.56154E-03  1.28823E-03  9.46801E-05  4.31173E-04  1.42125E-04
  7565.00000  7.19742E-02  0.00000E+00  1.32871E-02  4.41171E-02  2.85653E-03  6.56072E-03  6.36944E-04  2.56030E-03  1.28778E-03  9.46540E-05  4.30969E-04  1.42075E-04
  7566.00000  7.19488E-02  0.00000E+00  1.32838E-02  4.41003E-02  2.85576E-03  6.55843E-03  6.36769E-04  2.55905E-03  1.28733E-03  9.46279E-05  4.30765E-04  1.42025E-04
  7567.00000  7.19235E-02  0.00000E+00  1.32804E-02  4.40835E-02  2.85499E-03  6.55613E-03  6.36594E-04  2.55780E-03  1.28689E-03  9.46018E-05  4.30561E-04  1.41976E-04
  7568.00000  7.18982E-02  0.00000E+00  1.32771E-02  4.40667E-02  2.85422E-03  6.55384E-03  6.36419E-04  2.55656E-03  1.28644E-03  9.45757E-05  4.30357E-04  1.41926E-04
  7569.00000  7.18729E-02  0.00000E+00  1.32738E-02  4.40499E-02  2.85345E-03  6.55155E-03  6.36244E-04  2.55531E-03  1.28599E-03  9.45497E-05  4.30153E-04  1.41876E-04
  7570.00000  7.18476E-02  0.00000E+00  1.32705E-02  4.40332E-02  2.85268E-03  6.54926E-03  6.36069E-04  2.55407E-03  1.28554E-03  9.45236E-05  4.29949E-04  1.41826E-04
  7571.00000  7.18223E-02  0.00000E+00  1.32672E-02  4.40164E-02  2.85191E-03  6.54696E-03  6.35895E-04  2.55283E-03  1.28510E-03  9.44976E-05  4.29746E-04  1.41777E-04
  7572.00000  7.17970E-02  0.00000E+00  1.32639E-02  4.39996E-02  2.85113E-03  6.54467E-03  6.35720E-04  2.55159E-03  1.28465E-03  9.44715E-05  4.29542E-04  1.41727E-04
  7573.00000  7.17717E-02  0.00000E+00  1.32606E-02  4.39829E-02  2.85036E-03  6.54239E-03  6.35545E-04  2.55034E-03  1.28420E-03  9.44455E-05  4.29339E-04  1.41677E-04
  7574.00000  7.17465E-02  0.00000E+00  1.32573E-02  4.39661E-02  2.84959E-03  6.54010E-03  6.35371E-04  2.54910E-03  1.28376E-03  9.44195E-05  4.29136E-04  1.41628E-04
  7575.00000  7.17213E-02  0.00000E+00  1.32540E-02  4.39494E-02  2.84882E-03  6.53781E-03  6.35197E-04  2.54786E-03  1.28331E-03  9.43934E-05  4.28932E-04  1.41578E-04
  7576.00000  7.16960E-02  0.00000E+00  1.32506E-02  4.39327E-02  2.84806E-03  6.53553E-03  6.35022E-04  2.54662E-03  1.28286E-03  9.43674E-05  4.28729E-04  1.41528E-04
  7577.00000  7.16708E-02  0.00000E+00  1.32473E-02  4.39160E-02  2.84729E-03  6.53324E-03  6.34848E-04  2.54539E-03  1.28242E-03  9.43414E-05  4.28527E-04  1.41479E-04
  7578.00000  7.16456E-02  0.00000E+00  1.32440E-02  4.38992E-02  2.84652E-03  6.53096E-03  6.34674E-04  2.54415E-03  1.28197E-03  9.43154E-05  4.28324E-04  1.41429E-04
  7579.00000  7.16204E-02  0.00000E+00  1.32407E-02  4.38825E-02  2.84575E-03  6.52867E-03  6.34499E-04  2.54291E-03  1.28153E-03  9.42894E-05  4.28121E-04  1.41380E-04
  7580.00000  7.15952E-02  0.00000E+00  1.32374E-02  4.38658E-02  2.84498E-03  6.52639E-03  6.34325E-04  2.54168E-03  1.28108E-03  9.42634E-05  4.27919E-04  1.41330E-04
  7581.00000  7.15701E-02  0.00000E+00  1.32341E-02  4.38492E-02  2.84421E-03  6.52411E-03  6.34151E-04  2.54044E-03  1.28064E-03  9.42374E-05  4.27716E-04  1.41281E-04
  7582.00000  7.15449E-02  0.00000E+00  1.32308E-02  4.38325E-02  2.84345E-03  6.52183E-03  6.33977E-04  2.53921E-03  1.28019E-03  9.42114E-05  4.27514E-04  1.41231E-04
  7583.00000  7.15198E-02  0.00000E+00  1.32275E-02  4.38158E-02  2.84268E-03  6.51955E-03  6.33803E-04  2.53797E-03  1.27975E-03  9.41854E-05  4.27312E-04  1.41182E-04
  7584.00000  7.14946E-02  0.00000E+00  1.32242E-02  4.37991E-02  2.84191E-03  6.51728E-03  6.33629E-04  2.53674E-03  1.27930E-03  9.41594E-05  4.27110E-04  1.41132E-04
  7585.00000  7.14695E-02  0.00000E+00  1.32209E-02  4.37825E-02  2.84114E-03  6.51500E-03  6.33455E-04  2.53551E-03  1.27886E-03  9.41334E-05  4.26908E-04  1.41083E-04
  7586.00000  7.14444E-02  0.00000E+00  1.32176E-02  4.37658E-02  2.84038E-03  6.51272E-03  6.33282E-04  2.53427E-03  1.27841E-03  9.41075E-05  4.26706E-04  1.41034E-04
  7587.00000  7.14193E-02  0.00000E+00  1.32143E-02  4.37492E-02  2.83961E-03  6.51045E-03  6.33108E-04  2.53304E-03  1.27797E-03  9.40815E-05  4.26504E-04  1.40984E-04
  7588.00000  7.13942E-02  0.00000E+00  1.32111E-02  4.37326E-02  2.83885E-03  6.50817E-03  6.32934E-04  2.53181E-03  1.27753E-03  9.40556E-05  4.26302E-04  1.40935E-04
  7589.00000  7.13691E-02  0.00000E+00  1.32078E-02  4.37159E-02  2.83808E-03  6.50590E-03  6.32761E-04  2.53058E-03  1.27708E-03  9.40296E-05  4.26101E-04  1.40886E-04
  7590.00000  7.13441E-02  0.00000E+00  1.32045E-02  4.36993E-02  2.83732E-03  6.50363E-03  6.32587E-04  2.52936E-03  1.27664E-03  9.40037E-05  4.25899E-04  1.40836E-04
  7591.00000  7.13190E-02  0.00000E+00  1.32012E-02  4.36827E-02  2.83655E-03  6.50136E-03  6.32414E-04  2.52813E-03  1.27620E-03  9.39777E-05  4.25698E-04  1.40787E-04
  7592.00000  7.12940E-02  0.00000E+00  1.31979E-02  4.36661E-02  2.83579E-03  6.49909E-03  6.32241E-04  2.52690E-03  1.27575E-03  9.39518E-05  4.25497E-04  1.40738E-04
  7593.00000  7.12690E-02  0.00000E+00  1.31946E-02  4.36495E-02  2.83502E-03  6.49682E-03  6.32067E-04  2.52567E-03  1.27531E-03  9.39259E-05  4.25296E-04  1.40689E-04
  7594.00000  7.12439E-02  0.00000E+00  1.31913E-02  4.36330E-02  2.83426E-03  6.49455E-03  6.31894E-04  2.52445E-03  1.27487E-03  9.39000E-05  4.25095E-04  1.40639E-04
  7595.00000  7.12189E-02  0.00000E+00  1.31880E-02  4.36164E-02  2.83349E-03  6.49229E-03  6.31721E-04  2.52322E-03  1.27442E-03  9.38740E-05  4.24894E-04  1.40590E-04
  7596.00000  7.11939E-02  0.00000E+00  1.31848E-02  4.35998E-02  2.83273E-03  6.49002E-03  6.31548E-04  2.52200E-03  1.27398E-03  9.38481E-05  4.24693E-04  1.40541E-04
  7597.00000  7.11690E-02  0.00000E+00  1.31815E-02  4.35833E-02  2.83197E-03  6.48776E-03  6.31375E-04  2.52078E-03  1.27354E-03  9.38223E-05  4.24493E-04  1.40492E-04
  7598.00000  7.11440E-02  0.00000E+00  1.31782E-02  4.35667E-02  2.83121E-03  6.48549E-03  6.31202E-04  2.51955E-03  1.27310E-03  9.37964E-05  4.24292E-04  1.40443E-04
  7599.00000  7.11190E-02  0.00000E+00  1.31749E-02  4.35502E-02  2.83044E-03  6.48323E-03  6.31029E-04  2.51833E-03  1.27266E-03  9.37705E-05  4.24092E-04  1.40393E-04
  7600.00000  7.10941E-02  0.00000E+00  1.31716E-02  4.35336E-02  2.82968E-03  6.48097E-03  6.30856E-04  2.51711E-03  1.27222E-03  9.37446E-05  4.23892E-04  1.40344E-04
  7601.00000  7.10692E-02  0.00000E+00  1.31684E-02  4.35171E-02  2.82892E-03  6.47871E-03  6.30683E-04  2.51589E-03  1.27177E-03  9.37187E-05  4.23692E-04  1.40295E-04
  7602.00000  7.10442E-02  0.00000E+00  1.31651E-02  4.35006E-02  2.82816E-03  6.47645E-03  6.30511E-04  2.51467E-03  1.27133E-03  9.36929E-05  4.23492E-04  1.40246E-04
  7603.00000  7.10193E-02  0.00000E+00  1.31618E-02  4.34841E-02  2.82740E-03  6.47419E-03  6.30338E-04  2.51345E-03  1.27089E-03  9.36670E-05  4.23292E-04  1.40197E-04
  7604.00000  7.09944E-02  0.00000E+00  1.31586E-02  4.34676E-02  2.82664E-03  6.47193E-03  6.30165E-04  2.51223E-03  1.27045E-03  9.36412E-05  4.23092E-04  1.40148E-04
  7605.00000  7.09695E-02  0.00000E+00  1.31553E-02  4.34511E-02  2.82588E-03  6.46968E-03  6.29993E-04  2.51102E-03  1.27001E-03  9.36153E-05  4.22892E-04  1.40099E-04
  7606.00000  7.09447E-02  0.00000E+00  1.31520E-02  4.34346E-02  2.82512E-03  6.46742E-03  6.29820E-04  2.50980E-03  1.26957E-03  9.35895E-05  4.22693E-04  1.40050E-04
  7607.00000  7.09198E-02  0.00000E+00  1.31487E-02  4.34181E-02  2.82436E-03  6.46517E-03  6.29648E-04  2.50858E-03  1.26913E-03  9.35637E-05  4.22493E-04  1.40001E-04
  7608.00000  7.08950E-02  0.00000E+00  1.31455E-02  4.34017E-02  2.82360E-03  6.46292E-03  6.29476E-04  2.50737E-03  1.26869E-03  9.35379E-05  4.22294E-04  1.39952E-04
  7609.00000  7.08701E-02  0.00000E+00  1.31422E-02  4.33852E-02  2.82284E-03  6.46066E-03  6.29304E-04  2.50615E-03  1.26825E-03  9.35121E-05  4.22095E-04  1.39903E-04
  7610.00000  7.08453E-02  0.00000E+00  1.31389E-02  4.33687E-02  2.82208E-03  6.45841E-03  6.29131E-04  2.50494E-03  1.26781E-03  9.34863E-05  4.21896E-04  1.39854E-04
  7611.00000  7.08205E-02  0.00000E+00  1.31357E-02  4.33523E-02  2.82132E-03  6.45616E-03  6.28959E-04  2.50373E-03  1.26737E-03  9.34605E-05  4.21697E-04  1.39805E-04
  7612.00000  7.07957E-02  0.00000E+00  1.31324E-02  4.33359E-02  2.82056E-03  6.45391E-03  6.28787E-04  2.50251E-03  1.26693E-03  9.34347E-05  4.21498E-04  1.39757E-04
  7613.00000  7.07709E-02  0.00000E+00  1.31292E-02  4.33194E-02  2.81980E-03  6.45167E-03  6.28616E-04  2.50130E-03  1.26649E-03  9.34089E-05  4.21299E-04  1.39708E-04
  7614.00000  7.07461E-02  0.00000E+00  1.31259E-02  4.33030E-02  2.81905E-03  6.44942E-03  6.28444E-04  2.50009E-03  1.26606E-03  9.33831E-05  4.21101E-04  1.39659E-04
  7615.00000  7.07214E-02  0.00000E+00  1.31226E-02  4.32866E-02  2.81829E-03  6.44717E-03  6.28272E-04  2.49888E-03  1.26562E-03  9.33574E-05  4.20902E-04  1.39610E-04
  7616.00000  7.06966E-02  0.00000E+00  1.31194E-02  4.32702E-02  2.81753E-03  6.44493E-03  6.28100E-04  2.49767E-03  1.26518E-03  9.33316E-05  4.20704E-04  1.39561E-04
  7617.00000  7.06719E-02  0.00000E+00  1.31161E-02  4.32538E-02  2.81678E-03  6.44269E-03  6.27929E-04  2.49646E-03  1.26474E-03  9.33059E-05  4.20506E-04  1.39512E-04
  7618.00000  7.06471E-02  0.00000E+00  1.31129E-02  4.32374E-02  2.81602E-03  6.44044E-03  6.27757E-04  2.49526E-03  1.26430E-03  9.32801E-05  4.20308E-04  1.39464E-04
  7619.00000  7.06224E-02  0.00000E+00  1.31096E-02  4.32211E-02  2.81526E-03  6.43820E-03  6.27586E-04  2.49405E-03  1.26386E-03  9.32544E-05  4.20110E-04  1.39415E-04
  7620.00000  7.05977E-02  0.00000E+00  1.31064E-02  4.32047E-02  2.81451E-03  6.43596E-03  6.27414E-04  2.49284E-03  1.26343E-03  9.32287E-05  4.19912E-04  1.39366E-04
  7621.00000  7.05730E-02  0.00000E+00  1.31031E-02  4.31883E-02  2.81375E-03  6.43372E-03  6.27243E-04  2.49164E-03  1.26299E-03  9.32030E-05  4.19714E-04  1.39317E-04
  7622.00000  7.05484E-02  0.00000E+00  1.30999E-02  4.31720E-02  2.81300E-03  6.43149E-03  6.27072E-04  2.49043E-03  1.26255E-03  9.31773E-05  4.19516E-04  1.39269E-04
  7623.00000  7.05237E-02  0.00000E+00  1.30966E-02  4.31556E-02  2.81224E-03  6.42925E-03  6.26900E-04  2.48923E-03  1.26212E-03  9.31516E-05  4.19319E-04  1.39220E-04
  7624.00000  7.04990E-02  0.00000E+00  1.30934E-02  4.31393E-02  2.81149E-03  6.42701E-03  6.26729E-04  2.48802E-03  1.26168E-03  9.31259E-05  4.19121E-04  1.39171E-04
  7625.00000  7.04744E-02  0.00000E+00  1.30901E-02  4.31230E-02  2.81073E-03  6.42478E-03  6.26558E-04  2.48682E-03  1.26124E-03  9.31002E-05  4.18924E-04  1.39123E-04
  7626.00000  7.04497E-02  0.00000E+00  1.30869E-02  4.31067E-02  2.80998E-03  6.42254E-03  6.26387E-04  2.48562E-03  1.26081E-03  9.30745E-05  4.18727E-04  1.39074E-04
  7627.00000  7.04251E-02  0.00000E+00  1.30836E-02  4.30903E-02  2.80922E-03  6.42031E-03  6.26216E-04  2.48442E-03  1.26037E-03  9.30488E-05  4.18530E-04  1.39025E-04
  7628.00000  7.04005E-02  0.00000E+00  1.30804E-02  4.30740E-02  2.80847E-03  6.41808E-03  6.26046E-04  2.48322E-03  1.25993E-03  9.30232E-05  4.18333E-04  1.38977E-04
  7629.00000  7.03759E-02  0.00000E+00  1.30772E-02  4.30577E-02  2.80772E-03  6.41585E-03  6.25875E-04  2.48202E-03  1.25950E-03  9.29975E-05  4.18136E-04  1.38928E-04
  7630.00000  7.03513E-02  0.00000E+00  1.30739E-02  4.30415E-02  2.80696E-03  6.41362E-03  6.25704E-04  2.48082E-03  1.25906E-03  9.29719E-05  4.17940E-04  1.38879E-04
  7631.00000  7.03267E-02  0.00000E+00  1.30707E-02  4.30252E-02  2.80621E-03  6.41139E-03  6.25533E-04  2.47962E-03  1.25863E-03  9.29462E-05  4.17743E-04  1.38831E-04
  7632.00000  7.03022E-02  0.00000E+00  1.30674E-02  4.30089E-02  2.80546E-03  6.40916E-03  6.25363E-04  2.47842E-03  1.25819E-03  9.29206E-05  4.17547E-04  1.38782E-04
  7633.00000  7.02776E-02  0.00000E+00  1.30642E-02  4.29926E-02  2.80470E-03  6.40694E-03  6.25192E-04  2.47722E-03  1.25776E-03  9.28950E-05  4.17350E-04  1.38734E-04
  7634.00000  7.02531E-02  0.00000E+00  1.30610E-02  4.29764E-02  2.80395E-03  6.40471E-03  6.25022E-04  2.47603E-03  1.25732E-03  9.28694E-05  4.17154E-04  1.38685E-04
  7635.00000  7.02286E-02  0.00000E+00  1.30577E-02  4.29601E-02  2.80320E-03  6.40249E-03  6.24852E-04  2.47483E-03  1.25689E-03  9.28437E-05  4.16958E-04  1.38637E-04
  7636.00000  7.02040E-02  0.00000E+00  1.30545E-02  4.29439E-02  2.80245E-03  6.40026E-03  6.24681E-04  2.47364E-03  1.25645E-03  9.28181E-05  4.16762E-04  1.38588E-04
  7637.00000  7.01795E-02  0.00000E+00  1.30513E-02  4.29277E-02  2.80170E-03  6.39804E-03  6.24511E-04  2.47244E-03  1.25602E-03  9.27925E-05  4.16566E-04  1.38540E-04
  7638.00000  7.01550E-02  0.00000E+00  1.30480E-02  4.29114E-02  2.80095E-03  6.39582E-03  6.24341E-04  2.47125E-03  1.25558E-03  9.27669E-05  4.16370E-04  1.38491E-04
  7639.00000  7.01306E-02  0.00000E+00  1.30448E-02  4.28952E-02  2.80020E-03  6.39360E-03  6.24171E-04  2.47005E-03  1.25515E-03  9.27414E-05  4.16175E-04  1.38443E-04
  7640.00000  7.01061E-02  0.00000E+00  1.30416E-02  4.28790E-02  2.79945E-03  6.39138E-03  6.24001E-04  2.46886E-03  1.25472E-03  9.27158E-05  4.15979E-04  1.38395E-04
  7641.00000  7.00816E-02  0.00000E+00  1.30384E-02  4.28628E-02  2.79869E-03  6.38916E-03  6.23831E-04  2.46767E-03  1.25428E-03  9.26902E-05  4.15784E-04  1.38346E-04
  7642.00000  7.00572E-02  0.00000E+00  1.30351E-02  4.28466E-02  2.79794E-03  6.38694E-03  6.23661E-04  2.46648E-03  1.25385E-03  9.26647E-05  4.15588E-04  1.38298E-04
  7643.00000  7.00327E-02  0.00000E+00  1.30319E-02  4.28304E-02  2.79720E-03  6.38473E-03  6.23491E-04  2.46529E-03  1.25342E-03  9.26391E-05  4.15393E-04  1.38250E-04
  7644.00000  7.00083E-02  0.00000E+00  1.30287E-02  4.28143E-02  2.79645E-03  6.38251E-03  6.23322E-04  2.46410E-03  1.25299E-03  9.26136E-05  4.15198E-04  1.38201E-04
  7645.00000  6.99839E-02  0.00000E+00  1.30255E-02  4.27981E-02  2.79570E-03  6.38030E-03  6.23152E-04  2.46291E-03  1.25255E-03  9.25880E-05  4.15003E-04  1.38153E-04
  7646.00000  6.99595E-02  0.00000E+00  1.30222E-02  4.27819E-02  2.79495E-03  6.37808E-03  6.22982E-04  2.46172E-03  1.25212E-03  9.25625E-05  4.14808E-04  1.38105E-04
  7647.00000  6.99351E-02  0.00000E+00  1.30190E-02  4.27658E-02  2.79420E-03  6.37587E-03  6.22813E-04  2.46053E-03  1.25169E-03  9.25369E-05  4.14613E-04  1.38056E-04
  7648.00000  6.99107E-02  0.00000E+00  1.30158E-02  4.27496E-02  2.79345E-03  6.37366E-03  6.22643E-04  2.45935E-03  1.25126E-03  9.25114E-05  4.14419E-04  1.38008E-04
  7649.00000  6.98864E-02  0.00000E+00  1.30126E-02  4.27335E-02  2.79270E-03  6.37145E-03  6.22474E-04  2.45816E-03  1.25083E-03  9.24859E-05  4.14224E-04  1.37960E-04
  7650.00000  6.98620E-02  0.00000E+00  1.30094E-02  4.27174E-02  2.79195E-03  6.36924E-03  6.22304E-04  2.45698E-03  1.25039E-03  9.24604E-05  4.14030E-04  1.37912E-04
  7651.00000  6.98377E-02  0.00000E+00  1.30062E-02  4.27012E-02  2.79121E-03  6.36703E-03  6.22135E-04  2.45579E-03  1.24996E-03  9.24349E-05  4.13836E-04  1.37863E-04
  7652.00000  6.98133E-02  0.00000E+00  1.30030E-02  4.26851E-02  2.79046E-03  6.36482E-03  6.21966E-04  2.45461E-03  1.24953E-03  9.24094E-05  4.13641E-04  1.37815E-04
  7653.00000  6.97890E-02  0.00000E+00  1.29997E-02  4.26690E-02  2.78971E-03  6.36261E-03  6.21797E-04  2.45342E-03  1.24910E-03  9.23839E-05  4.13447E-04  1.37767E-04
  7654.00000  6.97647E-02  0.00000E+00  1.29965E-02  4.26529E-02  2.78897E-03  6.36041E-03  6.21628E-04  2.45224E-03  1.24867E-03  9.23584E-05  4.13253E-04  1.37719E-04
  7655.00000  6.97404E-02  0.00000E+00  1.29933E-02  4.26368E-02  2.78822E-03  6.35820E-03  6.21458E-04  2.45106E-03  1.24824E-03  9.23330E-05  4.13060E-04  1.37671E-04
  7656.00000  6.97161E-02  0.00000E+00  1.29901E-02  4.26208E-02  2.78747E-03  6.35600E-03  6.21289E-04  2.44988E-03  1.24781E-03  9.23075E-05  4.12866E-04  1.37623E-04
  7657.00000  6.96918E-02  0.00000E+00  1.29869E-02  4.26047E-02  2.78673E-03  6.35379E-03  6.21121E-04  2.44870E-03  1.24738E-03  9.22820E-05  4.12672E-04  1.37575E-04
  7658.00000  6.96676E-02  0.00000E+00  1.29837E-02  4.25886E-02  2.78598E-03  6.35159E-03  6.20952E-04  2.44752E-03  1.24695E-03  9.22566E-05  4.12479E-04  1.37527E-04
  7659.00000  6.96433E-02  0.00000E+00  1.29805E-02  4.25726E-02  2.78524E-03  6.34939E-03  6.20783E-04  2.44634E-03  1.24652E-03  9.22311E-05  4.12285E-04  1.37479E-04
  7660.00000  6.96191E-02  0.00000E+00  1.29773E-02  4.25565E-02  2.78449E-03  6.34719E-03  6.20614E-04  2.44516E-03  1.24609E-03  9.22057E-05  4.12092E-04  1.37431E-04
  7661.00000  6.95949E-02  0.00000E+00  1.29741E-02  4.25405E-02  2.78375E-03  6.34499E-03  6.20445E-04  2.44398E-03  1.24566E-03  9.21803E-05  4.11899E-04  1.37383E-04
  7662.00000  6.95707E-02  0.00000E+00  1.29709E-02  4.25245E-02  2.78300E-03  6.34279E-03  6.20277E-04  2.44280E-03  1.24523E-03  9.21548E-05  4.11706E-04  1.37335E-04
  7663.00000  6.95465E-02  0.00000E+00  1.29677E-02  4.25084E-02  2.78226E-03  6.34059E-03  6.20108E-04  2.44163E-03  1.24480E-03  9.21294E-05  4.11513E-04  1.37287E-04
  7664.00000  6.95223E-02  0.00000E+00  1.29645E-02  4.24924E-02  2.78151E-03  6.33840E-03  6.19940E-04  2.44045E-03  1.24437E-03  9.21040E-05  4.11320E-04  1.37239E-04
  7665.00000  6.94981E-02  0.00000E+00  1.29613E-02  4.24764E-02  2.78077E-03  6.33620E-03  6.19771E-04  2.43928E-03  1.24395E-03  9.20786E-05  4.11127E-04  1.37191E-04
  7666.00000  6.94739E-02  0.00000E+00  1.29581E-02  4.24604E-02  2.78003E-03  6.33401E-03  6.19603E-04  2.43810E-03  1.24352E-03  9.20532E-05  4.10934E-04  1.37143E-04
  7667.00000  6.94498E-02  0.00000E+00  1.29549E-02  4.24444E-02  2.77929E-03  6.33181E-03  6.19434E-04  2.43693E-03  1.24309E-03  9.20278E-05  4.10742E-04  1.37095E-04
  7668.00000  6.94256E-02  0.00000E+00  1.29517E-02  4.24285E-02  2.77854E-03  6.32962E-03  6.19266E-04  2.43576E-03  1.24266E-03  9.20024E-05  4.10549E-04  1.37048E-04
  7669.00000  6.94015E-02  0.00000E+00  1.29485E-02  4.24125E-02  2.77780E-03  6.32743E-03  6.19098E-04  2.43458E-03  1.24223E-03  9.19771E-05  4.10357E-04  1.37000E-04
  7670.00000  6.93774E-02  0.00000E+00  1.29453E-02  4.23965E-02  2.77706E-03  6.32524E-03  6.18930E-04  2.43341E-03  1.24181E-03  9.19517E-05  4.10165E-04  1.36952E-04
  7671.00000  6.93532E-02  0.00000E+00  1.29421E-02  4.23806E-02  2.77632E-03  6.32305E-03  6.18762E-04  2.43224E-03  1.24138E-03  9.19264E-05  4.09973E-04  1.36904E-04
  7672.00000  6.93292E-02  0.00000E+00  1.29390E-02  4.23646E-02  2.77558E-03  6.32086E-03  6.18594E-04  2.43107E-03  1.24095E-03  9.19010E-05  4.09781E-04  1.36857E-04
  7673.00000  6.93051E-02  0.00000E+00  1.29358E-02  4.23487E-02  2.77483E-03  6.31867E-03  6.18426E-04  2.42990E-03  1.24052E-03  9.18757E-05  4.09589E-04  1.36809E-04
  7674.00000  6.92810E-02  0.00000E+00  1.29326E-02  4.23327E-02  2.77409E-03  6.31648E-03  6.18258E-04  2.42873E-03  1.24010E-03  9.18503E-05  4.09397E-04  1.36761E-04
  7675.00000  6.92569E-02  0.00000E+00  1.29294E-02  4.23168E-02  2.77335E-03  6.31430E-03  6.18090E-04  2.42757E-03  1.23967E-03  9.18250E-05  4.09205E-04  1.36714E-04
  7676.00000  6.92329E-02  0.00000E+00  1.29262E-02  4.23009E-02  2.77261E-03  6.31211E-03  6.17922E-04  2.42640E-03  1.23924E-03  9.17997E-05  4.09014E-04  1.36666E-04
  7677.00000  6.92088E-02  0.00000E+00  1.29230E-02  4.22850E-02  2.77187E-03  6.30993E-03  6.17754E-04  2.42523E-03  1.23882E-03  9.17744E-05  4.08822E-04  1.36619E-04
  7678.00000  6.91848E-02  0.00000E+00  1.29198E-02  4.22691E-02  2.77113E-03  6.30775E-03  6.17587E-04  2.42407E-03  1.23839E-03  9.17491E-05  4.08631E-04  1.36571E-04
  7679.00000  6.91608E-02  0.00000E+00  1.29167E-02  4.22532E-02  2.77039E-03  6.30557E-03  6.17419E-04  2.42290E-03  1.23797E-03  9.17238E-05  4.08440E-04  1.36523E-04
  7680.00000  6.91368E-02  0.00000E+00  1.29135E-02  4.22373E-02  2.76966E-03  6.30338E-03  6.17251E-04  2.42174E-03  1.23754E-03  9.16985E-05  4.08248E-04  1.36476E-04
  7681.00000  6.91128E-02  0.00000E+00  1.29103E-02  4.22214E-02  2.76892E-03  6.30120E-03  6.17084E-04  2.42057E-03  1.23712E-03  9.16732E-05  4.08057E-04  1.36428E-04
  7682.00000  6.90888E-02  0.00000E+00  1.29071E-02  4.22055E-02  2.76818E-03  6.29903E-03  6.16917E-04  2.41941E-03  1.23669E-03  9.16480E-05  4.07866E-04  1.36381E-04
  7683.00000  6.90648E-02  0.00000E+00  1.29040E-02  4.21897E-02  2.76744E-03  6.29685E-03  6.16749E-04  2.41825E-03  1.23626E-03  9.16227E-05  4.07676E-04  1.36334E-04
  7684.00000  6.90409E-02  0.00000E+00  1.29008E-02  4.21738E-02  2.76670E-03  6.29467E-03  6.16582E-04  2.41709E-03  1.23584E-03  9.15975E-05  4.07485E-04  1.36286E-04
  7685.00000  6.90169E-02  0.00000E+00  1.28976E-02  4.21580E-02  2.76597E-03  6.29250E-03  6.16415E-04  2.41593E-03  1.23541E-03  9.15722E-05  4.07294E-04  1.36239E-04
  7686.00000  6.89930E-02  0.00000E+00  1.28944E-02  4.21421E-02  2.76523E-03  6.29032E-03  6.16248E-04  2.41477E-03  1.23499E-03  9.15470E-05  4.07104E-04  1.36191E-04
  7687.00000  6.89690E-02  0.00000E+00  1.28913E-02  4.21263E-02  2.76449E-03  6.28815E-03  6.16081E-04  2.41361E-03  1.23457E-03  9.15218E-05  4.06913E-04  1.36144E-04
  7688.00000  6.89451E-02  0.00000E+00  1.28881E-02  4.21105E-02  2.76375E-03  6.28597E-03  6.15914E-04  2.41245E-03  1.23414E-03  9.14966E-05  4.06723E-04  1.36097E-04
  7689.00000  6.89212E-02  0.00000E+00  1.28849E-02  4.20947E-02  2.76302E-03  6.28380E-03  6.15747E-04  2.41129E-03  1.23372E-03  9.14714E-05  4.06533E-04  1.36050E-04
  7690.00000  6.88973E-02  0.00000E+00  1.28818E-02  4.20789E-02  2.76228E-03  6.28163E-03  6.15580E-04  2.41013E-03  1.23329E-03  9.14462E-05  4.06343E-04  1.36002E-04
  7691.00000  6.88735E-02  0.00000E+00  1.28786E-02  4.20631E-02  2.76155E-03  6.27946E-03  6.15413E-04  2.40898E-03  1.23287E-03  9.14210E-05  4.06153E-04  1.35955E-04
  7692.00000  6.88496E-02  0.00000E+00  1.28754E-02  4.20473E-02  2.76081E-03  6.27729E-03  6.15246E-04  2.40782E-03  1.23245E-03  9.13958E-05  4.05963E-04  1.35908E-04
  7693.00000  6.88257E-02  0.00000E+00  1.28723E-02  4.20315E-02  2.76008E-03  6.27513E-03  6.15080E-04  2.40667E-03  1.23202E-03  9.13707E-05  4.05774E-04  1.35861E-04
  7694.00000  6.88019E-02  0.00000E+00  1.28691E-02  4.20157E-02  2.75934E-03  6.27296E-03  6.14913E-04  2.40551E-03  1.23160E-03  9.13455E-05  4.05584E-04  1.35814E-04
  7695.00000  6.87780E-02  0.00000E+00  1.28659E-02  4.19999E-02  2.75861E-03  6.27079E-03  6.14746E-04  2.40436E-03  1.23118E-03  9.13204E-05  4.05395E-04  1.35767E-04
  7696.00000  6.87542E-02  0.00000E+00  1.28628E-02  4.19842E-02  2.75787E-03  6.26863E-03  6.14580E-04  2.40320E-03  1.23075E-03  9.12952E-05  4.05205E-04  1.35719E-04
  7697.00000  6.87304E-02  0.00000E+00  1.28596E-02  4.19684E-02  2.75714E-03  6.26647E-03  6.14414E-04  2.40205E-03  1.23033E-03  9.12701E-05  4.05016E-04  1.35672E-04
  7698.00000  6.87066E-02  0.00000E+00  1.28565E-02  4.19527E-02  2.75640E-03  6.26430E-03  6.14247E-04  2.40090E-03  1.22991E-03  9.12450E-05  4.04827E-04  1.35625E-04
  7699.00000  6.86828E-02  0.00000E+00  1.28533E-02  4.19369E-02  2.75567E-03  6.26214E-03  6.14081E-04  2.39975E-03  1.22949E-03  9.12199E-05  4.04638E-04  1.35578E-04
  7700.00000  6.86590E-02  0.00000E+00  1.28501E-02  4.19212E-02  2.75494E-03  6.25998E-03  6.13915E-04  2.39860E-03  1.22906E-03  9.11948E-05  4.04449E-04  1.35531E-04
  7701.00000  6.86353E-02  0.00000E+00  1.28470E-02  4.19055E-02  2.75421E-03  6.25782E-03  6.13749E-04  2.39745E-03  1.22864E-03  9.11697E-05  4.04260E-04  1.35484E-04
  7702.00000  6.86115E-02  0.00000E+00  1.28438E-02  4.18898E-02  2.75347E-03  6.25566E-03  6.13583E-04  2.39630E-03  1.22822E-03  9.11446E-05  4.04071E-04  1.35438E-04
  7703.00000  6.85878E-02  0.00000E+00  1.28407E-02  4.18741E-02  2.75274E-03  6.25351E-03  6.13417E-04  2.39515E-03  1.22780E-03  9.11196E-05  4.03883E-04  1.35391E-04
  7704.00000  6.85640E-02  0.00000E+00  1.28375E-02  4.18584E-02  2.75201E-03  6.25135E-03  6.13251E-04  2.39400E-03  1.22738E-03  9.10945E-05  4.03694E-04  1.35344E-04
  7705.00000  6.85403E-02  0.00000E+00  1.28344E-02  4.18427E-02  2.75128E-03  6.24919E-03  6.13085E-04  2.39286E-03  1.22696E-03  9.10695E-05  4.03506E-04  1.35297E-04
  7706.00000  6.85166E-02  0.00000E+00  1.28312E-02  4.18270E-02  2.75054E-03  6.24704E-03  6.12919E-04  2.39171E-03  1.22654E-03  9.10444E-05  4.03318E-04  1.35250E-04
  7707.00000  6.84929E-02  0.00000E+00  1.28281E-02  4.18113E-02  2.74981E-03  6.24489E-03  6.12754E-04  2.39056E-03  1.22612E-03  9.10194E-05  4.03129E-04  1.35203E-04
  7708.00000  6.84692E-02  0.00000E+00  1.28249E-02  4.17957E-02  2.74908E-03  6.24273E-03  6.12588E-04  2.38942E-03  1.22569E-03  9.09944E-05  4.02941E-04  1.35156E-04
  7709.00000  6.84455E-02  0.00000E+00  1.28218E-02  4.17800E-02  2.74835E-03  6.24058E-03  6.12423E-04  2.38828E-03  1.22527E-03  9.09694E-05  4.02754E-04  1.35110E-04
  7710.00000  6.84219E-02  0.00000E+00  1.28187E-02  4.17644E-02  2.74762E-03  6.23843E-03  6.12257E-04  2.38713E-03  1.22485E-03  9.09444E-05  4.02566E-04  1.35063E-04
  7711.00000  6.83982E-02  0.00000E+00  1.28155E-02  4.17487E-02  2.74689E-03  6.23628E-03  6.12092E-04  2.38599E-03  1.22443E-03  9.09194E-05  4.02378E-04  1.35016E-04
  7712.00000  6.83746E-02  0.00000E+00  1.28124E-02  4.17331E-02  2.74616E-03  6.23413E-03  6.11926E-04  2.38485E-03  1.22401E-03  9.08944E-05  4.02190E-04  1.34970E-04
  7713.00000  6.83510E-02  0.00000E+00  1.28092E-02  4.17175E-02  2.74543E-03  6.23199E-03  6.11761E-04  2.38370E-03  1.22359E-03  9.08694E-05  4.02003E-04  1.34923E-04
  7714.00000  6.83273E-02  0.00000E+00  1.28061E-02  4.17018E-02  2.74470E-03  6.22984E-03  6.11596E-04  2.38256E-03  1.22318E-03  9.08444E-05  4.01816E-04  1.34876E-04
  7715.00000  6.83037E-02  0.00000E+00  1.28029E-02  4.16862E-02  2.74397E-03  6.22769E-03  6.11431E-04  2.38142E-03  1.22276E-03  9.08195E-05  4.01628E-04  1.34830E-04
  7716.00000  6.82801E-02  0.00000E+00  1.27998E-02  4.16706E-02  2.74324E-03  6.22555E-03  6.11266E-04  2.38028E-03  1.22234E-03  9.07945E-05  4.01441E-04  1.34783E-04
  7717.00000  6.82565E-02  0.00000E+00  1.27967E-02  4.16550E-02  2.74251E-03  6.22341E-03  6.11101E-04  2.37914E-03  1.22192E-03  9.07696E-05  4.01254E-04  1.34737E-04
  7718.00000  6.82330E-02  0.00000E+00  1.27935E-02  4.16394E-02  2.74178E-03  6.22126E-03  6.10936E-04  2.37801E-03  1.22150E-03  9.07447E-05  4.01067E-04  1.34690E-04
  7719.00000  6.82094E-02  0.00000E+00  1.27904E-02  4.16239E-02  2.74106E-03  6.21912E-03  6.10771E-04  2.37687E-03  1.22108E-03  9.07198E-05  4.00880E-04  1.34644E-04
  7720.00000  6.81859E-02  0.00000E+00  1.27873E-02  4.16083E-02  2.74033E-03  6.21698E-03  6.10606E-04  2.37573E-03  1.22066E-03  9.06949E-05  4.00694E-04  1.34597E-04
  7721.00000  6.81623E-02  0.00000E+00  1.27841E-02  4.15927E-02  2.73960E-03  6.21484E-03  6.10441E-04  2.37459E-03  1.22025E-03  9.06700E-05  4.00507E-04  1.34551E-04
  7722.00000  6.81388E-02  0.00000E+00  1.27810E-02  4.15772E-02  2.73887E-03  6.21270E-03  6.10277E-04  2.37346E-03  1.21983E-03  9.06451E-05  4.00321E-04  1.34504E-04
  7723.00000  6.81153E-02  0.00000E+00  1.27779E-02  4.15616E-02  2.73815E-03  6.21056E-03  6.10112E-04  2.37232E-03  1.21941E-03  9.06202E-05  4.00134E-04  1.34458E-04
  7724.00000  6.80918E-02  0.00000E+00  1.27747E-02  4.15461E-02  2.73742E-03  6.20843E-03  6.09947E-04  2.37119E-03  1.21899E-03  9.05953E-05  3.99948E-04  1.34412E-04
  7725.00000  6.80683E-02  0.00000E+00  1.27716E-02  4.15305E-02  2.73669E-03  6.20629E-03  6.09783E-04  2.37005E-03  1.21858E-03  9.05705E-05  3.99762E-04  1.34365E-04
  7726.00000  6.80448E-02  0.00000E+00  1.27685E-02  4.15150E-02  2.73597E-03  6.20415E-03  6.09618E-04  2.36892E-03  1.21816E-03  9.05456E-05  3.99576E-04  1.34319E-04
  7727.00000  6.80213E-02  0.00000E+00  1.27654E-02  4.14995E-02  2.73524E-03  6.20202E-03  6.09454E-04  2.36779E-03  1.21774E-03  9.05208E-05  3.99390E-04  1.34273E-04
  7728.00000  6.79978E-02  0.00000E+00  1.27622E-02  4.14840E-02  2.73451E-03  6.19989E-03  6.09290E-04  2.36666E-03  1.21732E-03  9.04959E-05  3.99204E-04  1.34227E-04
  7729.00000  6.79744E-02  0.00000E+00  1.27591E-02  4.14685E-02  2.73379E-03  6.19775E-03  6.09125E-04  2.36552E-03  1.21691E-03  9.04711E-05  3.99018E-04  1.34180E-04
  7730.00000  6.79509E-02  0.00000E+00  1.27560E-02  4.14530E-02  2.73306E-03  6.19562E-03  6.08961E-04  2.36439E-03  1.21649E-03  9.04463E-05  3.98833E-04  1.34134E-04
  7731.00000  6.79275E-02  0.00000E+00  1.27529E-02  4.14375E-02  2.73234E-03  6.19349E-03  6.08797E-04  2.36326E-03  1.21608E-03  9.04215E-05  3.98647E-04  1.34088E-04
  7732.00000  6.79041E-02  0.00000E+00  1.27498E-02  4.14220E-02  2.73161E-03  6.19136E-03  6.08633E-04  2.36213E-03  1.21566E-03  9.03967E-05  3.98462E-04  1.34042E-04
  7733.00000  6.78807E-02  0.00000E+00  1.27466E-02  4.14066E-02  2.73089E-03  6.18923E-03  6.08469E-04  2.36101E-03  1.21524E-03  9.03719E-05  3.98276E-04  1.33996E-04
  7734.00000  6.78573E-02  0.00000E+00  1.27435E-02  4.13911E-02  2.73016E-03  6.18710E-03  6.08305E-04  2.35988E-03  1.21483E-03  9.03471E-05  3.98091E-04  1.33950E-04
  7735.00000  6.78339E-02  0.00000E+00  1.27404E-02  4.13756E-02  2.72944E-03  6.18498E-03  6.08141E-04  2.35875E-03  1.21441E-03  9.03223E-05  3.97906E-04  1.33904E-04
  7736.00000  6.78105E-02  0.00000E+00  1.27373E-02  4.13602E-02  2.72872E-03  6.18285E-03  6.07977E-04  2.35762E-03  1.21400E-03  9.02976E-05  3.97721E-04  1.33858E-04
  7737.00000  6.77871E-02  0.00000E+00  1.27342E-02  4.13447E-02  2.72799E-03  6.18073E-03  6.07814E-04  2.35650E-03  1.21358E-03  9.02728E-05  3.97536E-04  1.33812E-04
  7738.00000  6.77638E-02  0.00000E+00  1.27311E-02  4.13293E-02  2.72727E-03  6.17860E-03  6.07650E-04  2.35537E-03  1.21317E-03  9.02481E-05  3.97351E-04  1.33766E-04
  7739.00000  6.77404E-02  0.00000E+00  1.27279E-02  4.13139E-02  2.72655E-03  6.17648E-03  6.07486E-04  2.35425E-03  1.21275E-03  9.02233E-05  3.97167E-04  1.33720E-04
  7740.00000  6.77171E-02  0.00000E+00  1.27248E-02  4.12985E-02  2.72582E-03  6.17436E-03  6.07323E-04  2.35312E-03  1.21234E-03  9.01986E-05  3.96982E-04  1.33674E-04
  7741.00000  6.76938E-02  0.00000E+00  1.27217E-02  4.12831E-02  2.72510E-03  6.17223E-03  6.07159E-04  2.35200E-03  1.21193E-03  9.01739E-05  3.96798E-04  1.33628E-04
  7742.00000  6.76705E-02  0.00000E+00  1.27186E-02  4.12676E-02  2.72438E-03  6.17011E-03  6.06996E-04  2.35088E-03  1.21151E-03  9.01492E-05  3.96613E-04  1.33582E-04
  7743.00000  6.76472E-02  0.00000E+00  1.27155E-02  4.12523E-02  2.72366E-03  6.16799E-03  6.06832E-04  2.34976E-03  1.21110E-03  9.01245E-05  3.96429E-04  1.33536E-04
  7744.00000  6.76239E-02  0.00000E+00  1.27124E-02  4.12369E-02  2.72294E-03  6.16587E-03  6.06669E-04  2.34863E-03  1.21069E-03  9.00998E-05  3.96245E-04  1.33490E-04
  7745.00000  6.76006E-02  0.00000E+00  1.27093E-02  4.12215E-02  2.72221E-03  6.16376E-03  6.06505E-04  2.34751E-03  1.21027E-03  9.00751E-05  3.96061E-04  1.33445E-04
  7746.00000  6.75773E-02  0.00000E+00  1.27062E-02  4.12061E-02  2.72149E-03  6.16164E-03  6.06342E-04  2.34639E-03  1.20986E-03  9.00504E-05  3.95877E-04  1.33399E-04
  7747.00000  6.75541E-02  0.00000E+00  1.27031E-02  4.11907E-02  2.72077E-03  6.15952E-03  6.06179E-04  2.34527E-03  1.20945E-03  9.00258E-05  3.95693E-04  1.33353E-04
  7748.00000  6.75308E-02  0.00000E+00  1.27000E-02  4.11754E-02  2.72005E-03  6.15741E-03  6.06016E-04  2.34416E-03  1.20903E-03  9.00011E-05  3.95509E-04  1.33307E-04
  7749.00000  6.75076E-02  0.00000E+00  1.26969E-02  4.11600E-02  2.71933E-03  6.15529E-03  6.05853E-04  2.34304E-03  1.20862E-03  8.99765E-05  3.95325E-04  1.33262E-04
  7750.00000  6.74844E-02  0.00000E+00  1.26938E-02  4.11447E-02  2.71861E-03  6.15318E-03  6.05690E-04  2.34192E-03  1.20821E-03  8.99518E-05  3.95142E-04  1.33216E-04
  7751.00000  6.74612E-02  0.00000E+00  1.26907E-02  4.11293E-02  2.71789E-03  6.15107E-03  6.05527E-04  2.34080E-03  1.20780E-03  8.99272E-05  3.94958E-04  1.33170E-04
  7752.00000  6.74380E-02  0.00000E+00  1.26876E-02  4.11140E-02  2.71717E-03  6.14896E-03  6.05364E-04  2.33969E-03  1.20738E-03  8.99026E-05  3.94775E-04  1.33125E-04
  7753.00000  6.74148E-02  0.00000E+00  1.26845E-02  4.10987E-02  2.71646E-03  6.14685E-03  6.05201E-04  2.33857E-03  1.20697E-03  8.98780E-05  3.94592E-04  1.33079E-04
  7754.00000  6.73916E-02  0.00000E+00  1.26814E-02  4.10834E-02  2.71574E-03  6.14474E-03  6.05038E-04  2.33746E-03  1.20656E-03  8.98534E-05  3.94409E-04  1.33034E-04
  7755.00000  6.73684E-02  0.00000E+00  1.26783E-02  4.10681E-02  2.71502E-03  6.14263E-03  6.04875E-04  2.33634E-03  1.20615E-03  8.98288E-05  3.94226E-04  1.32988E-04
  7756.00000  6.73452E-02  0.00000E+00  1.26752E-02  4.10528E-02  2.71430E-03  6.14052E-03  6.04713E-04  2.33523E-03  1.20574E-03  8.98042E-05  3.94043E-04  1.32943E-04
  7757.00000  6.73221E-02  0.00000E+00  1.26721E-02  4.10375E-02  2.71358E-03  6.13841E-03  6.04550E-04  2.33412E-03  1.20533E-03  8.97796E-05  3.93860E-04  1.32897E-04
  7758.00000  6.72990E-02  0.00000E+00  1.26690E-02  4.10222E-02  2.71287E-03  6.13631E-03  6.04387E-04  2.33301E-03  1.20491E-03  8.97551E-05  3.93677E-04  1.32852E-04
  7759.00000  6.72758E-02  0.00000E+00  1.26659E-02  4.10069E-02  2.71215E-03  6.13420E-03  6.04225E-04  2.33189E-03  1.20450E-03  8.97305E-05  3.93494E-04  1.32806E-04
  7760.00000  6.72527E-02  0.00000E+00  1.26628E-02  4.09917E-02  2.71143E-03  6.13210E-03  6.04063E-04  2.33078E-03  1.20409E-03  8.97060E-05  3.93312E-04  1.32761E-04
  7761.00000  6.72296E-02  0.00000E+00  1.26597E-02  4.09764E-02  2.71072E-03  6.13000E-03  6.03900E-04  2.32967E-03  1.20368E-03  8.96815E-05  3.93129E-04  1.32715E-04
  7762.00000  6.72065E-02  0.00000E+00  1.26566E-02  4.09611E-02  2.71000E-03  6.12789E-03  6.03738E-04  2.32857E-03  1.20327E-03  8.96570E-05  3.92947E-04  1.32670E-04
  7763.00000  6.71834E-02  0.00000E+00  1.26535E-02  4.09459E-02  2.70928E-03  6.12579E-03  6.03576E-04  2.32746E-03  1.20286E-03  8.96325E-05  3.92765E-04  1.32625E-04
  7764.00000  6.71604E-02  0.00000E+00  1.26505E-02  4.09307E-02  2.70857E-03  6.12369E-03  6.03413E-04  2.32635E-03  1.20245E-03  8.96080E-05  3.92583E-04  1.32579E-04
  7765.00000  6.71373E-02  0.00000E+00  1.26474E-02  4.09154E-02  2.70785E-03  6.12159E-03  6.03251E-04  2.32524E-03  1.20204E-03  8.95835E-05  3.92401E-04  1.32534E-04
  7766.00000  6.71143E-02  0.00000E+00  1.26443E-02  4.09002E-02  2.70714E-03  6.11950E-03  6.03089E-04  2.32413E-03  1.20163E-03  8.95590E-05  3.92219E-04  1.32489E-04
  7767.00000  6.70912E-02  0.00000E+00  1.26412E-02  4.08850E-02  2.70642E-03  6.11740E-03  6.02927E-04  2.32303E-03  1.20122E-03  8.95346E-05  3.92037E-04  1.32444E-04
  7768.00000  6.70682E-02  0.00000E+00  1.26381E-02  4.08698E-02  2.70571E-03  6.11530E-03  6.02765E-04  2.32192E-03  1.20081E-03  8.95101E-05  3.91855E-04  1.32398E-04
  7769.00000  6.70452E-02  0.00000E+00  1.26350E-02  4.08546E-02  2.70499E-03  6.11321E-03  6.02603E-04  2.32082E-03  1.20040E-03  8.94857E-05  3.91674E-04  1.32353E-04
  7770.00000  6.70222E-02  0.00000E+00  1.26320E-02  4.08394E-02  2.70428E-03  6.11111E-03  6.02442E-04  2.31972E-03  1.20000E-03  8.94613E-05  3.91492E-04  1.32308E-04
  7771.00000  6.69992E-02  0.00000E+00  1.26289E-02  4.08242E-02  2.70357E-03  6.10902E-03  6.02280E-04  2.31861E-03  1.19959E-03  8.94369E-05  3.91311E-04  1.32263E-04
  7772.00000  6.69762E-02  0.00000E+00  1.26258E-02  4.08090E-02  2.70285E-03  6.10693E-03  6.02118E-04  2.31751E-03  1.19918E-03  8.94124E-05  3.91129E-04  1.32218E-04
  7773.00000  6.69532E-02  0.00000E+00  1.26227E-02  4.07939E-02  2.70214E-03  6.10484E-03  6.01957E-04  2.31641E-03  1.19877E-03  8.93881E-05  3.90948E-04  1.32173E-04
  7774.00000  6.69302E-02  0.00000E+00  1.26196E-02  4.07787E-02  2.70143E-03  6.10275E-03  6.01795E-04  2.31531E-03  1.19836E-03  8.93637E-05  3.90767E-04  1.32128E-04
  7775.00000  6.69073E-02  0.00000E+00  1.26166E-02  4.07635E-02  2.70071E-03  6.10066E-03  6.01634E-04  2.31421E-03  1.19795E-03  8.93393E-05  3.90586E-04  1.32083E-04
  7776.00000  6.68843E-02  0.00000E+00  1.26135E-02  4.07484E-02  2.70000E-03  6.09857E-03  6.01472E-04  2.31311E-03  1.19755E-03  8.93150E-05  3.90405E-04  1.32038E-04
  7777.00000  6.68614E-02  0.00000E+00  1.26104E-02  4.07332E-02  2.69929E-03  6.09648E-03  6.01311E-04  2.31201E-03  1.19714E-03  8.92906E-05  3.90224E-04  1.31993E-04
  7778.00000  6.68385E-02  0.00000E+00  1.26074E-02  4.07181E-02  2.69858E-03  6.09440E-03  6.01149E-04  2.31091E-03  1.19673E-03  8.92663E-05  3.90044E-04  1.31948E-04
  7779.00000  6.68156E-02  0.00000E+00  1.26043E-02  4.07030E-02  2.69787E-03  6.09231E-03  6.00988E-04  2.30981E-03  1.19632E-03  8.92420E-05  3.89863E-04  1.31903E-04
  7780.00000  6.67927E-02  0.00000E+00  1.26012E-02  4.06879E-02  2.69715E-03  6.09023E-03  6.00827E-04  2.30871E-03  1.19592E-03  8.92177E-05  3.89683E-04  1.31858E-04
  7781.00000  6.67698E-02  0.00000E+00  1.25981E-02  4.06728E-02  2.69644E-03  6.08815E-03  6.00666E-04  2.30761E-03  1.19551E-03  8.91934E-05  3.89502E-04  1.31813E-04
  7782.00000  6.67469E-02  0.00000E+00  1.25951E-02  4.06577E-02  2.69573E-03  6.08606E-03  6.00505E-04  2.30652E-03  1.19510E-03  8.91691E-05  3.89322E-04  1.31768E-04
  7783.00000  6.67240E-02  0.00000E+00  1.25920E-02  4.06426E-02  2.69502E-03  6.08398E-03  6.00344E-04  2.30542E-03  1.19469E-03  8.91448E-05  3.89142E-04  1.31723E-04
  7784.00000  6.67012E-02  0.00000E+00  1.25889E-02  4.06275E-02  2.69431E-03  6.08190E-03  6.00183E-04  2.30433E-03  1.19429E-03  8.91205E-05  3.88962E-04  1.31678E-04
  7785.00000  6.66783E-02  0.00000E+00  1.25859E-02  4.06124E-02  2.69360E-03  6.07982E-03  6.00022E-04  2.30323E-03  1.19388E-03  8.90963E-05  3.88782E-04  1.31633E-04
  7786.00000  6.66555E-02  0.00000E+00  1.25828E-02  4.05973E-02  2.69289E-03  6.07774E-03  5.99862E-04  2.30214E-03  1.19348E-03  8.90720E-05  3.88602E-04  1.31588E-04
  7787.00000  6.66327E-02  0.00000E+00  1.25797E-02  4.05822E-02  2.69218E-03  6.07567E-03  5.99701E-04  2.30105E-03  1.19307E-03  8.90478E-05  3.88423E-04  1.31544E-04
  7788.00000  6.66098E-02  0.00000E+00  1.25767E-02  4.05672E-02  2.69147E-03  6.07359E-03  5.99540E-04  2.29995E-03  1.19266E-03  8.90236E-05  3.88243E-04  1.31499E-04
  7789.00000  6.65870E-02  0.00000E+00  1.25736E-02  4.05521E-02  2.69076E-03  6.07151E-03  5.99380E-04  2.29886E-03  1.19226E-03  8.89994E-05  3.88063E-04  1.31454E-04
  7790.00000  6.65642E-02  0.00000E+00  1.25706E-02  4.05371E-02  2.69005E-03  6.06944E-03  5.99219E-04  2.29777E-03  1.19185E-03  8.89752E-05  3.87884E-04  1.31409E-04
  7791.00000  6.65414E-02  0.00000E+00  1.25675E-02  4.05220E-02  2.68934E-03  6.06736E-03  5.99059E-04  2.29668E-03  1.19145E-03  8.89510E-05  3.87705E-04  1.31365E-04
  7792.00000  6.65187E-02  0.00000E+00  1.25644E-02  4.05070E-02  2.68864E-03  6.06529E-03  5.98899E-04  2.29559E-03  1.19104E-03  8.89269E-05  3.87526E-04  1.31320E-04
  7793.00000  6.64959E-02  0.00000E+00  1.25614E-02  4.04920E-02  2.68793E-03  6.06322E-03  5.98738E-04  2.29450E-03  1.19064E-03  8.89027E-05  3.87346E-04  1.31275E-04
  7794.00000  6.64731E-02  0.00000E+00  1.25583E-02  4.04770E-02  2.68722E-03  6.06115E-03  5.98578E-04  2.29341E-03  1.19023E-03  8.88786E-05  3.87168E-04  1.31230E-04
  7795.00000  6.64504E-02  0.00000E+00  1.25553E-02  4.04619E-02  2.68651E-03  6.05908E-03  5.98418E-04  2.29232E-03  1.18983E-03  8.88544E-05  3.86989E-04  1.31186E-04
  7796.00000  6.64277E-02  0.00000E+00  1.25522E-02  4.04469E-02  2.68581E-03  6.05701E-03  5.98258E-04  2.29124E-03  1.18942E-03  8.88303E-05  3.86810E-04  1.31141E-04
  7797.00000  6.64049E-02  0.00000E+00  1.25492E-02  4.04319E-02  2.68510E-03  6.05494E-03  5.98098E-04  2.29015E-03  1.18902E-03  8.88062E-05  3.86631E-04  1.31097E-04
  7798.00000  6.63822E-02  0.00000E+00  1.25461E-02  4.04169E-02  2.68439E-03  6.05287E-03  5.97938E-04  2.28906E-03  1.18862E-03  8.87821E-05  3.86453E-04  1.31052E-04
  7799.00000  6.63595E-02  0.00000E+00  1.25430E-02  4.04020E-02  2.68368E-03  6.05081E-03  5.97778E-04  2.28798E-03  1.18821E-03  8.87580E-05  3.86274E-04  1.31007E-04
  7800.00000  6.63368E-02  0.00000E+00  1.25400E-02  4.03870E-02  2.68298E-03  6.04874E-03  5.97618E-04  2.28689E-03  1.18781E-03  8.87340E-05  3.86096E-04  1.30963E-04
  7801.00000  6.63141E-02  0.00000E+00  1.25369E-02  4.03720E-02  2.68227E-03  6.04668E-03  5.97458E-04  2.28581E-03  1.18741E-03  8.87099E-05  3.85918E-04  1.30918E-04
  7802.00000  6.62915E-02  0.00000E+00  1.25339E-02  4.03571E-02  2.68157E-03  6.04461E-03  5.97299E-04  2.28473E-03  1.18700E-03  8.86858E-05  3.85739E-04  1.30874E-04
  7803.00000  6.62688E-02  0.00000E+00  1.25309E-02  4.03421E-02  2.68086E-03  6.04255E-03  5.97139E-04  2.28364E-03  1.18660E-03  8.86618E-05  3.85561E-04  1.30829E-04
  7804.00000  6.62461E-02  0.00000E+00  1.25278E-02  4.03272E-02  2.68015E-03  6.04049E-03  5.96980E-04  2.28256E-03  1.18620E-03  8.86378E-05  3.85383E-04  1.30785E-04
  7805.00000  6.62235E-02  0.00000E+00  1.25248E-02  4.03122E-02  2.67945E-03  6.03843E-03  5.96820E-04  2.28148E-03  1.18579E-03  8.86138E-05  3.85206E-04  1.30740E-04
  7806.00000  6.62009E-02  0.00000E+00  1.25217E-02  4.02973E-02  2.67874E-03  6.03637E-03  5.96661E-04  2.28040E-03  1.18539E-03  8.85897E-05  3.85028E-04  1.30696E-04
  7807.00000  6.61782E-02  0.00000E+00  1.25187E-02  4.02824E-02  2.67804E-03  6.03431E-03  5.96501E-04  2.27932E-03  1.18499E-03  8.85658E-05  3.84850E-04  1.30652E-04
  7808.00000  6.61556E-02  0.00000E+00  1.25156E-02  4.02674E-02  2.67734E-03  6.03225E-03  5.96342E-04  2.27824E-03  1.18459E-03  8.85418E-05  3.84673E-04  1.30607E-04
  7809.00000  6.61330E-02  0.00000E+00  1.25126E-02  4.02525E-02  2.67663E-03  6.03019E-03  5.96183E-04  2.27716E-03  1.18419E-03  8.85178E-05  3.84495E-04  1.30563E-04
  7810.00000  6.61104E-02  0.00000E+00  1.25095E-02  4.02376E-02  2.67593E-03  6.02813E-03  5.96023E-04  2.27608E-03  1.18378E-03  8.84938E-05  3.84318E-04  1.30518E-04
  7811.00000  6.60879E-02  0.00000E+00  1.25065E-02  4.02227E-02  2.67522E-03  6.02608E-03  5.95864E-04  2.27500E-03  1.18338E-03  8.84699E-05  3.84141E-04  1.30474E-04
  7812.00000  6.60653E-02  0.00000E+00  1.25035E-02  4.02078E-02  2.67452E-03  6.02402E-03  5.95705E-04  2.27392E-03  1.18298E-03  8.84459E-05  3.83964E-04  1.30430E-04
  7813.00000  6.60427E-02  0.00000E+00  1.25004E-02  4.01930E-02  2.67382E-03  6.02197E-03  5.95546E-04  2.27285E-03  1.18258E-03  8.84220E-05  3.83787E-04  1.30385E-04
  7814.00000  6.60202E-02  0.00000E+00  1.24974E-02  4.01781E-02  2.67311E-03  6.01992E-03  5.95387E-04  2.27177E-03  1.18218E-03  8.83981E-05  3.83610E-04  1.30341E-04
  7815.00000  6.59976E-02  0.00000E+00  1.24944E-02  4.01632E-02  2.67241E-03  6.01786E-03  5.95228E-04  2.27069E-03  1.18178E-03  8.83742E-05  3.83433E-04  1.30297E-04
  7816.00000  6.59751E-02  0.00000E+00  1.24913E-02  4.01483E-02  2.67171E-03  6.01581E-03  5.95069E-04  2.26962E-03  1.18138E-03  8.83503E-05  3.83256E-04  1.30253E-04
  7817.00000  6.59526E-02  0.00000E+00  1.24883E-02  4.01335E-02  2.67101E-03  6.01376E-03  5.94910E-04  2.26854E-03  1.18098E-03  8.83264E-05  3.83080E-04  1.30208E-04
  7818.00000  6.59301E-02  0.00000E+00  1.24852E-02  4.01186E-02  2.67031E-03  6.01171E-03  5.94752E-04  2.26747E-03  1.18058E-03  8.83025E-05  3.82903E-04  1.30164E-04
  7819.00000  6.59076E-02  0.00000E+00  1.24822E-02  4.01038E-02  2.66960E-03  6.00966E-03  5.94593E-04  2.26640E-03  1.18018E-03  8.82787E-05  3.82727E-04  1.30120E-04
  7820.00000  6.58851E-02  0.00000E+00  1.24792E-02  4.00890E-02  2.66890E-03  6.00761E-03  5.94434E-04  2.26532E-03  1.17978E-03  8.82548E-05  3.82550E-04  1.30076E-04
  7821.00000  6.58626E-02  0.00000E+00  1.24762E-02  4.00742E-02  2.66820E-03  6.00557E-03  5.94276E-04  2.26425E-03  1.17938E-03  8.82310E-05  3.82374E-04  1.30032E-04
  7822.00000  6.58402E-02  0.00000E+00  1.24731E-02  4.00593E-02  2.66750E-03  6.00352E-03  5.94117E-04  2.26318E-03  1.17898E-03  8.82071E-05  3.82198E-04  1.29988E-04
  7823.00000  6.58177E-02  0.00000E+00  1.24701E-02  4.00445E-02  2.66680E-03  6.00147E-03  5.93959E-04  2.26211E-03  1.17858E-03  8.81833E-05  3.82022E-04  1.29944E-04
  7824.00000  6.57952E-02  0.00000E+00  1.24671E-02  4.00297E-02  2.66610E-03  5.99943E-03  5.93800E-04  2.26104E-03  1.17818E-03  8.81595E-05  3.81846E-04  1.29900E-04
  7825.00000  6.57728E-02  0.00000E+00  1.24640E-02  4.00149E-02  2.66540E-03  5.99739E-03  5.93642E-04  2.25997E-03  1.17778E-03  8.81357E-05  3.81670E-04  1.29856E-04
  7826.00000  6.57504E-02  0.00000E+00  1.24610E-02  4.00001E-02  2.66470E-03  5.99534E-03  5.93483E-04  2.25890E-03  1.17738E-03  8.81119E-05  3.81494E-04  1.29812E-04
  7827.00000  6.57280E-02  0.00000E+00  1.24580E-02  3.99854E-02  2.66400E-03  5.99330E-03  5.93325E-04  2.25783E-03  1.17698E-03  8.80881E-05  3.81319E-04  1.29768E-04
  7828.00000  6.57056E-02  0.00000E+00  1.24550E-02  3.99706E-02  2.66330E-03  5.99126E-03  5.93167E-04  2.25677E-03  1.17659E-03  8.80644E-05  3.81143E-04  1.29724E-04
  7829.00000  6.56832E-02  0.00000E+00  1.24519E-02  3.99558E-02  2.66261E-03  5.98922E-03  5.93009E-04  2.25570E-03  1.17619E-03  8.80406E-05  3.80968E-04  1.29680E-04
  7830.00000  6.56608E-02  0.00000E+00  1.24489E-02  3.99410E-02  2.66191E-03  5.98718E-03  5.92851E-04  2.25463E-03  1.17579E-03  8.80169E-05  3.80792E-04  1.29636E-04
  7831.00000  6.56384E-02  0.00000E+00  1.24459E-02  3.99263E-02  2.66121E-03  5.98514E-03  5.92693E-04  2.25357E-03  1.17539E-03  8.79931E-05  3.80617E-04  1.29592E-04
  7832.00000  6.56160E-02  0.00000E+00  1.24429E-02  3.99115E-02  2.66051E-03  5.98310E-03  5.92535E-04  2.25250E-03  1.17499E-03  8.79694E-05  3.80442E-04  1.29548E-04
  7833.00000  6.55937E-02  0.00000E+00  1.24399E-02  3.98968E-02  2.65981E-03  5.98107E-03  5.92377E-04  2.25144E-03  1.17460E-03  8.79457E-05  3.80267E-04  1.29504E-04
  7834.00000  6.55713E-02  0.00000E+00  1.24368E-02  3.98821E-02  2.65912E-03  5.97903E-03  5.92219E-04  2.25038E-03  1.17420E-03  8.79220E-05  3.80092E-04  1.29460E-04
  7835.00000  6.55490E-02  0.00000E+00  1.24338E-02  3.98673E-02  2.65842E-03  5.97700E-03  5.92061E-04  2.24931E-03  1.17380E-03  8.78983E-05  3.79917E-04  1.29417E-04
  7836.00000  6.55267E-02  0.00000E+00  1.24308E-02  3.98526E-02  2.65772E-03  5.97496E-03  5.91903E-04  2.24825E-03  1.17341E-03  8.78747E-05  3.79742E-04  1.29373E-04
  7837.00000  6.55044E-02  0.00000E+00  1.24278E-02  3.98379E-02  2.65703E-03  5.97293E-03  5.91746E-04  2.24719E-03  1.17301E-03  8.78510E-05  3.79567E-04  1.29329E-04
  7838.00000  6.54820E-02  0.00000E+00  1.24248E-02  3.98232E-02  2.65633E-03  5.97090E-03  5.91588E-04  2.24613E-03  1.17261E-03  8.78273E-05  3.79393E-04  1.29285E-04
  7839.00000  6.54597E-02  0.00000E+00  1.24218E-02  3.98085E-02  2.65564E-03  5.96887E-03  5.91430E-04  2.24507E-03  1.17222E-03  8.78037E-05  3.79218E-04  1.29242E-04
  7840.00000  6.54375E-02  0.00000E+00  1.24188E-02  3.97938E-02  2.65494E-03  5.96684E-03  5.91273E-04  2.24401E-03  1.17182E-03  8.77801E-05  3.79044E-04  1.29198E-04
  7841.00000  6.54152E-02  0.00000E+00  1.24157E-02  3.97791E-02  2.65424E-03  5.96481E-03  5.91115E-04  2.24295E-03  1.17142E-03  8.77565E-05  3.78870E-04  1.29154E-04
  7842.00000  6.53929E-02  0.00000E+00  1.24127E-02  3.97644E-02  2.65355E-03  5.96278E-03  5.90958E-04  2.24189E-03  1.17103E-03  8.77328E-05  3.78695E-04  1.29111E-04
  7843.00000  6.53707E-02  0.00000E+00  1.24097E-02  3.97498E-02  2.65285E-03  5.96075E-03  5.90800E-04  2.24083E-03  1.17063E-03  8.77093E-05  3.78521E-04  1.29067E-04
  7844.00000  6.53484E-02  0.00000E+00  1.24067E-02  3.97351E-02  2.65216E-03  5.95873E-03  5.90643E-04  2.23977E-03  1.17024E-03  8.76857E-05  3.78347E-04  1.29023E-04
  7845.00000  6.53262E-02  0.00000E+00  1.24037E-02  3.97204E-02  2.65147E-03  5.95670E-03  5.90486E-04  2.23872E-03  1.16984E-03  8.76621E-05  3.78173E-04  1.28980E-04
  7846.00000  6.53040E-02  0.00000E+00  1.24007E-02  3.97058E-02  2.65077E-03  5.95468E-03  5.90329E-04  2.23766E-03  1.16944E-03  8.76385E-05  3.77999E-04  1.28936E-04
  7847.00000  6.52817E-02  0.00000E+00  1.23977E-02  3.96912E-02  2.65008E-03  5.95265E-03  5.90172E-04  2.23661E-03  1.16905E-03  8.76150E-05  3.77826E-04  1.28893E-04
  7848.00000  6.52595E-02  0.00000E+00  1.23947E-02  3.96765E-02  2.64939E-03  5.95063E-03  5.90014E-04  2.23555E-03  1.16865E-03  8.75915E-05  3.77652E-04  1.28849E-04
  7849.00000  6.52373E-02  0.00000E+00  1.23917E-02  3.96619E-02  2.64869E-03  5.94861E-03  5.89857E-04  2.23450E-03  1.16826E-03  8.75679E-05  3.77479E-04  1.28806E-04
  7850.00000  6.52151E-02  0.00000E+00  1.23887E-02  3.96473E-02  2.64800E-03  5.94659E-03  5.89700E-04  2.23344E-03  1.16786E-03  8.75444E-05  3.77305E-04  1.28762E-04
  7851.00000  6.51930E-02  0.00000E+00  1.23857E-02  3.96326E-02  2.64731E-03  5.94457E-03  5.89544E-04  2.23239E-03  1.16747E-03  8.75209E-05  3.77132E-04  1.28719E-04
  7852.00000  6.51708E-02  0.00000E+00  1.23827E-02  3.96180E-02  2.64661E-03  5.94255E-03  5.89387E-04  2.23134E-03  1.16708E-03  8.74975E-05  3.76959E-04  1.28676E-04
  7853.00000  6.51486E-02  0.00000E+00  1.23797E-02  3.96034E-02  2.64592E-03  5.94053E-03  5.89230E-04  2.23029E-03  1.16668E-03  8.74740E-05  3.76785E-04  1.28632E-04
  7854.00000  6.51265E-02  0.00000E+00  1.23767E-02  3.95888E-02  2.64523E-03  5.93851E-03  5.89073E-04  2.22924E-03  1.16629E-03  8.74505E-05  3.76612E-04  1.28589E-04
  7855.00000  6.51044E-02  0.00000E+00  1.23737E-02  3.95742E-02  2.64454E-03  5.93650E-03  5.88917E-04  2.22819E-03  1.16589E-03  8.74271E-05  3.76439E-04  1.28546E-04
  7856.00000  6.50822E-02  0.00000E+00  1.23707E-02  3.95596E-02  2.64385E-03  5.93448E-03  5.88760E-04  2.22714E-03  1.16550E-03  8.74037E-05  3.76267E-04  1.28502E-04
  7857.00000  6.50601E-02  0.00000E+00  1.23677E-02  3.95451E-02  2.64316E-03  5.93247E-03  5.88604E-04  2.22609E-03  1.16511E-03  8.73802E-05  3.76094E-04  1.28459E-04
  7858.00000  6.50380E-02  0.00000E+00  1.23647E-02  3.95305E-02  2.64247E-03  5.93046E-03  5.88447E-04  2.22504E-03  1.16471E-03  8.73568E-05  3.75921E-04  1.28416E-04
  7859.00000  6.50159E-02  0.00000E+00  1.23617E-02  3.95159E-02  2.64177E-03  5.92844E-03  5.88291E-04  2.22399E-03  1.16432E-03  8.73334E-05  3.75749E-04  1.28373E-04
  7860.00000  6.49938E-02  0.00000E+00  1.23587E-02  3.95014E-02  2.64108E-03  5.92643E-03  5.88134E-04  2.22294E-03  1.16393E-03  8.73101E-05  3.75576E-04  1.28329E-04
  7861.00000  6.49717E-02  0.00000E+00  1.23557E-02  3.94868E-02  2.64039E-03  5.92442E-03  5.87978E-04  2.22190E-03  1.16353E-03  8.72867E-05  3.75404E-04  1.28286E-04
  7862.00000  6.49497E-02  0.00000E+00  1.23527E-02  3.94723E-02  2.63970E-03  5.92241E-03  5.87822E-04  2.22085E-03  1.16314E-03  8.72633E-05  3.75232E-04  1.28243E-04
  7863.00000  6.49276E-02  0.00000E+00  1.23497E-02  3.94578E-02  2.63901E-03  5.92040E-03  5.87666E-04  2.21980E-03  1.16275E-03  8.72400E-05  3.75060E-04  1.28200E-04
  7864.00000  6.49056E-02  0.00000E+00  1.23467E-02  3.94432E-02  2.63833E-03  5.91840E-03  5.87510E-04  2.21876E-03  1.16236E-03  8.72167E-05  3.74888E-04  1.28157E-04
  7865.00000  6.48835E-02  0.00000E+00  1.23438E-02  3.94287E-02  2.63764E-03  5.91639E-03  5.87354E-04  2.21771E-03  1.16196E-03  8.71933E-05  3.74716E-04  1.28114E-04
  7866.00000  6.48615E-02  0.00000E+00  1.23408E-02  3.94142E-02  2.63695E-03  5.91438E-03  5.87198E-04  2.21667E-03  1.16157E-03  8.71700E-05  3.74544E-04  1.28071E-04
  7867.00000  6.48395E-02  0.00000E+00  1.23378E-02  3.93997E-02  2.63626E-03  5.91238E-03  5.87042E-04  2.21563E-03  1.16118E-03  8.71467E-05  3.74372E-04  1.28028E-04
  7868.00000  6.48175E-02  0.00000E+00  1.23348E-02  3.93852E-02  2.63557E-03  5.91037E-03  5.86886E-04  2.21458E-03  1.16079E-03  8.71235E-05  3.74200E-04  1.27985E-04
  7869.00000  6.47955E-02  0.00000E+00  1.23318E-02  3.93707E-02  2.63488E-03  5.90837E-03  5.86730E-04  2.21354E-03  1.16040E-03  8.71002E-05  3.74029E-04  1.27942E-04
  7870.00000  6.47735E-02  0.00000E+00  1.23288E-02  3.93562E-02  2.63419E-03  5.90637E-03  5.86575E-04  2.21250E-03  1.16001E-03  8.70769E-05  3.73857E-04  1.27899E-04
  7871.00000  6.47515E-02  0.00000E+00  1.23259E-02  3.93417E-02  2.63351E-03  5.90437E-03  5.86419E-04  2.21146E-03  1.15962E-03  8.70537E-05  3.73686E-04  1.27856E-04
  7872.00000  6.47296E-02  0.00000E+00  1.23229E-02  3.93272E-02  2.63282E-03  5.90237E-03  5.86264E-04  2.21042E-03  1.15922E-03  8.70305E-05  3.73515E-04  1.27813E-04
  7873.00000  6.47076E-02  0.00000E+00  1.23199E-02  3.93128E-02  2.63213E-03  5.90037E-03  5.86108E-04  2.20938E-03  1.15883E-03  8.70073E-05  3.73344E-04  1.27770E-04
  7874.00000  6.46857E-02  0.00000E+00  1.23169E-02  3.92983E-02  2.63144E-03  5.89837E-03  5.85953E-04  2.20834E-03  1.15844E-03  8.69840E-05  3.73173E-04  1.27727E-04
  7875.00000  6.46637E-02  0.00000E+00  1.23139E-02  3.92839E-02  2.63076E-03  5.89637E-03  5.85797E-04  2.20730E-03  1.15805E-03  8.69609E-05  3.73002E-04  1.27684E-04
  7876.00000  6.46418E-02  0.00000E+00  1.23110E-02  3.92694E-02  2.63007E-03  5.89437E-03  5.85642E-04  2.20626E-03  1.15766E-03  8.69377E-05  3.72831E-04  1.27642E-04
  7877.00000  6.46199E-02  0.00000E+00  1.23080E-02  3.92550E-02  2.62938E-03  5.89238E-03  5.85487E-04  2.20523E-03  1.15727E-03  8.69145E-05  3.72660E-04  1.27599E-04
  7878.00000  6.45980E-02  0.00000E+00  1.23050E-02  3.92405E-02  2.62870E-03  5.89038E-03  5.85332E-04  2.20419E-03  1.15688E-03  8.68914E-05  3.72489E-04  1.27556E-04
  7879.00000  6.45761E-02  0.00000E+00  1.23020E-02  3.92261E-02  2.62801E-03  5.88839E-03  5.85177E-04  2.20315E-03  1.15649E-03  8.68682E-05  3.72319E-04  1.27513E-04
  7880.00000  6.45542E-02  0.00000E+00  1.22991E-02  3.92117E-02  2.62733E-03  5.88639E-03  5.85022E-04  2.20212E-03  1.15610E-03  8.68451E-05  3.72148E-04  1.27471E-04
  7881.00000  6.45323E-02  0.00000E+00  1.22961E-02  3.91973E-02  2.62664E-03  5.88440E-03  5.84867E-04  2.20108E-03  1.15571E-03  8.68220E-05  3.71978E-04  1.27428E-04
  7882.00000  6.45104E-02  0.00000E+00  1.22931E-02  3.91829E-02  2.62596E-03  5.88241E-03  5.84712E-04  2.20005E-03  1.15532E-03  8.67989E-05  3.71808E-04  1.27385E-04
  7883.00000  6.44886E-02  0.00000E+00  1.22901E-02  3.91685E-02  2.62527E-03  5.88042E-03  5.84557E-04  2.19902E-03  1.15494E-03  8.67758E-05  3.71638E-04  1.27343E-04
  7884.00000  6.44667E-02  0.00000E+00  1.22872E-02  3.91541E-02  2.62459E-03  5.87843E-03  5.84402E-04  2.19798E-03  1.15455E-03  8.67527E-05  3.71468E-04  1.27300E-04
  7885.00000  6.44449E-02  0.00000E+00  1.22842E-02  3.91397E-02  2.62390E-03  5.87644E-03  5.84247E-04  2.19695E-03  1.15416E-03  8.67296E-05  3.71298E-04  1.27258E-04
  7886.00000  6.44231E-02  0.00000E+00  1.22812E-02  3.91253E-02  2.62322E-03  5.87445E-03  5.84093E-04  2.19592E-03  1.15377E-03  8.67066E-05  3.71128E-04  1.27215E-04
  7887.00000  6.44012E-02  0.00000E+00  1.22783E-02  3.91110E-02  2.62253E-03  5.87246E-03  5.83938E-04  2.19489E-03  1.15338E-03  8.66835E-05  3.70958E-04  1.27172E-04
  7888.00000  6.43794E-02  0.00000E+00  1.22753E-02  3.90966E-02  2.62185E-03  5.87048E-03  5.83783E-04  2.19385E-03  1.15299E-03  8.66605E-05  3.70788E-04  1.27130E-04
  7889.00000  6.43576E-02  0.00000E+00  1.22723E-02  3.90822E-02  2.62117E-03  5.86849E-03  5.83629E-04  2.19282E-03  1.15261E-03  8.66375E-05  3.70619E-04  1.27087E-04
  7890.00000  6.43358E-02  0.00000E+00  1.22694E-02  3.90679E-02  2.62048E-03  5.86651E-03  5.83474E-04  2.19179E-03  1.15222E-03  8.66144E-05  3.70449E-04  1.27045E-04
  7891.00000  6.43140E-02  0.00000E+00  1.22664E-02  3.90535E-02  2.61980E-03  5.86452E-03  5.83320E-04  2.19077E-03  1.15183E-03  8.65914E-05  3.70280E-04  1.27003E-04
  7892.00000  6.42923E-02  0.00000E+00  1.22634E-02  3.90392E-02  2.61912E-03  5.86254E-03  5.83166E-04  2.18974E-03  1.15144E-03  8.65685E-05  3.70111E-04  1.26960E-04
  7893.00000  6.42705E-02  0.00000E+00  1.22605E-02  3.90249E-02  2.61844E-03  5.86055E-03  5.83011E-04  2.18871E-03  1.15106E-03  8.65455E-05  3.69942E-04  1.26918E-04
  7894.00000  6.42488E-02  0.00000E+00  1.22575E-02  3.90105E-02  2.61775E-03  5.85857E-03  5.82857E-04  2.18768E-03  1.15067E-03  8.65225E-05  3.69773E-04  1.26875E-04
  7895.00000  6.42270E-02  0.00000E+00  1.22546E-02  3.89962E-02  2.61707E-03  5.85659E-03  5.82703E-04  2.18665E-03  1.15028E-03  8.64996E-05  3.69604E-04  1.26833E-04
  7896.00000  6.42053E-02  0.00000E+00  1.22516E-02  3.89819E-02  2.61639E-03  5.85461E-03  5.82549E-04  2.18563E-03  1.14990E-03  8.64766E-05  3.69435E-04  1.26791E-04
  7897.00000  6.41835E-02  0.00000E+00  1.22486E-02  3.89676E-02  2.61571E-03  5.85263E-03  5.82395E-04  2.18460E-03  1.14951E-03  8.64537E-05  3.69266E-04  1.26748E-04
  7898.00000  6.41618E-02  0.00000E+00  1.22457E-02  3.89533E-02  2.61503E-03  5.85065E-03  5.82241E-04  2.18358E-03  1.14912E-03  8.64308E-05  3.69097E-04  1.26706E-04
  7899.00000  6.41401E-02  0.00000E+00  1.22427E-02  3.89390E-02  2.61435E-03  5.84868E-03  5.82087E-04  2.18255E-03  1.14874E-03  8.64079E-05  3.68929E-04  1.26664E-04
  7900.00000  6.41184E-02  0.00000E+00  1.22398E-02  3.89247E-02  2.61367E-03  5.84670E-03  5.81933E-04  2.18153E-03  1.14835E-03  8.63850E-05  3.68760E-04  1.26622E-04
  7901.00000  6.40967E-02  0.00000E+00  1.22368E-02  3.89104E-02  2.61299E-03  5.84472E-03  5.81779E-04  2.18051E-03  1.14796E-03  8.63621E-05  3.68592E-04  1.26579E-04
  7902.00000  6.40751E-02  0.00000E+00  1.22339E-02  3.88962E-02  2.61231E-03  5.84275E-03  5.81625E-04  2.17948E-03  1.14758E-03  8.63392E-05  3.68423E-04  1.26537E-04
  7903.00000  6.40534E-02  0.00000E+00  1.22309E-02  3.88819E-02  2.61163E-03  5.84077E-03  5.81472E-04  2.17846E-03  1.14719E-03  8.63163E-05  3.68255E-04  1.26495E-04
  7904.00000  6.40317E-02  0.00000E+00  1.22280E-02  3.88676E-02  2.61095E-03  5.83880E-03  5.81318E-04  2.17744E-03  1.14681E-03  8.62935E-05  3.68087E-04  1.26453E-04
  7905.00000  6.40101E-02  0.00000E+00  1.22250E-02  3.88534E-02  2.61027E-03  5.83683E-03  5.81164E-04  2.17642E-03  1.14642E-03  8.62706E-05  3.67919E-04  1.26411E-04
  7906.00000  6.39885E-02  0.00000E+00  1.22221E-02  3.88391E-02  2.60959E-03  5.83485E-03  5.81011E-04  2.17540E-03  1.14604E-03  8.62478E-05  3.67751E-04  1.26369E-04
  7907.00000  6.39668E-02  0.00000E+00  1.22191E-02  3.88249E-02  2.60891E-03  5.83288E-03  5.80857E-04  2.17438E-03  1.14565E-03  8.62250E-05  3.67583E-04  1.26327E-04
  7908.00000  6.39452E-02  0.00000E+00  1.22162E-02  3.88106E-02  2.60823E-03  5.83091E-03  5.80704E-04  2.17336E-03  1.14527E-03  8.62022E-05  3.67415E-04  1.26285E-04
  7909.00000  6.39236E-02  0.00000E+00  1.22132E-02  3.87964E-02  2.60755E-03  5.82894E-03  5.80550E-04  2.17234E-03  1.14488E-03  8.61794E-05  3.67248E-04  1.26243E-04
  7910.00000  6.39020E-02  0.00000E+00  1.22103E-02  3.87822E-02  2.60688E-03  5.82698E-03  5.80397E-04  2.17132E-03  1.14450E-03  8.61566E-05  3.67080E-04  1.26201E-04
  7911.00000  6.38804E-02  0.00000E+00  1.22074E-02  3.87680E-02  2.60620E-03  5.82501E-03  5.80244E-04  2.17031E-03  1.14412E-03  8.61338E-05  3.66912E-04  1.26159E-04
  7912.00000  6.38588E-02  0.00000E+00  1.22044E-02  3.87538E-02  2.60552E-03  5.82304E-03  5.80090E-04  2.16929E-03  1.14373E-03  8.61110E-05  3.66745E-04  1.26117E-04
  7913.00000  6.38373E-02  0.00000E+00  1.22015E-02  3.87396E-02  2.60484E-03  5.82108E-03  5.79937E-04  2.16827E-03  1.14335E-03  8.60883E-05  3.66578E-04  1.26075E-04
  7914.00000  6.38157E-02  0.00000E+00  1.21985E-02  3.87254E-02  2.60417E-03  5.81911E-03  5.79784E-04  2.16726E-03  1.14297E-03  8.60655E-05  3.66411E-04  1.26033E-04
  7915.00000  6.37942E-02  0.00000E+00  1.21956E-02  3.87112E-02  2.60349E-03  5.81715E-03  5.79631E-04  2.16624E-03  1.14258E-03  8.60428E-05  3.66243E-04  1.25991E-04
  7916.00000  6.37726E-02  0.00000E+00  1.21927E-02  3.86970E-02  2.60282E-03  5.81518E-03  5.79478E-04  2.16523E-03  1.14220E-03  8.60201E-05  3.66076E-04  1.25949E-04
  7917.00000  6.37511E-02  0.00000E+00  1.21897E-02  3.86828E-02  2.60214E-03  5.81322E-03  5.79325E-04  2.16422E-03  1.14182E-03  8.59974E-05  3.65909E-04  1.25907E-04
  7918.00000  6.37296E-02  0.00000E+00  1.21868E-02  3.86687E-02  2.60146E-03  5.81126E-03  5.79172E-04  2.16320E-03  1.14143E-03  8.59747E-05  3.65743E-04  1.25866E-04
  7919.00000  6.37080E-02  0.00000E+00  1.21838E-02  3.86545E-02  2.60079E-03  5.80930E-03  5.79019E-04  2.16219E-03  1.14105E-03  8.59520E-05  3.65576E-04  1.25824E-04
  7920.00000  6.36865E-02  0.00000E+00  1.21809E-02  3.86403E-02  2.60011E-03  5.80734E-03  5.78866E-04  2.16118E-03  1.14067E-03  8.59293E-05  3.65409E-04  1.25782E-04
  7921.00000  6.36651E-02  0.00000E+00  1.21780E-02  3.86262E-02  2.59944E-03  5.80538E-03  5.78714E-04  2.16017E-03  1.14029E-03  8.59066E-05  3.65242E-04  1.25740E-04
  7922.00000  6.36436E-02  0.00000E+00  1.21750E-02  3.86121E-02  2.59876E-03  5.80342E-03  5.78561E-04  2.15916E-03  1.13990E-03  8.58840E-05  3.65076E-04  1.25699E-04
  7923.00000  6.36221E-02  0.00000E+00  1.21721E-02  3.85979E-02  2.59809E-03  5.80147E-03  5.78408E-04  2.15815E-03  1.13952E-03  8.58613E-05  3.64910E-04  1.25657E-04
  7924.00000  6.36006E-02  0.00000E+00  1.21692E-02  3.85838E-02  2.59742E-03  5.79951E-03  5.78255E-04  2.15714E-03  1.13914E-03  8.58387E-05  3.64743E-04  1.25615E-04
  7925.00000  6.35792E-02  0.00000E+00  1.21663E-02  3.85697E-02  2.59674E-03  5.79756E-03  5.78103E-04  2.15613E-03  1.13876E-03  8.58161E-05  3.64577E-04  1.25574E-04
  7926.00000  6.35577E-02  0.00000E+00  1.21633E-02  3.85556E-02  2.59607E-03  5.79560E-03  5.77950E-04  2.15512E-03  1.13838E-03  8.57935E-05  3.64411E-04  1.25532E-04
  7927.00000  6.35363E-02  0.00000E+00  1.21604E-02  3.85415E-02  2.59539E-03  5.79365E-03  5.77798E-04  2.15411E-03  1.13799E-03  8.57709E-05  3.64245E-04  1.25490E-04
  7928.00000  6.35149E-02  0.00000E+00  1.21575E-02  3.85274E-02  2.59472E-03  5.79170E-03  5.77646E-04  2.15311E-03  1.13761E-03  8.57483E-05  3.64079E-04  1.25449E-04
  7929.00000  6.34935E-02  0.00000E+00  1.21545E-02  3.85133E-02  2.59405E-03  5.78974E-03  5.77493E-04  2.15210E-03  1.13723E-03  8.57257E-05  3.63913E-04  1.25407E-04
  7930.00000  6.34721E-02  0.00000E+00  1.21516E-02  3.84992E-02  2.59338E-03  5.78779E-03  5.77341E-04  2.15109E-03  1.13685E-03  8.57031E-05  3.63747E-04  1.25366E-04
  7931.00000  6.34507E-02  0.00000E+00  1.21487E-02  3.84851E-02  2.59270E-03  5.78584E-03  5.77189E-04  2.15009E-03  1.13647E-03  8.56806E-05  3.63582E-04  1.25324E-04
  7932.00000  6.34293E-02  0.00000E+00  1.21458E-02  3.84710E-02  2.59203E-03  5.78389E-03  5.77037E-04  2.14908E-03  1.13609E-03  8.56580E-05  3.63416E-04  1.25283E-04
  7933.00000  6.34079E-02  0.00000E+00  1.21429E-02  3.84570E-02  2.59136E-03  5.78195E-03  5.76884E-04  2.14808E-03  1.13571E-03  8.56355E-05  3.63251E-04  1.25241E-04
  7934.00000  6.33866E-02  0.00000E+00  1.21399E-02  3.84429E-02  2.59069E-03  5.78000E-03  5.76732E-04  2.14708E-03  1.13533E-03  8.56130E-05  3.63085E-04  1.25200E-04
  7935.00000  6.33652E-02  0.00000E+00  1.21370E-02  3.84288E-02  2.59002E-03  5.77805E-03  5.76580E-04  2.14607E-03  1.13495E-03  8.55905E-05  3.62920E-04  1.25158E-04
  7936.00000  6.33439E-02  0.00000E+00  1.21341E-02  3.84148E-02  2.58935E-03  5.77611E-03  5.76429E-04  2.14507E-03  1.13457E-03  8.55680E-05  3.62755E-04  1.25117E-04
  7937.00000  6.33225E-02  0.00000E+00  1.21312E-02  3.84008E-02  2.58868E-03  5.77416E-03  5.76277E-04  2.14407E-03  1.13419E-03  8.55455E-05  3.62589E-04  1.25076E-04
  7938.00000  6.33012E-02  0.00000E+00  1.21283E-02  3.83867E-02  2.58800E-03  5.77222E-03  5.76125E-04  2.14307E-03  1.13381E-03  8.55230E-05  3.62424E-04  1.25034E-04
  7939.00000  6.32799E-02  0.00000E+00  1.21253E-02  3.83727E-02  2.58733E-03  5.77028E-03  5.75973E-04  2.14207E-03  1.13343E-03  8.55006E-05  3.62260E-04  1.24993E-04
  7940.00000  6.32586E-02  0.00000E+00  1.21224E-02  3.83587E-02  2.58666E-03  5.76834E-03  5.75821E-04  2.14107E-03  1.13305E-03  8.54781E-05  3.62095E-04  1.24952E-04
  7941.00000  6.32373E-02  0.00000E+00  1.21195E-02  3.83446E-02  2.58599E-03  5.76640E-03  5.75670E-04  2.14007E-03  1.13267E-03  8.54557E-05  3.61930E-04  1.24910E-04
  7942.00000  6.32160E-02  0.00000E+00  1.21166E-02  3.83306E-02  2.58532E-03  5.76446E-03  5.75518E-04  2.13907E-03  1.13229E-03  8.54333E-05  3.61765E-04  1.24869E-04
  7943.00000  6.31947E-02  0.00000E+00  1.21137E-02  3.83166E-02  2.58465E-03  5.76252E-03  5.75367E-04  2.13807E-03  1.13191E-03  8.54109E-05  3.61601E-04  1.24828E-04
  7944.00000  6.31734E-02  0.00000E+00  1.21108E-02  3.83026E-02  2.58399E-03  5.76058E-03  5.75215E-04  2.13707E-03  1.13153E-03  8.53885E-05  3.61436E-04  1.24786E-04
  7945.00000  6.31522E-02  0.00000E+00  1.21079E-02  3.82887E-02  2.58332E-03  5.75864E-03  5.75064E-04  2.13608E-03  1.13116E-03  8.53661E-05  3.61272E-04  1.24745E-04
  7946.00000  6.31309E-02  0.00000E+00  1.21050E-02  3.82747E-02  2.58265E-03  5.75671E-03  5.74913E-04  2.13508E-03  1.13078E-03  8.53437E-05  3.61108E-04  1.24704E-04
  7947.00000  6.31097E-02  0.00000E+00  1.21021E-02  3.82607E-02  2.58198E-03  5.75477E-03  5.74761E-04  2.13408E-03  1.13040E-03  8.53214E-05  3.60943E-04  1.24663E-04
  7948.00000  6.30884E-02  0.00000E+00  1.20992E-02  3.82467E-02  2.58131E-03  5.75284E-03  5.74610E-04  2.13309E-03  1.13002E-03  8.52990E-05  3.60779E-04  1.24622E-04
  7949.00000  6.30672E-02  0.00000E+00  1.20962E-02  3.82328E-02  2.58064E-03  5.75090E-03  5.74459E-04  2.13209E-03  1.12964E-03  8.52767E-05  3.60615E-04  1.24580E-04
  7950.00000  6.30460E-02  0.00000E+00  1.20933E-02  3.82188E-02  2.57997E-03  5.74897E-03  5.74308E-04  2.13110E-03  1.12926E-03  8.52544E-05  3.60451E-04  1.24539E-04
  7951.00000  6.30248E-02  0.00000E+00  1.20904E-02  3.82048E-02  2.57931E-03  5.74704E-03  5.74157E-04  2.13010E-03  1.12889E-03  8.52321E-05  3.60288E-04  1.24498E-04
  7952.00000  6.30036E-02  0.00000E+00  1.20875E-02  3.81909E-02  2.57864E-03  5.74510E-03  5.74006E-04  2.12911E-03  1.12851E-03  8.52098E-05  3.60124E-04  1.24457E-04
  7953.00000  6.29824E-02  0.00000E+00  1.20846E-02  3.81770E-02  2.57797E-03  5.74317E-03  5.73855E-04  2.12812E-03  1.12813E-03  8.51875E-05  3.59960E-04  1.24416E-04
  7954.00000  6.29612E-02  0.00000E+00  1.20817E-02  3.81630E-02  2.57731E-03  5.74124E-03  5.73704E-04  2.12713E-03  1.12776E-03  8.51652E-05  3.59797E-04  1.24375E-04
  7955.00000  6.29401E-02  0.00000E+00  1.20788E-02  3.81491E-02  2.57664E-03  5.73932E-03  5.73554E-04  2.12613E-03  1.12738E-03  8.51429E-05  3.59633E-04  1.24334E-04
  7956.00000  6.29189E-02  0.00000E+00  1.20759E-02  3.81352E-02  2.57597E-03  5.73739E-03  5.73403E-04  2.12514E-03  1.12700E-03  8.51207E-05  3.59470E-04  1.24293E-04
  7957.00000  6.28978E-02  0.00000E+00  1.20730E-02  3.81213E-02  2.57531E-03  5.73546E-03  5.73252E-04  2.12415E-03  1.12662E-03  8.50984E-05  3.59307E-04  1.24252E-04
  7958.00000  6.28766E-02  0.00000E+00  1.20702E-02  3.81074E-02  2.57464E-03  5.73353E-03  5.73102E-04  2.12316E-03  1.12625E-03  8.50762E-05  3.59144E-04  1.24211E-04
  7959.00000  6.28555E-02  0.00000E+00  1.20673E-02  3.80935E-02  2.57397E-03  5.73161E-03  5.72951E-04  2.12217E-03  1.12587E-03  8.50540E-05  3.58981E-04  1.24170E-04
  7960.00000  6.28344E-02  0.00000E+00  1.20644E-02  3.80796E-02  2.57331E-03  5.72968E-03  5.72801E-04  2.12118E-03  1.12550E-03  8.50318E-05  3.58818E-04  1.24129E-04
  7961.00000  6.28133E-02  0.00000E+00  1.20615E-02  3.80657E-02  2.57264E-03  5.72776E-03  5.72650E-04  2.12020E-03  1.12512E-03  8.50096E-05  3.58655E-04  1.24088E-04
  7962.00000  6.27922E-02  0.00000E+00  1.20586E-02  3.80518E-02  2.57198E-03  5.72584E-03  5.72500E-04  2.11921E-03  1.12474E-03  8.49874E-05  3.58492E-04  1.24047E-04
  7963.00000  6.27711E-02  0.00000E+00  1.20557E-02  3.80379E-02  2.57131E-03  5.72392E-03  5.72350E-04  2.11822E-03  1.12437E-03  8.49653E-05  3.58329E-04  1.24006E-04
  7964.00000  6.27500E-02  0.00000E+00  1.20528E-02  3.80241E-02  2.57065E-03  5.72199E-03  5.72200E-04  2.11723E-03  1.12399E-03  8.49431E-05  3.58167E-04  1.23965E-04
  7965.00000  6.27289E-02  0.00000E+00  1.20499E-02  3.80102E-02  2.56998E-03  5.72007E-03  5.72049E-04  2.11625E-03  1.12362E-03  8.49209E-05  3.58004E-04  1.23924E-04
  7966.00000  6.27079E-02  0.00000E+00  1.20470E-02  3.79963E-02  2.56932E-03  5.71815E-03  5.71899E-04  2.11526E-03  1.12324E-03  8.48988E-05  3.57842E-04  1.23883E-04
  7967.00000  6.26868E-02  0.00000E+00  1.20441E-02  3.79825E-02  2.56866E-03  5.71623E-03  5.71749E-04  2.11428E-03  1.12287E-03  8.48767E-05  3.57680E-04  1.23842E-04
  7968.00000  6.26658E-02  0.00000E+00  1.20413E-02  3.79687E-02  2.56799E-03  5.71432E-03  5.71599E-04  2.11329E-03  1.12249E-03  8.48546E-05  3.57518E-04  1.23802E-04
  7969.00000  6.26447E-02  0.00000E+00  1.20384E-02  3.79548E-02  2.56733E-03  5.71240E-03  5.71449E-04  2.11231E-03  1.12212E-03  8.48325E-05  3.57355E-04  1.23761E-04
  7970.00000  6.26237E-02  0.00000E+00  1.20355E-02  3.79410E-02  2.56666E-03  5.71048E-03  5.71300E-04  2.11133E-03  1.12174E-03  8.48104E-05  3.57193E-04  1.23720E-04
  7971.00000  6.26027E-02  0.00000E+00  1.20326E-02  3.79272E-02  2.56600E-03  5.70857E-03  5.71150E-04  2.11034E-03  1.12137E-03  8.47883E-05  3.57032E-04  1.23679E-04
  7972.00000  6.25817E-02  0.00000E+00  1.20297E-02  3.79134E-02  2.56534E-03  5.70665E-03  5.71000E-04  2.10936E-03  1.12100E-03  8.47662E-05  3.56870E-04  1.23638E-04
  7973.00000  6.25607E-02  0.00000E+00  1.20268E-02  3.78995E-02  2.56468E-03  5.70474E-03  5.70850E-04  2.10838E-03  1.12062E-03  8.47442E-05  3.56708E-04  1.23598E-04
  7974.00000  6.25397E-02  0.00000E+00  1.20240E-02  3.78857E-02  2.56401E-03  5.70282E-03  5.70701E-04  2.10740E-03  1.12025E-03  8.47221E-05  3.56546E-04  1.23557E-04
  7975.00000  6.25187E-02  0.00000E+00  1.20211E-02  3.78720E-02  2.56335E-03  5.70091E-03  5.70551E-04  2.10642E-03  1.11987E-03  8.47001E-05  3.56385E-04  1.23516E-04
  7976.00000  6.24978E-02  0.00000E+00  1.20182E-02  3.78582E-02  2.56269E-03  5.69900E-03  5.70402E-04  2.10544E-03  1.11950E-03  8.46781E-05  3.56223E-04  1.23475E-04
  7977.00000  6.24768E-02  0.00000E+00  1.20153E-02  3.78444E-02  2.56203E-03  5.69709E-03  5.70252E-04  2.10446E-03  1.11913E-03  8.46560E-05  3.56062E-04  1.23435E-04
  7978.00000  6.24559E-02  0.00000E+00  1.20124E-02  3.78306E-02  2.56137E-03  5.69518E-03  5.70103E-04  2.10348E-03  1.11876E-03  8.46340E-05  3.55901E-04  1.23394E-04
  7979.00000  6.24349E-02  0.00000E+00  1.20096E-02  3.78168E-02  2.56071E-03  5.69327E-03  5.69953E-04  2.10250E-03  1.11838E-03  8.46120E-05  3.55740E-04  1.23353E-04
  7980.00000  6.24140E-02  0.00000E+00  1.20067E-02  3.78031E-02  2.56005E-03  5.69136E-03  5.69804E-04  2.10152E-03  1.11801E-03  8.45900E-05  3.55578E-04  1.23313E-04
  7981.00000  6.23931E-02  0.00000E+00  1.20038E-02  3.77893E-02  2.55939E-03  5.68945E-03  5.69655E-04  2.10055E-03  1.11764E-03  8.45681E-05  3.55417E-04  1.23272E-04
  7982.00000  6.23722E-02  0.00000E+00  1.20010E-02  3.77756E-02  2.55873E-03  5.68754E-03  5.69505E-04  2.09957E-03  1.11726E-03  8.45461E-05  3.55256E-04  1.23232E-04
  7983.00000  6.23513E-02  0.00000E+00  1.19981E-02  3.77618E-02  2.55807E-03  5.68564E-03  5.69356E-04  2.09859E-03  1.11689E-03  8.45241E-05  3.55096E-04  1.23191E-04
  7984.00000  6.23304E-02  0.00000E+00  1.19952E-02  3.77481E-02  2.55741E-03  5.68373E-03  5.69207E-04  2.09762E-03  1.11652E-03  8.45022E-05  3.54935E-04  1.23150E-04
  7985.00000  6.23095E-02  0.00000E+00  1.19923E-02  3.77344E-02  2.55675E-03  5.68183E-03  5.69058E-04  2.09664E-03  1.11615E-03  8.44803E-05  3.54774E-04  1.23110E-04
  7986.00000  6.22886E-02  0.00000E+00  1.19895E-02  3.77206E-02  2.55609E-03  5.67992E-03  5.68909E-04  2.09567E-03  1.11578E-03  8.44583E-05  3.54614E-04  1.23069E-04
  7987.00000  6.22678E-02  0.00000E+00  1.19866E-02  3.77069E-02  2.55543E-03  5.67802E-03  5.68760E-04  2.09470E-03  1.11541E-03  8.44364E-05  3.54453E-04  1.23029E-04
  7988.00000  6.22469E-02  0.00000E+00  1.19837E-02  3.76932E-02  2.55477E-03  5.67612E-03  5.68611E-04  2.09372E-03  1.11503E-03  8.44145E-05  3.54293E-04  1.22988E-04
  7989.00000  6.22261E-02  0.00000E+00  1.19809E-02  3.76795E-02  2.55411E-03  5.67422E-03  5.68462E-04  2.09275E-03  1.11466E-03  8.43926E-05  3.54133E-04  1.22948E-04
  7990.00000  6.22052E-02  0.00000E+00  1.19780E-02  3.76658E-02  2.55345E-03  5.67232E-03  5.68314E-04  2.09178E-03  1.11429E-03  8.43707E-05  3.53972E-04  1.22907E-04
  7991.00000  6.21844E-02  0.00000E+00  1.19752E-02  3.76521E-02  2.55280E-03  5.67042E-03  5.68165E-04  2.09081E-03  1.11392E-03  8.43488E-05  3.53812E-04  1.22867E-04
  7992.00000  6.21636E-02  0.00000E+00  1.19723E-02  3.76384E-02  2.55214E-03  5.66852E-03  5.68016E-04  2.08983E-03  1.11355E-03  8.43270E-05  3.53652E-04  1.22826E-04
  7993.00000  6.21428E-02  0.00000E+00  1.19694E-02  3.76248E-02  2.55148E-03  5.66662E-03  5.67868E-04  2.08886E-03  1.11318E-03  8.43051E-05  3.53492E-04  1.22786E-04
  7994.00000  6.21220E-02  0.00000E+00  1.19666E-02  3.76111E-02  2.55082E-03  5.66472E-03  5.67719E-04  2.08789E-03  1.11281E-03  8.42833E-05  3.53332E-04  1.22746E-04
  7995.00000  6.21012E-02  0.00000E+00  1.19637E-02  3.75974E-02  2.55017E-03  5.66283E-03  5.67570E-04  2.08693E-03  1.11244E-03  8.42614E-05  3.53173E-04  1.22705E-04
  7996.00000  6.20804E-02  0.00000E+00  1.19609E-02  3.75838E-02  2.54951E-03  5.66093E-03  5.67422E-04  2.08596E-03  1.11207E-03  8.42396E-05  3.53013E-04  1.22665E-04
  7997.00000  6.20597E-02  0.00000E+00  1.19580E-02  3.75701E-02  2.54886E-03  5.65904E-03  5.67273E-04  2.08499E-03  1.11170E-03  8.42178E-05  3.52853E-04  1.22624E-04
  7998.00000  6.20389E-02  0.00000E+00  1.19551E-02  3.75565E-02  2.54820E-03  5.65714E-03  5.67125E-04  2.08402E-03  1.11133E-03  8.41959E-05  3.52694E-04  1.22584E-04
  7999.00000  6.20181E-02  0.00000E+00  1.19523E-02  3.75428E-02  2.54754E-03  5.65525E-03  5.66977E-04  2.08305E-03  1.11096E-03  8.41741E-05  3.52534E-04  1.22544E-04
  8000.00000  6.19974E-02  0.00000E+00  1.19494E-02  3.75292E-02  2.54689E-03  5.65336E-03  5.66828E-04  2.08209E-03  1.11059E-03  8.41524E-05  3.52375E-04  1.22504E-04
  8001.00000  6.19767E-02  0.00000E+00  1.19466E-02  3.75156E-02  2.54623E-03  5.65147E-03  5.66680E-04  2.08112E-03  1.11022E-03  8.41306E-05  3.52216E-04  1.22463E-04
  8002.00000  6.19560E-02  0.00000E+00  1.19437E-02  3.75019E-02  2.54558E-03  5.64958E-03  5.66532E-04  2.08016E-03  1.10985E-03  8.41088E-05  3.52056E-04  1.22423E-04
  8003.00000  6.19352E-02  0.00000E+00  1.19409E-02  3.74883E-02  2.54492E-03  5.64769E-03  5.66384E-04  2.07919E-03  1.10948E-03  8.40870E-05  3.51897E-04  1.22383E-04
  8004.00000  6.19145E-02  0.00000E+00  1.19380E-02  3.74747E-02  2.54427E-03  5.64580E-03  5.66236E-04  2.07823E-03  1.10911E-03  8.40653E-05  3.51738E-04  1.22343E-04
  8005.00000  6.18938E-02  0.00000E+00  1.19352E-02  3.74611E-02  2.54361E-03  5.64391E-03  5.66088E-04  2.07726E-03  1.10875E-03  8.40435E-05  3.51579E-04  1.22302E-04
  8006.00000  6.18732E-02  0.00000E+00  1.19323E-02  3.74475E-02  2.54296E-03  5.64202E-03  5.65940E-04  2.07630E-03  1.10838E-03  8.40218E-05  3.51421E-04  1.22262E-04
  8007.00000  6.18525E-02  0.00000E+00  1.19295E-02  3.74339E-02  2.54231E-03  5.64014E-03  5.65792E-04  2.07534E-03  1.10801E-03  8.40001E-05  3.51262E-04  1.22222E-04
  8008.00000  6.18318E-02  0.00000E+00  1.19266E-02  3.74203E-02  2.54165E-03  5.63825E-03  5.65644E-04  2.07438E-03  1.10764E-03  8.39783E-05  3.51103E-04  1.22182E-04
  8009.00000  6.18112E-02  0.00000E+00  1.19238E-02  3.74068E-02  2.54100E-03  5.63637E-03  5.65496E-04  2.07342E-03  1.10727E-03  8.39566E-05  3.50945E-04  1.22142E-04
  8010.00000  6.17905E-02  0.00000E+00  1.19210E-02  3.73932E-02  2.54035E-03  5.63448E-03  5.65348E-04  2.07246E-03  1.10691E-03  8.39349E-05  3.50786E-04  1.22102E-04
  8011.00000  6.17699E-02  0.00000E+00  1.19181E-02  3.73796E-02  2.53969E-03  5.63260E-03  5.65200E-04  2.07149E-03  1.10654E-03  8.39133E-05  3.50628E-04  1.22062E-04
  8012.00000  6.17493E-02  0.00000E+00  1.19153E-02  3.73661E-02  2.53904E-03  5.63072E-03  5.65053E-04  2.07054E-03  1.10617E-03  8.38916E-05  3.50469E-04  1.22022E-04
  8013.00000  6.17286E-02  0.00000E+00  1.19124E-02  3.73525E-02  2.53839E-03  5.62884E-03  5.64905E-04  2.06958E-03  1.10580E-03  8.38699E-05  3.50311E-04  1.21982E-04
  8014.00000  6.17080E-02  0.00000E+00  1.19096E-02  3.73390E-02  2.53774E-03  5.62696E-03  5.64758E-04  2.06862E-03  1.10544E-03  8.38482E-05  3.50153E-04  1.21942E-04
  8015.00000  6.16874E-02  0.00000E+00  1.19068E-02  3.73254E-02  2.53709E-03  5.62508E-03  5.64610E-04  2.06766E-03  1.10507E-03  8.38266E-05  3.49995E-04  1.21902E-04
  8016.00000  6.16668E-02  0.00000E+00  1.19039E-02  3.73119E-02  2.53643E-03  5.62320E-03  5.64463E-04  2.06670E-03  1.10470E-03  8.38050E-05  3.49837E-04  1.21862E-04
  8017.00000  6.16463E-02  0.00000E+00  1.19011E-02  3.72984E-02  2.53578E-03  5.62132E-03  5.64315E-04  2.06575E-03  1.10433E-03  8.37833E-05  3.49679E-04  1.21822E-04
  8018.00000  6.16257E-02  0.00000E+00  1.18983E-02  3.72849E-02  2.53513E-03  5.61945E-03  5.64168E-04  2.06479E-03  1.10397E-03  8.37617E-05  3.49521E-04  1.21782E-04
  8019.00000  6.16051E-02  0.00000E+00  1.18954E-02  3.72713E-02  2.53448E-03  5.61757E-03  5.64021E-04  2.06383E-03  1.10360E-03  8.37401E-05  3.49364E-04  1.21742E-04
  8020.00000  6.15846E-02  0.00000E+00  1.18926E-02  3.72578E-02  2.53383E-03  5.61570E-03  5.63873E-04  2.06288E-03  1.10324E-03  8.37185E-05  3.49206E-04  1.21702E-04
  8021.00000  6.15640E-02  0.00000E+00  1.18898E-02  3.72443E-02  2.53318E-03  5.61382E-03  5.63726E-04  2.06192E-03  1.10287E-03  8.36969E-05  3.49048E-04  1.21662E-04
  8022.00000  6.15435E-02  0.00000E+00  1.18869E-02  3.72308E-02  2.53253E-03  5.61195E-03  5.63579E-04  2.06097E-03  1.10250E-03  8.36753E-05  3.48891E-04  1.21622E-04
  8023.00000  6.15230E-02  0.00000E+00  1.18841E-02  3.72174E-02  2.53188E-03  5.61008E-03  5.63432E-04  2.06002E-03  1.10214E-03  8.36538E-05  3.48734E-04  1.21583E-04
  8024.00000  6.15024E-02  0.00000E+00  1.18813E-02  3.72039E-02  2.53123E-03  5.60820E-03  5.63285E-04  2.05906E-03  1.10177E-03  8.36322E-05  3.48576E-04  1.21543E-04
  8025.00000  6.14819E-02  0.00000E+00  1.18784E-02  3.71904E-02  2.53058E-03  5.60633E-03  5.63138E-04  2.05811E-03  1.10141E-03  8.36107E-05  3.48419E-04  1.21503E-04
  8026.00000  6.14614E-02  0.00000E+00  1.18756E-02  3.71769E-02  2.52993E-03  5.60446E-03  5.62991E-04  2.05716E-03  1.10104E-03  8.35891E-05  3.48262E-04  1.21463E-04
  8027.00000  6.14410E-02  0.00000E+00  1.18728E-02  3.71635E-02  2.52928E-03  5.60259E-03  5.62844E-04  2.05621E-03  1.10068E-03  8.35676E-05  3.48105E-04  1.21423E-04
  8028.00000  6.14205E-02  0.00000E+00  1.18700E-02  3.71500E-02  2.52863E-03  5.60073E-03  5.62698E-04  2.05526E-03  1.10031E-03  8.35461E-05  3.47948E-04  1.21384E-04
  8029.00000  6.14000E-02  0.00000E+00  1.18671E-02  3.71366E-02  2.52798E-03  5.59886E-03  5.62551E-04  2.05431E-03  1.09995E-03  8.35246E-05  3.47791E-04  1.21344E-04
  8030.00000  6.13795E-02  0.00000E+00  1.18643E-02  3.71231E-02  2.52733E-03  5.59699E-03  5.62404E-04  2.05336E-03  1.09958E-03  8.35031E-05  3.47635E-04  1.21304E-04
  8031.00000  6.13591E-02  0.00000E+00  1.18615E-02  3.71097E-02  2.52669E-03  5.59513E-03  5.62258E-04  2.05241E-03  1.09922E-03  8.34816E-05  3.47478E-04  1.21265E-04
  8032.00000  6.13387E-02  0.00000E+00  1.18587E-02  3.70963E-02  2.52604E-03  5.59326E-03  5.62111E-04  2.05146E-03  1.09885E-03  8.34601E-05  3.47321E-04  1.21225E-04
  8033.00000  6.13182E-02  0.00000E+00  1.18558E-02  3.70828E-02  2.52539E-03  5.59140E-03  5.61965E-04  2.05051E-03  1.09849E-03  8.34386E-05  3.47165E-04  1.21185E-04
  8034.00000  6.12978E-02  0.00000E+00  1.18530E-02  3.70694E-02  2.52474E-03  5.58953E-03  5.61818E-04  2.04956E-03  1.09812E-03  8.34172E-05  3.47009E-04  1.21146E-04
  8035.00000  6.12774E-02  0.00000E+00  1.18502E-02  3.70560E-02  2.52409E-03  5.58767E-03  5.61672E-04  2.04861E-03  1.09776E-03  8.33957E-05  3.46852E-04  1.21106E-04
  8036.00000  6.12570E-02  0.00000E+00  1.18474E-02  3.70426E-02  2.52345E-03  5.58581E-03  5.61526E-04  2.04767E-03  1.09739E-03  8.33743E-05  3.46696E-04  1.21067E-04
  8037.00000  6.12366E-02  0.00000E+00  1.18446E-02  3.70292E-02  2.52280E-03  5.58395E-03  5.61380E-04  2.04672E-03  1.09703E-03  8.33529E-05  3.46540E-04  1.21027E-04
  8038.00000  6.12162E-02  0.00000E+00  1.18418E-02  3.70158E-02  2.52215E-03  5.58209E-03  5.61233E-04  2.04578E-03  1.09667E-03  8.33314E-05  3.46384E-04  1.20987E-04
  8039.00000  6.11958E-02  0.00000E+00  1.18389E-02  3.70024E-02  2.52151E-03  5.58023E-03  5.61087E-04  2.04483E-03  1.09630E-03  8.33100E-05  3.46228E-04  1.20948E-04
  8040.00000  6.11755E-02  0.00000E+00  1.18361E-02  3.69891E-02  2.52086E-03  5.57837E-03  5.60941E-04  2.04389E-03  1.09594E-03  8.32886E-05  3.46072E-04  1.20908E-04
  8041.00000  6.11551E-02  0.00000E+00  1.18333E-02  3.69757E-02  2.52021E-03  5.57651E-03  5.60795E-04  2.04294E-03  1.09558E-03  8.32672E-05  3.45917E-04  1.20869E-04
  8042.00000  6.11348E-02  0.00000E+00  1.18305E-02  3.69623E-02  2.51957E-03  5.57466E-03  5.60649E-04  2.04200E-03  1.09521E-03  8.32459E-05  3.45761E-04  1.20830E-04
  8043.00000  6.11144E-02  0.00000E+00  1.18277E-02  3.69490E-02  2.51892E-03  5.57280E-03  5.60504E-04  2.04106E-03  1.09485E-03  8.32245E-05  3.45605E-04  1.20790E-04
  8044.00000  6.10941E-02  0.00000E+00  1.18249E-02  3.69356E-02  2.51828E-03  5.57094E-03  5.60358E-04  2.04011E-03  1.09449E-03  8.32031E-05  3.45450E-04  1.20751E-04
  8045.00000  6.10738E-02  0.00000E+00  1.18221E-02  3.69223E-02  2.51763E-03  5.56909E-03  5.60212E-04  2.03917E-03  1.09413E-03  8.31818E-05  3.45294E-04  1.20711E-04
  8046.00000  6.10534E-02  0.00000E+00  1.18193E-02  3.69089E-02  2.51699E-03  5.56723E-03  5.60066E-04  2.03823E-03  1.09376E-03  8.31604E-05  3.45139E-04  1.20672E-04
  8047.00000  6.10331E-02  0.00000E+00  1.18165E-02  3.68956E-02  2.51634E-03  5.56538E-03  5.59921E-04  2.03729E-03  1.09340E-03  8.31391E-05  3.44984E-04  1.20632E-04
  8048.00000  6.10129E-02  0.00000E+00  1.18137E-02  3.68823E-02  2.51570E-03  5.56353E-03  5.59775E-04  2.03635E-03  1.09304E-03  8.31178E-05  3.44829E-04  1.20593E-04
  8049.00000  6.09926E-02  0.00000E+00  1.18109E-02  3.68689E-02  2.51505E-03  5.56168E-03  5.59630E-04  2.03541E-03  1.09268E-03  8.30964E-05  3.44674E-04  1.20554E-04
  8050.00000  6.09723E-02  0.00000E+00  1.18081E-02  3.68556E-02  2.51441E-03  5.55983E-03  5.59484E-04  2.03447E-03  1.09232E-03  8.30751E-05  3.44519E-04  1.20514E-04
  8051.00000  6.09520E-02  0.00000E+00  1.18053E-02  3.68423E-02  2.51377E-03  5.55798E-03  5.59339E-04  2.03353E-03  1.09196E-03  8.30538E-05  3.44364E-04  1.20475E-04
  8052.00000  6.09318E-02  0.00000E+00  1.18025E-02  3.68290E-02  2.51312E-03  5.55613E-03  5.59193E-04  2.03259E-03  1.09159E-03  8.30325E-05  3.44209E-04  1.20436E-04
  8053.00000  6.09115E-02  0.00000E+00  1.17997E-02  3.68157E-02  2.51248E-03  5.55428E-03  5.59048E-04  2.03165E-03  1.09123E-03  8.30112E-05  3.44055E-04  1.20397E-04
  8054.00000  6.08913E-02  0.00000E+00  1.17969E-02  3.68024E-02  2.51184E-03  5.55243E-03  5.58903E-04  2.03072E-03  1.09087E-03  8.29900E-05  3.43900E-04  1.20357E-04
  8055.00000  6.08711E-02  0.00000E+00  1.17941E-02  3.67891E-02  2.51119E-03  5.55058E-03  5.58758E-04  2.02978E-03  1.09051E-03  8.29687E-05  3.43746E-04  1.20318E-04
  8056.00000  6.08508E-02  0.00000E+00  1.17913E-02  3.67759E-02  2.51055E-03  5.54874E-03  5.58613E-04  2.02884E-03  1.09015E-03  8.29474E-05  3.43591E-04  1.20279E-04
  8057.00000  6.08306E-02  0.00000E+00  1.17885E-02  3.67626E-02  2.50991E-03  5.54689E-03  5.58467E-04  2.02791E-03  1.08979E-03  8.29262E-05  3.43437E-04  1.20240E-04
  8058.00000  6.08104E-02  0.00000E+00  1.17857E-02  3.67493E-02  2.50927E-03  5.54505E-03  5.58322E-04  2.02697E-03  1.08943E-03  8.29050E-05  3.43283E-04  1.20201E-04
  8059.00000  6.07902E-02  0.00000E+00  1.17829E-02  3.67361E-02  2.50862E-03  5.54320E-03  5.58177E-04  2.02604E-03  1.08907E-03  8.28837E-05  3.43128E-04  1.20161E-04
  8060.00000  6.07700E-02  0.00000E+00  1.17801E-02  3.67228E-02  2.50798E-03  5.54136E-03  5.58033E-04  2.02510E-03  1.08871E-03  8.28625E-05  3.42974E-04  1.20122E-04
  8061.00000  6.07499E-02  0.00000E+00  1.17773E-02  3.67096E-02  2.50734E-03  5.53951E-03  5.57888E-04  2.02417E-03  1.08835E-03  8.28413E-05  3.42820E-04  1.20083E-04
  8062.00000  6.07297E-02  0.00000E+00  1.17745E-02  3.66963E-02  2.50670E-03  5.53767E-03  5.57743E-04  2.02324E-03  1.08799E-03  8.28201E-05  3.42667E-04  1.20044E-04
  8063.00000  6.07095E-02  0.00000E+00  1.17717E-02  3.66831E-02  2.50606E-03  5.53583E-03  5.57598E-04  2.02230E-03  1.08763E-03  8.27989E-05  3.42513E-04  1.20005E-04
  8064.00000  6.06894E-02  0.00000E+00  1.17689E-02  3.66699E-02  2.50542E-03  5.53399E-03  5.57453E-04  2.02137E-03  1.08727E-03  8.27777E-05  3.42359E-04  1.19966E-04
  8065.00000  6.06692E-02  0.00000E+00  1.17661E-02  3.66566E-02  2.50478E-03  5.53215E-03  5.57309E-04  2.02044E-03  1.08691E-03  8.27565E-05  3.42205E-04  1.19927E-04
  8066.00000  6.06491E-02  0.00000E+00  1.17633E-02  3.66434E-02  2.50414E-03  5.53031E-03  5.57164E-04  2.01951E-03  1.08655E-03  8.27353E-05  3.42052E-04  1.19888E-04
  8067.00000  6.06290E-02  0.00000E+00  1.17606E-02  3.66302E-02  2.50350E-03  5.52848E-03  5.57020E-04  2.01858E-03  1.08619E-03  8.27141E-05  3.41898E-04  1.19849E-04
  8068.00000  6.06089E-02  0.00000E+00  1.17578E-02  3.66170E-02  2.50286E-03  5.52664E-03  5.56875E-04  2.01765E-03  1.08584E-03  8.26929E-05  3.41745E-04  1.19810E-04
  8069.00000  6.05888E-02  0.00000E+00  1.17550E-02  3.66038E-02  2.50222E-03  5.52480E-03  5.56731E-04  2.01672E-03  1.08548E-03  8.26718E-05  3.41592E-04  1.19771E-04
  8070.00000  6.05687E-02  0.00000E+00  1.17522E-02  3.65906E-02  2.50158E-03  5.52297E-03  5.56586E-04  2.01579E-03  1.08512E-03  8.26506E-05  3.41438E-04  1.19732E-04
  8071.00000  6.05486E-02  0.00000E+00  1.17494E-02  3.65774E-02  2.50094E-03  5.52113E-03  5.56442E-04  2.01486E-03  1.08476E-03  8.26295E-05  3.41285E-04  1.19693E-04
  8072.00000  6.05285E-02  0.00000E+00  1.17466E-02  3.65643E-02  2.50030E-03  5.51930E-03  5.56297E-04  2.01394E-03  1.08440E-03  8.26083E-05  3.41132E-04  1.19654E-04
  8073.00000  6.05085E-02  0.00000E+00  1.17439E-02  3.65511E-02  2.49967E-03  5.51746E-03  5.56153E-04  2.01301E-03  1.08404E-03  8.25872E-05  3.40979E-04  1.19615E-04
  8074.00000  6.04884E-02  0.00000E+00  1.17411E-02  3.65379E-02  2.49903E-03  5.51563E-03  5.56009E-04  2.01208E-03  1.08369E-03  8.25661E-05  3.40826E-04  1.19576E-04
  8075.00000  6.04683E-02  0.00000E+00  1.17383E-02  3.65248E-02  2.49839E-03  5.51380E-03  5.55865E-04  2.01116E-03  1.08333E-03  8.25450E-05  3.40674E-04  1.19537E-04
  8076.00000  6.04483E-02  0.00000E+00  1.17355E-02  3.65116E-02  2.49775E-03  5.51197E-03  5.55721E-04  2.01023E-03  1.08297E-03  8.25239E-05  3.40521E-04  1.19498E-04
  8077.00000  6.04283E-02  0.00000E+00  1.17327E-02  3.64985E-02  2.49711E-03  5.51014E-03  5.55577E-04  2.00930E-03  1.08261E-03  8.25028E-05  3.40368E-04  1.19460E-04
  8078.00000  6.04083E-02  0.00000E+00  1.17300E-02  3.64853E-02  2.49648E-03  5.50831E-03  5.55433E-04  2.00838E-03  1.08226E-03  8.24817E-05  3.40216E-04  1.19421E-04
  8079.00000  6.03882E-02  0.00000E+00  1.17272E-02  3.64722E-02  2.49584E-03  5.50648E-03  5.55289E-04  2.00746E-03  1.08190E-03  8.24606E-05  3.40063E-04  1.19382E-04
  8080.00000  6.03682E-02  0.00000E+00  1.17244E-02  3.64590E-02  2.49520E-03  5.50465E-03  5.55145E-04  2.00653E-03  1.08154E-03  8.24395E-05  3.39911E-04  1.19343E-04
  8081.00000  6.03482E-02  0.00000E+00  1.17216E-02  3.64459E-02  2.49457E-03  5.50283E-03  5.55001E-04  2.00561E-03  1.08119E-03  8.24184E-05  3.39759E-04  1.19304E-04
  8082.00000  6.03283E-02  0.00000E+00  1.17189E-02  3.64328E-02  2.49393E-03  5.50100E-03  5.54857E-04  2.00469E-03  1.08083E-03  8.23973E-05  3.39606E-04  1.19266E-04
  8083.00000  6.03083E-02  0.00000E+00  1.17161E-02  3.64197E-02  2.49330E-03  5.49918E-03  5.54713E-04  2.00377E-03  1.08047E-03  8.23763E-05  3.39454E-04  1.19227E-04
  8084.00000  6.02883E-02  0.00000E+00  1.17133E-02  3.64066E-02  2.49266E-03  5.49735E-03  5.54569E-04  2.00285E-03  1.08012E-03  8.23552E-05  3.39302E-04  1.19188E-04
  8085.00000  6.02684E-02  0.00000E+00  1.17106E-02  3.63935E-02  2.49203E-03  5.49553E-03  5.54426E-04  2.00192E-03  1.07976E-03  8.23341E-05  3.39150E-04  1.19149E-04
  8086.00000  6.02484E-02  0.00000E+00  1.17078E-02  3.63804E-02  2.49139E-03  5.49371E-03  5.54282E-04  2.00100E-03  1.07941E-03  8.23131E-05  3.38998E-04  1.19111E-04
  8087.00000  6.02285E-02  0.00000E+00  1.17050E-02  3.63673E-02  2.49076E-03  5.49188E-03  5.54138E-04  2.00008E-03  1.07905E-03  8.22921E-05  3.38846E-04  1.19072E-04
  8088.00000  6.02085E-02  0.00000E+00  1.17023E-02  3.63543E-02  2.49012E-03  5.49006E-03  5.53995E-04  1.99917E-03  1.07869E-03  8.22710E-05  3.38695E-04  1.19033E-04
  8089.00000  6.01886E-02  0.00000E+00  1.16995E-02  3.63412E-02  2.48949E-03  5.48824E-03  5.53851E-04  1.99825E-03  1.07834E-03  8.22500E-05  3.38543E-04  1.18995E-04
  8090.00000  6.01687E-02  0.00000E+00  1.16967E-02  3.63281E-02  2.48885E-03  5.48642E-03  5.53708E-04  1.99733E-03  1.07798E-03  8.22290E-05  3.38391E-04  1.18956E-04
  8091.00000  6.01488E-02  0.00000E+00  1.16940E-02  3.63151E-02  2.48822E-03  5.48461E-03  5.53565E-04  1.99641E-03  1.07763E-03  8.22080E-05  3.38240E-04  1.18917E-04
  8092.00000  6.01289E-02  0.00000E+00  1.16912E-02  3.63020E-02  2.48758E-03  5.48279E-03  5.53421E-04  1.99549E-03  1.07727E-03  8.21870E-05  3.38088E-04  1.18879E-04
  8093.00000  6.01090E-02  0.00000E+00  1.16884E-02  3.62890E-02  2.48695E-03  5.48097E-03  5.53278E-04  1.99458E-03  1.07692E-03  8.21660E-05  3.37937E-04  1.18840E-04
  8094.00000  6.00892E-02  0.00000E+00  1.16857E-02  3.62759E-02  2.48632E-03  5.47916E-03  5.53135E-04  1.99366E-03  1.07656E-03  8.21450E-05  3.37786E-04  1.18802E-04
  8095.00000  6.00693E-02  0.00000E+00  1.16829E-02  3.62629E-02  2.48568E-03  5.47734E-03  5.52991E-04  1.99275E-03  1.07621E-03  8.21240E-05  3.37635E-04  1.18763E-04
  8096.00000  6.00494E-02  0.00000E+00  1.16802E-02  3.62499E-02  2.48505E-03  5.47553E-03  5.52848E-04  1.99183E-03  1.07586E-03  8.21030E-05  3.37484E-04  1.18725E-04
  8097.00000  6.00296E-02  0.00000E+00  1.16774E-02  3.62368E-02  2.48442E-03  5.47371E-03  5.52705E-04  1.99092E-03  1.07550E-03  8.20820E-05  3.37333E-04  1.18686E-04
  8098.00000  6.00097E-02  0.00000E+00  1.16746E-02  3.62238E-02  2.48379E-03  5.47190E-03  5.52562E-04  1.99000E-03  1.07515E-03  8.20611E-05  3.37182E-04  1.18647E-04
  8099.00000  5.99899E-02  0.00000E+00  1.16719E-02  3.62108E-02  2.48315E-03  5.47009E-03  5.52419E-04  1.98909E-03  1.07479E-03  8.20401E-05  3.37031E-04  1.18609E-04
  8100.00000  5.99701E-02  0.00000E+00  1.16691E-02  3.61978E-02  2.48252E-03  5.46828E-03  5.52276E-04  1.98818E-03  1.07444E-03  8.20192E-05  3.36880E-04  1.18570E-04
  8101.00000  5.99503E-02  0.00000E+00  1.16664E-02  3.61848E-02  2.48189E-03  5.46647E-03  5.52133E-04  1.98727E-03  1.07409E-03  8.19982E-05  3.36729E-04  1.18532E-04
  8102.00000  5.99305E-02  0.00000E+00  1.16636E-02  3.61718E-02  2.48126E-03  5.46466E-03  5.51991E-04  1.98635E-03  1.07373E-03  8.19773E-05  3.36579E-04  1.18493E-04
  8103.00000  5.99107E-02  0.00000E+00  1.16609E-02  3.61588E-02  2.48063E-03  5.46285E-03  5.51848E-04  1.98544E-03  1.07338E-03  8.19564E-05  3.36428E-04  1.18455E-04
  8104.00000  5.98909E-02  0.00000E+00  1.16581E-02  3.61459E-02  2.48000E-03  5.46104E-03  5.51705E-04  1.98453E-03  1.07302E-03  8.19354E-05  3.36278E-04  1.18417E-04
  8105.00000  5.98711E-02  0.00000E+00  1.16554E-02  3.61329E-02  2.47936E-03  5.45923E-03  5.51562E-04  1.98362E-03  1.07267E-03  8.19145E-05  3.36128E-04  1.18378E-04
  8106.00000  5.98513E-02  0.00000E+00  1.16526E-02  3.61199E-02  2.47873E-03  5.45743E-03  5.51420E-04  1.98271E-03  1.07232E-03  8.18936E-05  3.35977E-04  1.18340E-04
  8107.00000  5.98316E-02  0.00000E+00  1.16499E-02  3.61070E-02  2.47810E-03  5.45562E-03  5.51277E-04  1.98180E-03  1.07197E-03  8.18727E-05  3.35827E-04  1.18301E-04
  8108.00000  5.98118E-02  0.00000E+00  1.16471E-02  3.60940E-02  2.47747E-03  5.45382E-03  5.51135E-04  1.98089E-03  1.07161E-03  8.18518E-05  3.35677E-04  1.18263E-04
  8109.00000  5.97921E-02  0.00000E+00  1.16444E-02  3.60810E-02  2.47684E-03  5.45201E-03  5.50992E-04  1.97999E-03  1.07126E-03  8.18309E-05  3.35527E-04  1.18225E-04
  8110.00000  5.97724E-02  0.00000E+00  1.16416E-02  3.60681E-02  2.47621E-03  5.45021E-03  5.50850E-04  1.97908E-03  1.07091E-03  8.18101E-05  3.35377E-04  1.18186E-04
  8111.00000  5.97526E-02  0.00000E+00  1.16389E-02  3.60552E-02  2.47558E-03  5.44841E-03  5.50708E-04  1.97817E-03  1.07056E-03  8.17892E-05  3.35227E-04  1.18148E-04
  8112.00000  5.97329E-02  0.00000E+00  1.16361E-02  3.60422E-02  2.47495E-03  5.44661E-03  5.50565E-04  1.97726E-03  1.07020E-03  8.17683E-05  3.35077E-04  1.18109E-04
  8113.00000  5.97132E-02  0.00000E+00  1.16334E-02  3.60293E-02  2.47432E-03  5.44481E-03  5.50423E-04  1.97636E-03  1.06985E-03  8.17475E-05  3.34928E-04  1.18071E-04
  8114.00000  5.96935E-02  0.00000E+00  1.16306E-02  3.60164E-02  2.47370E-03  5.44301E-03  5.50281E-04  1.97545E-03  1.06950E-03  8.17266E-05  3.34778E-04  1.18033E-04
  8115.00000  5.96738E-02  0.00000E+00  1.16279E-02  3.60035E-02  2.47307E-03  5.44121E-03  5.50139E-04  1.97455E-03  1.06915E-03  8.17058E-05  3.34629E-04  1.17995E-04
  8116.00000  5.96541E-02  0.00000E+00  1.16252E-02  3.59906E-02  2.47244E-03  5.43941E-03  5.49997E-04  1.97364E-03  1.06880E-03  8.16850E-05  3.34479E-04  1.17956E-04
  8117.00000  5.96345E-02  0.00000E+00  1.16224E-02  3.59777E-02  2.47181E-03  5.43761E-03  5.49855E-04  1.97274E-03  1.06845E-03  8.16641E-05  3.34330E-04  1.17918E-04
  8118.00000  5.96148E-02  0.00000E+00  1.16197E-02  3.59648E-02  2.47118E-03  5.43581E-03  5.49713E-04  1.97184E-03  1.06809E-03  8.16433E-05  3.34181E-04  1.17880E-04
  8119.00000  5.95951E-02  0.00000E+00  1.16170E-02  3.59519E-02  2.47055E-03  5.43402E-03  5.49571E-04  1.97093E-03  1.06774E-03  8.16225E-05  3.34031E-04  1.17841E-04
  8120.00000  5.95755E-02  0.00000E+00  1.16142E-02  3.59390E-02  2.46993E-03  5.43222E-03  5.49429E-04  1.97003E-03  1.06739E-03  8.16017E-05  3.33882E-04  1.17803E-04
  8121.00000  5.95559E-02  0.00000E+00  1.16115E-02  3.59261E-02  2.46930E-03  5.43043E-03  5.49288E-04  1.96913E-03  1.06704E-03  8.15809E-05  3.33733E-04  1.17765E-04
  8122.00000  5.95362E-02  0.00000E+00  1.16087E-02  3.59132E-02  2.46867E-03  5.42863E-03  5.49146E-04  1.96823E-03  1.06669E-03  8.15601E-05  3.33584E-04  1.17727E-04
  8123.00000  5.95166E-02  0.00000E+00  1.16060E-02  3.59004E-02  2.46804E-03  5.42684E-03  5.49004E-04  1.96732E-03  1.06634E-03  8.15393E-05  3.33436E-04  1.17688E-04
  8124.00000  5.94970E-02  0.00000E+00  1.16033E-02  3.58875E-02  2.46742E-03  5.42505E-03  5.48863E-04  1.96642E-03  1.06599E-03  8.15185E-05  3.33287E-04  1.17650E-04
  8125.00000  5.94774E-02  0.00000E+00  1.16005E-02  3.58747E-02  2.46679E-03  5.42326E-03  5.48721E-04  1.96552E-03  1.06564E-03  8.14978E-05  3.33138E-04  1.17612E-04
  8126.00000  5.94578E-02  0.00000E+00  1.15978E-02  3.58618E-02  2.46616E-03  5.42147E-03  5.48580E-04  1.96462E-03  1.06529E-03  8.14770E-05  3.32990E-04  1.17574E-04
  8127.00000  5.94382E-02  0.00000E+00  1.15951E-02  3.58490E-02  2.46554E-03  5.41968E-03  5.48438E-04  1.96372E-03  1.06494E-03  8.14562E-05  3.32841E-04  1.17535E-04
  8128.00000  5.94186E-02  0.00000E+00  1.15924E-02  3.58361E-02  2.46491E-03  5.41789E-03  5.48297E-04  1.96283E-03  1.06459E-03  8.14355E-05  3.32693E-04  1.17497E-04
  8129.00000  5.93991E-02  0.00000E+00  1.15896E-02  3.58233E-02  2.46428E-03  5.41610E-03  5.48156E-04  1.96193E-03  1.06424E-03  8.14147E-05  3.32545E-04  1.17459E-04
  8130.00000  5.93795E-02  0.00000E+00  1.15869E-02  3.58105E-02  2.46366E-03  5.41431E-03  5.48015E-04  1.96103E-03  1.06389E-03  8.13940E-05  3.32396E-04  1.17421E-04
  8131.00000  5.93600E-02  0.00000E+00  1.15842E-02  3.57977E-02  2.46303E-03  5.41252E-03  5.47873E-04  1.96013E-03  1.06354E-03  8.13733E-05  3.32248E-04  1.17383E-04
  8132.00000  5.93404E-02  0.00000E+00  1.15814E-02  3.57849E-02  2.46241E-03  5.41074E-03  5.47732E-04  1.95924E-03  1.06319E-03  8.13525E-05  3.32100E-04  1.17345E-04
  8133.00000  5.93209E-02  0.00000E+00  1.15787E-02  3.57721E-02  2.46178E-03  5.40895E-03  5.47591E-04  1.95834E-03  1.06284E-03  8.13318E-05  3.31952E-04  1.17306E-04
  8134.00000  5.93013E-02  0.00000E+00  1.15760E-02  3.57593E-02  2.46116E-03  5.40716E-03  5.47450E-04  1.95744E-03  1.06249E-03  8.13111E-05  3.31804E-04  1.17268E-04
  8135.00000  5.92818E-02  0.00000E+00  1.15733E-02  3.57465E-02  2.46053E-03  5.40538E-03  5.47309E-04  1.95655E-03  1.06215E-03  8.12904E-05  3.31656E-04  1.17230E-04
  8136.00000  5.92623E-02  0.00000E+00  1.15705E-02  3.57337E-02  2.45991E-03  5.40360E-03  5.47168E-04  1.95565E-03  1.06180E-03  8.12697E-05  3.31509E-04  1.17192E-04
  8137.00000  5.92428E-02  0.00000E+00  1.15678E-02  3.57209E-02  2.45929E-03  5.40181E-03  5.47027E-04  1.95476E-03  1.06145E-03  8.12490E-05  3.31361E-04  1.17154E-04
  8138.00000  5.92233E-02  0.00000E+00  1.15651E-02  3.57081E-02  2.45866E-03  5.40003E-03  5.46887E-04  1.95386E-03  1.06110E-03  8.12283E-05  3.31213E-04  1.17116E-04
  8139.00000  5.92039E-02  0.00000E+00  1.15624E-02  3.56954E-02  2.45804E-03  5.39825E-03  5.46746E-04  1.95297E-03  1.06075E-03  8.12076E-05  3.31066E-04  1.17078E-04
  8140.00000  5.91844E-02  0.00000E+00  1.15597E-02  3.56826E-02  2.45742E-03  5.39647E-03  5.46605E-04  1.95208E-03  1.06041E-03  8.11870E-05  3.30919E-04  1.17040E-04
  8141.00000  5.91649E-02  0.00000E+00  1.15569E-02  3.56698E-02  2.45679E-03  5.39469E-03  5.46465E-04  1.95119E-03  1.06006E-03  8.11663E-05  3.30771E-04  1.17002E-04
  8142.00000  5.91455E-02  0.00000E+00  1.15542E-02  3.56571E-02  2.45617E-03  5.39291E-03  5.46324E-04  1.95029E-03  1.05971E-03  8.11456E-05  3.30624E-04  1.16963E-04
  8143.00000  5.91260E-02  0.00000E+00  1.15515E-02  3.56444E-02  2.45555E-03  5.39113E-03  5.46183E-04  1.94940E-03  1.05936E-03  8.11250E-05  3.30477E-04  1.16925E-04
  8144.00000  5.91066E-02  0.00000E+00  1.15488E-02  3.56316E-02  2.45493E-03  5.38935E-03  5.46043E-04  1.94851E-03  1.05902E-03  8.11043E-05  3.30330E-04  1.16887E-04
  8145.00000  5.90871E-02  0.00000E+00  1.15461E-02  3.56189E-02  2.45430E-03  5.38758E-03  5.45902E-04  1.94762E-03  1.05867E-03  8.10837E-05  3.30183E-04  1.16849E-04
  8146.00000  5.90677E-02  0.00000E+00  1.15434E-02  3.56062E-02  2.45368E-03  5.38580E-03  5.45762E-04  1.94673E-03  1.05832E-03  8.10630E-05  3.30036E-04  1.16811E-04
  8147.00000  5.90483E-02  0.00000E+00  1.15407E-02  3.55934E-02  2.45306E-03  5.38402E-03  5.45622E-04  1.94584E-03  1.05797E-03  8.10424E-05  3.29889E-04  1.16773E-04
  8148.00000  5.90289E-02  0.00000E+00  1.15379E-02  3.55807E-02  2.45244E-03  5.38225E-03  5.45481E-04  1.94495E-03  1.05763E-03  8.10217E-05  3.29742E-04  1.16735E-04
  8149.00000  5.90095E-02  0.00000E+00  1.15352E-02  3.55680E-02  2.45182E-03  5.38047E-03  5.45341E-04  1.94407E-03  1.05728E-03  8.10011E-05  3.29596E-04  1.16697E-04
  8150.00000  5.89901E-02  0.00000E+00  1.15325E-02  3.55553E-02  2.45120E-03  5.37870E-03  5.45201E-04  1.94318E-03  1.05694E-03  8.09805E-05  3.29449E-04  1.16659E-04
  8151.00000  5.89708E-02  0.00000E+00  1.15298E-02  3.55426E-02  2.45058E-03  5.37693E-03  5.45061E-04  1.94229E-03  1.05659E-03  8.09599E-05  3.29303E-04  1.16621E-04
  8152.00000  5.89514E-02  0.00000E+00  1.15271E-02  3.55299E-02  2.44996E-03  5.37516E-03  5.44921E-04  1.94140E-03  1.05624E-03  8.09393E-05  3.29156E-04  1.16583E-04
  8153.00000  5.89320E-02  0.00000E+00  1.15244E-02  3.55172E-02  2.44934E-03  5.37339E-03  5.44781E-04  1.94052E-03  1.05590E-03  8.09186E-05  3.29010E-04  1.16545E-04
  8154.00000  5.89127E-02  0.00000E+00  1.15217E-02  3.55046E-02  2.44872E-03  5.37161E-03  5.44641E-04  1.93963E-03  1.05555E-03  8.08980E-05  3.28864E-04  1.16507E-04
  8155.00000  5.88933E-02  0.00000E+00  1.15190E-02  3.54919E-02  2.44810E-03  5.36985E-03  5.44501E-04  1.93875E-03  1.05521E-03  8.08774E-05  3.28717E-04  1.16469E-04
  8156.00000  5.88740E-02  0.00000E+00  1.15163E-02  3.54792E-02  2.44748E-03  5.36808E-03  5.44361E-04  1.93786E-03  1.05486E-03  8.08569E-05  3.28571E-04  1.16431E-04
  8157.00000  5.88547E-02  0.00000E+00  1.15136E-02  3.54666E-02  2.44686E-03  5.36631E-03  5.44221E-04  1.93698E-03  1.05452E-03  8.08363E-05  3.28425E-04  1.16393E-04
  8158.00000  5.88354E-02  0.00000E+00  1.15109E-02  3.54539E-02  2.44624E-03  5.36454E-03  5.44081E-04  1.93609E-03  1.05417E-03  8.08157E-05  3.28279E-04  1.16355E-04
  8159.00000  5.88160E-02  0.00000E+00  1.15082E-02  3.54413E-02  2.44562E-03  5.36277E-03  5.43941E-04  1.93521E-03  1.05383E-03  8.07951E-05  3.28134E-04  1.16317E-04
  8160.00000  5.87967E-02  0.00000E+00  1.15055E-02  3.54286E-02  2.44500E-03  5.36101E-03  5.43802E-04  1.93433E-03  1.05348E-03  8.07745E-05  3.27988E-04  1.16279E-04
  8161.00000  5.87775E-02  0.00000E+00  1.15028E-02  3.54160E-02  2.44438E-03  5.35924E-03  5.43662E-04  1.93345E-03  1.05314E-03  8.07539E-05  3.27842E-04  1.16242E-04
  8162.00000  5.87582E-02  0.00000E+00  1.15001E-02  3.54034E-02  2.44377E-03  5.35748E-03  5.43522E-04  1.93256E-03  1.05279E-03  8.07334E-05  3.27696E-04  1.16204E-04
  8163.00000  5.87389E-02  0.00000E+00  1.14974E-02  3.53907E-02  2.44315E-03  5.35572E-03  5.43383E-04  1.93168E-03  1.05245E-03  8.07128E-05  3.27551E-04  1.16166E-04
  8164.00000  5.87196E-02  0.00000E+00  1.14947E-02  3.53781E-02  2.44253E-03  5.35395E-03  5.43243E-04  1.93080E-03  1.05210E-03  8.06923E-05  3.27405E-04  1.16128E-04
  8165.00000  5.87004E-02  0.00000E+00  1.14920E-02  3.53655E-02  2.44191E-03  5.35219E-03  5.43104E-04  1.92992E-03  1.05176E-03  8.06717E-05  3.27260E-04  1.16090E-04
  8166.00000  5.86811E-02  0.00000E+00  1.14893E-02  3.53529E-02  2.44130E-03  5.35043E-03  5.42964E-04  1.92904E-03  1.05142E-03  8.06512E-05  3.27115E-04  1.16052E-04
  8167.00000  5.86619E-02  0.00000E+00  1.14866E-02  3.53403E-02  2.44068E-03  5.34867E-03  5.42825E-04  1.92816E-03  1.05107E-03  8.06306E-05  3.26969E-04  1.16014E-04
  8168.00000  5.86427E-02  0.00000E+00  1.14839E-02  3.53277E-02  2.44006E-03  5.34691E-03  5.42685E-04  1.92729E-03  1.05073E-03  8.06101E-05  3.26824E-04  1.15976E-04
  8169.00000  5.86234E-02  0.00000E+00  1.14812E-02  3.53151E-02  2.43945E-03  5.34515E-03  5.42546E-04  1.92641E-03  1.05039E-03  8.05895E-05  3.26679E-04  1.15939E-04
  8170.00000  5.86042E-02  0.00000E+00  1.14785E-02  3.53025E-02  2.43883E-03  5.34340E-03  5.42407E-04  1.92553E-03  1.05004E-03  8.05690E-05  3.26534E-04  1.15901E-04
  8171.00000  5.85850E-02  0.00000E+00  1.14758E-02  3.52899E-02  2.43822E-03  5.34164E-03  5.42268E-04  1.92465E-03  1.04970E-03  8.05485E-05  3.26389E-04  1.15863E-04
  8172.00000  5.85658E-02  0.00000E+00  1.14731E-02  3.52774E-02  2.43760E-03  5.33988E-03  5.42128E-04  1.92378E-03  1.04936E-03  8.05279E-05  3.26244E-04  1.15825E-04
  8173.00000  5.85466E-02  0.00000E+00  1.14704E-02  3.52648E-02  2.43698E-03  5.33813E-03  5.41989E-04  1.92290E-03  1.04901E-03  8.05074E-05  3.26100E-04  1.15787E-04
  8174.00000  5.85274E-02  0.00000E+00  1.14677E-02  3.52522E-02  2.43637E-03  5.33637E-03  5.41850E-04  1.92203E-03  1.04867E-03  8.04869E-05  3.25955E-04  1.15750E-04
  8175.00000  5.85083E-02  0.00000E+00  1.14650E-02  3.52397E-02  2.43575E-03  5.33462E-03  5.41711E-04  1.92115E-03  1.04833E-03  8.04664E-05  3.25810E-04  1.15712E-04
  8176.00000  5.84891E-02  0.00000E+00  1.14624E-02  3.52271E-02  2.43514E-03  5.33287E-03  5.41572E-04  1.92028E-03  1.04799E-03  8.04459E-05  3.25666E-04  1.15674E-04
  8177.00000  5.84699E-02  0.00000E+00  1.14597E-02  3.52146E-02  2.43452E-03  5.33111E-03  5.41433E-04  1.91940E-03  1.04764E-03  8.04254E-05  3.25521E-04  1.15636E-04
  8178.00000  5.84508E-02  0.00000E+00  1.14570E-02  3.52020E-02  2.43391E-03  5.32936E-03  5.41294E-04  1.91853E-03  1.04730E-03  8.04049E-05  3.25377E-04  1.15599E-04
  8179.00000  5.84316E-02  0.00000E+00  1.14543E-02  3.51895E-02  2.43330E-03  5.32761E-03  5.41156E-04  1.91766E-03  1.04696E-03  8.03844E-05  3.25232E-04  1.15561E-04
  8180.00000  5.84125E-02  0.00000E+00  1.14516E-02  3.51770E-02  2.43268E-03  5.32586E-03  5.41017E-04  1.91678E-03  1.04662E-03  8.03639E-05  3.25088E-04  1.15523E-04
  8181.00000  5.83934E-02  0.00000E+00  1.14489E-02  3.51644E-02  2.43207E-03  5.32411E-03  5.40878E-04  1.91591E-03  1.04628E-03  8.03434E-05  3.24944E-04  1.15485E-04
  8182.00000  5.83743E-02  0.00000E+00  1.14462E-02  3.51519E-02  2.43145E-03  5.32237E-03  5.40739E-04  1.91504E-03  1.04593E-03  8.03230E-05  3.24800E-04  1.15448E-04
  8183.00000  5.83552E-02  0.00000E+00  1.14436E-02  3.51394E-02  2.43084E-03  5.32062E-03  5.40601E-04  1.91417E-03  1.04559E-03  8.03025E-05  3.24656E-04  1.15410E-04
  8184.00000  5.83361E-02  0.00000E+00  1.14409E-02  3.51269E-02  2.43023E-03  5.31887E-03  5.40462E-04  1.91330E-03  1.04525E-03  8.02820E-05  3.24512E-04  1.15372E-04
  8185.00000  5.83170E-02  0.00000E+00  1.14382E-02  3.51144E-02  2.42962E-03  5.31713E-03  5.40324E-04  1.91243E-03  1.04491E-03  8.02616E-05  3.24368E-04  1.15335E-04
  8186.00000  5.82979E-02  0.00000E+00  1.14355E-02  3.51019E-02  2.42900E-03  5.31538E-03  5.40185E-04  1.91156E-03  1.04457E-03  8.02411E-05  3.24224E-04  1.15297E-04
  8187.00000  5.82788E-02  0.00000E+00  1.14328E-02  3.50894E-02  2.42839E-03  5.31364E-03  5.40047E-04  1.91069E-03  1.04423E-03  8.02206E-05  3.24081E-04  1.15259E-04
  8188.00000  5.82598E-02  0.00000E+00  1.14302E-02  3.50769E-02  2.42778E-03  5.31189E-03  5.39908E-04  1.90982E-03  1.04389E-03  8.02002E-05  3.23937E-04  1.15222E-04
  8189.00000  5.82407E-02  0.00000E+00  1.14275E-02  3.50645E-02  2.42717E-03  5.31015E-03  5.39770E-04  1.90895E-03  1.04355E-03  8.01798E-05  3.23793E-04  1.15184E-04
  8190.00000  5.82217E-02  0.00000E+00  1.14248E-02  3.50520E-02  2.42655E-03  5.30841E-03  5.39632E-04  1.90808E-03  1.04321E-03  8.01593E-05  3.23650E-04  1.15147E-04
  8191.00000  5.82026E-02  0.00000E+00  1.14221E-02  3.50395E-02  2.42594E-03  5.30667E-03  5.39493E-04  1.90722E-03  1.04287E-03  8.01389E-05  3.23507E-04  1.15109E-04
  8192.00000  5.81836E-02  0.00000E+00  1.14195E-02  3.50271E-02  2.42533E-03  5.30493E-03  5.39355E-04  1.90635E-03  1.04253E-03  8.01185E-05  3.23363E-04  1.15072E-04
  8193.00000  5.81646E-02  0.00000E+00  1.14168E-02  3.50146E-02  2.42472E-03  5.30319E-03  5.39217E-04  1.90548E-03  1.04219E-03  8.00980E-05  3.23220E-04  1.15034E-04
  8194.00000  5.81455E-02  0.00000E+00  1.14141E-02  3.50022E-02  2.42411E-03  5.30145E-03  5.39079E-04  1.90462E-03  1.04185E-03  8.00776E-05  3.23077E-04  1.14996E-04
  8195.00000  5.81265E-02  0.00000E+00  1.14114E-02  3.49897E-02  2.42350E-03  5.29971E-03  5.38941E-04  1.90375E-03  1.04151E-03  8.00572E-05  3.22934E-04  1.14959E-04
  8196.00000  5.81075E-02  0.00000E+00  1.14088E-02  3.49773E-02  2.42289E-03  5.29797E-03  5.38803E-04  1.90289E-03  1.04117E-03  8.00368E-05  3.22791E-04  1.14921E-04
  8197.00000  5.80886E-02  0.00000E+00  1.14061E-02  3.49649E-02  2.42227E-03  5.29623E-03  5.38665E-04  1.90202E-03  1.04083E-03  8.00164E-05  3.22648E-04  1.14884E-04
  8198.00000  5.80696E-02  0.00000E+00  1.14034E-02  3.49525E-02  2.42166E-03  5.29450E-03  5.38527E-04  1.90116E-03  1.04049E-03  7.99960E-05  3.22505E-04  1.14846E-04
  8199.00000  5.80506E-02  0.00000E+00  1.14008E-02  3.49400E-02  2.42105E-03  5.29276E-03  5.38390E-04  1.90030E-03  1.04015E-03  7.99756E-05  3.22362E-04  1.14809E-04
  8200.00000  5.80316E-02  0.00000E+00  1.13981E-02  3.49276E-02  2.42044E-03  5.29103E-03  5.38252E-04  1.89943E-03  1.03981E-03  7.99552E-05  3.22220E-04  1.14771E-04
  8201.00000  5.80127E-02  0.00000E+00  1.13954E-02  3.49152E-02  2.41983E-03  5.28929E-03  5.38114E-04  1.89857E-03  1.03947E-03  7.99348E-05  3.22077E-04  1.14734E-04
  8202.00000  5.79937E-02  0.00000E+00  1.13928E-02  3.49028E-02  2.41922E-03  5.28756E-03  5.37977E-04  1.89771E-03  1.03913E-03  7.99145E-05  3.21934E-04  1.14697E-04
  8203.00000  5.79748E-02  0.00000E+00  1.13901E-02  3.48904E-02  2.41862E-03  5.28583E-03  5.37839E-04  1.89685E-03  1.03879E-03  7.98941E-05  3.21792E-04  1.14659E-04
  8204.00000  5.79559E-02  0.00000E+00  1.13874E-02  3.48780E-02  2.41801E-03  5.28409E-03  5.37702E-04  1.89599E-03  1.03845E-03  7.98737E-05  3.21650E-04  1.14622E-04
  8205.00000  5.79369E-02  0.00000E+00  1.13848E-02  3.48657E-02  2.41740E-03  5.28236E-03  5.37564E-04  1.89512E-03  1.03812E-03  7.98534E-05  3.21507E-04  1.14584E-04
  8206.00000  5.79180E-02  0.00000E+00  1.13821E-02  3.48533E-02  2.41679E-03  5.28063E-03  5.37427E-04  1.89426E-03  1.03778E-03  7.98330E-05  3.21365E-04  1.14547E-04
  8207.00000  5.78991E-02  0.00000E+00  1.13794E-02  3.48409E-02  2.41618E-03  5.27890E-03  5.37289E-04  1.89340E-03  1.03744E-03  7.98126E-05  3.21223E-04  1.14510E-04
  8208.00000  5.78802E-02  0.00000E+00  1.13768E-02  3.48285E-02  2.41557E-03  5.27717E-03  5.37152E-04  1.89255E-03  1.03710E-03  7.97923E-05  3.21081E-04  1.14472E-04
  8209.00000  5.78613E-02  0.00000E+00  1.13741E-02  3.48162E-02  2.41496E-03  5.27544E-03  5.37015E-04  1.89169E-03  1.03676E-03  7.97720E-05  3.20939E-04  1.14435E-04
  8210.00000  5.78425E-02  0.00000E+00  1.13715E-02  3.48038E-02  2.41436E-03  5.27372E-03  5.36878E-04  1.89083E-03  1.03643E-03  7.97516E-05  3.20797E-04  1.14397E-04
  8211.00000  5.78236E-02  0.00000E+00  1.13688E-02  3.47915E-02  2.41375E-03  5.27199E-03  5.36741E-04  1.88997E-03  1.03609E-03  7.97313E-05  3.20655E-04  1.14360E-04
  8212.00000  5.78047E-02  0.00000E+00  1.13662E-02  3.47791E-02  2.41314E-03  5.27026E-03  5.36603E-04  1.88911E-03  1.03575E-03  7.97110E-05  3.20514E-04  1.14323E-04
  8213.00000  5.77859E-02  0.00000E+00  1.13635E-02  3.47668E-02  2.41253E-03  5.26854E-03  5.36466E-04  1.88826E-03  1.03541E-03  7.96906E-05  3.20372E-04  1.14285E-04
  8214.00000  5.77670E-02  0.00000E+00  1.13608E-02  3.47545E-02  2.41193E-03  5.26681E-03  5.36330E-04  1.88740E-03  1.03508E-03  7.96703E-05  3.20231E-04  1.14248E-04
  8215.00000  5.77482E-02  0.00000E+00  1.13582E-02  3.47421E-02  2.41132E-03  5.26509E-03  5.36193E-04  1.88654E-03  1.03474E-03  7.96500E-05  3.20089E-04  1.14211E-04
  8216.00000  5.77293E-02  0.00000E+00  1.13555E-02  3.47298E-02  2.41071E-03  5.26337E-03  5.36056E-04  1.88569E-03  1.03440E-03  7.96297E-05  3.19948E-04  1.14174E-04
  8217.00000  5.77105E-02  0.00000E+00  1.13529E-02  3.47175E-02  2.41011E-03  5.26164E-03  5.35919E-04  1.88483E-03  1.03407E-03  7.96094E-05  3.19806E-04  1.14136E-04
  8218.00000  5.76917E-02  0.00000E+00  1.13502E-02  3.47052E-02  2.40950E-03  5.25992E-03  5.35782E-04  1.88398E-03  1.03373E-03  7.95891E-05  3.19665E-04  1.14099E-04
  8219.00000  5.76729E-02  0.00000E+00  1.13476E-02  3.46929E-02  2.40890E-03  5.25820E-03  5.35646E-04  1.88312E-03  1.03339E-03  7.95688E-05  3.19524E-04  1.14062E-04
  8220.00000  5.76541E-02  0.00000E+00  1.13449E-02  3.46806E-02  2.40829E-03  5.25648E-03  5.35509E-04  1.88227E-03  1.03306E-03  7.95485E-05  3.19383E-04  1.14025E-04
  8221.00000  5.76353E-02  0.00000E+00  1.13423E-02  3.46683E-02  2.40768E-03  5.25476E-03  5.35372E-04  1.88142E-03  1.03272E-03  7.95283E-05  3.19242E-04  1.13987E-04
  8222.00000  5.76165E-02  0.00000E+00  1.13396E-02  3.46560E-02  2.40708E-03  5.25304E-03  5.35236E-04  1.88056E-03  1.03238E-03  7.95080E-05  3.19101E-04  1.13950E-04
  8223.00000  5.75977E-02  0.00000E+00  1.13370E-02  3.46437E-02  2.40647E-03  5.25132E-03  5.35099E-04  1.87971E-03  1.03205E-03  7.94877E-05  3.18960E-04  1.13913E-04
  8224.00000  5.75790E-02  0.00000E+00  1.13343E-02  3.46315E-02  2.40587E-03  5.24960E-03  5.34963E-04  1.87886E-03  1.03171E-03  7.94674E-05  3.18819E-04  1.13876E-04
  8225.00000  5.75602E-02  0.00000E+00  1.13317E-02  3.46192E-02  2.40527E-03  5.24788E-03  5.34826E-04  1.87801E-03  1.03138E-03  7.94472E-05  3.18679E-04  1.13839E-04
  8226.00000  5.75414E-02  0.00000E+00  1.13290E-02  3.46069E-02  2.40466E-03  5.24617E-03  5.34690E-04  1.87716E-03  1.03104E-03  7.94269E-05  3.18538E-04  1.13802E-04
  8227.00000  5.75227E-02  0.00000E+00  1.13264E-02  3.45947E-02  2.40406E-03  5.24445E-03  5.34554E-04  1.87631E-03  1.03071E-03  7.94067E-05  3.18398E-04  1.13764E-04
  8228.00000  5.75040E-02  0.00000E+00  1.13238E-02  3.45824E-02  2.40345E-03  5.24274E-03  5.34418E-04  1.87546E-03  1.03037E-03  7.93864E-05  3.18257E-04  1.13727E-04
  8229.00000  5.74852E-02  0.00000E+00  1.13211E-02  3.45702E-02  2.40285E-03  5.24102E-03  5.34281E-04  1.87461E-03  1.03004E-03  7.93661E-05  3.18117E-04  1.13690E-04
  8230.00000  5.74665E-02  0.00000E+00  1.13185E-02  3.45579E-02  2.40225E-03  5.23931E-03  5.34145E-04  1.87376E-03  1.02970E-03  7.93459E-05  3.17976E-04  1.13653E-04
  8231.00000  5.74478E-02  0.00000E+00  1.13158E-02  3.45457E-02  2.40164E-03  5.23759E-03  5.34009E-04  1.87291E-03  1.02937E-03  7.93257E-05  3.17836E-04  1.13616E-04
  8232.00000  5.74291E-02  0.00000E+00  1.13132E-02  3.45334E-02  2.40104E-03  5.23588E-03  5.33873E-04  1.87206E-03  1.02903E-03  7.93054E-05  3.17696E-04  1.13579E-04
  8233.00000  5.74104E-02  0.00000E+00  1.13105E-02  3.45212E-02  2.40044E-03  5.23417E-03  5.33737E-04  1.87122E-03  1.02870E-03  7.92852E-05  3.17556E-04  1.13542E-04
  8234.00000  5.73917E-02  0.00000E+00  1.13079E-02  3.45090E-02  2.39984E-03  5.23246E-03  5.33601E-04  1.87037E-03  1.02837E-03  7.92650E-05  3.17416E-04  1.13505E-04
  8235.00000  5.73730E-02  0.00000E+00  1.13053E-02  3.44968E-02  2.39924E-03  5.23075E-03  5.33465E-04  1.86952E-03  1.02803E-03  7.92447E-05  3.17276E-04  1.13468E-04
  8236.00000  5.73544E-02  0.00000E+00  1.13026E-02  3.44846E-02  2.39863E-03  5.22904E-03  5.33329E-04  1.86868E-03  1.02770E-03  7.92245E-05  3.17136E-04  1.13431E-04
  8237.00000  5.73357E-02  0.00000E+00  1.13000E-02  3.44724E-02  2.39803E-03  5.22733E-03  5.33194E-04  1.86783E-03  1.02736E-03  7.92043E-05  3.16997E-04  1.13394E-04
  8238.00000  5.73170E-02  0.00000E+00  1.12974E-02  3.44602E-02  2.39743E-03  5.22562E-03  5.33058E-04  1.86699E-03  1.02703E-03  7.91841E-05  3.16857E-04  1.13357E-04
  8239.00000  5.72984E-02  0.00000E+00  1.12947E-02  3.44480E-02  2.39683E-03  5.22392E-03  5.32922E-04  1.86614E-03  1.02670E-03  7.91639E-05  3.16717E-04  1.13320E-04
  8240.00000  5.72797E-02  0.00000E+00  1.12921E-02  3.44358E-02  2.39623E-03  5.22221E-03  5.32786E-04  1.86530E-03  1.02636E-03  7.91437E-05  3.16578E-04  1.13283E-04
  8241.00000  5.72611E-02  0.00000E+00  1.12895E-02  3.44236E-02  2.39563E-03  5.22051E-03  5.32651E-04  1.86445E-03  1.02603E-03  7.91234E-05  3.16438E-04  1.13246E-04
  8242.00000  5.72425E-02  0.00000E+00  1.12868E-02  3.44114E-02  2.39503E-03  5.21880E-03  5.32515E-04  1.86361E-03  1.02570E-03  7.91032E-05  3.16299E-04  1.13209E-04
  8243.00000  5.72239E-02  0.00000E+00  1.12842E-02  3.43992E-02  2.39443E-03  5.21710E-03  5.32380E-04  1.86277E-03  1.02537E-03  7.90830E-05  3.16160E-04  1.13172E-04
  8244.00000  5.72053E-02  0.00000E+00  1.12816E-02  3.43871E-02  2.39383E-03  5.21539E-03  5.32244E-04  1.86193E-03  1.02503E-03  7.90628E-05  3.16020E-04  1.13135E-04
  8245.00000  5.71867E-02  0.00000E+00  1.12789E-02  3.43749E-02  2.39323E-03  5.21369E-03  5.32109E-04  1.86109E-03  1.02470E-03  7.90427E-05  3.15881E-04  1.13098E-04
  8246.00000  5.71681E-02  0.00000E+00  1.12763E-02  3.43628E-02  2.39263E-03  5.21199E-03  5.31973E-04  1.86024E-03  1.02437E-03  7.90225E-05  3.15742E-04  1.13061E-04
  8247.00000  5.71495E-02  0.00000E+00  1.12737E-02  3.43506E-02  2.39203E-03  5.21029E-03  5.31838E-04  1.85940E-03  1.02404E-03  7.90023E-05  3.15603E-04  1.13024E-04
  8248.00000  5.71309E-02  0.00000E+00  1.12710E-02  3.43385E-02  2.39143E-03  5.20859E-03  5.31702E-04  1.85856E-03  1.02370E-03  7.89821E-05  3.15464E-04  1.12987E-04
  8249.00000  5.71124E-02  0.00000E+00  1.12684E-02  3.43263E-02  2.39083E-03  5.20689E-03  5.31567E-04  1.85772E-03  1.02337E-03  7.89619E-05  3.15325E-04  1.12950E-04
  8250.00000  5.70938E-02  0.00000E+00  1.12658E-02  3.43142E-02  2.39023E-03  5.20519E-03  5.31432E-04  1.85688E-03  1.02304E-03  7.89417E-05  3.15187E-04  1.12914E-04
  8251.00000  5.70752E-02  0.00000E+00  1.12632E-02  3.43021E-02  2.38963E-03  5.20349E-03  5.31297E-04  1.85605E-03  1.02271E-03  7.89216E-05  3.15048E-04  1.12877E-04
  8252.00000  5.70567E-02  0.00000E+00  1.12605E-02  3.42899E-02  2.38904E-03  5.20179E-03  5.31162E-04  1.85521E-03  1.02238E-03  7.89014E-05  3.14909E-04  1.12840E-04
  8253.00000  5.70382E-02  0.00000E+00  1.12579E-02  3.42778E-02  2.38844E-03  5.20010E-03  5.31027E-04  1.85437E-03  1.02205E-03  7.88812E-05  3.14771E-04  1.12803E-04
  8254.00000  5.70196E-02  0.00000E+00  1.12553E-02  3.42657E-02  2.38784E-03  5.19840E-03  5.30891E-04  1.85353E-03  1.02171E-03  7.88611E-05  3.14632E-04  1.12766E-04
  8255.00000  5.70011E-02  0.00000E+00  1.12527E-02  3.42536E-02  2.38724E-03  5.19671E-03  5.30756E-04  1.85270E-03  1.02138E-03  7.88409E-05  3.14494E-04  1.12729E-04
  8256.00000  5.69826E-02  0.00000E+00  1.12501E-02  3.42415E-02  2.38664E-03  5.19501E-03  5.30621E-04  1.85186E-03  1.02105E-03  7.88208E-05  3.14355E-04  1.12693E-04
  8257.00000  5.69641E-02  0.00000E+00  1.12474E-02  3.42294E-02  2.38605E-03  5.19332E-03  5.30487E-04  1.85102E-03  1.02072E-03  7.88006E-05  3.14217E-04  1.12656E-04
  8258.00000  5.69456E-02  0.00000E+00  1.12448E-02  3.42173E-02  2.38545E-03  5.19163E-03  5.30352E-04  1.85019E-03  1.02039E-03  7.87804E-05  3.14079E-04  1.12619E-04
  8259.00000  5.69271E-02  0.00000E+00  1.12422E-02  3.42052E-02  2.38485E-03  5.18993E-03  5.30217E-04  1.84935E-03  1.02006E-03  7.87603E-05  3.13941E-04  1.12582E-04
  8260.00000  5.69087E-02  0.00000E+00  1.12396E-02  3.41932E-02  2.38426E-03  5.18824E-03  5.30082E-04  1.84852E-03  1.01973E-03  7.87402E-05  3.13803E-04  1.12546E-04
  8261.00000  5.68902E-02  0.00000E+00  1.12370E-02  3.41811E-02  2.38366E-03  5.18655E-03  5.29947E-04  1.84768E-03  1.01940E-03  7.87200E-05  3.13665E-04  1.12509E-04
  8262.00000  5.68717E-02  0.00000E+00  1.12343E-02  3.41690E-02  2.38306E-03  5.18486E-03  5.29813E-04  1.84685E-03  1.01907E-03  7.86999E-05  3.13527E-04  1.12472E-04
  8263.00000  5.68533E-02  0.00000E+00  1.12317E-02  3.41570E-02  2.38247E-03  5.18317E-03  5.29678E-04  1.84602E-03  1.01874E-03  7.86798E-05  3.13389E-04  1.12436E-04
  8264.00000  5.68348E-02  0.00000E+00  1.12291E-02  3.41449E-02  2.38187E-03  5.18149E-03  5.29543E-04  1.84519E-03  1.01841E-03  7.86596E-05  3.13251E-04  1.12399E-04
  8265.00000  5.68164E-02  0.00000E+00  1.12265E-02  3.41329E-02  2.38128E-03  5.17980E-03  5.29409E-04  1.84435E-03  1.01808E-03  7.86395E-05  3.13113E-04  1.12362E-04
  8266.00000  5.67980E-02  0.00000E+00  1.12239E-02  3.41208E-02  2.38068E-03  5.17811E-03  5.29274E-04  1.84352E-03  1.01775E-03  7.86194E-05  3.12976E-04  1.12326E-04
  8267.00000  5.67796E-02  0.00000E+00  1.12213E-02  3.41088E-02  2.38009E-03  5.17643E-03  5.29140E-04  1.84269E-03  1.01742E-03  7.85993E-05  3.12838E-04  1.12289E-04
  8268.00000  5.67611E-02  0.00000E+00  1.12187E-02  3.40968E-02  2.37949E-03  5.17474E-03  5.29005E-04  1.84186E-03  1.01709E-03  7.85792E-05  3.12701E-04  1.12252E-04
  8269.00000  5.67427E-02  0.00000E+00  1.12161E-02  3.40847E-02  2.37890E-03  5.17306E-03  5.28871E-04  1.84103E-03  1.01676E-03  7.85590E-05  3.12563E-04  1.12216E-04
  8270.00000  5.67243E-02  0.00000E+00  1.12134E-02  3.40727E-02  2.37830E-03  5.17137E-03  5.28737E-04  1.84020E-03  1.01643E-03  7.85389E-05  3.12426E-04  1.12179E-04
  8271.00000  5.67059E-02  0.00000E+00  1.12108E-02  3.40607E-02  2.37771E-03  5.16969E-03  5.28602E-04  1.83937E-03  1.01610E-03  7.85188E-05  3.12289E-04  1.12143E-04
  8272.00000  5.66876E-02  0.00000E+00  1.12082E-02  3.40487E-02  2.37711E-03  5.16801E-03  5.28468E-04  1.83854E-03  1.01578E-03  7.84988E-05  3.12151E-04  1.12106E-04
  8273.00000  5.66692E-02  0.00000E+00  1.12056E-02  3.40367E-02  2.37652E-03  5.16633E-03  5.28334E-04  1.83771E-03  1.01545E-03  7.84787E-05  3.12014E-04  1.12069E-04
  8274.00000  5.66508E-02  0.00000E+00  1.12030E-02  3.40247E-02  2.37592E-03  5.16464E-03  5.28200E-04  1.83689E-03  1.01512E-03  7.84586E-05  3.11877E-04  1.12033E-04
  8275.00000  5.66325E-02  0.00000E+00  1.12004E-02  3.40127E-02  2.37533E-03  5.16296E-03  5.28066E-04  1.83606E-03  1.01479E-03  7.84385E-05  3.11740E-04  1.11996E-04
  8276.00000  5.66141E-02  0.00000E+00  1.11978E-02  3.40007E-02  2.37474E-03  5.16128E-03  5.27932E-04  1.83523E-03  1.01446E-03  7.84184E-05  3.11603E-04  1.11960E-04
  8277.00000  5.65958E-02  0.00000E+00  1.11952E-02  3.39887E-02  2.37414E-03  5.15961E-03  5.27798E-04  1.83440E-03  1.01413E-03  7.83983E-05  3.11466E-04  1.11923E-04
  8278.00000  5.65774E-02  0.00000E+00  1.11926E-02  3.39767E-02  2.37355E-03  5.15793E-03  5.27664E-04  1.83358E-03  1.01381E-03  7.83783E-05  3.11330E-04  1.11887E-04
  8279.00000  5.65591E-02  0.00000E+00  1.11900E-02  3.39647E-02  2.37296E-03  5.15625E-03  5.27530E-04  1.83275E-03  1.01348E-03  7.83582E-05  3.11193E-04  1.11850E-04
  8280.00000  5.65408E-02  0.00000E+00  1.11874E-02  3.39528E-02  2.37236E-03  5.15457E-03  5.27396E-04  1.83193E-03  1.01315E-03  7.83382E-05  3.11056E-04  1.11814E-04
  8281.00000  5.65225E-02  0.00000E+00  1.11848E-02  3.39408E-02  2.37177E-03  5.15290E-03  5.27262E-04  1.83110E-03  1.01282E-03  7.83181E-05  3.10920E-04  1.11777E-04
  8282.00000  5.65042E-02  0.00000E+00  1.11822E-02  3.39288E-02  2.37118E-03  5.15122E-03  5.27129E-04  1.83028E-03  1.01250E-03  7.82981E-05  3.10783E-04  1.11741E-04
  8283.00000  5.64859E-02  0.00000E+00  1.11796E-02  3.39169E-02  2.37059E-03  5.14955E-03  5.26995E-04  1.82945E-03  1.01217E-03  7.82780E-05  3.10647E-04  1.11704E-04
  8284.00000  5.64676E-02  0.00000E+00  1.11770E-02  3.39049E-02  2.37000E-03  5.14787E-03  5.26862E-04  1.82863E-03  1.01184E-03  7.82580E-05  3.10511E-04  1.11668E-04
  8285.00000  5.64493E-02  0.00000E+00  1.11744E-02  3.38930E-02  2.36940E-03  5.14620E-03  5.26728E-04  1.82781E-03  1.01151E-03  7.82379E-05  3.10374E-04  1.11631E-04
  8286.00000  5.64310E-02  0.00000E+00  1.11718E-02  3.38811E-02  2.36881E-03  5.14453E-03  5.26595E-04  1.82698E-03  1.01119E-03  7.82179E-05  3.10238E-04  1.11595E-04
  8287.00000  5.64128E-02  0.00000E+00  1.11692E-02  3.38691E-02  2.36822E-03  5.14286E-03  5.26461E-04  1.82616E-03  1.01086E-03  7.81979E-05  3.10102E-04  1.11559E-04
  8288.00000  5.63945E-02  0.00000E+00  1.11666E-02  3.38572E-02  2.36763E-03  5.14118E-03  5.26328E-04  1.82534E-03  1.01053E-03  7.81779E-05  3.09966E-04  1.11522E-04
  8289.00000  5.63763E-02  0.00000E+00  1.11640E-02  3.38453E-02  2.36704E-03  5.13951E-03  5.26194E-04  1.82452E-03  1.01021E-03  7.81579E-05  3.09830E-04  1.11486E-04
  8290.00000  5.63580E-02  0.00000E+00  1.11614E-02  3.38334E-02  2.36645E-03  5.13784E-03  5.26061E-04  1.82370E-03  1.00988E-03  7.81378E-05  3.09694E-04  1.11449E-04
  8291.00000  5.63398E-02  0.00000E+00  1.11589E-02  3.38214E-02  2.36586E-03  5.13617E-03  5.25928E-04  1.82288E-03  1.00955E-03  7.81178E-05  3.09559E-04  1.11413E-04
  8292.00000  5.63215E-02  0.00000E+00  1.11563E-02  3.38095E-02  2.36527E-03  5.13451E-03  5.25795E-04  1.82206E-03  1.00923E-03  7.80978E-05  3.09423E-04  1.11377E-04
  8293.00000  5.63033E-02  0.00000E+00  1.11537E-02  3.37976E-02  2.36468E-03  5.13284E-03  5.25662E-04  1.82124E-03  1.00890E-03  7.80779E-05  3.09287E-04  1.11340E-04
  8294.00000  5.62851E-02  0.00000E+00  1.11511E-02  3.37857E-02  2.36409E-03  5.13117E-03  5.25528E-04  1.82042E-03  1.00858E-03  7.80579E-05  3.09152E-04  1.11304E-04
  8295.00000  5.62669E-02  0.00000E+00  1.11485E-02  3.37739E-02  2.36350E-03  5.12950E-03  5.25395E-04  1.81960E-03  1.00825E-03  7.80379E-05  3.09016E-04  1.11268E-04
  8296.00000  5.62487E-02  0.00000E+00  1.11459E-02  3.37620E-02  2.36291E-03  5.12784E-03  5.25263E-04  1.81878E-03  1.00792E-03  7.80179E-05  3.08881E-04  1.11231E-04
  8297.00000  5.62305E-02  0.00000E+00  1.11433E-02  3.37501E-02  2.36232E-03  5.12617E-03  5.25130E-04  1.81796E-03  1.00760E-03  7.79979E-05  3.08746E-04  1.11195E-04
  8298.00000  5.62123E-02  0.00000E+00  1.11407E-02  3.37382E-02  2.36173E-03  5.12451E-03  5.24997E-04  1.81715E-03  1.00727E-03  7.79780E-05  3.08610E-04  1.11159E-04
  8299.00000  5.61942E-02  0.00000E+00  1.11381E-02  3.37263E-02  2.36114E-03  5.12284E-03  5.24864E-04  1.81633E-03  1.00695E-03  7.79580E-05  3.08475E-04  1.11122E-04
  8300.00000  5.61760E-02  0.00000E+00  1.11356E-02  3.37145E-02  2.36055E-03  5.12118E-03  5.24731E-04  1.81551E-03  1.00662E-03  7.79381E-05  3.08340E-04  1.11086E-04
  8301.00000  5.61579E-02  0.00000E+00  1.11330E-02  3.37026E-02  2.35996E-03  5.11952E-03  5.24599E-04  1.81470E-03  1.00630E-03  7.79181E-05  3.08205E-04  1.11050E-04
  8302.00000  5.61397E-02  0.00000E+00  1.11304E-02  3.36908E-02  2.35938E-03  5.11786E-03  5.24466E-04  1.81388E-03  1.00597E-03  7.78982E-05  3.08070E-04  1.11014E-04
  8303.00000  5.61216E-02  0.00000E+00  1.11278E-02  3.36789E-02  2.35879E-03  5.11620E-03  5.24333E-04  1.81307E-03  1.00565E-03  7.78782E-05  3.07935E-04  1.10977E-04
  8304.00000  5.61034E-02  0.00000E+00  1.11252E-02  3.36671E-02  2.35820E-03  5.11453E-03  5.24201E-04  1.81225E-03  1.00532E-03  7.78583E-05  3.07801E-04  1.10941E-04
  8305.00000  5.60853E-02  0.00000E+00  1.11227E-02  3.36552E-02  2.35761E-03  5.11287E-03  5.24068E-04  1.81144E-03  1.00500E-03  7.78383E-05  3.07666E-04  1.10905E-04
  8306.00000  5.60672E-02  0.00000E+00  1.11201E-02  3.36434E-02  2.35703E-03  5.11122E-03  5.23936E-04  1.81062E-03  1.00468E-03  7.78184E-05  3.07531E-04  1.10869E-04
  8307.00000  5.60491E-02  0.00000E+00  1.11175E-02  3.36316E-02  2.35644E-03  5.10956E-03  5.23803E-04  1.80981E-03  1.00435E-03  7.77985E-05  3.07397E-04  1.10832E-04
  8308.00000  5.60310E-02  0.00000E+00  1.11149E-02  3.36198E-02  2.35585E-03  5.10790E-03  5.23671E-04  1.80900E-03  1.00403E-03  7.77786E-05  3.07262E-04  1.10796E-04
  8309.00000  5.60129E-02  0.00000E+00  1.11123E-02  3.36080E-02  2.35527E-03  5.10624E-03  5.23539E-04  1.80818E-03  1.00370E-03  7.77587E-05  3.07128E-04  1.10760E-04
  8310.00000  5.59948E-02  0.00000E+00  1.11098E-02  3.35962E-02  2.35468E-03  5.10458E-03  5.23407E-04  1.80737E-03  1.00338E-03  7.77388E-05  3.06993E-04  1.10724E-04
  8311.00000  5.59767E-02  0.00000E+00  1.11072E-02  3.35843E-02  2.35409E-03  5.10293E-03  5.23274E-04  1.80656E-03  1.00306E-03  7.77189E-05  3.06859E-04  1.10687E-04
  8312.00000  5.59586E-02  0.00000E+00  1.11046E-02  3.35725E-02  2.35351E-03  5.10127E-03  5.23142E-04  1.80575E-03  1.00273E-03  7.76990E-05  3.06725E-04  1.10651E-04
  8313.00000  5.59406E-02  0.00000E+00  1.11020E-02  3.35608E-02  2.35292E-03  5.09962E-03  5.23010E-04  1.80494E-03  1.00241E-03  7.76791E-05  3.06591E-04  1.10615E-04
  8314.00000  5.59225E-02  0.00000E+00  1.10995E-02  3.35490E-02  2.35234E-03  5.09797E-03  5.22878E-04  1.80413E-03  1.00209E-03  7.76592E-05  3.06457E-04  1.10579E-04
  8315.00000  5.59045E-02  0.00000E+00  1.10969E-02  3.35372E-02  2.35175E-03  5.09631E-03  5.22746E-04  1.80332E-03  1.00176E-03  7.76393E-05  3.06323E-04  1.10543E-04
  8316.00000  5.58864E-02  0.00000E+00  1.10943E-02  3.35254E-02  2.35117E-03  5.09466E-03  5.22614E-04  1.80251E-03  1.00144E-03  7.76194E-05  3.06189E-04  1.10507E-04
  8317.00000  5.58684E-02  0.00000E+00  1.10918E-02  3.35136E-02  2.35058E-03  5.09301E-03  5.22482E-04  1.80170E-03  1.00112E-03  7.75996E-05  3.06055E-04  1.10471E-04
  8318.00000  5.58504E-02  0.00000E+00  1.10892E-02  3.35019E-02  2.35000E-03  5.09136E-03  5.22350E-04  1.80089E-03  1.00080E-03  7.75797E-05  3.05921E-04  1.10434E-04
  8319.00000  5.58324E-02  0.00000E+00  1.10866E-02  3.34901E-02  2.34941E-03  5.08971E-03  5.22218E-04  1.80008E-03  1.00047E-03  7.75598E-05  3.05788E-04  1.10398E-04
  8320.00000  5.58144E-02  0.00000E+00  1.10840E-02  3.34784E-02  2.34883E-03  5.08806E-03  5.22087E-04  1.79928E-03  1.00015E-03  7.75400E-05  3.05654E-04  1.10362E-04
  8321.00000  5.57964E-02  0.00000E+00  1.10815E-02  3.34666E-02  2.34825E-03  5.08641E-03  5.21955E-04  1.79847E-03  9.99831E-04  7.75201E-05  3.05521E-04  1.10326E-04
  8322.00000  5.57784E-02  0.00000E+00  1.10789E-02  3.34549E-02  2.34766E-03  5.08476E-03  5.21823E-04  1.79766E-03  9.99509E-04  7.75003E-05  3.05387E-04  1.10290E-04
  8323.00000  5.57604E-02  0.00000E+00  1.10763E-02  3.34431E-02  2.34708E-03  5.08311E-03  5.21691E-04  1.79686E-03  9.99187E-04  7.74804E-05  3.05254E-04  1.10254E-04
  8324.00000  5.57424E-02  0.00000E+00  1.10738E-02  3.34314E-02  2.34650E-03  5.08147E-03  5.21560E-04  1.79605E-03  9.98865E-04  7.74606E-05  3.05120E-04  1.10218E-04
  8325.00000  5.57244E-02  0.00000E+00  1.10712E-02  3.34197E-02  2.34591E-03  5.07982E-03  5.21428E-04  1.79525E-03  9.98544E-04  7.74407E-05  3.04987E-04  1.10182E-04
  8326.00000  5.57065E-02  0.00000E+00  1.10687E-02  3.34079E-02  2.34533E-03  5.07818E-03  5.21297E-04  1.79444E-03  9.98223E-04  7.74209E-05  3.04854E-04  1.10146E-04
  8327.00000  5.56885E-02  0.00000E+00  1.10661E-02  3.33962E-02  2.34475E-03  5.07653E-03  5.21165E-04  1.79364E-03  9.97902E-04  7.74011E-05  3.04721E-04  1.10110E-04
  8328.00000  5.56706E-02  0.00000E+00  1.10635E-02  3.33845E-02  2.34416E-03  5.07489E-03  5.21034E-04  1.79283E-03  9.97581E-04  7.73813E-05  3.04588E-04  1.10074E-04
  8329.00000  5.56526E-02  0.00000E+00  1.10610E-02  3.33728E-02  2.34358E-03  5.07324E-03  5.20902E-04  1.79203E-03  9.97260E-04  7.73614E-05  3.04455E-04  1.10038E-04
  8330.00000  5.56347E-02  0.00000E+00  1.10584E-02  3.33611E-02  2.34300E-03  5.07160E-03  5.20771E-04  1.79123E-03  9.96939E-04  7.73416E-05  3.04322E-04  1.10002E-04
  8331.00000  5.56168E-02  0.00000E+00  1.10559E-02  3.33494E-02  2.34242E-03  5.06996E-03  5.20640E-04  1.79042E-03  9.96618E-04  7.73218E-05  3.04189E-04  1.09966E-04
  8332.00000  5.55989E-02  0.00000E+00  1.10533E-02  3.33377E-02  2.34184E-03  5.06832E-03  5.20508E-04  1.78962E-03  9.96298E-04  7.73020E-05  3.04056E-04  1.09930E-04
  8333.00000  5.55810E-02  0.00000E+00  1.10507E-02  3.33260E-02  2.34126E-03  5.06668E-03  5.20377E-04  1.78882E-03  9.95978E-04  7.72822E-05  3.03924E-04  1.09894E-04
  8334.00000  5.55631E-02  0.00000E+00  1.10482E-02  3.33143E-02  2.34068E-03  5.06504E-03  5.20246E-04  1.78802E-03  9.95657E-04  7.72624E-05  3.03791E-04  1.09858E-04
  8335.00000  5.55452E-02  0.00000E+00  1.10456E-02  3.33027E-02  2.34009E-03  5.06340E-03  5.20115E-04  1.78722E-03  9.95337E-04  7.72426E-05  3.03658E-04  1.09822E-04
  8336.00000  5.55273E-02  0.00000E+00  1.10431E-02  3.32910E-02  2.33951E-03  5.06176E-03  5.19984E-04  1.78642E-03  9.95017E-04  7.72228E-05  3.03526E-04  1.09786E-04
  8337.00000  5.55094E-02  0.00000E+00  1.10405E-02  3.32793E-02  2.33893E-03  5.06013E-03  5.19853E-04  1.78562E-03  9.94698E-04  7.72030E-05  3.03393E-04  1.09750E-04
  8338.00000  5.54916E-02  0.00000E+00  1.10380E-02  3.32676E-02  2.33835E-03  5.05849E-03  5.19722E-04  1.78482E-03  9.94378E-04  7.71832E-05  3.03261E-04  1.09714E-04
  8339.00000  5.54737E-02  0.00000E+00  1.10354E-02  3.32560E-02  2.33777E-03  5.05685E-03  5.19591E-04  1.78402E-03  9.94058E-04  7.71635E-05  3.03129E-04  1.09679E-04
  8340.00000  5.54558E-02  0.00000E+00  1.10329E-02  3.32443E-02  2.33719E-03  5.05522E-03  5.19460E-04  1.78322E-03  9.93739E-04  7.71437E-05  3.02997E-04  1.09643E-04
  8341.00000  5.54380E-02  0.00000E+00  1.10303E-02  3.32327E-02  2.33661E-03  5.05359E-03  5.19329E-04  1.78243E-03  9.93420E-04  7.71239E-05  3.02864E-04  1.09607E-04
  8342.00000  5.54201E-02  0.00000E+00  1.10278E-02  3.32210E-02  2.33603E-03  5.05195E-03  5.19198E-04  1.78163E-03  9.93101E-04  7.71042E-05  3.02732E-04  1.09571E-04
  8343.00000  5.54023E-02  0.00000E+00  1.10252E-02  3.32094E-02  2.33545E-03  5.05032E-03  5.19067E-04  1.78083E-03  9.92782E-04  7.70844E-05  3.02600E-04  1.09535E-04
  8344.00000  5.53845E-02  0.00000E+00  1.10227E-02  3.31978E-02  2.33488E-03  5.04869E-03  5.18936E-04  1.78004E-03  9.92463E-04  7.70647E-05  3.02468E-04  1.09500E-04
  8345.00000  5.53667E-02  0.00000E+00  1.10201E-02  3.31862E-02  2.33430E-03  5.04706E-03  5.18806E-04  1.77924E-03  9.92144E-04  7.70449E-05  3.02337E-04  1.09464E-04
  8346.00000  5.53489E-02  0.00000E+00  1.10176E-02  3.31745E-02  2.33372E-03  5.04542E-03  5.18675E-04  1.77844E-03  9.91825E-04  7.70252E-05  3.02205E-04  1.09428E-04
  8347.00000  5.53311E-02  0.00000E+00  1.10150E-02  3.31629E-02  2.33314E-03  5.04379E-03  5.18544E-04  1.77765E-03  9.91507E-04  7.70054E-05  3.02073E-04  1.09392E-04
  8348.00000  5.53133E-02  0.00000E+00  1.10125E-02  3.31513E-02  2.33256E-03  5.04217E-03  5.18414E-04  1.77685E-03  9.91189E-04  7.69857E-05  3.01941E-04  1.09357E-04
  8349.00000  5.52955E-02  0.00000E+00  1.10100E-02  3.31397E-02  2.33198E-03  5.04054E-03  5.18283E-04  1.77606E-03  9.90870E-04  7.69660E-05  3.01810E-04  1.09321E-04
  8350.00000  5.52777E-02  0.00000E+00  1.10074E-02  3.31281E-02  2.33140E-03  5.03891E-03  5.18153E-04  1.77527E-03  9.90552E-04  7.69462E-05  3.01678E-04  1.09285E-04
  8351.00000  5.52599E-02  0.00000E+00  1.10049E-02  3.31165E-02  2.33083E-03  5.03728E-03  5.18022E-04  1.77447E-03  9.90234E-04  7.69265E-05  3.01547E-04  1.09249E-04
  8352.00000  5.52422E-02  0.00000E+00  1.10023E-02  3.31049E-02  2.33025E-03  5.03566E-03  5.17892E-04  1.77368E-03  9.89916E-04  7.69068E-05  3.01415E-04  1.09214E-04
  8353.00000  5.52244E-02  0.00000E+00  1.09998E-02  3.30933E-02  2.32967E-03  5.03403E-03  5.17762E-04  1.77289E-03  9.89599E-04  7.68871E-05  3.01284E-04  1.09178E-04
  8354.00000  5.52067E-02  0.00000E+00  1.09973E-02  3.30817E-02  2.32909E-03  5.03240E-03  5.17631E-04  1.77209E-03  9.89281E-04  7.68674E-05  3.01153E-04  1.09142E-04
  8355.00000  5.51889E-02  0.00000E+00  1.09947E-02  3.30702E-02  2.32852E-03  5.03078E-03  5.17501E-04  1.77130E-03  9.88964E-04  7.68477E-05  3.01022E-04  1.09107E-04
  8356.00000  5.51712E-02  0.00000E+00  1.09922E-02  3.30586E-02  2.32794E-03  5.02916E-03  5.17371E-04  1.77051E-03  9.88646E-04  7.68280E-05  3.00890E-04  1.09071E-04
  8357.00000  5.51535E-02  0.00000E+00  1.09896E-02  3.30470E-02  2.32736E-03  5.02753E-03  5.17241E-04  1.76972E-03  9.88329E-04  7.68083E-05  3.00759E-04  1.09036E-04
  8358.00000  5.51358E-02  0.00000E+00  1.09871E-02  3.30355E-02  2.32679E-03  5.02591E-03  5.17111E-04  1.76893E-03  9.88012E-04  7.67886E-05  3.00628E-04  1.09000E-04
  8359.00000  5.51180E-02  0.00000E+00  1.09846E-02  3.30239E-02  2.32621E-03  5.02429E-03  5.16980E-04  1.76814E-03  9.87695E-04  7.67690E-05  3.00497E-04  1.08965E-04
  8360.00000  5.51003E-02  0.00000E+00  1.09820E-02  3.30124E-02  2.32563E-03  5.02267E-03  5.16850E-04  1.76735E-03  9.87378E-04  7.67493E-05  3.00367E-04  1.08929E-04
  8361.00000  5.50826E-02  0.00000E+00  1.09795E-02  3.30008E-02  2.32506E-03  5.02105E-03  5.16720E-04  1.76656E-03  9.87061E-04  7.67296E-05  3.00236E-04  1.08894E-04
  8362.00000  5.50650E-02  0.00000E+00  1.09770E-02  3.29893E-02  2.32448E-03  5.01943E-03  5.16591E-04  1.76577E-03  9.86745E-04  7.67100E-05  3.00105E-04  1.08858E-04
  8363.00000  5.50473E-02  0.00000E+00  1.09744E-02  3.29778E-02  2.32391E-03  5.01781E-03  5.16461E-04  1.76498E-03  9.86428E-04  7.66903E-05  2.99975E-04  1.08823E-04
  8364.00000  5.50296E-02  0.00000E+00  1.09719E-02  3.29662E-02  2.32333E-03  5.01619E-03  5.16331E-04  1.76420E-03  9.86112E-04  7.66707E-05  2.99844E-04  1.08787E-04
  8365.00000  5.50119E-02  0.00000E+00  1.09694E-02  3.29547E-02  2.32276E-03  5.01457E-03  5.16201E-04  1.76341E-03  9.85796E-04  7.66510E-05  2.99713E-04  1.08752E-04
  8366.00000  5.49943E-02  0.00000E+00  1.09668E-02  3.29432E-02  2.32218E-03  5.01296E-03  5.16071E-04  1.76262E-03  9.85480E-04  7.66314E-05  2.99583E-04  1.08716E-04
  8367.00000  5.49766E-02  0.00000E+00  1.09643E-02  3.29317E-02  2.32161E-03  5.01134E-03  5.15942E-04  1.76183E-03  9.85164E-04  7.66118E-05  2.99453E-04  1.08681E-04
  8368.00000  5.49590E-02  0.00000E+00  1.09618E-02  3.29202E-02  2.32103E-03  5.00972E-03  5.15812E-04  1.76105E-03  9.84848E-04  7.65922E-05  2.99322E-04  1.08645E-04
  8369.00000  5.49414E-02  0.00000E+00  1.09593E-02  3.29087E-02  2.32046E-03  5.00811E-03  5.15682E-04  1.76026E-03  9.84532E-04  7.65725E-05  2.99192E-04  1.08610E-04
  8370.00000  5.49237E-02  0.00000E+00  1.09567E-02  3.28972E-02  2.31988E-03  5.00650E-03  5.15553E-04  1.75948E-03  9.84216E-04  7.65529E-05  2.99062E-04  1.08575E-04
  8371.00000  5.49061E-02  0.00000E+00  1.09542E-02  3.28857E-02  2.31931E-03  5.00488E-03  5.15423E-04  1.75869E-03  9.83901E-04  7.65333E-05  2.98932E-04  1.08539E-04
  8372.00000  5.48885E-02  0.00000E+00  1.09517E-02  3.28742E-02  2.31873E-03  5.00327E-03  5.15294E-04  1.75791E-03  9.83586E-04  7.65137E-05  2.98802E-04  1.08504E-04
  8373.00000  5.48709E-02  0.00000E+00  1.09492E-02  3.28627E-02  2.31816E-03  5.00166E-03  5.15165E-04  1.75712E-03  9.83270E-04  7.64941E-05  2.98672E-04  1.08469E-04
  8374.00000  5.48533E-02  0.00000E+00  1.09466E-02  3.28513E-02  2.31759E-03  5.00004E-03  5.15035E-04  1.75634E-03  9.82955E-04  7.64746E-05  2.98542E-04  1.08433E-04
  8375.00000  5.48357E-02  0.00000E+00  1.09441E-02  3.28398E-02  2.31701E-03  4.99843E-03  5.14906E-04  1.75556E-03  9.82640E-04  7.64550E-05  2.98412E-04  1.08398E-04
  8376.00000  5.48182E-02  0.00000E+00  1.09416E-02  3.28283E-02  2.31644E-03  4.99682E-03  5.14777E-04  1.75477E-03  9.82325E-04  7.64354E-05  2.98283E-04  1.08363E-04
  8377.00000  5.48006E-02  0.00000E+00  1.09391E-02  3.28169E-02  2.31587E-03  4.99521E-03  5.14648E-04  1.75399E-03  9.82011E-04  7.64159E-05  2.98153E-04  1.08328E-04
  8378.00000  5.47830E-02  0.00000E+00  1.09366E-02  3.28054E-02  2.31530E-03  4.99360E-03  5.14519E-04  1.75321E-03  9.81696E-04  7.63963E-05  2.98024E-04  1.08292E-04
  8379.00000  5.47655E-02  0.00000E+00  1.09340E-02  3.27940E-02  2.31472E-03  4.99199E-03  5.14389E-04  1.75243E-03  9.81382E-04  7.63768E-05  2.97894E-04  1.08257E-04
  8380.00000  5.47479E-02  0.00000E+00  1.09315E-02  3.27825E-02  2.31415E-03  4.99039E-03  5.14260E-04  1.75165E-03  9.81067E-04  7.63572E-05  2.97765E-04  1.08222E-04
  8381.00000  5.47304E-02  0.00000E+00  1.09290E-02  3.27711E-02  2.31358E-03  4.98878E-03  5.14131E-04  1.75086E-03  9.80753E-04  7.63377E-05  2.97635E-04  1.08187E-04
  8382.00000  5.47128E-02  0.00000E+00  1.09265E-02  3.27597E-02  2.31301E-03  4.98717E-03  5.14003E-04  1.75008E-03  9.80439E-04  7.63182E-05  2.97506E-04  1.08152E-04
  8383.00000  5.46953E-02  0.00000E+00  1.09240E-02  3.27482E-02  2.31244E-03  4.98556E-03  5.13874E-04  1.74930E-03  9.80125E-04  7.62986E-05  2.97377E-04  1.08117E-04
  8384.00000  5.46778E-02  0.00000E+00  1.09215E-02  3.27368E-02  2.31186E-03  4.98396E-03  5.13745E-04  1.74852E-03  9.79811E-04  7.62791E-05  2.97248E-04  1.08081E-04
  8385.00000  5.46603E-02  0.00000E+00  1.09190E-02  3.27254E-02  2.31129E-03  4.98235E-03  5.13616E-04  1.74775E-03  9.79498E-04  7.62596E-05  2.97119E-04  1.08046E-04
  8386.00000  5.46428E-02  0.00000E+00  1.09164E-02  3.27140E-02  2.31072E-03  4.98075E-03  5.13487E-04  1.74697E-03  9.79184E-04  7.62401E-05  2.96990E-04  1.08011E-04
  8387.00000  5.46253E-02  0.00000E+00  1.09139E-02  3.27026E-02  2.31015E-03  4.97915E-03  5.13359E-04  1.74619E-03  9.78871E-04  7.62206E-05  2.96861E-04  1.07976E-04
  8388.00000  5.46078E-02  0.00000E+00  1.09114E-02  3.26912E-02  2.30958E-03  4.97754E-03  5.13230E-04  1.74541E-03  9.78558E-04  7.62012E-05  2.96732E-04  1.07941E-04
  8389.00000  5.45903E-02  0.00000E+00  1.09089E-02  3.26798E-02  2.30901E-03  4.97594E-03  5.13102E-04  1.74463E-03  9.78245E-04  7.61817E-05  2.96603E-04  1.07906E-04
  8390.00000  5.45728E-02  0.00000E+00  1.09064E-02  3.26684E-02  2.30844E-03  4.97434E-03  5.12973E-04  1.74386E-03  9.77932E-04  7.61622E-05  2.96474E-04  1.07871E-04
  8391.00000  5.45554E-02  0.00000E+00  1.09039E-02  3.26570E-02  2.30787E-03  4.97274E-03  5.12845E-04  1.74308E-03  9.77619E-04  7.61427E-05  2.96346E-04  1.07836E-04
  8392.00000  5.45379E-02  0.00000E+00  1.09014E-02  3.26456E-02  2.30730E-03  4.97114E-03  5.12716E-04  1.74230E-03  9.77306E-04  7.61233E-05  2.96217E-04  1.07801E-04
  8393.00000  5.45204E-02  0.00000E+00  1.08989E-02  3.26342E-02  2.30673E-03  4.96954E-03  5.12588E-04  1.74153E-03  9.76993E-04  7.61038E-05  2.96089E-04  1.07766E-04
  8394.00000  5.45030E-02  0.00000E+00  1.08964E-02  3.26228E-02  2.30616E-03  4.96794E-03  5.12460E-04  1.74075E-03  9.76681E-04  7.60844E-05  2.95960E-04  1.07731E-04
  8395.00000  5.44856E-02  0.00000E+00  1.08939E-02  3.26115E-02  2.30559E-03  4.96634E-03  5.12331E-04  1.73998E-03  9.76369E-04  7.60649E-05  2.95832E-04  1.07696E-04
  8396.00000  5.44681E-02  0.00000E+00  1.08914E-02  3.26001E-02  2.30503E-03  4.96474E-03  5.12203E-04  1.73920E-03  9.76057E-04  7.60455E-05  2.95704E-04  1.07661E-04
  8397.00000  5.44507E-02  0.00000E+00  1.08889E-02  3.25888E-02  2.30446E-03  4.96315E-03  5.12075E-04  1.73843E-03  9.75745E-04  7.60261E-05  2.95575E-04  1.07627E-04
  8398.00000  5.44333E-02  0.00000E+00  1.08864E-02  3.25774E-02  2.30389E-03  4.96155E-03  5.11947E-04  1.73765E-03  9.75433E-04  7.60067E-05  2.95447E-04  1.07592E-04
  8399.00000  5.44159E-02  0.00000E+00  1.08839E-02  3.25661E-02  2.30332E-03  4.95995E-03  5.11819E-04  1.73688E-03  9.75121E-04  7.59873E-05  2.95319E-04  1.07557E-04
  8400.00000  5.43985E-02  0.00000E+00  1.08814E-02  3.25547E-02  2.30275E-03  4.95836E-03  5.11691E-04  1.73611E-03  9.74809E-04  7.59678E-05  2.95191E-04  1.07522E-04
  8401.00000  5.43811E-02  0.00000E+00  1.08789E-02  3.25434E-02  2.30219E-03  4.95676E-03  5.11563E-04  1.73534E-03  9.74498E-04  7.59484E-05  2.95063E-04  1.07487E-04
  8402.00000  5.43637E-02  0.00000E+00  1.08764E-02  3.25320E-02  2.30162E-03  4.95517E-03  5.11435E-04  1.73456E-03  9.74187E-04  7.59291E-05  2.94935E-04  1.07452E-04
  8403.00000  5.43463E-02  0.00000E+00  1.08739E-02  3.25207E-02  2.30105E-03  4.95358E-03  5.11307E-04  1.73379E-03  9.73876E-04  7.59097E-05  2.94808E-04  1.07418E-04
  8404.00000  5.43290E-02  0.00000E+00  1.08714E-02  3.25094E-02  2.30048E-03  4.95198E-03  5.11179E-04  1.73302E-03  9.73565E-04  7.58903E-05  2.94680E-04  1.07383E-04
  8405.00000  5.43116E-02  0.00000E+00  1.08689E-02  3.24981E-02  2.29992E-03  4.95039E-03  5.11051E-04  1.73225E-03  9.73254E-04  7.58709E-05  2.94552E-04  1.07348E-04
  8406.00000  5.42942E-02  0.00000E+00  1.08664E-02  3.24868E-02  2.29935E-03  4.94880E-03  5.10923E-04  1.73148E-03  9.72943E-04  7.58515E-05  2.94425E-04  1.07314E-04
  8407.00000  5.42769E-02  0.00000E+00  1.08639E-02  3.24754E-02  2.29879E-03  4.94721E-03  5.10795E-04  1.73071E-03  9.72632E-04  7.58322E-05  2.94297E-04  1.07279E-04
  8408.00000  5.42595E-02  0.00000E+00  1.08614E-02  3.24641E-02  2.29822E-03  4.94562E-03  5.10668E-04  1.72994E-03  9.72322E-04  7.58128E-05  2.94170E-04  1.07244E-04
  8409.00000  5.42422E-02  0.00000E+00  1.08589E-02  3.24528E-02  2.29765E-03  4.94403E-03  5.10540E-04  1.72917E-03  9.72011E-04  7.57935E-05  2.94042E-04  1.07209E-04
  8410.00000  5.42249E-02  0.00000E+00  1.08564E-02  3.24416E-02  2.29709E-03  4.94245E-03  5.10412E-04  1.72841E-03  9.71701E-04  7.57741E-05  2.93915E-04  1.07175E-04
  8411.00000  5.42076E-02  0.00000E+00  1.08539E-02  3.24303E-02  2.29652E-03  4.94086E-03  5.10285E-04  1.72764E-03  9.71391E-04  7.57548E-05  2.93788E-04  1.07140E-04
  8412.00000  5.41903E-02  0.00000E+00  1.08514E-02  3.24190E-02  2.29596E-03  4.93927E-03  5.10157E-04  1.72687E-03  9.71081E-04  7.57355E-05  2.93660E-04  1.07106E-04
  8413.00000  5.41729E-02  0.00000E+00  1.08489E-02  3.24077E-02  2.29539E-03  4.93769E-03  5.10030E-04  1.72610E-03  9.70771E-04  7.57161E-05  2.93533E-04  1.07071E-04
  8414.00000  5.41557E-02  0.00000E+00  1.08464E-02  3.23964E-02  2.29483E-03  4.93610E-03  5.09902E-04  1.72534E-03  9.70462E-04  7.56968E-05  2.93406E-04  1.07036E-04
  8415.00000  5.41384E-02  0.00000E+00  1.08440E-02  3.23852E-02  2.29426E-03  4.93452E-03  5.09775E-04  1.72457E-03  9.70152E-04  7.56775E-05  2.93279E-04  1.07002E-04
  8416.00000  5.41211E-02  0.00000E+00  1.08415E-02  3.23739E-02  2.29370E-03  4.93293E-03  5.09648E-04  1.72380E-03  9.69843E-04  7.56582E-05  2.93152E-04  1.06967E-04
  8417.00000  5.41038E-02  0.00000E+00  1.08390E-02  3.23627E-02  2.29313E-03  4.93135E-03  5.09520E-04  1.72304E-03  9.69534E-04  7.56389E-05  2.93026E-04  1.06933E-04
  8418.00000  5.40865E-02  0.00000E+00  1.08365E-02  3.23514E-02  2.29257E-03  4.92977E-03  5.09393E-04  1.72227E-03  9.69225E-04  7.56196E-05  2.92899E-04  1.06898E-04
  8419.00000  5.40693E-02  0.00000E+00  1.08340E-02  3.23402E-02  2.29200E-03  4.92818E-03  5.09266E-04  1.72151E-03  9.68916E-04  7.56003E-05  2.92772E-04  1.06864E-04
  8420.00000  5.40520E-02  0.00000E+00  1.08315E-02  3.23289E-02  2.29144E-03  4.92660E-03  5.09139E-04  1.72075E-03  9.68607E-04  7.55810E-05  2.92645E-04  1.06829E-04
  8421.00000  5.40348E-02  0.00000E+00  1.08290E-02  3.23177E-02  2.29088E-03  4.92502E-03  5.09011E-04  1.71998E-03  9.68298E-04  7.55618E-05  2.92519E-04  1.06795E-04
  8422.00000  5.40176E-02  0.00000E+00  1.08266E-02  3.23064E-02  2.29031E-03  4.92344E-03  5.08884E-04  1.71922E-03  9.67989E-04  7.55425E-05  2.92392E-04  1.06761E-04
  8423.00000  5.40003E-02  0.00000E+00  1.08241E-02  3.22952E-02  2.28975E-03  4.92186E-03  5.08757E-04  1.71846E-03  9.67681E-04  7.55232E-05  2.92266E-04  1.06726E-04
  8424.00000  5.39831E-02  0.00000E+00  1.08216E-02  3.22840E-02  2.28919E-03  4.92029E-03  5.08630E-04  1.71769E-03  9.67372E-04  7.55040E-05  2.92139E-04  1.06692E-04
  8425.00000  5.39659E-02  0.00000E+00  1.08191E-02  3.22728E-02  2.28862E-03  4.91871E-03  5.08503E-04  1.71693E-03  9.67064E-04  7.54847E-05  2.92013E-04  1.06658E-04
  8426.00000  5.39487E-02  0.00000E+00  1.08166E-02  3.22616E-02  2.28806E-03  4.91713E-03  5.08376E-04  1.71617E-03  9.66756E-04  7.54655E-05  2.91887E-04  1.06623E-04
  8427.00000  5.39315E-02  0.00000E+00  1.08142E-02  3.22504E-02  2.28750E-03  4.91556E-03  5.08249E-04  1.71541E-03  9.66448E-04  7.54462E-05  2.91761E-04  1.06589E-04
  8428.00000  5.39143E-02  0.00000E+00  1.08117E-02  3.22392E-02  2.28694E-03  4.91398E-03  5.08122E-04  1.71465E-03  9.66140E-04  7.54270E-05  2.91634E-04  1.06555E-04
  8429.00000  5.38971E-02  0.00000E+00  1.08092E-02  3.22280E-02  2.28638E-03  4.91240E-03  5.07995E-04  1.71389E-03  9.65833E-04  7.54078E-05  2.91508E-04  1.06520E-04
  8430.00000  5.38799E-02  0.00000E+00  1.08067E-02  3.22168E-02  2.28581E-03  4.91083E-03  5.07869E-04  1.71313E-03  9.65525E-04  7.53886E-05  2.91382E-04  1.06486E-04
  8431.00000  5.38628E-02  0.00000E+00  1.08043E-02  3.22056E-02  2.28525E-03  4.90926E-03  5.07742E-04  1.71237E-03  9.65218E-04  7.53694E-05  2.91256E-04  1.06452E-04
  8432.00000  5.38456E-02  0.00000E+00  1.08018E-02  3.21944E-02  2.28469E-03  4.90768E-03  5.07615E-04  1.71161E-03  9.64910E-04  7.53502E-05  2.91130E-04  1.06418E-04
  8433.00000  5.38285E-02  0.00000E+00  1.07993E-02  3.21833E-02  2.28413E-03  4.90611E-03  5.07488E-04  1.71085E-03  9.64603E-04  7.53310E-05  2.91005E-04  1.06383E-04
  8434.00000  5.38113E-02  0.00000E+00  1.07968E-02  3.21721E-02  2.28357E-03  4.90454E-03  5.07362E-04  1.71009E-03  9.64296E-04  7.53118E-05  2.90879E-04  1.06349E-04
  8435.00000  5.37942E-02  0.00000E+00  1.07944E-02  3.21609E-02  2.28301E-03  4.90297E-03  5.07235E-04  1.70934E-03  9.63989E-04  7.52926E-05  2.90753E-04  1.06315E-04
  8436.00000  5.37771E-02  0.00000E+00  1.07919E-02  3.21498E-02  2.28244E-03  4.90140E-03  5.07109E-04  1.70858E-03  9.63682E-04  7.52734E-05  2.90628E-04  1.06281E-04
  8437.00000  5.37599E-02  0.00000E+00  1.07894E-02  3.21386E-02  2.28188E-03  4.89983E-03  5.06982E-04  1.70782E-03  9.63375E-04  7.52542E-05  2.90502E-04  1.06247E-04
  8438.00000  5.37428E-02  0.00000E+00  1.07870E-02  3.21275E-02  2.28132E-03  4.89826E-03  5.06856E-04  1.70706E-03  9.63069E-04  7.52351E-05  2.90376E-04  1.06213E-04
  8439.00000  5.37257E-02  0.00000E+00  1.07845E-02  3.21163E-02  2.28076E-03  4.89669E-03  5.06729E-04  1.70631E-03  9.62762E-04  7.52159E-05  2.90251E-04  1.06179E-04
  8440.00000  5.37086E-02  0.00000E+00  1.07820E-02  3.21052E-02  2.28020E-03  4.89513E-03  5.06603E-04  1.70555E-03  9.62456E-04  7.51968E-05  2.90126E-04  1.06145E-04
  8441.00000  5.36915E-02  0.00000E+00  1.07796E-02  3.20940E-02  2.27964E-03  4.89356E-03  5.06477E-04  1.70480E-03  9.62149E-04  7.51776E-05  2.90000E-04  1.06110E-04
  8442.00000  5.36744E-02  0.00000E+00  1.07771E-02  3.20829E-02  2.27908E-03  4.89199E-03  5.06350E-04  1.70404E-03  9.61843E-04  7.51585E-05  2.89875E-04  1.06076E-04
  8443.00000  5.36574E-02  0.00000E+00  1.07746E-02  3.20718E-02  2.27852E-03  4.89043E-03  5.06224E-04  1.70329E-03  9.61537E-04  7.51394E-05  2.89750E-04  1.06042E-04
  8444.00000  5.36403E-02  0.00000E+00  1.07722E-02  3.20607E-02  2.27796E-03  4.88886E-03  5.06098E-04  1.70253E-03  9.61231E-04  7.51202E-05  2.89625E-04  1.06008E-04
  8445.00000  5.36232E-02  0.00000E+00  1.07697E-02  3.20496E-02  2.27740E-03  4.88730E-03  5.05972E-04  1.70178E-03  9.60926E-04  7.51011E-05  2.89500E-04  1.05974E-04
  8446.00000  5.36062E-02  0.00000E+00  1.07672E-02  3.20384E-02  2.27685E-03  4.88573E-03  5.05846E-04  1.70103E-03  9.60620E-04  7.50820E-05  2.89375E-04  1.05941E-04
  8447.00000  5.35891E-02  0.00000E+00  1.07648E-02  3.20273E-02  2.27629E-03  4.88417E-03  5.05720E-04  1.70027E-03  9.60314E-04  7.50629E-05  2.89250E-04  1.05907E-04
  8448.00000  5.35721E-02  0.00000E+00  1.07623E-02  3.20162E-02  2.27573E-03  4.88261E-03  5.05594E-04  1.69952E-03  9.60009E-04  7.50438E-05  2.89125E-04  1.05873E-04
  8449.00000  5.35550E-02  0.00000E+00  1.07599E-02  3.20051E-02  2.27517E-03  4.88105E-03  5.05468E-04  1.69877E-03  9.59704E-04  7.50248E-05  2.89000E-04  1.05839E-04
  8450.00000  5.35380E-02  0.00000E+00  1.07574E-02  3.19941E-02  2.27461E-03  4.87948E-03  5.05342E-04  1.69802E-03  9.59398E-04  7.50057E-05  2.88876E-04  1.05805E-04
  8451.00000  5.35210E-02  0.00000E+00  1.07549E-02  3.19830E-02  2.27405E-03  4.87792E-03  5.05216E-04  1.69727E-03  9.59093E-04  7.49866E-05  2.88751E-04  1.05771E-04
  8452.00000  5.35040E-02  0.00000E+00  1.07525E-02  3.19719E-02  2.27349E-03  4.87636E-03  5.05090E-04  1.69652E-03  9.58788E-04  7.49676E-05  2.88626E-04  1.05737E-04
  8453.00000  5.34870E-02  0.00000E+00  1.07500E-02  3.19608E-02  2.27294E-03  4.87480E-03  5.04964E-04  1.69576E-03  9.58483E-04  7.49485E-05  2.88502E-04  1.05703E-04
  8454.00000  5.34699E-02  0.00000E+00  1.07476E-02  3.19497E-02  2.27238E-03  4.87325E-03  5.04839E-04  1.69501E-03  9.58179E-04  7.49295E-05  2.88377E-04  1.05669E-04
  8455.00000  5.34530E-02  0.00000E+00  1.07451E-02  3.19387E-02  2.27182E-03  4.87169E-03  5.04713E-04  1.69426E-03  9.57874E-04  7.49105E-05  2.88253E-04  1.05636E-04
  8456.00000  5.34360E-02  0.00000E+00  1.07427E-02  3.19276E-02  2.27126E-03  4.87013E-03  5.04587E-04  1.69352E-03  9.57570E-04  7.48914E-05  2.88129E-04  1.05602E-04
  8457.00000  5.34190E-02  0.00000E+00  1.07402E-02  3.19166E-02  2.27071E-03  4.86857E-03  5.04462E-04  1.69277E-03  9.57265E-04  7.48724E-05  2.88004E-04  1.05568E-04
  8458.00000  5.34020E-02  0.00000E+00  1.07378E-02  3.19055E-02  2.27015E-03  4.86702E-03  5.04336E-04  1.69202E-03  9.56961E-04  7.48534E-05  2.87880E-04  1.05534E-04
  8459.00000  5.33851E-02  0.00000E+00  1.07353E-02  3.18945E-02  2.26959E-03  4.86546E-03  5.04211E-04  1.69127E-03  9.56657E-04  7.48344E-05  2.87756E-04  1.05501E-04
  8460.00000  5.33681E-02  0.00000E+00  1.07329E-02  3.18834E-02  2.26904E-03  4.86391E-03  5.04085E-04  1.69052E-03  9.56353E-04  7.48154E-05  2.87632E-04  1.05467E-04
  8461.00000  5.33511E-02  0.00000E+00  1.07304E-02  3.18724E-02  2.26848E-03  4.86235E-03  5.03960E-04  1.68977E-03  9.56049E-04  7.47964E-05  2.87508E-04  1.05433E-04
  8462.00000  5.33342E-02  0.00000E+00  1.07280E-02  3.18614E-02  2.26793E-03  4.86080E-03  5.03835E-04  1.68903E-03  9.55745E-04  7.47775E-05  2.87384E-04  1.05400E-04
  8463.00000  5.33173E-02  0.00000E+00  1.07255E-02  3.18503E-02  2.26737E-03  4.85924E-03  5.03709E-04  1.68828E-03  9.55442E-04  7.47585E-05  2.87260E-04  1.05366E-04
  8464.00000  5.33003E-02  0.00000E+00  1.07231E-02  3.18393E-02  2.26681E-03  4.85769E-03  5.03584E-04  1.68753E-03  9.55138E-04  7.47396E-05  2.87137E-04  1.05332E-04
  8465.00000  5.32834E-02  0.00000E+00  1.07206E-02  3.18283E-02  2.26626E-03  4.85614E-03  5.03459E-04  1.68679E-03  9.54835E-04  7.47206E-05  2.87013E-04  1.05299E-04
  8466.00000  5.32665E-02  0.00000E+00  1.07182E-02  3.18173E-02  2.26570E-03  4.85459E-03  5.03334E-04  1.68604E-03  9.54531E-04  7.47017E-05  2.86889E-04  1.05265E-04
  8467.00000  5.32496E-02  0.00000E+00  1.07157E-02  3.18063E-02  2.26515E-03  4.85304E-03  5.03209E-04  1.68530E-03  9.54228E-04  7.46827E-05  2.86766E-04  1.05231E-04
  8468.00000  5.32327E-02  0.00000E+00  1.07133E-02  3.17953E-02  2.26459E-03  4.85149E-03  5.03084E-04  1.68455E-03  9.53925E-04  7.46638E-05  2.86642E-04  1.05198E-04
  8469.00000  5.32158E-02  0.00000E+00  1.07108E-02  3.17843E-02  2.26404E-03  4.84994E-03  5.02959E-04  1.68381E-03  9.53622E-04  7.46449E-05  2.86519E-04  1.05164E-04
  8470.00000  5.31989E-02  0.00000E+00  1.07084E-02  3.17733E-02  2.26349E-03  4.84839E-03  5.02834E-04  1.68307E-03  9.53320E-04  7.46260E-05  2.86395E-04  1.05131E-04
  8471.00000  5.31820E-02  0.00000E+00  1.07059E-02  3.17623E-02  2.26293E-03  4.84684E-03  5.02709E-04  1.68232E-03  9.53017E-04  7.46071E-05  2.86272E-04  1.05097E-04
  8472.00000  5.31652E-02  0.00000E+00  1.07035E-02  3.17513E-02  2.26238E-03  4.84529E-03  5.02584E-04  1.68158E-03  9.52715E-04  7.45882E-05  2.86149E-04  1.05063E-04
  8473.00000  5.31483E-02  0.00000E+00  1.07011E-02  3.17403E-02  2.26182E-03  4.84374E-03  5.02459E-04  1.68084E-03  9.52412E-04  7.45694E-05  2.86026E-04  1.05030E-04
  8474.00000  5.31314E-02  0.00000E+00  1.06986E-02  3.17294E-02  2.26127E-03  4.84220E-03  5.02335E-04  1.68009E-03  9.52110E-04  7.45505E-05  2.85903E-04  1.04996E-04
  8475.00000  5.31146E-02  0.00000E+00  1.06962E-02  3.17184E-02  2.26072E-03  4.84065E-03  5.02210E-04  1.67935E-03  9.51808E-04  7.45316E-05  2.85780E-04  1.04963E-04
  8476.00000  5.30977E-02  0.00000E+00  1.06937E-02  3.17074E-02  2.26016E-03  4.83911E-03  5.02085E-04  1.67861E-03  9.51506E-04  7.45128E-05  2.85657E-04  1.04930E-04
  8477.00000  5.30809E-02  0.00000E+00  1.06913E-02  3.16965E-02  2.25961E-03  4.83756E-03  5.01961E-04  1.67787E-03  9.51204E-04  7.44940E-05  2.85534E-04  1.04896E-04
  8478.00000  5.30641E-02  0.00000E+00  1.06889E-02  3.16855E-02  2.25906E-03  4.83602E-03  5.01836E-04  1.67713E-03  9.50902E-04  7.44751E-05  2.85411E-04  1.04863E-04
  8479.00000  5.30473E-02  0.00000E+00  1.06864E-02  3.16746E-02  2.25851E-03  4.83447E-03  5.01712E-04  1.67639E-03  9.50601E-04  7.44563E-05  2.85288E-04  1.04829E-04
  8480.00000  5.30305E-02  0.00000E+00  1.06840E-02  3.16636E-02  2.25795E-03  4.83293E-03  5.01587E-04  1.67565E-03  9.50299E-04  7.44375E-05  2.85166E-04  1.04796E-04
  8481.00000  5.30137E-02  0.00000E+00  1.06816E-02  3.16527E-02  2.25740E-03  4.83139E-03  5.01463E-04  1.67491E-03  9.49998E-04  7.44187E-05  2.85043E-04  1.04762E-04
  8482.00000  5.29969E-02  0.00000E+00  1.06791E-02  3.16418E-02  2.25685E-03  4.82985E-03  5.01338E-04  1.67417E-03  9.49697E-04  7.43999E-05  2.84920E-04  1.04729E-04
  8483.00000  5.29801E-02  0.00000E+00  1.06767E-02  3.16308E-02  2.25630E-03  4.82831E-03  5.01214E-04  1.67343E-03  9.49396E-04  7.43811E-05  2.84798E-04  1.04696E-04
  8484.00000  5.29633E-02  0.00000E+00  1.06743E-02  3.16199E-02  2.25575E-03  4.82677E-03  5.01090E-04  1.67269E-03  9.49095E-04  7.43623E-05  2.84675E-04  1.04662E-04
  8485.00000  5.29465E-02  0.00000E+00  1.06718E-02  3.16090E-02  2.25520E-03  4.82523E-03  5.00966E-04  1.67196E-03  9.48794E-04  7.43435E-05  2.84553E-04  1.04629E-04
  8486.00000  5.29297E-02  0.00000E+00  1.06694E-02  3.15981E-02  2.25465E-03  4.82369E-03  5.00841E-04  1.67122E-03  9.48493E-04  7.43248E-05  2.84431E-04  1.04596E-04
  8487.00000  5.29130E-02  0.00000E+00  1.06670E-02  3.15872E-02  2.25410E-03  4.82215E-03  5.00717E-04  1.67048E-03  9.48193E-04  7.43060E-05  2.84309E-04  1.04562E-04
  8488.00000  5.28962E-02  0.00000E+00  1.06645E-02  3.15763E-02  2.25354E-03  4.82061E-03  5.00593E-04  1.66975E-03  9.47893E-04  7.42873E-05  2.84186E-04  1.04529E-04
  8489.00000  5.28795E-02  0.00000E+00  1.06621E-02  3.15654E-02  2.25299E-03  4.81908E-03  5.00469E-04  1.66901E-03  9.47592E-04  7.42685E-05  2.84064E-04  1.04496E-04
  8490.00000  5.28627E-02  0.00000E+00  1.06597E-02  3.15545E-02  2.25244E-03  4.81754E-03  5.00345E-04  1.66827E-03  9.47292E-04  7.42498E-05  2.83942E-04  1.04462E-04
  8491.00000  5.28460E-02  0.00000E+00  1.06573E-02  3.15436E-02  2.25189E-03  4.81600E-03  5.00221E-04  1.66754E-03  9.46992E-04  7.42311E-05  2.83820E-04  1.04429E-04
  8492.00000  5.28293E-02  0.00000E+00  1.06548E-02  3.15327E-02  2.25134E-03  4.81447E-03  5.00097E-04  1.66680E-03  9.46692E-04  7.42124E-05  2.83698E-04  1.04396E-04
  8493.00000  5.28126E-02  0.00000E+00  1.06524E-02  3.15219E-02  2.25080E-03  4.81294E-03  4.99973E-04  1.66607E-03  9.46393E-04  7.41937E-05  2.83577E-04  1.04363E-04
  8494.00000  5.27959E-02  0.00000E+00  1.06500E-02  3.15110E-02  2.25025E-03  4.81140E-03  4.99849E-04  1.66534E-03  9.46093E-04  7.41750E-05  2.83455E-04  1.04329E-04
  8495.00000  5.27792E-02  0.00000E+00  1.06476E-02  3.15001E-02  2.24970E-03  4.80987E-03  4.99726E-04  1.66460E-03  9.45794E-04  7.41563E-05  2.83333E-04  1.04296E-04
  8496.00000  5.27625E-02  0.00000E+00  1.06451E-02  3.14893E-02  2.24915E-03  4.80834E-03  4.99602E-04  1.66387E-03  9.45494E-04  7.41376E-05  2.83211E-04  1.04263E-04
  8497.00000  5.27458E-02  0.00000E+00  1.06427E-02  3.14784E-02  2.24860E-03  4.80681E-03  4.99478E-04  1.66314E-03  9.45195E-04  7.41190E-05  2.83090E-04  1.04230E-04
  8498.00000  5.27291E-02  0.00000E+00  1.06403E-02  3.14676E-02  2.24805E-03  4.80527E-03  4.99354E-04  1.66240E-03  9.44896E-04  7.41003E-05  2.82968E-04  1.04197E-04
  8499.00000  5.27124E-02  0.00000E+00  1.06379E-02  3.14567E-02  2.24750E-03  4.80374E-03  4.99231E-04  1.66167E-03  9.44597E-04  7.40816E-05  2.82847E-04  1.04164E-04
  8500.00000  5.26958E-02  0.00000E+00  1.06355E-02  3.14459E-02  2.24695E-03  4.80222E-03  4.99107E-04  1.66094E-03  9.44298E-04  7.40630E-05  2.82726E-04  1.04131E-04
  8501.00000  5.26791E-02  0.00000E+00  1.06330E-02  3.14350E-02  2.24641E-03  4.80069E-03  4.98983E-04  1.66021E-03  9.44000E-04  7.40443E-05  2.82604E-04  1.04097E-04
  8502.00000  5.26624E-02  0.00000E+00  1.06306E-02  3.14242E-02  2.24586E-03  4.79916E-03  4.98860E-04  1.65948E-03  9.43701E-04  7.40257E-05  2.82483E-04  1.04064E-04
  8503.00000  5.26458E-02  0.00000E+00  1.06282E-02  3.14134E-02  2.24531E-03  4.79763E-03  4.98736E-04  1.65875E-03  9.43403E-04  7.40071E-05  2.82362E-04  1.04031E-04
  8504.00000  5.26292E-02  0.00000E+00  1.06258E-02  3.14025E-02  2.24476E-03  4.79610E-03  4.98613E-04  1.65802E-03  9.43104E-04  7.39885E-05  2.82241E-04  1.03998E-04
  8505.00000  5.26125E-02  0.00000E+00  1.06234E-02  3.13917E-02  2.24422E-03  4.79458E-03  4.98490E-04  1.65729E-03  9.42806E-04  7.39699E-05  2.82120E-04  1.03965E-04
  8506.00000  5.25959E-02  0.00000E+00  1.06210E-02  3.13809E-02  2.24367E-03  4.79305E-03  4.98366E-04  1.65656E-03  9.42508E-04  7.39513E-05  2.81999E-04  1.03932E-04
  8507.00000  5.25793E-02  0.00000E+00  1.06185E-02  3.13701E-02  2.24312E-03  4.79153E-03  4.98243E-04  1.65583E-03  9.42210E-04  7.39327E-05  2.81878E-04  1.03899E-04
  8508.00000  5.25627E-02  0.00000E+00  1.06161E-02  3.13593E-02  2.24257E-03  4.79000E-03  4.98120E-04  1.65510E-03  9.41912E-04  7.39141E-05  2.81757E-04  1.03866E-04
  8509.00000  5.25461E-02  0.00000E+00  1.06137E-02  3.13485E-02  2.24203E-03  4.78848E-03  4.97996E-04  1.65437E-03  9.41615E-04  7.38955E-05  2.81636E-04  1.03833E-04
  8510.00000  5.25295E-02  0.00000E+00  1.06113E-02  3.13377E-02  2.24148E-03  4.78696E-03  4.97873E-04  1.65365E-03  9.41317E-04  7.38770E-05  2.81515E-04  1.03800E-04
  8511.00000  5.25129E-02  0.00000E+00  1.06089E-02  3.13269E-02  2.24093E-03  4.78544E-03  4.97750E-04  1.65292E-03  9.41020E-04  7.38584E-05  2.81394E-04  1.03767E-04
  8512.00000  5.24963E-02  0.00000E+00  1.06065E-02  3.13161E-02  2.24039E-03  4.78391E-03  4.97627E-04  1.65219E-03  9.40723E-04  7.38398E-05  2.81274E-04  1.03734E-04
  8513.00000  5.24797E-02  0.00000E+00  1.06041E-02  3.13053E-02  2.23984E-03  4.78239E-03  4.97504E-04  1.65147E-03  9.40425E-04  7.38213E-05  2.81153E-04  1.03701E-04
  8514.00000  5.24632E-02  0.00000E+00  1.06017E-02  3.12946E-02  2.23930E-03  4.78087E-03  4.97380E-04  1.65074E-03  9.40128E-04  7.38028E-05  2.81033E-04  1.03669E-04
  8515.00000  5.24466E-02  0.00000E+00  1.05993E-02  3.12838E-02  2.23875E-03  4.77935E-03  4.97257E-04  1.65002E-03  9.39831E-04  7.37842E-05  2.80912E-04  1.03636E-04
  8516.00000  5.24300E-02  0.00000E+00  1.05969E-02  3.12730E-02  2.23821E-03  4.77784E-03  4.97134E-04  1.64929E-03  9.39535E-04  7.37657E-05  2.80792E-04  1.03603E-04
  8517.00000  5.24135E-02  0.00000E+00  1.05945E-02  3.12623E-02  2.23766E-03  4.77632E-03  4.97011E-04  1.64857E-03  9.39238E-04  7.37472E-05  2.80671E-04  1.03570E-04
  8518.00000  5.23970E-02  0.00000E+00  1.05920E-02  3.12515E-02  2.23712E-03  4.77480E-03  4.96889E-04  1.64784E-03  9.38941E-04  7.37287E-05  2.80551E-04  1.03537E-04
  8519.00000  5.23804E-02  0.00000E+00  1.05896E-02  3.12408E-02  2.23657E-03  4.77328E-03  4.96766E-04  1.64712E-03  9.38645E-04  7.37102E-05  2.80431E-04  1.03504E-04
  8520.00000  5.23639E-02  0.00000E+00  1.05872E-02  3.12300E-02  2.23603E-03  4.77177E-03  4.96643E-04  1.64639E-03  9.38348E-04  7.36917E-05  2.80311E-04  1.03472E-04
  8521.00000  5.23474E-02  0.00000E+00  1.05848E-02  3.12193E-02  2.23548E-03  4.77025E-03  4.96520E-04  1.64567E-03  9.38052E-04  7.36732E-05  2.80191E-04  1.03439E-04
  8522.00000  5.23309E-02  0.00000E+00  1.05824E-02  3.12085E-02  2.23494E-03  4.76874E-03  4.96397E-04  1.64495E-03  9.37756E-04  7.36548E-05  2.80071E-04  1.03406E-04
  8523.00000  5.23144E-02  0.00000E+00  1.05800E-02  3.11978E-02  2.23439E-03  4.76722E-03  4.96275E-04  1.64423E-03  9.37460E-04  7.36363E-05  2.79951E-04  1.03373E-04
  8524.00000  5.22979E-02  0.00000E+00  1.05776E-02  3.11871E-02  2.23385E-03  4.76571E-03  4.96152E-04  1.64350E-03  9.37164E-04  7.36179E-05  2.79831E-04  1.03341E-04
  8525.00000  5.22814E-02  0.00000E+00  1.05752E-02  3.11763E-02  2.23330E-03  4.76419E-03  4.96029E-04  1.64278E-03  9.36868E-04  7.35994E-05  2.79711E-04  1.03308E-04
  8526.00000  5.22649E-02  0.00000E+00  1.05728E-02  3.11656E-02  2.23276E-03  4.76268E-03  4.95907E-04  1.64206E-03  9.36573E-04  7.35810E-05  2.79591E-04  1.03275E-04
  8527.00000  5.22484E-02  0.00000E+00  1.05704E-02  3.11549E-02  2.23222E-03  4.76117E-03  4.95784E-04  1.64134E-03  9.36277E-04  7.35626E-05  2.79471E-04  1.03243E-04
  8528.00000  5.22319E-02  0.00000E+00  1.05680E-02  3.11442E-02  2.23167E-03  4.75966E-03  4.95662E-04  1.64062E-03  9.35982E-04  7.35441E-05  2.79352E-04  1.03210E-04
  8529.00000  5.22155E-02  0.00000E+00  1.05656E-02  3.11335E-02  2.23113E-03  4.75815E-03  4.95539E-04  1.63990E-03  9.35686E-04  7.35257E-05  2.79232E-04  1.03177E-04
  8530.00000  5.21990E-02  0.00000E+00  1.05632E-02  3.11228E-02  2.23059E-03  4.75664E-03  4.95417E-04  1.63918E-03  9.35391E-04  7.35073E-05  2.79112E-04  1.03145E-04
  8531.00000  5.21826E-02  0.00000E+00  1.05608E-02  3.11121E-02  2.23004E-03  4.75513E-03  4.95294E-04  1.63846E-03  9.35096E-04  7.34889E-05  2.78993E-04  1.03112E-04
  8532.00000  5.21661E-02  0.00000E+00  1.05584E-02  3.11014E-02  2.22950E-03  4.75362E-03  4.95172E-04  1.63774E-03  9.34801E-04  7.34706E-05  2.78874E-04  1.03080E-04
  8533.00000  5.21497E-02  0.00000E+00  1.05561E-02  3.10907E-02  2.22896E-03  4.75211E-03  4.95050E-04  1.63702E-03  9.34506E-04  7.34522E-05  2.78754E-04  1.03047E-04
  8534.00000  5.21333E-02  0.00000E+00  1.05537E-02  3.10800E-02  2.22842E-03  4.75060E-03  4.94928E-04  1.63630E-03  9.34211E-04  7.34338E-05  2.78635E-04  1.03015E-04
  8535.00000  5.21168E-02  0.00000E+00  1.05513E-02  3.10694E-02  2.22787E-03  4.74909E-03  4.94805E-04  1.63559E-03  9.33917E-04  7.34155E-05  2.78516E-04  1.02982E-04
  8536.00000  5.21004E-02  0.00000E+00  1.05489E-02  3.10587E-02  2.22733E-03  4.74759E-03  4.94683E-04  1.63487E-03  9.33622E-04  7.33971E-05  2.78396E-04  1.02950E-04
  8537.00000  5.20840E-02  0.00000E+00  1.05465E-02  3.10480E-02  2.22679E-03  4.74608E-03  4.94561E-04  1.63415E-03  9.33328E-04  7.33788E-05  2.78277E-04  1.02917E-04
  8538.00000  5.20676E-02  0.00000E+00  1.05441E-02  3.10374E-02  2.22625E-03  4.74458E-03  4.94439E-04  1.63343E-03  9.33034E-04  7.33605E-05  2.78158E-04  1.02885E-04
  8539.00000  5.20512E-02  0.00000E+00  1.05417E-02  3.10267E-02  2.22571E-03  4.74307E-03  4.94317E-04  1.63272E-03  9.32739E-04  7.33421E-05  2.78039E-04  1.02852E-04
  8540.00000  5.20348E-02  0.00000E+00  1.05393E-02  3.10161E-02  2.22517E-03  4.74157E-03  4.94195E-04  1.63200E-03  9.32445E-04  7.33238E-05  2.77920E-04  1.02820E-04
  8541.00000  5.20185E-02  0.00000E+00  1.05369E-02  3.10054E-02  2.22463E-03  4.74006E-03  4.94073E-04  1.63129E-03  9.32151E-04  7.33055E-05  2.77802E-04  1.02787E-04
  8542.00000  5.20021E-02  0.00000E+00  1.05345E-02  3.09948E-02  2.22408E-03  4.73856E-03  4.93951E-04  1.63057E-03  9.31857E-04  7.32872E-05  2.77683E-04  1.02755E-04
  8543.00000  5.19857E-02  0.00000E+00  1.05322E-02  3.09842E-02  2.22354E-03  4.73706E-03  4.93829E-04  1.62986E-03  9.31564E-04  7.32690E-05  2.77564E-04  1.02723E-04
  8544.00000  5.19694E-02  0.00000E+00  1.05298E-02  3.09735E-02  2.22300E-03  4.73556E-03  4.93708E-04  1.62914E-03  9.31270E-04  7.32507E-05  2.77445E-04  1.02690E-04
  8545.00000  5.19530E-02  0.00000E+00  1.05274E-02  3.09629E-02  2.22246E-03  4.73405E-03  4.93586E-04  1.62843E-03  9.30977E-04  7.32324E-05  2.77327E-04  1.02658E-04
  8546.00000  5.19367E-02  0.00000E+00  1.05250E-02  3.09523E-02  2.22192E-03  4.73255E-03  4.93464E-04  1.62771E-03  9.30683E-04  7.32142E-05  2.77208E-04  1.02626E-04
  8547.00000  5.19203E-02  0.00000E+00  1.05226E-02  3.09417E-02  2.22138E-03  4.73105E-03  4.93343E-04  1.62700E-03  9.30390E-04  7.31959E-05  2.77090E-04  1.02593E-04
  8548.00000  5.19040E-02  0.00000E+00  1.05202E-02  3.09310E-02  2.22084E-03  4.72955E-03  4.93221E-04  1.62629E-03  9.30097E-04  7.31777E-05  2.76971E-04  1.02561E-04
  8549.00000  5.18877E-02  0.00000E+00  1.05179E-02  3.09204E-02  2.22031E-03  4.72805E-03  4.93100E-04  1.62557E-03  9.29804E-04  7.31595E-05  2.76853E-04  1.02529E-04
  8550.00000  5.18714E-02  0.00000E+00  1.05155E-02  3.09098E-02  2.21977E-03  4.72656E-03  4.92978E-04  1.62486E-03  9.29511E-04  7.31413E-05  2.76735E-04  1.02497E-04
  8551.00000  5.18551E-02  0.00000E+00  1.05131E-02  3.08992E-02  2.21923E-03  4.72506E-03  4.92857E-04  1.62415E-03  9.29218E-04  7.31231E-05  2.76616E-04  1.02465E-04
  8552.00000  5.18387E-02  0.00000E+00  1.05107E-02  3.08886E-02  2.21869E-03  4.72356E-03  4.92735E-04  1.62344E-03  9.28925E-04  7.31049E-05  2.76498E-04  1.02432E-04
  8553.00000  5.18225E-02  0.00000E+00  1.05083E-02  3.08781E-02  2.21815E-03  4.72206E-03  4.92614E-04  1.62273E-03  9.28633E-04  7.30867E-05  2.76380E-04  1.02400E-04
  8554.00000  5.18062E-02  0.00000E+00  1.05060E-02  3.08675E-02  2.21761E-03  4.72057E-03  4.92493E-04  1.62202E-03  9.28340E-04  7.30685E-05  2.76262E-04  1.02368E-04
  8555.00000  5.17899E-02  0.00000E+00  1.05036E-02  3.08569E-02  2.21707E-03  4.71907E-03  4.92371E-04  1.62131E-03  9.28048E-04  7.30503E-05  2.76144E-04  1.02336E-04
  8556.00000  5.17736E-02  0.00000E+00  1.05012E-02  3.08463E-02  2.21654E-03  4.71758E-03  4.92250E-04  1.62060E-03  9.27756E-04  7.30322E-05  2.76026E-04  1.02304E-04
  8557.00000  5.17573E-02  0.00000E+00  1.04988E-02  3.08358E-02  2.21600E-03  4.71608E-03  4.92129E-04  1.61989E-03  9.27464E-04  7.30141E-05  2.75908E-04  1.02272E-04
  8558.00000  5.17411E-02  0.00000E+00  1.04965E-02  3.08252E-02  2.21546E-03  4.71459E-03  4.92008E-04  1.61918E-03  9.27172E-04  7.29959E-05  2.75791E-04  1.02240E-04
  8559.00000  5.17248E-02  0.00000E+00  1.04941E-02  3.08146E-02  2.21492E-03  4.71310E-03  4.91887E-04  1.61847E-03  9.26880E-04  7.29778E-05  2.75673E-04  1.02208E-04
  8560.00000  5.17086E-02  0.00000E+00  1.04917E-02  3.08041E-02  2.21439E-03  4.71160E-03  4.91766E-04  1.61776E-03  9.26588E-04  7.29597E-05  2.75555E-04  1.02175E-04
  8561.00000  5.16923E-02  0.00000E+00  1.04893E-02  3.07935E-02  2.21385E-03  4.71011E-03  4.91645E-04  1.61705E-03  9.26297E-04  7.29416E-05  2.75438E-04  1.02143E-04
  8562.00000  5.16761E-02  0.00000E+00  1.04870E-02  3.07830E-02  2.21331E-03  4.70862E-03  4.91524E-04  1.61634E-03  9.26005E-04  7.29235E-05  2.75320E-04  1.02111E-04
  8563.00000  5.16599E-02  0.00000E+00  1.04846E-02  3.07724E-02  2.21278E-03  4.70713E-03  4.91403E-04  1.61564E-03  9.25714E-04  7.29054E-05  2.75203E-04  1.02079E-04
  8564.00000  5.16437E-02  0.00000E+00  1.04822E-02  3.07619E-02  2.21224E-03  4.70564E-03  4.91282E-04  1.61493E-03  9.25423E-04  7.28873E-05  2.75085E-04  1.02047E-04
  8565.00000  5.16274E-02  0.00000E+00  1.04799E-02  3.07514E-02  2.21170E-03  4.70415E-03  4.91161E-04  1.61422E-03  9.25132E-04  7.28692E-05  2.74968E-04  1.02016E-04
  8566.00000  5.16112E-02  0.00000E+00  1.04775E-02  3.07408E-02  2.21117E-03  4.70266E-03  4.91041E-04  1.61352E-03  9.24841E-04  7.28512E-05  2.74851E-04  1.01984E-04
  8567.00000  5.15950E-02  0.00000E+00  1.04751E-02  3.07303E-02  2.21063E-03  4.70117E-03  4.90920E-04  1.61281E-03  9.24550E-04  7.28331E-05  2.74734E-04  1.01952E-04
  8568.00000  5.15788E-02  0.00000E+00  1.04727E-02  3.07198E-02  2.21010E-03  4.69968E-03  4.90799E-04  1.61211E-03  9.24259E-04  7.28151E-05  2.74617E-04  1.01920E-04
  8569.00000  5.15627E-02  0.00000E+00  1.04704E-02  3.07093E-02  2.20956E-03  4.69820E-03  4.90679E-04  1.61140E-03  9.23969E-04  7.27971E-05  2.74499E-04  1.01888E-04
  8570.00000  5.15465E-02  0.00000E+00  1.04680E-02  3.06988E-02  2.20903E-03  4.69671E-03  4.90558E-04  1.61070E-03  9.23678E-04  7.27790E-05  2.74382E-04  1.01856E-04
  8571.00000  5.15303E-02  0.00000E+00  1.04657E-02  3.06883E-02  2.20849E-03  4.69523E-03  4.90438E-04  1.60999E-03  9.23388E-04  7.27610E-05  2.74266E-04  1.01824E-04
  8572.00000  5.15141E-02  0.00000E+00  1.04633E-02  3.06778E-02  2.20796E-03  4.69374E-03  4.90317E-04  1.60929E-03  9.23098E-04  7.27430E-05  2.74149E-04  1.01792E-04
  8573.00000  5.14980E-02  0.00000E+00  1.04609E-02  3.06673E-02  2.20742E-03  4.69226E-03  4.90197E-04  1.60859E-03  9.22808E-04  7.27250E-05  2.74032E-04  1.01760E-04
  8574.00000  5.14818E-02  0.00000E+00  1.04586E-02  3.06568E-02  2.20689E-03  4.69077E-03  4.90076E-04  1.60788E-03  9.22518E-04  7.27070E-05  2.73915E-04  1.01729E-04
  8575.00000  5.14657E-02  0.00000E+00  1.04562E-02  3.06463E-02  2.20635E-03  4.68929E-03  4.89956E-04  1.60718E-03  9.22228E-04  7.26891E-05  2.73798E-04  1.01697E-04
  8576.00000  5.14495E-02  0.00000E+00  1.04538E-02  3.06358E-02  2.20582E-03  4.68781E-03  4.89836E-04  1.60648E-03  9.21938E-04  7.26711E-05  2.73682E-04  1.01665E-04
  8577.00000  5.14334E-02  0.00000E+00  1.04515E-02  3.06253E-02  2.20529E-03  4.68633E-03  4.89715E-04  1.60578E-03  9.21649E-04  7.26531E-05  2.73565E-04  1.01633E-04
  8578.00000  5.14173E-02  0.00000E+00  1.04491E-02  3.06149E-02  2.20475E-03  4.68484E-03  4.89595E-04  1.60507E-03  9.21359E-04  7.26352E-05  2.73449E-04  1.01602E-04
  8579.00000  5.14012E-02  0.00000E+00  1.04468E-02  3.06044E-02  2.20422E-03  4.68336E-03  4.89475E-04  1.60437E-03  9.21070E-04  7.26172E-05  2.73332E-04  1.01570E-04
  8580.00000  5.13850E-02  0.00000E+00  1.04444E-02  3.05939E-02  2.20369E-03  4.68188E-03  4.89355E-04  1.60367E-03  9.20781E-04  7.25993E-05  2.73216E-04  1.01538E-04
  8581.00000  5.13689E-02  0.00000E+00  1.04420E-02  3.05835E-02  2.20315E-03  4.68040E-03  4.89235E-04  1.60297E-03  9.20492E-04  7.25814E-05  2.73100E-04  1.01507E-04
  8582.00000  5.13528E-02  0.00000E+00  1.04397E-02  3.05730E-02  2.20262E-03  4.67893E-03  4.89115E-04  1.60227E-03  9.20203E-04  7.25635E-05  2.72983E-04  1.01475E-04
  8583.00000  5.13368E-02  0.00000E+00  1.04373E-02  3.05626E-02  2.20209E-03  4.67745E-03  4.88995E-04  1.60157E-03  9.19914E-04  7.25456E-05  2.72867E-04  1.01443E-04
  8584.00000  5.13207E-02  0.00000E+00  1.04350E-02  3.05521E-02  2.20155E-03  4.67597E-03  4.88875E-04  1.60087E-03  9.19625E-04  7.25277E-05  2.72751E-04  1.01412E-04
  8585.00000  5.13046E-02  0.00000E+00  1.04326E-02  3.05417E-02  2.20102E-03  4.67449E-03  4.88755E-04  1.60018E-03  9.19337E-04  7.25098E-05  2.72635E-04  1.01380E-04
  8586.00000  5.12885E-02  0.00000E+00  1.04303E-02  3.05312E-02  2.20049E-03  4.67302E-03  4.88635E-04  1.59948E-03  9.19048E-04  7.24919E-05  2.72519E-04  1.01348E-04
  8587.00000  5.12725E-02  0.00000E+00  1.04279E-02  3.05208E-02  2.19996E-03  4.67154E-03  4.88515E-04  1.59878E-03  9.18760E-04  7.24740E-05  2.72403E-04  1.01317E-04
  8588.00000  5.12564E-02  0.00000E+00  1.04255E-02  3.05104E-02  2.19943E-03  4.67007E-03  4.88395E-04  1.59808E-03  9.18472E-04  7.24562E-05  2.72287E-04  1.01285E-04
  8589.00000  5.12403E-02  0.00000E+00  1.04232E-02  3.05000E-02  2.19889E-03  4.66859E-03  4.88275E-04  1.59738E-03  9.18184E-04  7.24383E-05  2.72171E-04  1.01254E-04
  8590.00000  5.12243E-02  0.00000E+00  1.04208E-02  3.04895E-02  2.19836E-03  4.66712E-03  4.88155E-04  1.59669E-03  9.17896E-04  7.24204E-05  2.72055E-04  1.01222E-04
  8591.00000  5.12083E-02  0.00000E+00  1.04185E-02  3.04791E-02  2.19783E-03  4.66565E-03  4.88036E-04  1.59599E-03  9.17608E-04  7.24026E-05  2.71940E-04  1.01191E-04
  8592.00000  5.11922E-02  0.00000E+00  1.04161E-02  3.04687E-02  2.19730E-03  4.66418E-03  4.87916E-04  1.59529E-03  9.17321E-04  7.23848E-05  2.71824E-04  1.01159E-04
  8593.00000  5.11762E-02  0.00000E+00  1.04138E-02  3.04583E-02  2.19677E-03  4.66270E-03  4.87796E-04  1.59460E-03  9.17033E-04  7.23669E-05  2.71708E-04  1.01128E-04
  8594.00000  5.11602E-02  0.00000E+00  1.04114E-02  3.04479E-02  2.19624E-03  4.66123E-03  4.87676E-04  1.59390E-03  9.16746E-04  7.23491E-05  2.71593E-04  1.01096E-04
  8595.00000  5.11442E-02  0.00000E+00  1.04091E-02  3.04375E-02  2.19571E-03  4.65976E-03  4.87557E-04  1.59321E-03  9.16458E-04  7.23313E-05  2.71477E-04  1.01065E-04
  8596.00000  5.11282E-02  0.00000E+00  1.04067E-02  3.04271E-02  2.19518E-03  4.65829E-03  4.87437E-04  1.59251E-03  9.16171E-04  7.23135E-05  2.71362E-04  1.01033E-04
  8597.00000  5.11122E-02  0.00000E+00  1.04044E-02  3.04168E-02  2.19465E-03  4.65682E-03  4.87318E-04  1.59182E-03  9.15884E-04  7.22957E-05  2.71247E-04  1.01002E-04
  8598.00000  5.10962E-02  0.00000E+00  1.04021E-02  3.04064E-02  2.19412E-03  4.65536E-03  4.87198E-04  1.59113E-03  9.15597E-04  7.22779E-05  2.71131E-04  1.00971E-04
  8599.00000  5.10802E-02  0.00000E+00  1.03997E-02  3.03960E-02  2.19359E-03  4.65389E-03  4.87079E-04  1.59043E-03  9.15310E-04  7.22602E-05  2.71016E-04  1.00939E-04
  8600.00000  5.10642E-02  0.00000E+00  1.03974E-02  3.03856E-02  2.19306E-03  4.65242E-03  4.86959E-04  1.58974E-03  9.15023E-04  7.22424E-05  2.70901E-04  1.00908E-04
  8601.00000  5.10483E-02  0.00000E+00  1.03950E-02  3.03753E-02  2.19253E-03  4.65095E-03  4.86840E-04  1.58905E-03  9.14737E-04  7.22246E-05  2.70786E-04  1.00876E-04
  8602.00000  5.10323E-02  0.00000E+00  1.03927E-02  3.03649E-02  2.19200E-03  4.64949E-03  4.86721E-04  1.58836E-03  9.14450E-04  7.22069E-05  2.70671E-04  1.00845E-04
  8603.00000  5.10164E-02  0.00000E+00  1.03903E-02  3.03546E-02  2.19147E-03  4.64802E-03  4.86601E-04  1.58766E-03  9.14164E-04  7.21891E-05  2.70556E-04  1.00814E-04
  8604.00000  5.10004E-02  0.00000E+00  1.03880E-02  3.03442E-02  2.19094E-03  4.64656E-03  4.86482E-04  1.58697E-03  9.13878E-04  7.21714E-05  2.70441E-04  1.00783E-04
  8605.00000  5.09845E-02  0.00000E+00  1.03857E-02  3.03339E-02  2.19041E-03  4.64509E-03  4.86363E-04  1.58628E-03  9.13591E-04  7.21537E-05  2.70326E-04  1.00751E-04
  8606.00000  5.09685E-02  0.00000E+00  1.03833E-02  3.03235E-02  2.18988E-03  4.64363E-03  4.86244E-04  1.58559E-03  9.13305E-04  7.21359E-05  2.70211E-04  1.00720E-04
  8607.00000  5.09526E-02  0.00000E+00  1.03810E-02  3.03132E-02  2.18935E-03  4.64217E-03  4.86125E-04  1.58490E-03  9.13019E-04  7.21182E-05  2.70096E-04  1.00689E-04
  8608.00000  5.09367E-02  0.00000E+00  1.03786E-02  3.03028E-02  2.18882E-03  4.64071E-03  4.86005E-04  1.58421E-03  9.12734E-04  7.21005E-05  2.69981E-04  1.00657E-04
  8609.00000  5.09208E-02  0.00000E+00  1.03763E-02  3.02925E-02  2.18829E-03  4.63924E-03  4.85886E-04  1.58352E-03  9.12448E-04  7.20828E-05  2.69867E-04  1.00626E-04
  8610.00000  5.09049E-02  0.00000E+00  1.03740E-02  3.02822E-02  2.18777E-03  4.63778E-03  4.85767E-04  1.58283E-03  9.12162E-04  7.20651E-05  2.69752E-04  1.00595E-04
  8611.00000  5.08890E-02  0.00000E+00  1.03716E-02  3.02719E-02  2.18724E-03  4.63632E-03  4.85648E-04  1.58214E-03  9.11877E-04  7.20475E-05  2.69637E-04  1.00564E-04
  8612.00000  5.08731E-02  0.00000E+00  1.03693E-02  3.02616E-02  2.18671E-03  4.63486E-03  4.85529E-04  1.58145E-03  9.11591E-04  7.20298E-05  2.69523E-04  1.00533E-04
  8613.00000  5.08572E-02  0.00000E+00  1.03670E-02  3.02512E-02  2.18618E-03  4.63340E-03  4.85411E-04  1.58076E-03  9.11306E-04  7.20121E-05  2.69409E-04  1.00502E-04
  8614.00000  5.08413E-02  0.00000E+00  1.03646E-02  3.02409E-02  2.18565E-03  4.63194E-03  4.85292E-04  1.58008E-03  9.11021E-04  7.19945E-05  2.69294E-04  1.00470E-04
  8615.00000  5.08254E-02  0.00000E+00  1.03623E-02  3.02306E-02  2.18513E-03  4.63049E-03  4.85173E-04  1.57939E-03  9.10736E-04  7.19768E-05  2.69180E-04  1.00439E-04
  8616.00000  5.08096E-02  0.00000E+00  1.03600E-02  3.02203E-02  2.18460E-03  4.62903E-03  4.85054E-04  1.57870E-03  9.10451E-04  7.19592E-05  2.69066E-04  1.00408E-04
  8617.00000  5.07937E-02  0.00000E+00  1.03576E-02  3.02101E-02  2.18407E-03  4.62757E-03  4.84935E-04  1.57801E-03  9.10166E-04  7.19416E-05  2.68951E-04  1.00377E-04
  8618.00000  5.07779E-02  0.00000E+00  1.03553E-02  3.01998E-02  2.18355E-03  4.62611E-03  4.84817E-04  1.57733E-03  9.09881E-04  7.19239E-05  2.68837E-04  1.00346E-04
  8619.00000  5.07620E-02  0.00000E+00  1.03530E-02  3.01895E-02  2.18302E-03  4.62466E-03  4.84698E-04  1.57664E-03  9.09597E-04  7.19063E-05  2.68723E-04  1.00315E-04
  8620.00000  5.07462E-02  0.00000E+00  1.03506E-02  3.01792E-02  2.18249E-03  4.62320E-03  4.84579E-04  1.57596E-03  9.09312E-04  7.18887E-05  2.68609E-04  1.00284E-04
  8621.00000  5.07303E-02  0.00000E+00  1.03483E-02  3.01689E-02  2.18197E-03  4.62175E-03  4.84461E-04  1.57527E-03  9.09028E-04  7.18711E-05  2.68495E-04  1.00253E-04
  8622.00000  5.07145E-02  0.00000E+00  1.03460E-02  3.01587E-02  2.18144E-03  4.62029E-03  4.84342E-04  1.57458E-03  9.08743E-04  7.18535E-05  2.68381E-04  1.00222E-04
  8623.00000  5.06987E-02  0.00000E+00  1.03437E-02  3.01484E-02  2.18091E-03  4.61884E-03  4.84224E-04  1.57390E-03  9.08459E-04  7.18360E-05  2.68267E-04  1.00191E-04
  8624.00000  5.06829E-02  0.00000E+00  1.03413E-02  3.01381E-02  2.18039E-03  4.61739E-03  4.84105E-04  1.57322E-03  9.08175E-04  7.18184E-05  2.68153E-04  1.00160E-04
  8625.00000  5.06670E-02  0.00000E+00  1.03390E-02  3.01279E-02  2.17986E-03  4.61593E-03  4.83987E-04  1.57253E-03  9.07891E-04  7.18008E-05  2.68040E-04  1.00129E-04
  8626.00000  5.06512E-02  0.00000E+00  1.03367E-02  3.01176E-02  2.17934E-03  4.61448E-03  4.83869E-04  1.57185E-03  9.07607E-04  7.17833E-05  2.67926E-04  1.00098E-04
  8627.00000  5.06354E-02  0.00000E+00  1.03343E-02  3.01074E-02  2.17881E-03  4.61303E-03  4.83750E-04  1.57116E-03  9.07323E-04  7.17658E-05  2.67812E-04  1.00067E-04
  8628.00000  5.06197E-02  0.00000E+00  1.03320E-02  3.00971E-02  2.17829E-03  4.61158E-03  4.83632E-04  1.57048E-03  9.07040E-04  7.17482E-05  2.67699E-04  1.00036E-04
  8629.00000  5.06039E-02  0.00000E+00  1.03297E-02  3.00869E-02  2.17776E-03  4.61013E-03  4.83514E-04  1.56980E-03  9.06756E-04  7.17307E-05  2.67585E-04  1.00005E-04
  8630.00000  5.05881E-02  0.00000E+00  1.03274E-02  3.00767E-02  2.17724E-03  4.60868E-03  4.83396E-04  1.56912E-03  9.06473E-04  7.17132E-05  2.67472E-04  9.99742E-05
  8631.00000  5.05723E-02  0.00000E+00  1.03251E-02  3.00664E-02  2.17671E-03  4.60723E-03  4.83278E-04  1.56843E-03  9.06189E-04  7.16957E-05  2.67359E-04  9.99433E-05
  8632.00000  5.05566E-02  0.00000E+00  1.03227E-02  3.00562E-02  2.17619E-03  4.60578E-03  4.83159E-04  1.56775E-03  9.05906E-04  7.16782E-05  2.67245E-04  9.99124E-05
  8633.00000  5.05408E-02  0.00000E+00  1.03204E-02  3.00460E-02  2.17567E-03  4.60433E-03  4.83041E-04  1.56707E-03  9.05623E-04  7.16607E-05  2.67132E-04  9.98816E-05
  8634.00000  5.05250E-02  0.00000E+00  1.03181E-02  3.00358E-02  2.17514E-03  4.60288E-03  4.82923E-04  1.56639E-03  9.05340E-04  7.16432E-05  2.67019E-04  9.98507E-05
  8635.00000  5.05093E-02  0.00000E+00  1.03158E-02  3.00255E-02  2.17462E-03  4.60144E-03  4.82805E-04  1.56571E-03  9.05057E-04  7.16257E-05  2.66906E-04  9.98199E-05
  8636.00000  5.04936E-02  0.00000E+00  1.03135E-02  3.00153E-02  2.17410E-03  4.59999E-03  4.82688E-04  1.56503E-03  9.04774E-04  7.16083E-05  2.66793E-04  9.97890E-05
  8637.00000  5.04778E-02  0.00000E+00  1.03111E-02  3.00051E-02  2.17357E-03  4.59854E-03  4.82570E-04  1.56435E-03  9.04492E-04  7.15908E-05  2.66680E-04  9.97582E-05
  8638.00000  5.04621E-02  0.00000E+00  1.03088E-02  2.99949E-02  2.17305E-03  4.59710E-03  4.82452E-04  1.56367E-03  9.04209E-04  7.15734E-05  2.66567E-04  9.97274E-05
  8639.00000  5.04464E-02  0.00000E+00  1.03065E-02  2.99847E-02  2.17253E-03  4.59565E-03  4.82334E-04  1.56299E-03  9.03927E-04  7.15560E-05  2.66454E-04  9.96966E-05
  8640.00000  5.04307E-02  0.00000E+00  1.03042E-02  2.99745E-02  2.17200E-03  4.59421E-03  4.82216E-04  1.56231E-03  9.03644E-04  7.15385E-05  2.66341E-04  9.96658E-05
  8641.00000  5.04150E-02  0.00000E+00  1.03019E-02  2.99644E-02  2.17148E-03  4.59276E-03  4.82099E-04  1.56163E-03  9.03362E-04  7.15211E-05  2.66228E-04  9.96350E-05
  8642.00000  5.03993E-02  0.00000E+00  1.02996E-02  2.99542E-02  2.17096E-03  4.59132E-03  4.81981E-04  1.56096E-03  9.03080E-04  7.15037E-05  2.66115E-04  9.96042E-05
  8643.00000  5.03836E-02  0.00000E+00  1.02972E-02  2.99440E-02  2.17044E-03  4.58988E-03  4.81864E-04  1.56028E-03  9.02798E-04  7.14863E-05  2.66003E-04  9.95735E-05
  8644.00000  5.03679E-02  0.00000E+00  1.02949E-02  2.99338E-02  2.16992E-03  4.58844E-03  4.81746E-04  1.55960E-03  9.02516E-04  7.14689E-05  2.65890E-04  9.95427E-05
  8645.00000  5.03522E-02  0.00000E+00  1.02926E-02  2.99237E-02  2.16939E-03  4.58700E-03  4.81629E-04  1.55892E-03  9.02235E-04  7.14516E-05  2.65778E-04  9.95120E-05
  8646.00000  5.03365E-02  0.00000E+00  1.02903E-02  2.99135E-02  2.16887E-03  4.58555E-03  4.81511E-04  1.55825E-03  9.01953E-04  7.14342E-05  2.65665E-04  9.94813E-05
  8647.00000  5.03209E-02  0.00000E+00  1.02880E-02  2.99033E-02  2.16835E-03  4.58411E-03  4.81394E-04  1.55757E-03  9.01671E-04  7.14168E-05  2.65553E-04  9.94506E-05
  8648.00000  5.03052E-02  0.00000E+00  1.02857E-02  2.98932E-02  2.16783E-03  4.58267E-03  4.81276E-04  1.55690E-03  9.01390E-04  7.13995E-05  2.65440E-04  9.94198E-05
  8649.00000  5.02895E-02  0.00000E+00  1.02834E-02  2.98830E-02  2.16731E-03  4.58124E-03  4.81159E-04  1.55622E-03  9.01109E-04  7.13821E-05  2.65328E-04  9.93892E-05
  8650.00000  5.02739E-02  0.00000E+00  1.02811E-02  2.98729E-02  2.16679E-03  4.57980E-03  4.81042E-04  1.55555E-03  9.00828E-04  7.13648E-05  2.65216E-04  9.93585E-05
  8651.00000  5.02582E-02  0.00000E+00  1.02788E-02  2.98627E-02  2.16627E-03  4.57836E-03  4.80925E-04  1.55487E-03  9.00547E-04  7.13475E-05  2.65104E-04  9.93278E-05
  8652.00000  5.02426E-02  0.00000E+00  1.02765E-02  2.98526E-02  2.16575E-03  4.57692E-03  4.80808E-04  1.55420E-03  9.00266E-04  7.13302E-05  2.64992E-04  9.92971E-05
  8653.00000  5.02270E-02  0.00000E+00  1.02741E-02  2.98425E-02  2.16523E-03  4.57549E-03  4.80690E-04  1.55352E-03  8.99985E-04  7.13129E-05  2.64880E-04  9.92665E-05
  8654.00000  5.02114E-02  0.00000E+00  1.02718E-02  2.98323E-02  2.16471E-03  4.57405E-03  4.80573E-04  1.55285E-03  8.99704E-04  7.12956E-05  2.64768E-04  9.92358E-05
  8655.00000  5.01958E-02  0.00000E+00  1.02695E-02  2.98222E-02  2.16419E-03  4.57261E-03  4.80456E-04  1.55218E-03  8.99424E-04  7.12783E-05  2.64656E-04  9.92052E-05
  8656.00000  5.01801E-02  0.00000E+00  1.02672E-02  2.98121E-02  2.16367E-03  4.57118E-03  4.80339E-04  1.55150E-03  8.99143E-04  7.12610E-05  2.64544E-04  9.91746E-05
  8657.00000  5.01645E-02  0.00000E+00  1.02649E-02  2.98020E-02  2.16315E-03  4.56975E-03  4.80222E-04  1.55083E-03  8.98863E-04  7.12437E-05  2.64432E-04  9.91440E-05
  8658.00000  5.01490E-02  0.00000E+00  1.02626E-02  2.97919E-02  2.16263E-03  4.56831E-03  4.80105E-04  1.55016E-03  8.98583E-04  7.12265E-05  2.64320E-04  9.91133E-05
  8659.00000  5.01334E-02  0.00000E+00  1.02603E-02  2.97818E-02  2.16211E-03  4.56688E-03  4.79988E-04  1.54949E-03  8.98303E-04  7.12092E-05  2.64209E-04  9.90827E-05
  8660.00000  5.01178E-02  0.00000E+00  1.02580E-02  2.97717E-02  2.16159E-03  4.56545E-03  4.79872E-04  1.54882E-03  8.98023E-04  7.11920E-05  2.64097E-04  9.90522E-05
  8661.00000  5.01022E-02  0.00000E+00  1.02557E-02  2.97616E-02  2.16107E-03  4.56402E-03  4.79755E-04  1.54814E-03  8.97743E-04  7.11747E-05  2.63986E-04  9.90216E-05
  8662.00000  5.00866E-02  0.00000E+00  1.02534E-02  2.97515E-02  2.16056E-03  4.56258E-03  4.79638E-04  1.54747E-03  8.97463E-04  7.11575E-05  2.63874E-04  9.89910E-05
  8663.00000  5.00711E-02  0.00000E+00  1.02511E-02  2.97414E-02  2.16004E-03  4.56115E-03  4.79521E-04  1.54680E-03  8.97184E-04  7.11403E-05  2.63763E-04  9.89605E-05
  8664.00000  5.00555E-02  0.00000E+00  1.02488E-02  2.97313E-02  2.15952E-03  4.55972E-03  4.79405E-04  1.54613E-03  8.96904E-04  7.11231E-05  2.63651E-04  9.89299E-05
  8665.00000  5.00400E-02  0.00000E+00  1.02465E-02  2.97212E-02  2.15900E-03  4.55829E-03  4.79288E-04  1.54546E-03  8.96625E-04  7.11059E-05  2.63540E-04  9.88994E-05
  8666.00000  5.00244E-02  0.00000E+00  1.02442E-02  2.97112E-02  2.15848E-03  4.55687E-03  4.79171E-04  1.54479E-03  8.96346E-04  7.10887E-05  2.63429E-04  9.88688E-05
  8667.00000  5.00089E-02  0.00000E+00  1.02419E-02  2.97011E-02  2.15797E-03  4.55544E-03  4.79055E-04  1.54413E-03  8.96067E-04  7.10715E-05  2.63317E-04  9.88383E-05
  8668.00000  4.99934E-02  0.00000E+00  1.02396E-02  2.96910E-02  2.15745E-03  4.55401E-03  4.78938E-04  1.54346E-03  8.95788E-04  7.10543E-05  2.63206E-04  9.88078E-05
  8669.00000  4.99779E-02  0.00000E+00  1.02373E-02  2.96810E-02  2.15693E-03  4.55258E-03  4.78822E-04  1.54279E-03  8.95509E-04  7.10371E-05  2.63095E-04  9.87773E-05
  8670.00000  4.99623E-02  0.00000E+00  1.02351E-02  2.96709E-02  2.15641E-03  4.55116E-03  4.78705E-04  1.54212E-03  8.95230E-04  7.10200E-05  2.62984E-04  9.87468E-05
  8671.00000  4.99468E-02  0.00000E+00  1.02328E-02  2.96609E-02  2.15590E-03  4.54973E-03  4.78589E-04  1.54145E-03  8.94952E-04  7.10028E-05  2.62873E-04  9.87163E-05
  8672.00000  4.99313E-02  0.00000E+00  1.02305E-02  2.96508E-02  2.15538E-03  4.54831E-03  4.78473E-04  1.54079E-03  8.94673E-04  7.09856E-05  2.62762E-04  9.86859E-05
  8673.00000  4.99158E-02  0.00000E+00  1.02282E-02  2.96408E-02  2.15486E-03  4.54688E-03  4.78356E-04  1.54012E-03  8.94395E-04  7.09685E-05  2.62651E-04  9.86554E-05
  8674.00000  4.99004E-02  0.00000E+00  1.02259E-02  2.96307E-02  2.15435E-03  4.54546E-03  4.78240E-04  1.53946E-03  8.94117E-04  7.09514E-05  2.62541E-04  9.86250E-05
  8675.00000  4.98849E-02  0.00000E+00  1.02236E-02  2.96207E-02  2.15383E-03  4.54404E-03  4.78124E-04  1.53879E-03  8.93838E-04  7.09342E-05  2.62430E-04  9.85945E-05
  8676.00000  4.98694E-02  0.00000E+00  1.02213E-02  2.96107E-02  2.15332E-03  4.54261E-03  4.78007E-04  1.53812E-03  8.93560E-04  7.09171E-05  2.62319E-04  9.85641E-05
  8677.00000  4.98539E-02  0.00000E+00  1.02190E-02  2.96006E-02  2.15280E-03  4.54119E-03  4.77891E-04  1.53746E-03  8.93283E-04  7.09000E-05  2.62209E-04  9.85337E-05
  8678.00000  4.98385E-02  0.00000E+00  1.02167E-02  2.95906E-02  2.15228E-03  4.53977E-03  4.77775E-04  1.53679E-03  8.93005E-04  7.08829E-05  2.62098E-04  9.85033E-05
  8679.00000  4.98230E-02  0.00000E+00  1.02144E-02  2.95806E-02  2.15177E-03  4.53835E-03  4.77659E-04  1.53613E-03  8.92727E-04  7.08658E-05  2.61987E-04  9.84729E-05
  8680.00000  4.98076E-02  0.00000E+00  1.02122E-02  2.95706E-02  2.15125E-03  4.53693E-03  4.77543E-04  1.53547E-03  8.92450E-04  7.08487E-05  2.61877E-04  9.84425E-05
  8681.00000  4.97921E-02  0.00000E+00  1.02099E-02  2.95606E-02  2.15074E-03  4.53551E-03  4.77427E-04  1.53480E-03  8.92172E-04  7.08316E-05  2.61767E-04  9.84121E-05
  8682.00000  4.97767E-02  0.00000E+00  1.02076E-02  2.95506E-02  2.15022E-03  4.53409E-03  4.77311E-04  1.53414E-03  8.91895E-04  7.08145E-05  2.61656E-04  9.83817E-05
  8683.00000  4.97612E-02  0.00000E+00  1.02053E-02  2.95406E-02  2.14971E-03  4.53267E-03  4.77195E-04  1.53348E-03  8.91618E-04  7.07975E-05  2.61546E-04  9.83514E-05
  8684.00000  4.97458E-02  0.00000E+00  1.02030E-02  2.95306E-02  2.14919E-03  4.53126E-03  4.77079E-04  1.53281E-03  8.91341E-04  7.07804E-05  2.61436E-04  9.83210E-05
  8685.00000  4.97304E-02  0.00000E+00  1.02007E-02  2.95206E-02  2.14868E-03  4.52984E-03  4.76963E-04  1.53215E-03  8.91064E-04  7.07633E-05  2.61325E-04  9.82907E-05
  8686.00000  4.97150E-02  0.00000E+00  1.01984E-02  2.95106E-02  2.14816E-03  4.52842E-03  4.76847E-04  1.53149E-03  8.90787E-04  7.07463E-05  2.61215E-04  9.82604E-05
  8687.00000  4.96996E-02  0.00000E+00  1.01962E-02  2.95006E-02  2.14765E-03  4.52701E-03  4.76731E-04  1.53083E-03  8.90510E-04  7.07293E-05  2.61105E-04  9.82301E-05
  8688.00000  4.96842E-02  0.00000E+00  1.01939E-02  2.94906E-02  2.14713E-03  4.52559E-03  4.76615E-04  1.53017E-03  8.90233E-04  7.07122E-05  2.60995E-04  9.81998E-05
  8689.00000  4.96688E-02  0.00000E+00  1.01916E-02  2.94807E-02  2.14662E-03  4.52418E-03  4.76499E-04  1.52950E-03  8.89957E-04  7.06952E-05  2.60885E-04  9.81695E-05
  8690.00000  4.96534E-02  0.00000E+00  1.01893E-02  2.94707E-02  2.14611E-03  4.52276E-03  4.76384E-04  1.52884E-03  8.89680E-04  7.06782E-05  2.60775E-04  9.81392E-05
  8691.00000  4.96380E-02  0.00000E+00  1.01870E-02  2.94607E-02  2.14559E-03  4.52135E-03  4.76268E-04  1.52818E-03  8.89404E-04  7.06611E-05  2.60666E-04  9.81089E-05
  8692.00000  4.96226E-02  0.00000E+00  1.01848E-02  2.94508E-02  2.14508E-03  4.51994E-03  4.76152E-04  1.52752E-03  8.89128E-04  7.06441E-05  2.60556E-04  9.80787E-05
  8693.00000  4.96072E-02  0.00000E+00  1.01825E-02  2.94408E-02  2.14456E-03  4.51852E-03  4.76037E-04  1.52686E-03  8.88852E-04  7.06271E-05  2.60446E-04  9.80485E-05
  8694.00000  4.95919E-02  0.00000E+00  1.01802E-02  2.94309E-02  2.14405E-03  4.51711E-03  4.75921E-04  1.52621E-03  8.88576E-04  7.06101E-05  2.60336E-04  9.80182E-05
  8695.00000  4.95765E-02  0.00000E+00  1.01779E-02  2.94209E-02  2.14354E-03  4.51570E-03  4.75805E-04  1.52555E-03  8.88300E-04  7.05932E-05  2.60227E-04  9.79880E-05
  8696.00000  4.95612E-02  0.00000E+00  1.01756E-02  2.94110E-02  2.14302E-03  4.51429E-03  4.75690E-04  1.52489E-03  8.88024E-04  7.05762E-05  2.60117E-04  9.79578E-05
  8697.00000  4.95458E-02  0.00000E+00  1.01734E-02  2.94010E-02  2.14251E-03  4.51288E-03  4.75574E-04  1.52423E-03  8.87749E-04  7.05592E-05  2.60007E-04  9.79276E-05
  8698.00000  4.95305E-02  0.00000E+00  1.01711E-02  2.93911E-02  2.14200E-03  4.51147E-03  4.75459E-04  1.52357E-03  8.87473E-04  7.05422E-05  2.59898E-04  9.78974E-05
  8699.00000  4.95152E-02  0.00000E+00  1.01688E-02  2.93811E-02  2.14149E-03  4.51006E-03  4.75344E-04  1.52292E-03  8.87198E-04  7.05253E-05  2.59789E-04  9.78673E-05
  8700.00000  4.94998E-02  0.00000E+00  1.01665E-02  2.93712E-02  2.14097E-03  4.50865E-03  4.75228E-04  1.52226E-03  8.86922E-04  7.05083E-05  2.59679E-04  9.78371E-05
  8701.00000  4.94845E-02  0.00000E+00  1.01643E-02  2.93613E-02  2.14046E-03  4.50724E-03  4.75113E-04  1.52160E-03  8.86647E-04  7.04914E-05  2.59570E-04  9.78070E-05
  8702.00000  4.94692E-02  0.00000E+00  1.01620E-02  2.93514E-02  2.13995E-03  4.50584E-03  4.74998E-04  1.52094E-03  8.86372E-04  7.04744E-05  2.59461E-04  9.77769E-05
  8703.00000  4.94539E-02  0.00000E+00  1.01597E-02  2.93415E-02  2.13944E-03  4.50443E-03  4.74882E-04  1.52029E-03  8.86097E-04  7.04575E-05  2.59351E-04  9.77467E-05
  8704.00000  4.94386E-02  0.00000E+00  1.01575E-02  2.93315E-02  2.13893E-03  4.50302E-03  4.74767E-04  1.51963E-03  8.85822E-04  7.04406E-05  2.59242E-04  9.77166E-05
  8705.00000  4.94233E-02  0.00000E+00  1.01552E-02  2.93216E-02  2.13842E-03  4.50162E-03  4.74652E-04  1.51898E-03  8.85547E-04  7.04237E-05  2.59133E-04  9.76866E-05
  8706.00000  4.94080E-02  0.00000E+00  1.01529E-02  2.93117E-02  2.13790E-03  4.50021E-03  4.74537E-04  1.51832E-03  8.85272E-04  7.04068E-05  2.59024E-04  9.76565E-05
  8707.00000  4.93927E-02  0.00000E+00  1.01507E-02  2.93018E-02  2.13739E-03  4.49881E-03  4.74422E-04  1.51767E-03  8.84998E-04  7.03899E-05  2.58915E-04  9.76264E-05
  8708.00000  4.93774E-02  0.00000E+00  1.01484E-02  2.92919E-02  2.13688E-03  4.49740E-03  4.74307E-04  1.51701E-03  8.84723E-04  7.03730E-05  2.58806E-04  9.75964E-05
  8709.00000  4.93622E-02  0.00000E+00  1.01461E-02  2.92821E-02  2.13637E-03  4.49600E-03  4.74192E-04  1.51636E-03  8.84449E-04  7.03561E-05  2.58697E-04  9.75663E-05
  8710.00000  4.93469E-02  0.00000E+00  1.01439E-02  2.92722E-02  2.13586E-03  4.49459E-03  4.74077E-04  1.51570E-03  8.84174E-04  7.03392E-05  2.58589E-04  9.75363E-05
  8711.00000  4.93316E-02  0.00000E+00  1.01416E-02  2.92623E-02  2.13535E-03  4.49319E-03  4.73962E-04  1.51505E-03  8.83900E-04  7.03223E-05  2.58480E-04  9.75063E-05
  8712.00000  4.93164E-02  0.00000E+00  1.01393E-02  2.92524E-02  2.13484E-03  4.49179E-03  4.73847E-04  1.51440E-03  8.83626E-04  7.03054E-05  2.58371E-04  9.74763E-05
  8713.00000  4.93012E-02  0.00000E+00  1.01371E-02  2.92425E-02  2.13433E-03  4.49039E-03  4.73732E-04  1.51375E-03  8.83352E-04  7.02886E-05  2.58262E-04  9.74463E-05
  8714.00000  4.92859E-02  0.00000E+00  1.01348E-02  2.92327E-02  2.13382E-03  4.48899E-03  4.73617E-04  1.51309E-03  8.83078E-04  7.02717E-05  2.58154E-04  9.74163E-05
  8715.00000  4.92707E-02  0.00000E+00  1.01325E-02  2.92228E-02  2.13331E-03  4.48759E-03  4.73502E-04  1.51244E-03  8.82804E-04  7.02549E-05  2.58045E-04  9.73864E-05
  8716.00000  4.92555E-02  0.00000E+00  1.01303E-02  2.92130E-02  2.13280E-03  4.48619E-03  4.73388E-04  1.51179E-03  8.82531E-04  7.02381E-05  2.57937E-04  9.73564E-05
  8717.00000  4.92402E-02  0.00000E+00  1.01280E-02  2.92031E-02  2.13229E-03  4.48479E-03  4.73273E-04  1.51114E-03  8.82257E-04  7.02212E-05  2.57828E-04  9.73265E-05
  8718.00000  4.92250E-02  0.00000E+00  1.01257E-02  2.91933E-02  2.13178E-03  4.48339E-03  4.73158E-04  1.51049E-03  8.81983E-04  7.02044E-05  2.57720E-04  9.72966E-05
  8719.00000  4.92098E-02  0.00000E+00  1.01235E-02  2.91834E-02  2.13128E-03  4.48199E-03  4.73044E-04  1.50984E-03  8.81710E-04  7.01876E-05  2.57612E-04  9.72667E-05
  8720.00000  4.91946E-02  0.00000E+00  1.01212E-02  2.91736E-02  2.13077E-03  4.48059E-03  4.72929E-04  1.50919E-03  8.81437E-04  7.01708E-05  2.57504E-04  9.72368E-05
  8721.00000  4.91794E-02  0.00000E+00  1.01190E-02  2.91637E-02  2.13026E-03  4.47919E-03  4.72815E-04  1.50854E-03  8.81164E-04  7.01540E-05  2.57395E-04  9.72069E-05
  8722.00000  4.91642E-02  0.00000E+00  1.01167E-02  2.91539E-02  2.12975E-03  4.47780E-03  4.72700E-04  1.50789E-03  8.80891E-04  7.01372E-05  2.57287E-04  9.71770E-05
  8723.00000  4.91491E-02  0.00000E+00  1.01145E-02  2.91441E-02  2.12924E-03  4.47640E-03  4.72586E-04  1.50724E-03  8.80618E-04  7.01204E-05  2.57179E-04  9.71472E-05
  8724.00000  4.91339E-02  0.00000E+00  1.01122E-02  2.91342E-02  2.12873E-03  4.47500E-03  4.72472E-04  1.50659E-03  8.80345E-04  7.01036E-05  2.57071E-04  9.71173E-05
  8725.00000  4.91187E-02  0.00000E+00  1.01099E-02  2.91244E-02  2.12823E-03  4.47361E-03  4.72357E-04  1.50594E-03  8.80072E-04  7.00869E-05  2.56963E-04  9.70875E-05
  8726.00000  4.91036E-02  0.00000E+00  1.01077E-02  2.91146E-02  2.12772E-03  4.47221E-03  4.72243E-04  1.50529E-03  8.79799E-04  7.00701E-05  2.56855E-04  9.70577E-05
  8727.00000  4.90884E-02  0.00000E+00  1.01054E-02  2.91048E-02  2.12721E-03  4.47082E-03  4.72129E-04  1.50464E-03  8.79527E-04  7.00534E-05  2.56747E-04  9.70279E-05
  8728.00000  4.90733E-02  0.00000E+00  1.01032E-02  2.90950E-02  2.12671E-03  4.46943E-03  4.72015E-04  1.50399E-03  8.79254E-04  7.00366E-05  2.56640E-04  9.69981E-05
  8729.00000  4.90581E-02  0.00000E+00  1.01009E-02  2.90852E-02  2.12620E-03  4.46803E-03  4.71901E-04  1.50335E-03  8.78982E-04  7.00199E-05  2.56532E-04  9.69683E-05
  8730.00000  4.90430E-02  0.00000E+00  1.00987E-02  2.90754E-02  2.12569E-03  4.46664E-03  4.71787E-04  1.50270E-03  8.78710E-04  7.00031E-05  2.56424E-04  9.69386E-05
  8731.00000  4.90278E-02  0.00000E+00  1.00964E-02  2.90656E-02  2.12519E-03  4.46525E-03  4.71673E-04  1.50205E-03  8.78438E-04  6.99864E-05  2.56317E-04  9.69088E-05
  8732.00000  4.90127E-02  0.00000E+00  1.00942E-02  2.90558E-02  2.12468E-03  4.46386E-03  4.71559E-04  1.50141E-03  8.78166E-04  6.99697E-05  2.56209E-04  9.68791E-05
  8733.00000  4.89976E-02  0.00000E+00  1.00919E-02  2.90460E-02  2.12417E-03  4.46247E-03  4.71445E-04  1.50076E-03  8.77894E-04  6.99530E-05  2.56102E-04  9.68494E-05
  8734.00000  4.89825E-02  0.00000E+00  1.00897E-02  2.90362E-02  2.12367E-03  4.46108E-03  4.71331E-04  1.50012E-03  8.77622E-04  6.99363E-05  2.55994E-04  9.68196E-05
  8735.00000  4.89674E-02  0.00000E+00  1.00874E-02  2.90265E-02  2.12316E-03  4.45969E-03  4.71217E-04  1.49947E-03  8.77351E-04  6.99196E-05  2.55887E-04  9.67899E-05
  8736.00000  4.89523E-02  0.00000E+00  1.00852E-02  2.90167E-02  2.12266E-03  4.45830E-03  4.71103E-04  1.49883E-03  8.77079E-04  6.99029E-05  2.55780E-04  9.67603E-05
  8737.00000  4.89372E-02  0.00000E+00  1.00829E-02  2.90069E-02  2.12215E-03  4.45691E-03  4.70989E-04  1.49818E-03  8.76808E-04  6.98862E-05  2.55672E-04  9.67306E-05
  8738.00000  4.89221E-02  0.00000E+00  1.00807E-02  2.89972E-02  2.12165E-03  4.45552E-03  4.70875E-04  1.49754E-03  8.76536E-04  6.98696E-05  2.55565E-04  9.67009E-05
  8739.00000  4.89070E-02  0.00000E+00  1.00784E-02  2.89874E-02  2.12114E-03  4.45414E-03  4.70762E-04  1.49689E-03  8.76265E-04  6.98529E-05  2.55458E-04  9.66713E-05
  8740.00000  4.88920E-02  0.00000E+00  1.00762E-02  2.89776E-02  2.12064E-03  4.45275E-03  4.70648E-04  1.49625E-03  8.75994E-04  6.98363E-05  2.55351E-04  9.66416E-05
  8741.00000  4.88769E-02  0.00000E+00  1.00740E-02  2.89679E-02  2.12013E-03  4.45136E-03  4.70534E-04  1.49561E-03  8.75723E-04  6.98196E-05  2.55244E-04  9.66120E-05
  8742.00000  4.88618E-02  0.00000E+00  1.00717E-02  2.89581E-02  2.11963E-03  4.44998E-03  4.70421E-04  1.49496E-03  8.75452E-04  6.98030E-05  2.55137E-04  9.65824E-05
  8743.00000  4.88468E-02  0.00000E+00  1.00695E-02  2.89484E-02  2.11912E-03  4.44859E-03  4.70307E-04  1.49432E-03  8.75182E-04  6.97863E-05  2.55030E-04  9.65528E-05
  8744.00000  4.88317E-02  0.00000E+00  1.00672E-02  2.89387E-02  2.11862E-03  4.44721E-03  4.70194E-04  1.49368E-03  8.74911E-04  6.97697E-05  2.54923E-04  9.65232E-05
  8745.00000  4.88167E-02  0.00000E+00  1.00650E-02  2.89289E-02  2.11811E-03  4.44582E-03  4.70080E-04  1.49304E-03  8.74641E-04  6.97531E-05  2.54816E-04  9.64936E-05
  8746.00000  4.88016E-02  0.00000E+00  1.00627E-02  2.89192E-02  2.11761E-03  4.44444E-03  4.69967E-04  1.49240E-03  8.74370E-04  6.97365E-05  2.54710E-04  9.64641E-05
  8747.00000  4.87866E-02  0.00000E+00  1.00605E-02  2.89095E-02  2.11711E-03  4.44306E-03  4.69854E-04  1.49175E-03  8.74100E-04  6.97198E-05  2.54603E-04  9.64345E-05
  8748.00000  4.87716E-02  0.00000E+00  1.00583E-02  2.88997E-02  2.11660E-03  4.44168E-03  4.69740E-04  1.49111E-03  8.73830E-04  6.97032E-05  2.54496E-04  9.64050E-05
  8749.00000  4.87566E-02  0.00000E+00  1.00560E-02  2.88900E-02  2.11610E-03  4.44030E-03  4.69627E-04  1.49047E-03  8.73560E-04  6.96866E-05  2.54390E-04  9.63755E-05
  8750.00000  4.87415E-02  0.00000E+00  1.00538E-02  2.88803E-02  2.11560E-03  4.43892E-03  4.69514E-04  1.48983E-03  8.73290E-04  6.96701E-05  2.54283E-04  9.63459E-05
  8751.00000  4.87265E-02  0.00000E+00  1.00515E-02  2.88706E-02  2.11509E-03  4.43754E-03  4.69400E-04  1.48919E-03  8.73020E-04  6.96535E-05  2.54177E-04  9.63164E-05
  8752.00000  4.87115E-02  0.00000E+00  1.00493E-02  2.88609E-02  2.11459E-03  4.43616E-03  4.69287E-04  1.48855E-03  8.72750E-04  6.96369E-05  2.54070E-04  9.62870E-05
  8753.00000  4.86965E-02  0.00000E+00  1.00471E-02  2.88512E-02  2.11409E-03  4.43478E-03  4.69174E-04  1.48792E-03  8.72481E-04  6.96203E-05  2.53964E-04  9.62575E-05
  8754.00000  4.86815E-02  0.00000E+00  1.00448E-02  2.88415E-02  2.11358E-03  4.43340E-03  4.69061E-04  1.48728E-03  8.72211E-04  6.96038E-05  2.53858E-04  9.62280E-05
  8755.00000  4.86666E-02  0.00000E+00  1.00426E-02  2.88318E-02  2.11308E-03  4.43202E-03  4.68948E-04  1.48664E-03  8.71942E-04  6.95872E-05  2.53752E-04  9.61986E-05
  8756.00000  4.86516E-02  0.00000E+00  1.00404E-02  2.88221E-02  2.11258E-03  4.43064E-03  4.68835E-04  1.48600E-03  8.71673E-04  6.95706E-05  2.53645E-04  9.61691E-05
  8757.00000  4.86366E-02  0.00000E+00  1.00381E-02  2.88124E-02  2.11208E-03  4.42927E-03  4.68722E-04  1.48536E-03  8.71404E-04  6.95541E-05  2.53539E-04  9.61397E-05
  8758.00000  4.86216E-02  0.00000E+00  1.00359E-02  2.88027E-02  2.11158E-03  4.42789E-03  4.68609E-04  1.48473E-03  8.71135E-04  6.95376E-05  2.53433E-04  9.61103E-05
  8759.00000  4.86067E-02  0.00000E+00  1.00337E-02  2.87930E-02  2.11107E-03  4.42652E-03  4.68496E-04  1.48409E-03  8.70866E-04  6.95210E-05  2.53327E-04  9.60809E-05
  8760.00000  4.85917E-02  0.00000E+00  1.00314E-02  2.87834E-02  2.11057E-03  4.42514E-03  4.68383E-04  1.48345E-03  8.70597E-04  6.95045E-05  2.53221E-04  9.60515E-05
  8761.00000  4.85768E-02  0.00000E+00  1.00292E-02  2.87737E-02  2.11007E-03  4.42377E-03  4.68270E-04  1.48282E-03  8.70329E-04  6.94880E-05  2.53115E-04  9.60221E-05
  8762.00000  4.85619E-02  0.00000E+00  1.00270E-02  2.87640E-02  2.10957E-03  4.42239E-03  4.68157E-04  1.48218E-03  8.70060E-04  6.94714E-05  2.53009E-04  9.59927E-05
  8763.00000  4.85469E-02  0.00000E+00  1.00248E-02  2.87544E-02  2.10907E-03  4.42102E-03  4.68044E-04  1.48154E-03  8.69792E-04  6.94549E-05  2.52904E-04  9.59634E-05
  8764.00000  4.85320E-02  0.00000E+00  1.00225E-02  2.87447E-02  2.10857E-03  4.41965E-03  4.67932E-04  1.48091E-03  8.69524E-04  6.94384E-05  2.52798E-04  9.59341E-05
  8765.00000  4.85171E-02  0.00000E+00  1.00203E-02  2.87351E-02  2.10807E-03  4.41828E-03  4.67819E-04  1.48027E-03  8.69255E-04  6.94219E-05  2.52692E-04  9.59047E-05
  8766.00000  4.85022E-02  0.00000E+00  1.00181E-02  2.87254E-02  2.10757E-03  4.41691E-03  4.67706E-04  1.47964E-03  8.68987E-04  6.94054E-05  2.52587E-04  9.58754E-05
  8767.00000  4.84872E-02  0.00000E+00  1.00158E-02  2.87158E-02  2.10706E-03  4.41553E-03  4.67594E-04  1.47901E-03  8.68719E-04  6.93889E-05  2.52481E-04  9.58461E-05
  8768.00000  4.84723E-02  0.00000E+00  1.00136E-02  2.87061E-02  2.10656E-03  4.41416E-03  4.67481E-04  1.47837E-03  8.68452E-04  6.93724E-05  2.52375E-04  9.58168E-05
  8769.00000  4.84574E-02  0.00000E+00  1.00114E-02  2.86965E-02  2.10606E-03  4.41279E-03  4.67368E-04  1.47774E-03  8.68184E-04  6.93560E-05  2.52270E-04  9.57875E-05
  8770.00000  4.84426E-02  0.00000E+00  1.00092E-02  2.86869E-02  2.10556E-03  4.41143E-03  4.67256E-04  1.47711E-03  8.67916E-04  6.93395E-05  2.52165E-04  9.57583E-05
  8771.00000  4.84277E-02  0.00000E+00  1.00069E-02  2.86772E-02  2.10506E-03  4.41006E-03  4.67143E-04  1.47647E-03  8.67649E-04  6.93230E-05  2.52059E-04  9.57290E-05
  8772.00000  4.84128E-02  0.00000E+00  1.00047E-02  2.86676E-02  2.10456E-03  4.40869E-03  4.67031E-04  1.47584E-03  8.67381E-04  6.93065E-05  2.51954E-04  9.56998E-05
  8773.00000  4.83979E-02  0.00000E+00  1.00025E-02  2.86580E-02  2.10406E-03  4.40732E-03  4.66918E-04  1.47521E-03  8.67114E-04  6.92901E-05  2.51849E-04  9.56706E-05
  8774.00000  4.83831E-02  0.00000E+00  1.00003E-02  2.86484E-02  2.10356E-03  4.40596E-03  4.66806E-04  1.47458E-03  8.66847E-04  6.92736E-05  2.51743E-04  9.56414E-05
  8775.00000  4.83682E-02  0.00000E+00  9.99806E-03  2.86388E-02  2.10307E-03  4.40459E-03  4.66693E-04  1.47395E-03  8.66580E-04  6.92572E-05  2.51638E-04  9.56122E-05
  8776.00000  4.83533E-02  0.00000E+00  9.99584E-03  2.86292E-02  2.10257E-03  4.40322E-03  4.66581E-04  1.47331E-03  8.66313E-04  6.92407E-05  2.51533E-04  9.55830E-05
  8777.00000  4.83385E-02  0.00000E+00  9.99362E-03  2.86196E-02  2.10207E-03  4.40186E-03  4.66469E-04  1.47268E-03  8.66046E-04  6.92243E-05  2.51428E-04  9.55538E-05
  8778.00000  4.83237E-02  0.00000E+00  9.99140E-03  2.86100E-02  2.10157E-03  4.40049E-03  4.66356E-04  1.47205E-03  8.65779E-04  6.92079E-05  2.51323E-04  9.55246E-05
  8779.00000  4.83088E-02  0.00000E+00  9.98918E-03  2.86004E-02  2.10107E-03  4.39913E-03  4.66244E-04  1.47142E-03  8.65513E-04  6.91914E-05  2.51218E-04  9.54955E-05
  8780.00000  4.82940E-02  0.00000E+00  9.98697E-03  2.85908E-02  2.10057E-03  4.39777E-03  4.66132E-04  1.47079E-03  8.65246E-04  6.91750E-05  2.51113E-04  9.54663E-05
  8781.00000  4.82792E-02  0.00000E+00  9.98475E-03  2.85812E-02  2.10007E-03  4.39640E-03  4.66020E-04  1.47016E-03  8.64980E-04  6.91586E-05  2.51008E-04  9.54372E-05
  8782.00000  4.82644E-02  0.00000E+00  9.98253E-03  2.85716E-02  2.09957E-03  4.39504E-03  4.65908E-04  1.46953E-03  8.64713E-04  6.91422E-05  2.50903E-04  9.54081E-05
  8783.00000  4.82496E-02  0.00000E+00  9.98032E-03  2.85620E-02  2.09908E-03  4.39368E-03  4.65795E-04  1.46891E-03  8.64447E-04  6.91257E-05  2.50799E-04  9.53790E-05
  8784.00000  4.82347E-02  0.00000E+00  9.97811E-03  2.85525E-02  2.09858E-03  4.39232E-03  4.65683E-04  1.46828E-03  8.64181E-04  6.91093E-05  2.50694E-04  9.53499E-05
  8785.00000  4.82200E-02  0.00000E+00  9.97589E-03  2.85429E-02  2.09808E-03  4.39096E-03  4.65571E-04  1.46765E-03  8.63915E-04  6.90929E-05  2.50589E-04  9.53208E-05
  8786.00000  4.82052E-02  0.00000E+00  9.97368E-03  2.85333E-02  2.09758E-03  4.38959E-03  4.65459E-04  1.46702E-03  8.63649E-04  6.90765E-05  2.50485E-04  9.52918E-05
  8787.00000  4.81904E-02  0.00000E+00  9.97147E-03  2.85238E-02  2.09709E-03  4.38823E-03  4.65347E-04  1.46639E-03  8.63383E-04  6.90601E-05  2.50380E-04  9.52627E-05
  8788.00000  4.81756E-02  0.00000E+00  9.96926E-03  2.85142E-02  2.09659E-03  4.38687E-03  4.65235E-04  1.46577E-03  8.63117E-04  6.90438E-05  2.50276E-04  9.52337E-05
  8789.00000  4.81608E-02  0.00000E+00  9.96705E-03  2.85047E-02  2.09609E-03  4.38552E-03  4.65124E-04  1.46514E-03  8.62852E-04  6.90274E-05  2.50171E-04  9.52046E-05
  8790.00000  4.81461E-02  0.00000E+00  9.96484E-03  2.84951E-02  2.09559E-03  4.38416E-03  4.65012E-04  1.46451E-03  8.62586E-04  6.90110E-05  2.50067E-04  9.51756E-05
  8791.00000  4.81313E-02  0.00000E+00  9.96263E-03  2.84856E-02  2.09510E-03  4.38280E-03  4.64900E-04  1.46389E-03  8.62321E-04  6.89946E-05  2.49963E-04  9.51466E-05
  8792.00000  4.81165E-02  0.00000E+00  9.96042E-03  2.84760E-02  2.09460E-03  4.38144E-03  4.64788E-04  1.46326E-03  8.62055E-04  6.89783E-05  2.49858E-04  9.51176E-05
  8793.00000  4.81018E-02  0.00000E+00  9.95821E-03  2.84665E-02  2.09410E-03  4.38009E-03  4.64676E-04  1.46263E-03  8.61790E-04  6.89619E-05  2.49754E-04  9.50886E-05
  8794.00000  4.80870E-02  0.00000E+00  9.95600E-03  2.84570E-02  2.09361E-03  4.37873E-03  4.64565E-04  1.46201E-03  8.61525E-04  6.89455E-05  2.49650E-04  9.50597E-05
  8795.00000  4.80723E-02  0.00000E+00  9.95380E-03  2.84474E-02  2.09311E-03  4.37737E-03  4.64453E-04  1.46138E-03  8.61260E-04  6.89292E-05  2.49546E-04  9.50307E-05
  8796.00000  4.80576E-02  0.00000E+00  9.95159E-03  2.84379E-02  2.09262E-03  4.37602E-03  4.64341E-04  1.46076E-03  8.60995E-04  6.89128E-05  2.49442E-04  9.50017E-05
  8797.00000  4.80429E-02  0.00000E+00  9.94939E-03  2.84284E-02  2.09212E-03  4.37466E-03  4.64230E-04  1.46013E-03  8.60730E-04  6.88965E-05  2.49338E-04  9.49728E-05
  8798.00000  4.80281E-02  0.00000E+00  9.94718E-03  2.84189E-02  2.09163E-03  4.37331E-03  4.64118E-04  1.45951E-03  8.60465E-04  6.88802E-05  2.49234E-04  9.49439E-05
  8799.00000  4.80134E-02  0.00000E+00  9.94498E-03  2.84094E-02  2.09113E-03  4.37195E-03  4.64007E-04  1.45889E-03  8.60201E-04  6.88638E-05  2.49130E-04  9.49150E-05
  8800.00000  4.79987E-02  0.00000E+00  9.94277E-03  2.83998E-02  2.09063E-03  4.37060E-03  4.63895E-04  1.45826E-03  8.59936E-04  6.88475E-05  2.49026E-04  9.48861E-05
  8801.00000  4.79840E-02  0.00000E+00  9.94057E-03  2.83903E-02  2.09014E-03  4.36925E-03  4.63784E-04  1.45764E-03  8.59672E-04  6.88312E-05  2.48922E-04  9.48572E-05
  8802.00000  4.79693E-02  0.00000E+00  9.93837E-03  2.83808E-02  2.08965E-03  4.36790E-03  4.63673E-04  1.45702E-03  8.59407E-04  6.88149E-05  2.48818E-04  9.48283E-05
  8803.00000  4.79546E-02  0.00000E+00  9.93617E-03  2.83713E-02  2.08915E-03  4.36654E-03  4.63561E-04  1.45639E-03  8.59143E-04  6.87986E-05  2.48715E-04  9.47994E-05
  8804.00000  4.79399E-02  0.00000E+00  9.93397E-03  2.83619E-02  2.08866E-03  4.36519E-03  4.63450E-04  1.45577E-03  8.58879E-04  6.87823E-05  2.48611E-04  9.47705E-05
  8805.00000  4.79253E-02  0.00000E+00  9.93177E-03  2.83524E-02  2.08816E-03  4.36384E-03  4.63339E-04  1.45515E-03  8.58615E-04  6.87660E-05  2.48507E-04  9.47417E-05
  8806.00000  4.79106E-02  0.00000E+00  9.92957E-03  2.83429E-02  2.08767E-03  4.36249E-03  4.63227E-04  1.45453E-03  8.58351E-04  6.87497E-05  2.48404E-04  9.47128E-05
  8807.00000  4.78959E-02  0.00000E+00  9.92737E-03  2.83334E-02  2.08717E-03  4.36114E-03  4.63116E-04  1.45391E-03  8.58087E-04  6.87334E-05  2.48300E-04  9.46840E-05
  8808.00000  4.78813E-02  0.00000E+00  9.92517E-03  2.83239E-02  2.08668E-03  4.35979E-03  4.63005E-04  1.45329E-03  8.57823E-04  6.87171E-05  2.48197E-04  9.46552E-05
  8809.00000  4.78666E-02  0.00000E+00  9.92297E-03  2.83145E-02  2.08619E-03  4.35844E-03  4.62894E-04  1.45267E-03  8.57559E-04  6.87009E-05  2.48094E-04  9.46264E-05
  8810.00000  4.78520E-02  0.00000E+00  9.92078E-03  2.83050E-02  2.08569E-03  4.35709E-03  4.62783E-04  1.45204E-03  8.57296E-04  6.86846E-05  2.47990E-04  9.45976E-05
  8811.00000  4.78373E-02  0.00000E+00  9.91858E-03  2.82955E-02  2.08520E-03  4.35575E-03  4.62672E-04  1.45142E-03  8.57032E-04  6.86683E-05  2.47887E-04  9.45688E-05
  8812.00000  4.78227E-02  0.00000E+00  9.91639E-03  2.82861E-02  2.08471E-03  4.35440E-03  4.62561E-04  1.45081E-03  8.56769E-04  6.86521E-05  2.47784E-04  9.45400E-05
  8813.00000  4.78080E-02  0.00000E+00  9.91419E-03  2.82766E-02  2.08422E-03  4.35305E-03  4.62450E-04  1.45019E-03  8.56506E-04  6.86358E-05  2.47681E-04  9.45112E-05
  8814.00000  4.77934E-02  0.00000E+00  9.91200E-03  2.82672E-02  2.08372E-03  4.35171E-03  4.62339E-04  1.44957E-03  8.56243E-04  6.86196E-05  2.47578E-04  9.44824E-05
  8815.00000  4.77788E-02  0.00000E+00  9.90980E-03  2.82577E-02  2.08323E-03  4.35036E-03  4.62228E-04  1.44895E-03  8.55980E-04  6.86033E-05  2.47475E-04  9.44537E-05
  8816.00000  4.77642E-02  0.00000E+00  9.90761E-03  2.82483E-02  2.08274E-03  4.34902E-03  4.62118E-04  1.44833E-03  8.55717E-04  6.85871E-05  2.47372E-04  9.44249E-05
  8817.00000  4.77496E-02  0.00000E+00  9.90542E-03  2.82388E-02  2.08225E-03  4.34767E-03  4.62007E-04  1.44771E-03  8.55454E-04  6.85709E-05  2.47269E-04  9.43962E-05
  8818.00000  4.77350E-02  0.00000E+00  9.90323E-03  2.82294E-02  2.08175E-03  4.34633E-03  4.61896E-04  1.44709E-03  8.55191E-04  6.85547E-05  2.47166E-04  9.43675E-05
  8819.00000  4.77204E-02  0.00000E+00  9.90104E-03  2.82200E-02  2.08126E-03  4.34499E-03  4.61786E-04  1.44648E-03  8.54928E-04  6.85384E-05  2.47063E-04  9.43387E-05
  8820.00000  4.77058E-02  0.00000E+00  9.89885E-03  2.82105E-02  2.08077E-03  4.34364E-03  4.61675E-04  1.44586E-03  8.54666E-04  6.85222E-05  2.46960E-04  9.43100E-05
  8821.00000  4.76912E-02  0.00000E+00  9.89666E-03  2.82011E-02  2.08028E-03  4.34230E-03  4.61564E-04  1.44524E-03  8.54404E-04  6.85060E-05  2.46857E-04  9.42813E-05
  8822.00000  4.76766E-02  0.00000E+00  9.89447E-03  2.81917E-02  2.07979E-03  4.34096E-03  4.61454E-04  1.44463E-03  8.54141E-04  6.84898E-05  2.46755E-04  9.42526E-05
  8823.00000  4.76620E-02  0.00000E+00  9.89228E-03  2.81823E-02  2.07930E-03  4.33962E-03  4.61343E-04  1.44401E-03  8.53879E-04  6.84736E-05  2.46652E-04  9.42239E-05
  8824.00000  4.76475E-02  0.00000E+00  9.89010E-03  2.81729E-02  2.07881E-03  4.33828E-03  4.61233E-04  1.44339E-03  8.53617E-04  6.84574E-05  2.46550E-04  9.41952E-05
  8825.00000  4.76329E-02  0.00000E+00  9.88791E-03  2.81634E-02  2.07832E-03  4.33694E-03  4.61123E-04  1.44278E-03  8.53355E-04  6.84413E-05  2.46447E-04  9.41666E-05
  8826.00000  4.76184E-02  0.00000E+00  9.88573E-03  2.81540E-02  2.07783E-03  4.33560E-03  4.61012E-04  1.44216E-03  8.53093E-04  6.84251E-05  2.46345E-04  9.41379E-05
  8827.00000  4.76038E-02  0.00000E+00  9.88354E-03  2.81446E-02  2.07734E-03  4.33426E-03  4.60902E-04  1.44155E-03  8.52831E-04  6.84089E-05  2.46242E-04  9.41092E-05
  8828.00000  4.75893E-02  0.00000E+00  9.88136E-03  2.81352E-02  2.07685E-03  4.33292E-03  4.60792E-04  1.44094E-03  8.52570E-04  6.83927E-05  2.46140E-04  9.40806E-05
  8829.00000  4.75747E-02  0.00000E+00  9.87917E-03  2.81259E-02  2.07636E-03  4.33158E-03  4.60681E-04  1.44032E-03  8.52308E-04  6.83766E-05  2.46038E-04  9.40519E-05
  8830.00000  4.75602E-02  0.00000E+00  9.87699E-03  2.81165E-02  2.07587E-03  4.33025E-03  4.60571E-04  1.43971E-03  8.52047E-04  6.83604E-05  2.45936E-04  9.40233E-05
  8831.00000  4.75457E-02  0.00000E+00  9.87481E-03  2.81071E-02  2.07538E-03  4.32891E-03  4.60461E-04  1.43909E-03  8.51785E-04  6.83443E-05  2.45833E-04  9.39947E-05
  8832.00000  4.75312E-02  0.00000E+00  9.87263E-03  2.80977E-02  2.07489E-03  4.32757E-03  4.60351E-04  1.43848E-03  8.51524E-04  6.83281E-05  2.45731E-04  9.39660E-05
  8833.00000  4.75167E-02  0.00000E+00  9.87045E-03  2.80883E-02  2.07440E-03  4.32624E-03  4.60241E-04  1.43787E-03  8.51263E-04  6.83120E-05  2.45629E-04  9.39374E-05
  8834.00000  4.75022E-02  0.00000E+00  9.86827E-03  2.80790E-02  2.07391E-03  4.32490E-03  4.60131E-04  1.43726E-03  8.51002E-04  6.82958E-05  2.45527E-04  9.39088E-05
  8835.00000  4.74877E-02  0.00000E+00  9.86609E-03  2.80696E-02  2.07342E-03  4.32357E-03  4.60021E-04  1.43664E-03  8.50741E-04  6.82797E-05  2.45425E-04  9.38802E-05
  8836.00000  4.74732E-02  0.00000E+00  9.86391E-03  2.80602E-02  2.07293E-03  4.32224E-03  4.59911E-04  1.43603E-03  8.50481E-04  6.82636E-05  2.45323E-04  9.38516E-05
  8837.00000  4.74587E-02  0.00000E+00  9.86173E-03  2.80509E-02  2.07244E-03  4.32090E-03  4.59801E-04  1.43542E-03  8.50220E-04  6.82475E-05  2.45222E-04  9.38230E-05
  8838.00000  4.74442E-02  0.00000E+00  9.85956E-03  2.80415E-02  2.07195E-03  4.31957E-03  4.59691E-04  1.43481E-03  8.49959E-04  6.82314E-05  2.45120E-04  9.37944E-05
  8839.00000  4.74297E-02  0.00000E+00  9.85738E-03  2.80322E-02  2.07147E-03  4.31824E-03  4.59581E-04  1.43420E-03  8.49699E-04  6.82152E-05  2.45018E-04  9.37659E-05
  8840.00000  4.74153E-02  0.00000E+00  9.85521E-03  2.80228E-02  2.07098E-03  4.31691E-03  4.59471E-04  1.43359E-03  8.49439E-04  6.81991E-05  2.44916E-04  9.37373E-05
  8841.00000  4.74008E-02  0.00000E+00  9.85303E-03  2.80135E-02  2.07049E-03  4.31558E-03  4.59361E-04  1.43298E-03  8.49178E-04  6.81830E-05  2.44815E-04  9.37088E-05
  8842.00000  4.73864E-02  0.00000E+00  9.85086E-03  2.80041E-02  2.07000E-03  4.31425E-03  4.59252E-04  1.43237E-03  8.48918E-04  6.81669E-05  2.44713E-04  9.36802E-05
  8843.00000  4.73719E-02  0.00000E+00  9.84869E-03  2.79948E-02  2.06951E-03  4.31292E-03  4.59142E-04  1.43176E-03  8.48658E-04  6.81508E-05  2.44612E-04  9.36517E-05
  8844.00000  4.73575E-02  0.00000E+00  9.84651E-03  2.79855E-02  2.06903E-03  4.31159E-03  4.59032E-04  1.43115E-03  8.48399E-04  6.81348E-05  2.44510E-04  9.36231E-05
  8845.00000  4.73430E-02  0.00000E+00  9.84434E-03  2.79762E-02  2.06854E-03  4.31026E-03  4.58923E-04  1.43054E-03  8.48139E-04  6.81187E-05  2.44409E-04  9.35946E-05
  8846.00000  4.73286E-02  0.00000E+00  9.84217E-03  2.79668E-02  2.06805E-03  4.30893E-03  4.58813E-04  1.42993E-03  8.47879E-04  6.81026E-05  2.44307E-04  9.35661E-05
  8847.00000  4.73142E-02  0.00000E+00  9.84000E-03  2.79575E-02  2.06756E-03  4.30760E-03  4.58703E-04  1.42933E-03  8.47620E-04  6.80865E-05  2.44206E-04  9.35376E-05
  8848.00000  4.72998E-02  0.00000E+00  9.83783E-03  2.79482E-02  2.06708E-03  4.30628E-03  4.58594E-04  1.42872E-03  8.47360E-04  6.80704E-05  2.44105E-04  9.35091E-05
  8849.00000  4.72853E-02  0.00000E+00  9.83566E-03  2.79389E-02  2.06659E-03  4.30495E-03  4.58484E-04  1.42811E-03  8.47101E-04  6.80544E-05  2.44004E-04  9.34806E-05
  8850.00000  4.72709E-02  0.00000E+00  9.83349E-03  2.79296E-02  2.06610E-03  4.30363E-03  4.58375E-04  1.42750E-03  8.46842E-04  6.80383E-05  2.43903E-04  9.34521E-05
  8851.00000  4.72565E-02  0.00000E+00  9.83132E-03  2.79203E-02  2.06562E-03  4.30230E-03  4.58265E-04  1.42690E-03  8.46583E-04  6.80223E-05  2.43801E-04  9.34236E-05
  8852.00000  4.72421E-02  0.00000E+00  9.82916E-03  2.79110E-02  2.06513E-03  4.30098E-03  4.58156E-04  1.42629E-03  8.46324E-04  6.80062E-05  2.43700E-04  9.33951E-05
  8853.00000  4.72277E-02  0.00000E+00  9.82699E-03  2.79017E-02  2.06464E-03  4.29965E-03  4.58046E-04  1.42568E-03  8.46065E-04  6.79901E-05  2.43599E-04  9.33667E-05
  8854.00000  4.72134E-02  0.00000E+00  9.82482E-03  2.78924E-02  2.06416E-03  4.29833E-03  4.57937E-04  1.42508E-03  8.45806E-04  6.79741E-05  2.43498E-04  9.33382E-05
  8855.00000  4.71990E-02  0.00000E+00  9.82266E-03  2.78831E-02  2.06367E-03  4.29701E-03  4.57828E-04  1.42447E-03  8.45548E-04  6.79581E-05  2.43398E-04  9.33098E-05
  8856.00000  4.71846E-02  0.00000E+00  9.82049E-03  2.78739E-02  2.06318E-03  4.29568E-03  4.57718E-04  1.42387E-03  8.45289E-04  6.79420E-05  2.43297E-04  9.32813E-05
  8857.00000  4.71702E-02  0.00000E+00  9.81833E-03  2.78646E-02  2.06270E-03  4.29436E-03  4.57609E-04  1.42326E-03  8.45031E-04  6.79260E-05  2.43196E-04  9.32529E-05
  8858.00000  4.71559E-02  0.00000E+00  9.81617E-03  2.78553E-02  2.06221E-03  4.29304E-03  4.57500E-04  1.42266E-03  8.44772E-04  6.79099E-05  2.43095E-04  9.32245E-05
  8859.00000  4.71415E-02  0.00000E+00  9.81400E-03  2.78460E-02  2.06173E-03  4.29172E-03  4.57391E-04  1.42205E-03  8.44514E-04  6.78939E-05  2.42994E-04  9.31961E-05
  8860.00000  4.71272E-02  0.00000E+00  9.81184E-03  2.78368E-02  2.06124E-03  4.29040E-03  4.57282E-04  1.42145E-03  8.44256E-04  6.78779E-05  2.42894E-04  9.31677E-05
  8861.00000  4.71128E-02  0.00000E+00  9.80968E-03  2.78275E-02  2.06076E-03  4.28908E-03  4.57172E-04  1.42085E-03  8.43998E-04  6.78619E-05  2.42793E-04  9.31393E-05
  8862.00000  4.70985E-02  0.00000E+00  9.80752E-03  2.78182E-02  2.06027E-03  4.28776E-03  4.57063E-04  1.42024E-03  8.43740E-04  6.78459E-05  2.42693E-04  9.31109E-05
  8863.00000  4.70842E-02  0.00000E+00  9.80536E-03  2.78090E-02  2.05979E-03  4.28644E-03  4.56954E-04  1.41964E-03  8.43482E-04  6.78298E-05  2.42592E-04  9.30825E-05
  8864.00000  4.70698E-02  0.00000E+00  9.80320E-03  2.77997E-02  2.05930E-03  4.28512E-03  4.56845E-04  1.41904E-03  8.43224E-04  6.78138E-05  2.42492E-04  9.30542E-05
  8865.00000  4.70555E-02  0.00000E+00  9.80104E-03  2.77905E-02  2.05882E-03  4.28380E-03  4.56736E-04  1.41844E-03  8.42967E-04  6.77978E-05  2.42391E-04  9.30258E-05
  8866.00000  4.70412E-02  0.00000E+00  9.79888E-03  2.77813E-02  2.05833E-03  4.28249E-03  4.56627E-04  1.41783E-03  8.42709E-04  6.77818E-05  2.42291E-04  9.29975E-05
  8867.00000  4.70269E-02  0.00000E+00  9.79673E-03  2.77720E-02  2.05785E-03  4.28117E-03  4.56518E-04  1.41723E-03  8.42452E-04  6.77658E-05  2.42191E-04  9.29691E-05
  8868.00000  4.70126E-02  0.00000E+00  9.79457E-03  2.77628E-02  2.05736E-03  4.27985E-03  4.56409E-04  1.41663E-03  8.42195E-04  6.77498E-05  2.42090E-04  9.29408E-05
  8869.00000  4.69983E-02  0.00000E+00  9.79241E-03  2.77535E-02  2.05688E-03  4.27854E-03  4.56301E-04  1.41603E-03  8.41937E-04  6.77338E-05  2.41990E-04  9.29125E-05
  8870.00000  4.69840E-02  0.00000E+00  9.79026E-03  2.77443E-02  2.05640E-03  4.27722E-03  4.56192E-04  1.41543E-03  8.41680E-04  6.77178E-05  2.41890E-04  9.28842E-05
  8871.00000  4.69697E-02  0.00000E+00  9.78810E-03  2.77351E-02  2.05591E-03  4.27591E-03  4.56083E-04  1.41483E-03  8.41423E-04  6.77018E-05  2.41790E-04  9.28559E-05
  8872.00000  4.69554E-02  0.00000E+00  9.78595E-03  2.77259E-02  2.05543E-03  4.27459E-03  4.55974E-04  1.41423E-03  8.41166E-04  6.76859E-05  2.41690E-04  9.28276E-05
  8873.00000  4.69411E-02  0.00000E+00  9.78379E-03  2.77167E-02  2.05495E-03  4.27328E-03  4.55865E-04  1.41363E-03  8.40909E-04  6.76699E-05  2.41590E-04  9.27993E-05
  8874.00000  4.69269E-02  0.00000E+00  9.78164E-03  2.77075E-02  2.05446E-03  4.27197E-03  4.55757E-04  1.41303E-03  8.40653E-04  6.76539E-05  2.41490E-04  9.27711E-05
  8875.00000  4.69126E-02  0.00000E+00  9.77949E-03  2.76982E-02  2.05398E-03  4.27065E-03  4.55648E-04  1.41243E-03  8.40396E-04  6.76379E-05  2.41390E-04  9.27428E-05
  8876.00000  4.68983E-02  0.00000E+00  9.77734E-03  2.76890E-02  2.05350E-03  4.26934E-03  4.55539E-04  1.41183E-03  8.40139E-04  6.76220E-05  2.41290E-04  9.27146E-05
  8877.00000  4.68841E-02  0.00000E+00  9.77519E-03  2.76798E-02  2.05302E-03  4.26803E-03  4.55431E-04  1.41123E-03  8.39883E-04  6.76060E-05  2.41190E-04  9.26864E-05
  8878.00000  4.68698E-02  0.00000E+00  9.77304E-03  2.76706E-02  2.05253E-03  4.26672E-03  4.55322E-04  1.41063E-03  8.39627E-04  6.75900E-05  2.41090E-04  9.26581E-05
  8879.00000  4.68556E-02  0.00000E+00  9.77089E-03  2.76615E-02  2.05205E-03  4.26541E-03  4.55214E-04  1.41003E-03  8.39370E-04  6.75741E-05  2.40991E-04  9.26299E-05
  8880.00000  4.68414E-02  0.00000E+00  9.76874E-03  2.76523E-02  2.05157E-03  4.26409E-03  4.55105E-04  1.40944E-03  8.39114E-04  6.75581E-05  2.40891E-04  9.26017E-05
  8881.00000  4.68271E-02  0.00000E+00  9.76659E-03  2.76431E-02  2.05109E-03  4.26278E-03  4.54997E-04  1.40884E-03  8.38858E-04  6.75422E-05  2.40791E-04  9.25735E-05
  8882.00000  4.68129E-02  0.00000E+00  9.76444E-03  2.76339E-02  2.05060E-03  4.26147E-03  4.54888E-04  1.40824E-03  8.38602E-04  6.75262E-05  2.40692E-04  9.25454E-05
  8883.00000  4.67987E-02  0.00000E+00  9.76230E-03  2.76247E-02  2.05012E-03  4.26017E-03  4.54780E-04  1.40764E-03  8.38346E-04  6.75103E-05  2.40592E-04  9.25172E-05
  8884.00000  4.67845E-02  0.00000E+00  9.76015E-03  2.76155E-02  2.04964E-03  4.25886E-03  4.54672E-04  1.40705E-03  8.38091E-04  6.74943E-05  2.40493E-04  9.24890E-05
  8885.00000  4.67703E-02  0.00000E+00  9.75801E-03  2.76064E-02  2.04916E-03  4.25755E-03  4.54563E-04  1.40645E-03  8.37835E-04  6.74784E-05  2.40393E-04  9.24609E-05
  8886.00000  4.67561E-02  0.00000E+00  9.75586E-03  2.75972E-02  2.04868E-03  4.25624E-03  4.54455E-04  1.40585E-03  8.37579E-04  6.74625E-05  2.40294E-04  9.24328E-05
  8887.00000  4.67419E-02  0.00000E+00  9.75372E-03  2.75881E-02  2.04820E-03  4.25493E-03  4.54347E-04  1.40526E-03  8.37324E-04  6.74465E-05  2.40195E-04  9.24047E-05
  8888.00000  4.67277E-02  0.00000E+00  9.75157E-03  2.75789E-02  2.04772E-03  4.25363E-03  4.54239E-04  1.40466E-03  8.37068E-04  6.74306E-05  2.40095E-04  9.23765E-05
  8889.00000  4.67135E-02  0.00000E+00  9.74943E-03  2.75697E-02  2.04724E-03  4.25232E-03  4.54131E-04  1.40407E-03  8.36813E-04  6.74147E-05  2.39996E-04  9.23484E-05
  8890.00000  4.66993E-02  0.00000E+00  9.74729E-03  2.75606E-02  2.04676E-03  4.25102E-03  4.54023E-04  1.40347E-03  8.36558E-04  6.73988E-05  2.39897E-04  9.23204E-05
  8891.00000  4.66852E-02  0.00000E+00  9.74515E-03  2.75515E-02  2.04628E-03  4.24971E-03  4.53914E-04  1.40288E-03  8.36303E-04  6.73829E-05  2.39798E-04  9.22923E-05
  8892.00000  4.66710E-02  0.00000E+00  9.74301E-03  2.75423E-02  2.04580E-03  4.24841E-03  4.53806E-04  1.40228E-03  8.36048E-04  6.73670E-05  2.39699E-04  9.22642E-05
  8893.00000  4.66568E-02  0.00000E+00  9.74087E-03  2.75332E-02  2.04532E-03  4.24710E-03  4.53699E-04  1.40169E-03  8.35793E-04  6.73510E-05  2.39600E-04  9.22362E-05
  8894.00000  4.66427E-02  0.00000E+00  9.73873E-03  2.75240E-02  2.04484E-03  4.24580E-03  4.53591E-04  1.40110E-03  8.35538E-04  6.73351E-05  2.39501E-04  9.22081E-05
  8895.00000  4.66285E-02  0.00000E+00  9.73659E-03  2.75149E-02  2.04436E-03  4.24450E-03  4.53483E-04  1.40050E-03  8.35283E-04  6.73193E-05  2.39402E-04  9.21801E-05
  8896.00000  4.66144E-02  0.00000E+00  9.73446E-03  2.75058E-02  2.04388E-03  4.24319E-03  4.53375E-04  1.39991E-03  8.35028E-04  6.73034E-05  2.39303E-04  9.21521E-05
  8897.00000  4.66003E-02  0.00000E+00  9.73232E-03  2.74967E-02  2.04340E-03  4.24189E-03  4.53267E-04  1.39932E-03  8.34774E-04  6.72875E-05  2.39204E-04  9.21241E-05
  8898.00000  4.65861E-02  0.00000E+00  9.73018E-03  2.74876E-02  2.04292E-03  4.24059E-03  4.53159E-04  1.39873E-03  8.34519E-04  6.72716E-05  2.39106E-04  9.20961E-05
  8899.00000  4.65720E-02  0.00000E+00  9.72805E-03  2.74784E-02  2.04244E-03  4.23929E-03  4.53052E-04  1.39813E-03  8.34265E-04  6.72557E-05  2.39007E-04  9.20681E-05
  8900.00000  4.65579E-02  0.00000E+00  9.72591E-03  2.74693E-02  2.04196E-03  4.23799E-03  4.52944E-04  1.39754E-03  8.34011E-04  6.72398E-05  2.38908E-04  9.20401E-05
  8901.00000  4.65438E-02  0.00000E+00  9.72378E-03  2.74602E-02  2.04149E-03  4.23669E-03  4.52836E-04  1.39695E-03  8.33757E-04  6.72240E-05  2.38810E-04  9.20122E-05
  8902.00000  4.65297E-02  0.00000E+00  9.72165E-03  2.74511E-02  2.04101E-03  4.23539E-03  4.52729E-04  1.39636E-03  8.33503E-04  6.72081E-05  2.38711E-04  9.19842E-05
  8903.00000  4.65156E-02  0.00000E+00  9.71951E-03  2.74420E-02  2.04053E-03  4.23409E-03  4.52621E-04  1.39577E-03  8.33249E-04  6.71922E-05  2.38613E-04  9.19563E-05
  8904.00000  4.65015E-02  0.00000E+00  9.71738E-03  2.74329E-02  2.04005E-03  4.23279E-03  4.52514E-04  1.39518E-03  8.32995E-04  6.71764E-05  2.38514E-04  9.19283E-05
  8905.00000  4.64874E-02  0.00000E+00  9.71525E-03  2.74239E-02  2.03957E-03  4.23149E-03  4.52406E-04  1.39459E-03  8.32741E-04  6.71605E-05  2.38416E-04  9.19004E-05
  8906.00000  4.64733E-02  0.00000E+00  9.71312E-03  2.74148E-02  2.03910E-03  4.23020E-03  4.52299E-04  1.39400E-03  8.32487E-04  6.71447E-05  2.38317E-04  9.18725E-05
  8907.00000  4.64592E-02  0.00000E+00  9.71099E-03  2.74057E-02  2.03862E-03  4.22890E-03  4.52191E-04  1.39341E-03  8.32234E-04  6.71288E-05  2.38219E-04  9.18446E-05
  8908.00000  4.64452E-02  0.00000E+00  9.70886E-03  2.73966E-02  2.03814E-03  4.22760E-03  4.52084E-04  1.39282E-03  8.31980E-04  6.71130E-05  2.38121E-04  9.18167E-05
  8909.00000  4.64311E-02  0.00000E+00  9.70673E-03  2.73875E-02  2.03767E-03  4.22631E-03  4.51977E-04  1.39223E-03  8.31727E-04  6.70972E-05  2.38023E-04  9.17889E-05
  8910.00000  4.64170E-02  0.00000E+00  9.70460E-03  2.73785E-02  2.03719E-03  4.22501E-03  4.51869E-04  1.39164E-03  8.31474E-04  6.70813E-05  2.37925E-04  9.17610E-05
  8911.00000  4.64030E-02  0.00000E+00  9.70247E-03  2.73694E-02  2.03671E-03  4.22372E-03  4.51762E-04  1.39105E-03  8.31220E-04  6.70655E-05  2.37826E-04  9.17332E-05
  8912.00000  4.63889E-02  0.00000E+00  9.70035E-03  2.73604E-02  2.03624E-03  4.22242E-03  4.51655E-04  1.39046E-03  8.30967E-04  6.70497E-05  2.37728E-04  9.17053E-05
  8913.00000  4.63749E-02  0.00000E+00  9.69822E-03  2.73513E-02  2.03576E-03  4.22113E-03  4.51548E-04  1.38988E-03  8.30714E-04  6.70339E-05  2.37630E-04  9.16775E-05
  8914.00000  4.63609E-02  0.00000E+00  9.69610E-03  2.73422E-02  2.03528E-03  4.21984E-03  4.51441E-04  1.38929E-03  8.30462E-04  6.70181E-05  2.37532E-04  9.16497E-05
  8915.00000  4.63468E-02  0.00000E+00  9.69397E-03  2.73332E-02  2.03481E-03  4.21855E-03  4.51333E-04  1.38870E-03  8.30209E-04  6.70022E-05  2.37435E-04  9.16219E-05
  8916.00000  4.63328E-02  0.00000E+00  9.69185E-03  2.73242E-02  2.03433E-03  4.21725E-03  4.51226E-04  1.38812E-03  8.29956E-04  6.69864E-05  2.37337E-04  9.15941E-05
  8917.00000  4.63188E-02  0.00000E+00  9.68972E-03  2.73151E-02  2.03386E-03  4.21596E-03  4.51119E-04  1.38753E-03  8.29704E-04  6.69706E-05  2.37239E-04  9.15663E-05
  8918.00000  4.63048E-02  0.00000E+00  9.68760E-03  2.73061E-02  2.03338E-03  4.21467E-03  4.51012E-04  1.38694E-03  8.29451E-04  6.69548E-05  2.37141E-04  9.15385E-05
  8919.00000  4.62908E-02  0.00000E+00  9.68548E-03  2.72970E-02  2.03290E-03  4.21338E-03  4.50906E-04  1.38636E-03  8.29199E-04  6.69390E-05  2.37044E-04  9.15108E-05
  8920.00000  4.62768E-02  0.00000E+00  9.68335E-03  2.72880E-02  2.03243E-03  4.21209E-03  4.50799E-04  1.38577E-03  8.28947E-04  6.69233E-05  2.36946E-04  9.14830E-05
  8921.00000  4.62628E-02  0.00000E+00  9.68123E-03  2.72790E-02  2.03195E-03  4.21080E-03  4.50692E-04  1.38519E-03  8.28695E-04  6.69075E-05  2.36848E-04  9.14553E-05
  8922.00000  4.62488E-02  0.00000E+00  9.67911E-03  2.72700E-02  2.03148E-03  4.20951E-03  4.50585E-04  1.38460E-03  8.28443E-04  6.68917E-05  2.36751E-04  9.14275E-05
  8923.00000  4.62348E-02  0.00000E+00  9.67699E-03  2.72609E-02  2.03100E-03  4.20823E-03  4.50478E-04  1.38402E-03  8.28191E-04  6.68759E-05  2.36654E-04  9.13998E-05
  8924.00000  4.62208E-02  0.00000E+00  9.67487E-03  2.72519E-02  2.03053E-03  4.20694E-03  4.50371E-04  1.38343E-03  8.27939E-04  6.68601E-05  2.36556E-04  9.13721E-05
  8925.00000  4.62068E-02  0.00000E+00  9.67275E-03  2.72429E-02  2.03005E-03  4.20565E-03  4.50265E-04  1.38285E-03  8.27687E-04  6.68444E-05  2.36459E-04  9.13444E-05
  8926.00000  4.61929E-02  0.00000E+00  9.67064E-03  2.72339E-02  2.02958E-03  4.20437E-03  4.50158E-04  1.38227E-03  8.27436E-04  6.68286E-05  2.36361E-04  9.13167E-05
  8927.00000  4.61789E-02  0.00000E+00  9.66852E-03  2.72249E-02  2.02911E-03  4.20308E-03  4.50051E-04  1.38168E-03  8.27184E-04  6.68128E-05  2.36264E-04  9.12891E-05
  8928.00000  4.61649E-02  0.00000E+00  9.66640E-03  2.72159E-02  2.02863E-03  4.20179E-03  4.49945E-04  1.38110E-03  8.26933E-04  6.67971E-05  2.36167E-04  9.12614E-05
  8929.00000  4.61510E-02  0.00000E+00  9.66428E-03  2.72069E-02  2.02816E-03  4.20051E-03  4.49838E-04  1.38052E-03  8.26682E-04  6.67813E-05  2.36070E-04  9.12337E-05
  8930.00000  4.61370E-02  0.00000E+00  9.66217E-03  2.71979E-02  2.02768E-03  4.19923E-03  4.49732E-04  1.37993E-03  8.26431E-04  6.67656E-05  2.35973E-04  9.12061E-05
  8931.00000  4.61231E-02  0.00000E+00  9.66005E-03  2.71889E-02  2.02721E-03  4.19794E-03  4.49625E-04  1.37935E-03  8.26180E-04  6.67498E-05  2.35876E-04  9.11785E-05
  8932.00000  4.61092E-02  0.00000E+00  9.65794E-03  2.71799E-02  2.02674E-03  4.19666E-03  4.49519E-04  1.37877E-03  8.25929E-04  6.67341E-05  2.35779E-04  9.11508E-05
  8933.00000  4.60952E-02  0.00000E+00  9.65583E-03  2.71710E-02  2.02626E-03  4.19538E-03  4.49412E-04  1.37819E-03  8.25678E-04  6.67183E-05  2.35682E-04  9.11232E-05
  8934.00000  4.60813E-02  0.00000E+00  9.65371E-03  2.71620E-02  2.02579E-03  4.19409E-03  4.49306E-04  1.37761E-03  8.25427E-04  6.67026E-05  2.35585E-04  9.10956E-05
  8935.00000  4.60674E-02  0.00000E+00  9.65160E-03  2.71530E-02  2.02532E-03  4.19281E-03  4.49200E-04  1.37703E-03  8.25177E-04  6.66868E-05  2.35488E-04  9.10680E-05
  8936.00000  4.60535E-02  0.00000E+00  9.64949E-03  2.71440E-02  2.02484E-03  4.19153E-03  4.49093E-04  1.37645E-03  8.24926E-04  6.66711E-05  2.35391E-04  9.10405E-05
  8937.00000  4.60396E-02  0.00000E+00  9.64738E-03  2.71351E-02  2.02437E-03  4.19025E-03  4.48987E-04  1.37587E-03  8.24676E-04  6.66554E-05  2.35294E-04  9.10129E-05
  8938.00000  4.60257E-02  0.00000E+00  9.64527E-03  2.71261E-02  2.02390E-03  4.18897E-03  4.48881E-04  1.37529E-03  8.24425E-04  6.66397E-05  2.35198E-04  9.09853E-05
  8939.00000  4.60118E-02  0.00000E+00  9.64316E-03  2.71172E-02  2.02342E-03  4.18769E-03  4.48774E-04  1.37471E-03  8.24175E-04  6.66239E-05  2.35101E-04  9.09578E-05
  8940.00000  4.59979E-02  0.00000E+00  9.64105E-03  2.71082E-02  2.02295E-03  4.18641E-03  4.48668E-04  1.37413E-03  8.23925E-04  6.66082E-05  2.35004E-04  9.09302E-05
  8941.00000  4.59840E-02  0.00000E+00  9.63894E-03  2.70992E-02  2.02248E-03  4.18513E-03  4.48562E-04  1.37355E-03  8.23675E-04  6.65925E-05  2.34908E-04  9.09027E-05
  8942.00000  4.59701E-02  0.00000E+00  9.63683E-03  2.70903E-02  2.02201E-03  4.18386E-03  4.48456E-04  1.37297E-03  8.23425E-04  6.65768E-05  2.34811E-04  9.08752E-05
  8943.00000  4.59562E-02  0.00000E+00  9.63473E-03  2.70814E-02  2.02153E-03  4.18258E-03  4.48350E-04  1.37239E-03  8.23176E-04  6.65611E-05  2.34715E-04  9.08477E-05
  8944.00000  4.59424E-02  0.00000E+00  9.63262E-03  2.70724E-02  2.02106E-03  4.18130E-03  4.48244E-04  1.37181E-03  8.22926E-04  6.65454E-05  2.34618E-04  9.08202E-05
  8945.00000  4.59285E-02  0.00000E+00  9.63051E-03  2.70635E-02  2.02059E-03  4.18003E-03  4.48138E-04  1.37124E-03  8.22676E-04  6.65296E-05  2.34522E-04  9.07927E-05
  8946.00000  4.59146E-02  0.00000E+00  9.62841E-03  2.70546E-02  2.02012E-03  4.17875E-03  4.48032E-04  1.37066E-03  8.22427E-04  6.65139E-05  2.34426E-04  9.07652E-05
  8947.00000  4.59008E-02  0.00000E+00  9.62630E-03  2.70456E-02  2.01965E-03  4.17747E-03  4.47926E-04  1.37008E-03  8.22178E-04  6.64982E-05  2.34330E-04  9.07378E-05
  8948.00000  4.58870E-02  0.00000E+00  9.62420E-03  2.70367E-02  2.01918E-03  4.17620E-03  4.47820E-04  1.36950E-03  8.21928E-04  6.64825E-05  2.34233E-04  9.07103E-05
  8949.00000  4.58731E-02  0.00000E+00  9.62210E-03  2.70278E-02  2.01870E-03  4.17493E-03  4.47714E-04  1.36893E-03  8.21679E-04  6.64668E-05  2.34137E-04  9.06829E-05
  8950.00000  4.58593E-02  0.00000E+00  9.62000E-03  2.70189E-02  2.01823E-03  4.17365E-03  4.47608E-04  1.36835E-03  8.21430E-04  6.64511E-05  2.34041E-04  9.06555E-05
  8951.00000  4.58455E-02  0.00000E+00  9.61789E-03  2.70100E-02  2.01776E-03  4.17238E-03  4.47502E-04  1.36777E-03  8.21181E-04  6.64354E-05  2.33945E-04  9.06280E-05
  8952.00000  4.58316E-02  0.00000E+00  9.61579E-03  2.70010E-02  2.01729E-03  4.17110E-03  4.47396E-04  1.36720E-03  8.20932E-04  6.64198E-05  2.33849E-04  9.06006E-05
  8953.00000  4.58178E-02  0.00000E+00  9.61369E-03  2.69921E-02  2.01682E-03  4.16983E-03  4.47290E-04  1.36662E-03  8.20684E-04  6.64041E-05  2.33753E-04  9.05732E-05
  8954.00000  4.58040E-02  0.00000E+00  9.61159E-03  2.69832E-02  2.01635E-03  4.16856E-03  4.47185E-04  1.36605E-03  8.20435E-04  6.63884E-05  2.33657E-04  9.05459E-05
  8955.00000  4.57902E-02  0.00000E+00  9.60950E-03  2.69743E-02  2.01588E-03  4.16729E-03  4.47079E-04  1.36547E-03  8.20186E-04  6.63727E-05  2.33561E-04  9.05185E-05
  8956.00000  4.57764E-02  0.00000E+00  9.60740E-03  2.69654E-02  2.01541E-03  4.16602E-03  4.46973E-04  1.36490E-03  8.19938E-04  6.63570E-05  2.33465E-04  9.04911E-05
  8957.00000  4.57626E-02  0.00000E+00  9.60530E-03  2.69566E-02  2.01494E-03  4.16475E-03  4.46867E-04  1.36432E-03  8.19690E-04  6.63413E-05  2.33369E-04  9.04638E-05
  8958.00000  4.57488E-02  0.00000E+00  9.60320E-03  2.69477E-02  2.01447E-03  4.16348E-03  4.46762E-04  1.36375E-03  8.19441E-04  6.63257E-05  2.33274E-04  9.04364E-05
  8959.00000  4.57350E-02  0.00000E+00  9.60111E-03  2.69388E-02  2.01400E-03  4.16221E-03  4.46656E-04  1.36318E-03  8.19193E-04  6.63100E-05  2.33178E-04  9.04091E-05
  8960.00000  4.57213E-02  0.00000E+00  9.59901E-03  2.69299E-02  2.01353E-03  4.16094E-03  4.46551E-04  1.36260E-03  8.18945E-04  6.62943E-05  2.33082E-04  9.03818E-05
  8961.00000  4.57075E-02  0.00000E+00  9.59692E-03  2.69210E-02  2.01306E-03  4.15967E-03  4.46445E-04  1.36203E-03  8.18697E-04  6.62787E-05  2.32987E-04  9.03544E-05
  8962.00000  4.56937E-02  0.00000E+00  9.59482E-03  2.69122E-02  2.01259E-03  4.15840E-03  4.46339E-04  1.36146E-03  8.18449E-04  6.62630E-05  2.32891E-04  9.03271E-05
  8963.00000  4.56800E-02  0.00000E+00  9.59273E-03  2.69033E-02  2.01212E-03  4.15713E-03  4.46234E-04  1.36088E-03  8.18201E-04  6.62473E-05  2.32795E-04  9.02999E-05
  8964.00000  4.56662E-02  0.00000E+00  9.59064E-03  2.68944E-02  2.01166E-03  4.15586E-03  4.46129E-04  1.36031E-03  8.17954E-04  6.62317E-05  2.32700E-04  9.02726E-05
  8965.00000  4.56525E-02  0.00000E+00  9.58854E-03  2.68856E-02  2.01119E-03  4.15460E-03  4.46023E-04  1.35974E-03  8.17706E-04  6.62160E-05  2.32604E-04  9.02453E-05
  8966.00000  4.56387E-02  0.00000E+00  9.58645E-03  2.68767E-02  2.01072E-03  4.15333E-03  4.45918E-04  1.35917E-03  8.17458E-04  6.62004E-05  2.32509E-04  9.02180E-05
  8967.00000  4.56250E-02  0.00000E+00  9.58436E-03  2.68679E-02  2.01025E-03  4.15207E-03  4.45812E-04  1.35860E-03  8.17211E-04  6.61847E-05  2.32414E-04  9.01908E-05
  8968.00000  4.56112E-02  0.00000E+00  9.58227E-03  2.68590E-02  2.00978E-03  4.15080E-03  4.45707E-04  1.35803E-03  8.16963E-04  6.61691E-05  2.32318E-04  9.01635E-05
  8969.00000  4.55975E-02  0.00000E+00  9.58018E-03  2.68502E-02  2.00931E-03  4.14953E-03  4.45602E-04  1.35745E-03  8.16716E-04  6.61534E-05  2.32223E-04  9.01363E-05
  8970.00000  4.55838E-02  0.00000E+00  9.57809E-03  2.68414E-02  2.00885E-03  4.14827E-03  4.45497E-04  1.35688E-03  8.16469E-04  6.61378E-05  2.32128E-04  9.01091E-05
  8971.00000  4.55701E-02  0.00000E+00  9.57600E-03  2.68325E-02  2.00838E-03  4.14701E-03  4.45391E-04  1.35631E-03  8.16222E-04  6.61221E-05  2.32033E-04  9.00819E-05
  8972.00000  4.55564E-02  0.00000E+00  9.57392E-03  2.68237E-02  2.00791E-03  4.14574E-03  4.45286E-04  1.35574E-03  8.15975E-04  6.61065E-05  2.31938E-04  9.00547E-05
  8973.00000  4.55427E-02  0.00000E+00  9.57183E-03  2.68149E-02  2.00744E-03  4.14448E-03  4.45181E-04  1.35517E-03  8.15728E-04  6.60908E-05  2.31843E-04  9.00275E-05
  8974.00000  4.55290E-02  0.00000E+00  9.56974E-03  2.68060E-02  2.00698E-03  4.14322E-03  4.45076E-04  1.35460E-03  8.15481E-04  6.60752E-05  2.31748E-04  9.00003E-05
  8975.00000  4.55153E-02  0.00000E+00  9.56765E-03  2.67972E-02  2.00651E-03  4.14195E-03  4.44971E-04  1.35404E-03  8.15234E-04  6.60596E-05  2.31653E-04  8.99731E-05
  8976.00000  4.55016E-02  0.00000E+00  9.56557E-03  2.67884E-02  2.00604E-03  4.14069E-03  4.44866E-04  1.35347E-03  8.14988E-04  6.60440E-05  2.31558E-04  8.99460E-05
  8977.00000  4.54879E-02  0.00000E+00  9.56348E-03  2.67796E-02  2.00558E-03  4.13943E-03  4.44761E-04  1.35290E-03  8.14741E-04  6.60283E-05  2.31463E-04  8.99188E-05
  8978.00000  4.54742E-02  0.00000E+00  9.56140E-03  2.67708E-02  2.00511E-03  4.13817E-03  4.44656E-04  1.35233E-03  8.14495E-04  6.60127E-05  2.31368E-04  8.98917E-05
  8979.00000  4.54606E-02  0.00000E+00  9.55932E-03  2.67620E-02  2.00464E-03  4.13691E-03  4.44551E-04  1.35176E-03  8.14248E-04  6.59971E-05  2.31273E-04  8.98645E-05
  8980.00000  4.54469E-02  0.00000E+00  9.55723E-03  2.67532E-02  2.00418E-03  4.13565E-03  4.44446E-04  1.35119E-03  8.14002E-04  6.59815E-05  2.31178E-04  8.98374E-05
  8981.00000  4.54332E-02  0.00000E+00  9.55515E-03  2.67444E-02  2.00371E-03  4.13439E-03  4.44341E-04  1.35063E-03  8.13756E-04  6.59659E-05  2.31084E-04  8.98103E-05
  8982.00000  4.54196E-02  0.00000E+00  9.55307E-03  2.67356E-02  2.00325E-03  4.13313E-03  4.44237E-04  1.35006E-03  8.13510E-04  6.59503E-05  2.30989E-04  8.97832E-05
  8983.00000  4.54059E-02  0.00000E+00  9.55099E-03  2.67268E-02  2.00278E-03  4.13187E-03  4.44132E-04  1.34949E-03  8.13264E-04  6.59347E-05  2.30895E-04  8.97561E-05
  8984.00000  4.53923E-02  0.00000E+00  9.54890E-03  2.67180E-02  2.00232E-03  4.13062E-03  4.44027E-04  1.34893E-03  8.13018E-04  6.59191E-05  2.30800E-04  8.97290E-05
  8985.00000  4.53786E-02  0.00000E+00  9.54682E-03  2.67092E-02  2.00185E-03  4.12936E-03  4.43923E-04  1.34836E-03  8.12772E-04  6.59035E-05  2.30705E-04  8.97019E-05
  8986.00000  4.53650E-02  0.00000E+00  9.54474E-03  2.67005E-02  2.00139E-03  4.12810E-03  4.43818E-04  1.34779E-03  8.12526E-04  6.58879E-05  2.30611E-04  8.96748E-05
  8987.00000  4.53514E-02  0.00000E+00  9.54267E-03  2.66917E-02  2.00092E-03  4.12684E-03  4.43713E-04  1.34723E-03  8.12281E-04  6.58723E-05  2.30517E-04  8.96478E-05
  8988.00000  4.53377E-02  0.00000E+00  9.54059E-03  2.66829E-02  2.00046E-03  4.12559E-03  4.43609E-04  1.34666E-03  8.12035E-04  6.58567E-05  2.30422E-04  8.96207E-05
  8989.00000  4.53241E-02  0.00000E+00  9.53851E-03  2.66741E-02  1.99999E-03  4.12433E-03  4.43504E-04  1.34610E-03  8.11790E-04  6.58411E-05  2.30328E-04  8.95936E-05
  8990.00000  4.53105E-02  0.00000E+00  9.53643E-03  2.66654E-02  1.99953E-03  4.12308E-03  4.43400E-04  1.34553E-03  8.11544E-04  6.58256E-05  2.30234E-04  8.95666E-05
  8991.00000  4.52969E-02  0.00000E+00  9.53436E-03  2.66566E-02  1.99906E-03  4.12182E-03  4.43295E-04  1.34497E-03  8.11299E-04  6.58100E-05  2.30140E-04  8.95396E-05
  8992.00000  4.52833E-02  0.00000E+00  9.53228E-03  2.66479E-02  1.99860E-03  4.12057E-03  4.43191E-04  1.34440E-03  8.11054E-04  6.57944E-05  2.30045E-04  8.95125E-05
  8993.00000  4.52697E-02  0.00000E+00  9.53020E-03  2.66391E-02  1.99813E-03  4.11932E-03  4.43087E-04  1.34384E-03  8.10809E-04  6.57789E-05  2.29951E-04  8.94855E-05
  8994.00000  4.52561E-02  0.00000E+00  9.52813E-03  2.66304E-02  1.99767E-03  4.11807E-03  4.42982E-04  1.34328E-03  8.10564E-04  6.57633E-05  2.29857E-04  8.94585E-05
  8995.00000  4.52425E-02  0.00000E+00  9.52606E-03  2.66216E-02  1.99721E-03  4.11681E-03  4.42878E-04  1.34271E-03  8.10319E-04  6.57477E-05  2.29763E-04  8.94315E-05
  8996.00000  4.52290E-02  0.00000E+00  9.52398E-03  2.66129E-02  1.99674E-03  4.11556E-03  4.42774E-04  1.34215E-03  8.10074E-04  6.57322E-05  2.29669E-04  8.94045E-05
  8997.00000  4.52154E-02  0.00000E+00  9.52191E-03  2.66041E-02  1.99628E-03  4.11431E-03  4.42670E-04  1.34159E-03  8.09829E-04  6.57166E-05  2.29575E-04  8.93775E-05
  8998.00000  4.52018E-02  0.00000E+00  9.51984E-03  2.65954E-02  1.99582E-03  4.11306E-03  4.42566E-04  1.34102E-03  8.09585E-04  6.57011E-05  2.29482E-04  8.93505E-05
  8999.00000  4.51882E-02  0.00000E+00  9.51777E-03  2.65867E-02  1.99535E-03  4.11181E-03  4.42461E-04  1.34046E-03  8.09340E-04  6.56856E-05  2.29388E-04  8.93235E-05
  9000.00000  4.51747E-02  0.00000E+00  9.51569E-03  2.65779E-02  1.99489E-03  4.11056E-03  4.42357E-04  1.33990E-03  8.09096E-04  6.56700E-05  2.29294E-04  8.92965E-05
  9001.00000  4.51611E-02  0.00000E+00  9.51362E-03  2.65692E-02  1.99443E-03  4.10931E-03  4.42253E-04  1.33934E-03  8.08851E-04  6.56545E-05  2.29200E-04  8.92696E-05
  9002.00000  4.51476E-02  0.00000E+00  9.51155E-03  2.65605E-02  1.99397E-03  4.10806E-03  4.42149E-04  1.33878E-03  8.08607E-04  6.56390E-05  2.29107E-04  8.92426E-05
  9003.00000  4.51340E-02  0.00000E+00  9.50949E-03  2.65518E-02  1.99350E-03  4.10681E-03  4.42045E-04  1.33822E-03  8.08363E-04  6.56234E-05  2.29013E-04  8.92157E-05
  9004.00000  4.51205E-02  0.00000E+00  9.50742E-03  2.65430E-02  1.99304E-03  4.10557E-03  4.41941E-04  1.33766E-03  8.08119E-04  6.56079E-05  2.28919E-04  8.91887E-05
  9005.00000  4.51070E-02  0.00000E+00  9.50535E-03  2.65343E-02  1.99258E-03  4.10432E-03  4.41838E-04  1.33710E-03  8.07875E-04  6.55924E-05  2.28826E-04  8.91618E-05
  9006.00000  4.50935E-02  0.00000E+00  9.50328E-03  2.65256E-02  1.99212E-03  4.10307E-03  4.41734E-04  1.33654E-03  8.07631E-04  6.55769E-05  2.28732E-04  8.91348E-05
  9007.00000  4.50799E-02  0.00000E+00  9.50122E-03  2.65169E-02  1.99166E-03  4.10183E-03  4.41630E-04  1.33598E-03  8.07388E-04  6.55614E-05  2.28639E-04  8.91079E-05
  9008.00000  4.50664E-02  0.00000E+00  9.49915E-03  2.65082E-02  1.99119E-03  4.10058E-03  4.41526E-04  1.33542E-03  8.07144E-04  6.55459E-05  2.28546E-04  8.90810E-05
  9009.00000  4.50529E-02  0.00000E+00  9.49709E-03  2.64995E-02  1.99073E-03  4.09934E-03  4.41422E-04  1.33486E-03  8.06901E-04  6.55304E-05  2.28452E-04  8.90541E-05
  9010.00000  4.50394E-02  0.00000E+00  9.49502E-03  2.64908E-02  1.99027E-03  4.09809E-03  4.41319E-04  1.33430E-03  8.06657E-04  6.55149E-05  2.28359E-04  8.90271E-05
  9011.00000  4.50259E-02  0.00000E+00  9.49296E-03  2.64822E-02  1.98981E-03  4.09685E-03  4.41215E-04  1.33374E-03  8.06414E-04  6.54994E-05  2.28266E-04  8.90002E-05
  9012.00000  4.50124E-02  0.00000E+00  9.49090E-03  2.64735E-02  1.98935E-03  4.09561E-03  4.41111E-04  1.33318E-03  8.06171E-04  6.54839E-05  2.28173E-04  8.89733E-05
  9013.00000  4.49989E-02  0.00000E+00  9.48883E-03  2.64648E-02  1.98889E-03  4.09436E-03  4.41008E-04  1.33262E-03  8.05928E-04  6.54684E-05  2.28080E-04  8.89464E-05
  9014.00000  4.49855E-02  0.00000E+00  9.48677E-03  2.64561E-02  1.98843E-03  4.09312E-03  4.40904E-04  1.33207E-03  8.05685E-04  6.54529E-05  2.27987E-04  8.89195E-05
  9015.00000  4.49720E-02  0.00000E+00  9.48471E-03  2.64474E-02  1.98797E-03  4.09188E-03  4.40801E-04  1.33151E-03  8.05442E-04  6.54374E-05  2.27894E-04  8.88927E-05
  9016.00000  4.49585E-02  0.00000E+00  9.48265E-03  2.64388E-02  1.98750E-03  4.09064E-03  4.40697E-04  1.33095E-03  8.05199E-04  6.54220E-05  2.27801E-04  8.88658E-05
  9017.00000  4.49450E-02  0.00000E+00  9.48059E-03  2.64301E-02  1.98704E-03  4.08940E-03  4.40594E-04  1.33039E-03  8.04956E-04  6.54065E-05  2.27708E-04  8.88389E-05
  9018.00000  4.49316E-02  0.00000E+00  9.47853E-03  2.64215E-02  1.98658E-03  4.08816E-03  4.40490E-04  1.32984E-03  8.04714E-04  6.53910E-05  2.27615E-04  8.88120E-05
  9019.00000  4.49181E-02  0.00000E+00  9.47648E-03  2.64128E-02  1.98612E-03  4.08692E-03  4.40387E-04  1.32928E-03  8.04471E-04  6.53756E-05  2.27522E-04  8.87852E-05
  9020.00000  4.49047E-02  0.00000E+00  9.47442E-03  2.64041E-02  1.98566E-03  4.08568E-03  4.40284E-04  1.32873E-03  8.04229E-04  6.53601E-05  2.27429E-04  8.87583E-05
  9021.00000  4.48912E-02  0.00000E+00  9.47236E-03  2.63955E-02  1.98520E-03  4.08444E-03  4.40180E-04  1.32817E-03  8.03987E-04  6.53446E-05  2.27336E-04  8.87315E-05
  9022.00000  4.48778E-02  0.00000E+00  9.47030E-03  2.63868E-02  1.98474E-03  4.08320E-03  4.40077E-04  1.32762E-03  8.03745E-04  6.53292E-05  2.27244E-04  8.87046E-05
  9023.00000  4.48644E-02  0.00000E+00  9.46825E-03  2.63782E-02  1.98428E-03  4.08196E-03  4.39974E-04  1.32706E-03  8.03503E-04  6.53137E-05  2.27151E-04  8.86778E-05
  9024.00000  4.48510E-02  0.00000E+00  9.46619E-03  2.63696E-02  1.98382E-03  4.08073E-03  4.39870E-04  1.32651E-03  8.03261E-04  6.52983E-05  2.27059E-04  8.86510E-05
  9025.00000  4.48375E-02  0.00000E+00  9.46414E-03  2.63609E-02  1.98336E-03  4.07949E-03  4.39767E-04  1.32595E-03  8.03019E-04  6.52828E-05  2.26966E-04  8.86241E-05
  9026.00000  4.48241E-02  0.00000E+00  9.46208E-03  2.63523E-02  1.98291E-03  4.07826E-03  4.39664E-04  1.32540E-03  8.02777E-04  6.52674E-05  2.26873E-04  8.85973E-05
  9027.00000  4.48107E-02  0.00000E+00  9.46003E-03  2.63437E-02  1.98245E-03  4.07702E-03  4.39561E-04  1.32484E-03  8.02535E-04  6.52520E-05  2.26781E-04  8.85705E-05
  9028.00000  4.47973E-02  0.00000E+00  9.45798E-03  2.63351E-02  1.98199E-03  4.07578E-03  4.39458E-04  1.32429E-03  8.02294E-04  6.52365E-05  2.26689E-04  8.85437E-05
  9029.00000  4.47839E-02  0.00000E+00  9.45593E-03  2.63264E-02  1.98153E-03  4.07455E-03  4.39355E-04  1.32374E-03  8.02052E-04  6.52211E-05  2.26596E-04  8.85169E-05
  9030.00000  4.47705E-02  0.00000E+00  9.45387E-03  2.63178E-02  1.98107E-03  4.07332E-03  4.39252E-04  1.32318E-03  8.01811E-04  6.52057E-05  2.26504E-04  8.84901E-05
  9031.00000  4.47571E-02  0.00000E+00  9.45182E-03  2.63092E-02  1.98061E-03  4.07208E-03  4.39149E-04  1.32263E-03  8.01570E-04  6.51902E-05  2.26412E-04  8.84633E-05
  9032.00000  4.47438E-02  0.00000E+00  9.44977E-03  2.63006E-02  1.98015E-03  4.07085E-03  4.39046E-04  1.32208E-03  8.01329E-04  6.51748E-05  2.26319E-04  8.84365E-05
  9033.00000  4.47304E-02  0.00000E+00  9.44772E-03  2.62920E-02  1.97969E-03  4.06962E-03  4.38943E-04  1.32153E-03  8.01088E-04  6.51594E-05  2.26227E-04  8.84098E-05
  9034.00000  4.47170E-02  0.00000E+00  9.44567E-03  2.62834E-02  1.97924E-03  4.06838E-03  4.38840E-04  1.32097E-03  8.00847E-04  6.51440E-05  2.26135E-04  8.83830E-05
  9035.00000  4.47036E-02  0.00000E+00  9.44362E-03  2.62748E-02  1.97878E-03  4.06715E-03  4.38737E-04  1.32042E-03  8.00606E-04  6.51286E-05  2.26043E-04  8.83562E-05
  9036.00000  4.46903E-02  0.00000E+00  9.44158E-03  2.62662E-02  1.97832E-03  4.06592E-03  4.38634E-04  1.31987E-03  8.00365E-04  6.51131E-05  2.25951E-04  8.83295E-05
  9037.00000  4.46769E-02  0.00000E+00  9.43953E-03  2.62576E-02  1.97786E-03  4.06469E-03  4.38531E-04  1.31932E-03  8.00125E-04  6.50977E-05  2.25859E-04  8.83027E-05
  9038.00000  4.46636E-02  0.00000E+00  9.43748E-03  2.62490E-02  1.97740E-03  4.06346E-03  4.38428E-04  1.31877E-03  7.99884E-04  6.50823E-05  2.25767E-04  8.82760E-05
  9039.00000  4.46502E-02  0.00000E+00  9.43543E-03  2.62404E-02  1.97695E-03  4.06223E-03  4.38326E-04  1.31822E-03  7.99644E-04  6.50669E-05  2.25675E-04  8.82493E-05
  9040.00000  4.46369E-02  0.00000E+00  9.43339E-03  2.62319E-02  1.97649E-03  4.06100E-03  4.38223E-04  1.31767E-03  7.99403E-04  6.50515E-05  2.25583E-04  8.82225E-05
  9041.00000  4.46236E-02  0.00000E+00  9.43134E-03  2.62233E-02  1.97603E-03  4.05977E-03  4.38120E-04  1.31712E-03  7.99163E-04  6.50361E-05  2.25491E-04  8.81958E-05
  9042.00000  4.46102E-02  0.00000E+00  9.42930E-03  2.62147E-02  1.97558E-03  4.05854E-03  4.38017E-04  1.31657E-03  7.98923E-04  6.50207E-05  2.25400E-04  8.81691E-05
  9043.00000  4.45969E-02  0.00000E+00  9.42725E-03  2.62061E-02  1.97512E-03  4.05731E-03  4.37915E-04  1.31602E-03  7.98683E-04  6.50053E-05  2.25308E-04  8.81424E-05
  9044.00000  4.45836E-02  0.00000E+00  9.42521E-03  2.61976E-02  1.97466E-03  4.05608E-03  4.37812E-04  1.31547E-03  7.98443E-04  6.49899E-05  2.25216E-04  8.81157E-05
  9045.00000  4.45703E-02  0.00000E+00  9.42317E-03  2.61890E-02  1.97421E-03  4.05486E-03  4.37709E-04  1.31492E-03  7.98203E-04  6.49746E-05  2.25125E-04  8.80891E-05
  9046.00000  4.45570E-02  0.00000E+00  9.42112E-03  2.61805E-02  1.97375E-03  4.05363E-03  4.37607E-04  1.31437E-03  7.97963E-04  6.49592E-05  2.25033E-04  8.80624E-05
  9047.00000  4.45437E-02  0.00000E+00  9.41908E-03  2.61719E-02  1.97329E-03  4.05240E-03  4.37504E-04  1.31382E-03  7.97723E-04  6.49438E-05  2.24941E-04  8.80357E-05
  9048.00000  4.45304E-02  0.00000E+00  9.41704E-03  2.61634E-02  1.97284E-03  4.05118E-03  4.37402E-04  1.31328E-03  7.97483E-04  6.49284E-05  2.24850E-04  8.80091E-05
  9049.00000  4.45171E-02  0.00000E+00  9.41500E-03  2.61548E-02  1.97238E-03  4.04995E-03  4.37299E-04  1.31273E-03  7.97244E-04  6.49130E-05  2.24758E-04  8.79824E-05
  9050.00000  4.45038E-02  0.00000E+00  9.41296E-03  2.61463E-02  1.97192E-03  4.04873E-03  4.37197E-04  1.31218E-03  7.97004E-04  6.48977E-05  2.24667E-04  8.79558E-05
  9051.00000  4.44905E-02  0.00000E+00  9.41092E-03  2.61377E-02  1.97147E-03  4.04750E-03  4.37094E-04  1.31163E-03  7.96765E-04  6.48823E-05  2.24576E-04  8.79291E-05
  9052.00000  4.44772E-02  0.00000E+00  9.40888E-03  2.61292E-02  1.97101E-03  4.04628E-03  4.36992E-04  1.31109E-03  7.96526E-04  6.48669E-05  2.24484E-04  8.79025E-05
  9053.00000  4.44639E-02  0.00000E+00  9.40684E-03  2.61206E-02  1.97056E-03  4.04505E-03  4.36890E-04  1.31054E-03  7.96287E-04  6.48516E-05  2.24393E-04  8.78759E-05
  9054.00000  4.44507E-02  0.00000E+00  9.40481E-03  2.61121E-02  1.97010E-03  4.04383E-03  4.36787E-04  1.30999E-03  7.96047E-04  6.48362E-05  2.24302E-04  8.78493E-05
  9055.00000  4.44374E-02  0.00000E+00  9.40277E-03  2.61036E-02  1.96965E-03  4.04261E-03  4.36685E-04  1.30945E-03  7.95808E-04  6.48208E-05  2.24210E-04  8.78227E-05
  9056.00000  4.44242E-02  0.00000E+00  9.40073E-03  2.60951E-02  1.96919E-03  4.04139E-03  4.36583E-04  1.30890E-03  7.95570E-04  6.48055E-05  2.24119E-04  8.77961E-05
  9057.00000  4.44109E-02  0.00000E+00  9.39870E-03  2.60865E-02  1.96874E-03  4.04016E-03  4.36481E-04  1.30836E-03  7.95331E-04  6.47901E-05  2.24028E-04  8.77696E-05
  9058.00000  4.43977E-02  0.00000E+00  9.39666E-03  2.60780E-02  1.96829E-03  4.03894E-03  4.36378E-04  1.30781E-03  7.95092E-04  6.47748E-05  2.23937E-04  8.77430E-05
  9059.00000  4.43844E-02  0.00000E+00  9.39463E-03  2.60695E-02  1.96783E-03  4.03772E-03  4.36276E-04  1.30727E-03  7.94853E-04  6.47594E-05  2.23846E-04  8.77164E-05
  9060.00000  4.43712E-02  0.00000E+00  9.39259E-03  2.60610E-02  1.96738E-03  4.03650E-03  4.36174E-04  1.30672E-03  7.94615E-04  6.47441E-05  2.23755E-04  8.76899E-05
  9061.00000  4.43579E-02  0.00000E+00  9.39056E-03  2.60525E-02  1.96692E-03  4.03528E-03  4.36072E-04  1.30618E-03  7.94376E-04  6.47288E-05  2.23664E-04  8.76634E-05
  9062.00000  4.43447E-02  0.00000E+00  9.38853E-03  2.60440E-02  1.96647E-03  4.03406E-03  4.35970E-04  1.30563E-03  7.94138E-04  6.47134E-05  2.23573E-04  8.76368E-05
  9063.00000  4.43315E-02  0.00000E+00  9.38649E-03  2.60355E-02  1.96602E-03  4.03284E-03  4.35868E-04  1.30509E-03  7.93899E-04  6.46981E-05  2.23482E-04  8.76103E-05
  9064.00000  4.43183E-02  0.00000E+00  9.38446E-03  2.60270E-02  1.96556E-03  4.03162E-03  4.35766E-04  1.30454E-03  7.93661E-04  6.46828E-05  2.23391E-04  8.75838E-05
  9065.00000  4.43051E-02  0.00000E+00  9.38243E-03  2.60185E-02  1.96511E-03  4.03040E-03  4.35664E-04  1.30400E-03  7.93423E-04  6.46674E-05  2.23301E-04  8.75573E-05
  9066.00000  4.42919E-02  0.00000E+00  9.38040E-03  2.60100E-02  1.96466E-03  4.02919E-03  4.35562E-04  1.30346E-03  7.93185E-04  6.46521E-05  2.23210E-04  8.75308E-05
  9067.00000  4.42787E-02  0.00000E+00  9.37837E-03  2.60015E-02  1.96420E-03  4.02797E-03  4.35460E-04  1.30291E-03  7.92947E-04  6.46368E-05  2.23119E-04  8.75044E-05
  9068.00000  4.42655E-02  0.00000E+00  9.37634E-03  2.59931E-02  1.96375E-03  4.02675E-03  4.35359E-04  1.30237E-03  7.92709E-04  6.46215E-05  2.23029E-04  8.74779E-05
  9069.00000  4.42523E-02  0.00000E+00  9.37432E-03  2.59846E-02  1.96330E-03  4.02554E-03  4.35257E-04  1.30183E-03  7.92471E-04  6.46062E-05  2.22938E-04  8.74514E-05
  9070.00000  4.42391E-02  0.00000E+00  9.37229E-03  2.59761E-02  1.96285E-03  4.02432E-03  4.35155E-04  1.30129E-03  7.92233E-04  6.45909E-05  2.22847E-04  8.74250E-05
  9071.00000  4.42259E-02  0.00000E+00  9.37026E-03  2.59676E-02  1.96239E-03  4.02310E-03  4.35053E-04  1.30074E-03  7.91996E-04  6.45756E-05  2.22757E-04  8.73986E-05
  9072.00000  4.42127E-02  0.00000E+00  9.36824E-03  2.59592E-02  1.96194E-03  4.02189E-03  4.34952E-04  1.30020E-03  7.91758E-04  6.45603E-05  2.22667E-04  8.73721E-05
  9073.00000  4.41996E-02  0.00000E+00  9.36621E-03  2.59507E-02  1.96149E-03  4.02067E-03  4.34850E-04  1.29966E-03  7.91521E-04  6.45450E-05  2.22576E-04  8.73457E-05
  9074.00000  4.41864E-02  0.00000E+00  9.36419E-03  2.59422E-02  1.96104E-03  4.01946E-03  4.34748E-04  1.29912E-03  7.91283E-04  6.45297E-05  2.22486E-04  8.73193E-05
  9075.00000  4.41733E-02  0.00000E+00  9.36216E-03  2.59338E-02  1.96059E-03  4.01825E-03  4.34647E-04  1.29858E-03  7.91046E-04  6.45144E-05  2.22395E-04  8.72929E-05
  9076.00000  4.41601E-02  0.00000E+00  9.36014E-03  2.59253E-02  1.96014E-03  4.01703E-03  4.34545E-04  1.29804E-03  7.90809E-04  6.44991E-05  2.22305E-04  8.72666E-05
  9077.00000  4.41470E-02  0.00000E+00  9.35811E-03  2.59169E-02  1.95968E-03  4.01582E-03  4.34444E-04  1.29750E-03  7.90572E-04  6.44839E-05  2.22215E-04  8.72402E-05
  9078.00000  4.41338E-02  0.00000E+00  9.35609E-03  2.59084E-02  1.95923E-03  4.01461E-03  4.34342E-04  1.29696E-03  7.90335E-04  6.44686E-05  2.22125E-04  8.72138E-05
  9079.00000  4.41207E-02  0.00000E+00  9.35407E-03  2.59000E-02  1.95878E-03  4.01340E-03  4.34241E-04  1.29642E-03  7.90098E-04  6.44533E-05  2.22035E-04  8.71875E-05
  9080.00000  4.41076E-02  0.00000E+00  9.35205E-03  2.58916E-02  1.95833E-03  4.01219E-03  4.34140E-04  1.29588E-03  7.89861E-04  6.44381E-05  2.21944E-04  8.71612E-05
  9081.00000  4.40944E-02  0.00000E+00  9.35003E-03  2.58831E-02  1.95788E-03  4.01098E-03  4.34038E-04  1.29534E-03  7.89624E-04  6.44228E-05  2.21854E-04  8.71348E-05
  9082.00000  4.40813E-02  0.00000E+00  9.34801E-03  2.58747E-02  1.95743E-03  4.00977E-03  4.33937E-04  1.29480E-03  7.89387E-04  6.44075E-05  2.21764E-04  8.71085E-05
  9083.00000  4.40682E-02  0.00000E+00  9.34599E-03  2.58663E-02  1.95698E-03  4.00856E-03  4.33836E-04  1.29426E-03  7.89151E-04  6.43923E-05  2.21675E-04  8.70822E-05
  9084.00000  4.40551E-02  0.00000E+00  9.34397E-03  2.58579E-02  1.95653E-03  4.00735E-03  4.33734E-04  1.29373E-03  7.88914E-04  6.43771E-05  2.21585E-04  8.70559E-05
  9085.00000  4.40420E-02  0.00000E+00  9.34195E-03  2.58494E-02  1.95608E-03  4.00614E-03  4.33633E-04  1.29319E-03  7.88678E-04  6.43618E-05  2.21495E-04  8.70296E-05
  9086.00000  4.40289E-02  0.00000E+00  9.33994E-03  2.58410E-02  1.95563E-03  4.00493E-03  4.33532E-04  1.29265E-03  7.88442E-04  6.43466E-05  2.21405E-04  8.70034E-05
  9087.00000  4.40158E-02  0.00000E+00  9.33792E-03  2.58326E-02  1.95518E-03  4.00372E-03  4.33431E-04  1.29211E-03  7.88205E-04  6.43313E-05  2.21315E-04  8.69771E-05
  9088.00000  4.40027E-02  0.00000E+00  9.33590E-03  2.58242E-02  1.95473E-03  4.00252E-03  4.33330E-04  1.29158E-03  7.87969E-04  6.43161E-05  2.21225E-04  8.69509E-05
  9089.00000  4.39896E-02  0.00000E+00  9.33389E-03  2.58158E-02  1.95428E-03  4.00131E-03  4.33229E-04  1.29104E-03  7.87733E-04  6.43009E-05  2.21136E-04  8.69246E-05
  9090.00000  4.39766E-02  0.00000E+00  9.33187E-03  2.58074E-02  1.95383E-03  4.00010E-03  4.33128E-04  1.29050E-03  7.87497E-04  6.42857E-05  2.21046E-04  8.68984E-05
  9091.00000  4.39635E-02  0.00000E+00  9.32986E-03  2.57990E-02  1.95338E-03  3.99890E-03  4.33027E-04  1.28997E-03  7.87262E-04  6.42705E-05  2.20957E-04  8.68722E-05
  9092.00000  4.39504E-02  0.00000E+00  9.32784E-03  2.57906E-02  1.95293E-03  3.99769E-03  4.32926E-04  1.28943E-03  7.87026E-04  6.42553E-05  2.20867E-04  8.68460E-05
  9093.00000  4.39374E-02  0.00000E+00  9.32583E-03  2.57822E-02  1.95248E-03  3.99649E-03  4.32825E-04  1.28890E-03  7.86790E-04  6.42401E-05  2.20778E-04  8.68198E-05
  9094.00000  4.39243E-02  0.00000E+00  9.32382E-03  2.57738E-02  1.95203E-03  3.99529E-03  4.32724E-04  1.28836E-03  7.86555E-04  6.42249E-05  2.20688E-04  8.67936E-05
  9095.00000  4.39113E-02  0.00000E+00  9.32180E-03  2.57654E-02  1.95159E-03  3.99408E-03  4.32624E-04  1.28783E-03  7.86319E-04  6.42097E-05  2.20599E-04  8.67674E-05
  9096.00000  4.38982E-02  0.00000E+00  9.31979E-03  2.57571E-02  1.95114E-03  3.99288E-03  4.32523E-04  1.28729E-03  7.86084E-04  6.41945E-05  2.20509E-04  8.67413E-05
  9097.00000  4.38852E-02  0.00000E+00  9.31778E-03  2.57487E-02  1.95069E-03  3.99168E-03  4.32422E-04  1.28676E-03  7.85849E-04  6.41793E-05  2.20420E-04  8.67151E-05
  9098.00000  4.38721E-02  0.00000E+00  9.31577E-03  2.57403E-02  1.95024E-03  3.99047E-03  4.32321E-04  1.28622E-03  7.85613E-04  6.41641E-05  2.20331E-04  8.66890E-05
  9099.00000  4.38591E-02  0.00000E+00  9.31376E-03  2.57319E-02  1.94979E-03  3.98927E-03  4.32221E-04  1.28569E-03  7.85378E-04  6.41489E-05  2.20242E-04  8.66628E-05
  9100.00000  4.38461E-02  0.00000E+00  9.31175E-03  2.57236E-02  1.94934E-03  3.98807E-03  4.32120E-04  1.28515E-03  7.85143E-04  6.41338E-05  2.20153E-04  8.66367E-05
  9101.00000  4.38331E-02  0.00000E+00  9.30974E-03  2.57152E-02  1.94890E-03  3.98687E-03  4.32019E-04  1.28462E-03  7.84909E-04  6.41186E-05  2.20063E-04  8.66106E-05
  9102.00000  4.38201E-02  0.00000E+00  9.30773E-03  2.57069E-02  1.94845E-03  3.98567E-03  4.31919E-04  1.28409E-03  7.84674E-04  6.41034E-05  2.19974E-04  8.65845E-05
  9103.00000  4.38070E-02  0.00000E+00  9.30572E-03  2.56985E-02  1.94800E-03  3.98447E-03  4.31818E-04  1.28356E-03  7.84439E-04  6.40883E-05  2.19885E-04  8.65584E-05
  9104.00000  4.37940E-02  0.00000E+00  9.30372E-03  2.56902E-02  1.94755E-03  3.98327E-03  4.31718E-04  1.28302E-03  7.84205E-04  6.40731E-05  2.19796E-04  8.65323E-05
  9105.00000  4.37810E-02  0.00000E+00  9.30171E-03  2.56818E-02  1.94710E-03  3.98208E-03  4.31617E-04  1.28249E-03  7.83970E-04  6.40580E-05  2.19707E-04  8.65063E-05
  9106.00000  4.37681E-02  0.00000E+00  9.29970E-03  2.56735E-02  1.94666E-03  3.98088E-03  4.31517E-04  1.28196E-03  7.83736E-04  6.40428E-05  2.19619E-04  8.64802E-05
  9107.00000  4.37551E-02  0.00000E+00  9.29770E-03  2.56651E-02  1.94621E-03  3.97968E-03  4.31416E-04  1.28143E-03  7.83501E-04  6.40277E-05  2.19530E-04  8.64542E-05
  9108.00000  4.37421E-02  0.00000E+00  9.29569E-03  2.56568E-02  1.94576E-03  3.97848E-03  4.31316E-04  1.28090E-03  7.83267E-04  6.40125E-05  2.19441E-04  8.64282E-05
  9109.00000  4.37291E-02  0.00000E+00  9.29369E-03  2.56484E-02  1.94532E-03  3.97729E-03  4.31216E-04  1.28036E-03  7.83033E-04  6.39974E-05  2.19352E-04  8.64021E-05
  9110.00000  4.37161E-02  0.00000E+00  9.29168E-03  2.56401E-02  1.94487E-03  3.97609E-03  4.31115E-04  1.27983E-03  7.82799E-04  6.39823E-05  2.19264E-04  8.63761E-05
  9111.00000  4.37032E-02  0.00000E+00  9.28968E-03  2.56318E-02  1.94442E-03  3.97489E-03  4.31015E-04  1.27930E-03  7.82565E-04  6.39672E-05  2.19175E-04  8.63501E-05
  9112.00000  4.36902E-02  0.00000E+00  9.28768E-03  2.56235E-02  1.94398E-03  3.97370E-03  4.30915E-04  1.27877E-03  7.82332E-04  6.39520E-05  2.19086E-04  8.63241E-05
  9113.00000  4.36772E-02  0.00000E+00  9.28567E-03  2.56151E-02  1.94353E-03  3.97250E-03  4.30815E-04  1.27824E-03  7.82098E-04  6.39369E-05  2.18998E-04  8.62982E-05
  9114.00000  4.36643E-02  0.00000E+00  9.28367E-03  2.56068E-02  1.94308E-03  3.97131E-03  4.30714E-04  1.27771E-03  7.81864E-04  6.39218E-05  2.18909E-04  8.62722E-05
  9115.00000  4.36513E-02  0.00000E+00  9.28167E-03  2.55985E-02  1.94264E-03  3.97012E-03  4.30614E-04  1.27718E-03  7.81631E-04  6.39067E-05  2.18821E-04  8.62462E-05
  9116.00000  4.36384E-02  0.00000E+00  9.27967E-03  2.55902E-02  1.94219E-03  3.96892E-03  4.30514E-04  1.27665E-03  7.81398E-04  6.38916E-05  2.18732E-04  8.62203E-05
  9117.00000  4.36255E-02  0.00000E+00  9.27767E-03  2.55819E-02  1.94174E-03  3.96773E-03  4.30414E-04  1.27613E-03  7.81164E-04  6.38765E-05  2.18644E-04  8.61944E-05
  9118.00000  4.36125E-02  0.00000E+00  9.27567E-03  2.55736E-02  1.94130E-03  3.96654E-03  4.30314E-04  1.27560E-03  7.80931E-04  6.38614E-05  2.18556E-04  8.61684E-05
  9119.00000  4.35996E-02  0.00000E+00  9.27367E-03  2.55653E-02  1.94085E-03  3.96535E-03  4.30214E-04  1.27507E-03  7.80698E-04  6.38463E-05  2.18467E-04  8.61425E-05
  9120.00000  4.35867E-02  0.00000E+00  9.27168E-03  2.55570E-02  1.94041E-03  3.96415E-03  4.30114E-04  1.27454E-03  7.80465E-04  6.38312E-05  2.18379E-04  8.61166E-05
  9121.00000  4.35737E-02  0.00000E+00  9.26968E-03  2.55487E-02  1.93996E-03  3.96296E-03  4.30014E-04  1.27401E-03  7.80232E-04  6.38162E-05  2.18291E-04  8.60908E-05
  9122.00000  4.35608E-02  0.00000E+00  9.26768E-03  2.55404E-02  1.93952E-03  3.96177E-03  4.29914E-04  1.27348E-03  7.79999E-04  6.38011E-05  2.18203E-04  8.60649E-05
  9123.00000  4.35479E-02  0.00000E+00  9.26569E-03  2.55321E-02  1.93907E-03  3.96058E-03  4.29814E-04  1.27296E-03  7.79767E-04  6.37860E-05  2.18114E-04  8.60390E-05
  9124.00000  4.35350E-02  0.00000E+00  9.26369E-03  2.55238E-02  1.93863E-03  3.95939E-03  4.29714E-04  1.27243E-03  7.79534E-04  6.37709E-05  2.18026E-04  8.60132E-05
  9125.00000  4.35221E-02  0.00000E+00  9.26170E-03  2.55155E-02  1.93818E-03  3.95820E-03  4.29614E-04  1.27190E-03  7.79301E-04  6.37559E-05  2.17938E-04  8.59873E-05
  9126.00000  4.35092E-02  0.00000E+00  9.25970E-03  2.55073E-02  1.93774E-03  3.95702E-03  4.29514E-04  1.27138E-03  7.79069E-04  6.37408E-05  2.17850E-04  8.59615E-05
  9127.00000  4.34963E-02  0.00000E+00  9.25771E-03  2.54990E-02  1.93729E-03  3.95583E-03  4.29415E-04  1.27085E-03  7.78837E-04  6.37257E-05  2.17762E-04  8.59357E-05
  9128.00000  4.34835E-02  0.00000E+00  9.25571E-03  2.54907E-02  1.93685E-03  3.95464E-03  4.29315E-04  1.27032E-03  7.78604E-04  6.37107E-05  2.17674E-04  8.59099E-05
  9129.00000  4.34706E-02  0.00000E+00  9.25372E-03  2.54825E-02  1.93640E-03  3.95345E-03  4.29215E-04  1.26980E-03  7.78372E-04  6.36956E-05  2.17587E-04  8.58841E-05
  9130.00000  4.34577E-02  0.00000E+00  9.25173E-03  2.54742E-02  1.93596E-03  3.95226E-03  4.29115E-04  1.26927E-03  7.78140E-04  6.36806E-05  2.17499E-04  8.58583E-05
  9131.00000  4.34448E-02  0.00000E+00  9.24974E-03  2.54659E-02  1.93552E-03  3.95108E-03  4.29016E-04  1.26875E-03  7.77908E-04  6.36655E-05  2.17411E-04  8.58325E-05
  9132.00000  4.34320E-02  0.00000E+00  9.24775E-03  2.54577E-02  1.93507E-03  3.94989E-03  4.28916E-04  1.26822E-03  7.77676E-04  6.36505E-05  2.17323E-04  8.58068E-05
  9133.00000  4.34191E-02  0.00000E+00  9.24576E-03  2.54494E-02  1.93463E-03  3.94871E-03  4.28816E-04  1.26770E-03  7.77445E-04  6.36355E-05  2.17235E-04  8.57810E-05
  9134.00000  4.34063E-02  0.00000E+00  9.24377E-03  2.54412E-02  1.93419E-03  3.94752E-03  4.28717E-04  1.26717E-03  7.77213E-04  6.36204E-05  2.17148E-04  8.57553E-05
  9135.00000  4.33934E-02  0.00000E+00  9.24178E-03  2.54329E-02  1.93374E-03  3.94633E-03  4.28617E-04  1.26665E-03  7.76981E-04  6.36054E-05  2.17060E-04  8.57296E-05
  9136.00000  4.33806E-02  0.00000E+00  9.23979E-03  2.54247E-02  1.93330E-03  3.94515E-03  4.28518E-04  1.26613E-03  7.76750E-04  6.35904E-05  2.16973E-04  8.57039E-05
  9137.00000  4.33677E-02  0.00000E+00  9.23781E-03  2.54164E-02  1.93286E-03  3.94397E-03  4.28418E-04  1.26560E-03  7.76518E-04  6.35753E-05  2.16885E-04  8.56782E-05
  9138.00000  4.33549E-02  0.00000E+00  9.23582E-03  2.54082E-02  1.93241E-03  3.94278E-03  4.28318E-04  1.26508E-03  7.76287E-04  6.35603E-05  2.16797E-04  8.56525E-05
  9139.00000  4.33421E-02  0.00000E+00  9.23384E-03  2.54000E-02  1.93197E-03  3.94160E-03  4.28219E-04  1.26456E-03  7.76056E-04  6.35453E-05  2.16710E-04  8.56268E-05
  9140.00000  4.33293E-02  0.00000E+00  9.23185E-03  2.53917E-02  1.93153E-03  3.94042E-03  4.28120E-04  1.26403E-03  7.75824E-04  6.35303E-05  2.16623E-04  8.56012E-05
  9141.00000  4.33165E-02  0.00000E+00  9.22987E-03  2.53835E-02  1.93109E-03  3.93923E-03  4.28020E-04  1.26351E-03  7.75593E-04  6.35153E-05  2.16535E-04  8.55755E-05
  9142.00000  4.33036E-02  0.00000E+00  9.22788E-03  2.53753E-02  1.93064E-03  3.93805E-03  4.27921E-04  1.26299E-03  7.75362E-04  6.35003E-05  2.16448E-04  8.55499E-05
  9143.00000  4.32908E-02  0.00000E+00  9.22590E-03  2.53671E-02  1.93020E-03  3.93687E-03  4.27821E-04  1.26246E-03  7.75131E-04  6.34853E-05  2.16361E-04  8.55243E-05
  9144.00000  4.32780E-02  0.00000E+00  9.22391E-03  2.53589E-02  1.92976E-03  3.93569E-03  4.27722E-04  1.26194E-03  7.74901E-04  6.34703E-05  2.16273E-04  8.54987E-05
  9145.00000  4.32652E-02  0.00000E+00  9.22193E-03  2.53507E-02  1.92932E-03  3.93451E-03  4.27623E-04  1.26142E-03  7.74670E-04  6.34553E-05  2.16186E-04  8.54731E-05
  9146.00000  4.32525E-02  0.00000E+00  9.21995E-03  2.53424E-02  1.92888E-03  3.93333E-03  4.27524E-04  1.26090E-03  7.74439E-04  6.34403E-05  2.16099E-04  8.54475E-05
  9147.00000  4.32397E-02  0.00000E+00  9.21797E-03  2.53342E-02  1.92844E-03  3.93215E-03  4.27424E-04  1.26038E-03  7.74208E-04  6.34253E-05  2.16012E-04  8.54219E-05
  9148.00000  4.32269E-02  0.00000E+00  9.21599E-03  2.53260E-02  1.92800E-03  3.93097E-03  4.27325E-04  1.25986E-03  7.73978E-04  6.34104E-05  2.15925E-04  8.53963E-05
  9149.00000  4.32141E-02  0.00000E+00  9.21401E-03  2.53178E-02  1.92755E-03  3.92979E-03  4.27226E-04  1.25934E-03  7.73747E-04  6.33954E-05  2.15838E-04  8.53708E-05
  9150.00000  4.32013E-02  0.00000E+00  9.21203E-03  2.53097E-02  1.92711E-03  3.92861E-03  4.27127E-04  1.25882E-03  7.73517E-04  6.33804E-05  2.15751E-04  8.53452E-05
  9151.00000  4.31886E-02  0.00000E+00  9.21005E-03  2.53015E-02  1.92667E-03  3.92743E-03  4.27028E-04  1.25830E-03  7.73287E-04  6.33655E-05  2.15664E-04  8.53197E-05
  9152.00000  4.31758E-02  0.00000E+00  9.20807E-03  2.52933E-02  1.92623E-03  3.92626E-03  4.26929E-04  1.25778E-03  7.73057E-04  6.33505E-05  2.15577E-04  8.52942E-05
  9153.00000  4.31631E-02  0.00000E+00  9.20609E-03  2.52851E-02  1.92579E-03  3.92508E-03  4.26830E-04  1.25726E-03  7.72826E-04  6.33355E-05  2.15490E-04  8.52687E-05
  9154.00000  4.31503E-02  0.00000E+00  9.20412E-03  2.52769E-02  1.92535E-03  3.92390E-03  4.26731E-04  1.25674E-03  7.72596E-04  6.33206E-05  2.15403E-04  8.52432E-05
  9155.00000  4.31376E-02  0.00000E+00  9.20214E-03  2.52687E-02  1.92491E-03  3.92273E-03  4.26632E-04  1.25622E-03  7.72366E-04  6.33056E-05  2.15316E-04  8.52177E-05
  9156.00000  4.31248E-02  0.00000E+00  9.20016E-03  2.52606E-02  1.92447E-03  3.92155E-03  4.26533E-04  1.25570E-03  7.72137E-04  6.32907E-05  2.15229E-04  8.51922E-05
  9157.00000  4.31121E-02  0.00000E+00  9.19819E-03  2.52524E-02  1.92403E-03  3.92037E-03  4.26434E-04  1.25518E-03  7.71907E-04  6.32758E-05  2.15143E-04  8.51668E-05
  9158.00000  4.30994E-02  0.00000E+00  9.19621E-03  2.52442E-02  1.92359E-03  3.91920E-03  4.26335E-04  1.25466E-03  7.71677E-04  6.32608E-05  2.15056E-04  8.51413E-05
  9159.00000  4.30866E-02  0.00000E+00  9.19424E-03  2.52361E-02  1.92315E-03  3.91802E-03  4.26236E-04  1.25414E-03  7.71447E-04  6.32459E-05  2.14969E-04  8.51159E-05
  9160.00000  4.30739E-02  0.00000E+00  9.19226E-03  2.52279E-02  1.92271E-03  3.91685E-03  4.26138E-04  1.25363E-03  7.71218E-04  6.32310E-05  2.14883E-04  8.50905E-05
  9161.00000  4.30612E-02  0.00000E+00  9.19029E-03  2.52198E-02  1.92227E-03  3.91568E-03  4.26039E-04  1.25311E-03  7.70988E-04  6.32161E-05  2.14796E-04  8.50651E-05
  9162.00000  4.30485E-02  0.00000E+00  9.18832E-03  2.52116E-02  1.92184E-03  3.91450E-03  4.25940E-04  1.25259E-03  7.70759E-04  6.32012E-05  2.14710E-04  8.50397E-05
  9163.00000  4.30358E-02  0.00000E+00  9.18634E-03  2.52035E-02  1.92140E-03  3.91333E-03  4.25842E-04  1.25207E-03  7.70530E-04  6.31863E-05  2.14623E-04  8.50143E-05
  9164.00000  4.30231E-02  0.00000E+00  9.18437E-03  2.51953E-02  1.92096E-03  3.91216E-03  4.25743E-04  1.25156E-03  7.70301E-04  6.31714E-05  2.14537E-04  8.49889E-05
  9165.00000  4.30104E-02  0.00000E+00  9.18240E-03  2.51872E-02  1.92052E-03  3.91099E-03  4.25644E-04  1.25104E-03  7.70071E-04  6.31565E-05  2.14450E-04  8.49635E-05
  9166.00000  4.29977E-02  0.00000E+00  9.18043E-03  2.51790E-02  1.92008E-03  3.90982E-03  4.25546E-04  1.25052E-03  7.69842E-04  6.31416E-05  2.14364E-04  8.49381E-05
  9167.00000  4.29850E-02  0.00000E+00  9.17846E-03  2.51709E-02  1.91964E-03  3.90865E-03  4.25447E-04  1.25001E-03  7.69613E-04  6.31267E-05  2.14278E-04  8.49128E-05
  9168.00000  4.29724E-02  0.00000E+00  9.17649E-03  2.51628E-02  1.91921E-03  3.90748E-03  4.25349E-04  1.24949E-03  7.69385E-04  6.31118E-05  2.14192E-04  8.48875E-05
  9169.00000  4.29597E-02  0.00000E+00  9.17452E-03  2.51546E-02  1.91877E-03  3.90631E-03  4.25250E-04  1.24898E-03  7.69156E-04  6.30969E-05  2.14105E-04  8.48621E-05
  9170.00000  4.29470E-02  0.00000E+00  9.17255E-03  2.51465E-02  1.91833E-03  3.90514E-03  4.25152E-04  1.24846E-03  7.68927E-04  6.30821E-05  2.14019E-04  8.48368E-05
  9171.00000  4.29343E-02  0.00000E+00  9.17058E-03  2.51384E-02  1.91789E-03  3.90397E-03  4.25054E-04  1.24795E-03  7.68698E-04  6.30672E-05  2.13933E-04  8.48115E-05
  9172.00000  4.29217E-02  0.00000E+00  9.16862E-03  2.51303E-02  1.91745E-03  3.90280E-03  4.24955E-04  1.24743E-03  7.68470E-04  6.30524E-05  2.13847E-04  8.47862E-05
  9173.00000  4.29090E-02  0.00000E+00  9.16665E-03  2.51221E-02  1.91702E-03  3.90163E-03  4.24857E-04  1.24692E-03  7.68241E-04  6.30375E-05  2.13761E-04  8.47609E-05
  9174.00000  4.28964E-02  0.00000E+00  9.16468E-03  2.51140E-02  1.91658E-03  3.90047E-03  4.24759E-04  1.24640E-03  7.68013E-04  6.30227E-05  2.13675E-04  8.47356E-05
  9175.00000  4.28837E-02  0.00000E+00  9.16272E-03  2.51059E-02  1.91614E-03  3.89930E-03  4.24661E-04  1.24589E-03  7.67785E-04  6.30078E-05  2.13589E-04  8.47104E-05
  9176.00000  4.28711E-02  0.00000E+00  9.16075E-03  2.50978E-02  1.91571E-03  3.89813E-03  4.24562E-04  1.24538E-03  7.67557E-04  6.29930E-05  2.13503E-04  8.46851E-05
  9177.00000  4.28585E-02  0.00000E+00  9.15879E-03  2.50897E-02  1.91527E-03  3.89697E-03  4.24464E-04  1.24486E-03  7.67329E-04  6.29782E-05  2.13417E-04  8.46599E-05
  9178.00000  4.28458E-02  0.00000E+00  9.15683E-03  2.50816E-02  1.91483E-03  3.89580E-03  4.24366E-04  1.24435E-03  7.67101E-04  6.29633E-05  2.13332E-04  8.46346E-05
  9179.00000  4.28332E-02  0.00000E+00  9.15486E-03  2.50735E-02  1.91439E-03  3.89464E-03  4.24268E-04  1.24384E-03  7.66873E-04  6.29485E-05  2.13246E-04  8.46094E-05
  9180.00000  4.28206E-02  0.00000E+00  9.15290E-03  2.50654E-02  1.91396E-03  3.89347E-03  4.24170E-04  1.24333E-03  7.66645E-04  6.29337E-05  2.13160E-04  8.45842E-05
  9181.00000  4.28080E-02  0.00000E+00  9.15094E-03  2.50573E-02  1.91352E-03  3.89231E-03  4.24072E-04  1.24281E-03  7.66417E-04  6.29189E-05  2.13074E-04  8.45590E-05
  9182.00000  4.27954E-02  0.00000E+00  9.14898E-03  2.50493E-02  1.91309E-03  3.89115E-03  4.23974E-04  1.24230E-03  7.66190E-04  6.29041E-05  2.12989E-04  8.45338E-05
  9183.00000  4.27827E-02  0.00000E+00  9.14702E-03  2.50412E-02  1.91265E-03  3.88998E-03  4.23876E-04  1.24179E-03  7.65962E-04  6.28893E-05  2.12903E-04  8.45086E-05
  9184.00000  4.27701E-02  0.00000E+00  9.14506E-03  2.50331E-02  1.91221E-03  3.88882E-03  4.23778E-04  1.24128E-03  7.65735E-04  6.28746E-05  2.12818E-04  8.44834E-05
  9185.00000  4.27575E-02  0.00000E+00  9.14310E-03  2.50250E-02  1.91178E-03  3.88766E-03  4.23680E-04  1.24077E-03  7.65507E-04  6.28598E-05  2.12732E-04  8.44582E-05
  9186.00000  4.27450E-02  0.00000E+00  9.14114E-03  2.50169E-02  1.91134E-03  3.88650E-03  4.23583E-04  1.24026E-03  7.65280E-04  6.28450E-05  2.12647E-04  8.44331E-05
  9187.00000  4.27324E-02  0.00000E+00  9.13918E-03  2.50089E-02  1.91091E-03  3.88534E-03  4.23485E-04  1.23975E-03  7.65053E-04  6.28302E-05  2.12561E-04  8.44079E-05
  9188.00000  4.27198E-02  0.00000E+00  9.13722E-03  2.50008E-02  1.91047E-03  3.88418E-03  4.23387E-04  1.23924E-03  7.64826E-04  6.28155E-05  2.12476E-04  8.43828E-05
  9189.00000  4.27072E-02  0.00000E+00  9.13527E-03  2.49927E-02  1.91003E-03  3.88302E-03  4.23289E-04  1.23873E-03  7.64599E-04  6.28007E-05  2.12391E-04  8.43576E-05
  9190.00000  4.26946E-02  0.00000E+00  9.13331E-03  2.49847E-02  1.90960E-03  3.88186E-03  4.23192E-04  1.23822E-03  7.64372E-04  6.27860E-05  2.12305E-04  8.43325E-05
  9191.00000  4.26821E-02  0.00000E+00  9.13135E-03  2.49766E-02  1.90916E-03  3.88070E-03  4.23094E-04  1.23771E-03  7.64145E-04  6.27712E-05  2.12220E-04  8.43074E-05
  9192.00000  4.26695E-02  0.00000E+00  9.12940E-03  2.49686E-02  1.90873E-03  3.87954E-03  4.22996E-04  1.23720E-03  7.63918E-04  6.27565E-05  2.12135E-04  8.42823E-05
  9193.00000  4.26570E-02  0.00000E+00  9.12744E-03  2.49605E-02  1.90829E-03  3.87838E-03  4.22899E-04  1.23669E-03  7.63692E-04  6.27418E-05  2.12050E-04  8.42572E-05
  9194.00000  4.26444E-02  0.00000E+00  9.12549E-03  2.49525E-02  1.90786E-03  3.87722E-03  4.22801E-04  1.23618E-03  7.63465E-04  6.27270E-05  2.11965E-04  8.42321E-05
  9195.00000  4.26319E-02  0.00000E+00  9.12354E-03  2.49444E-02  1.90742E-03  3.87607E-03  4.22704E-04  1.23567E-03  7.63239E-04  6.27123E-05  2.11880E-04  8.42070E-05
  9196.00000  4.26193E-02  0.00000E+00  9.12158E-03  2.49364E-02  1.90699E-03  3.87491E-03  4.22606E-04  1.23516E-03  7.63012E-04  6.26976E-05  2.11795E-04  8.41820E-05
  9197.00000  4.26068E-02  0.00000E+00  9.11963E-03  2.49283E-02  1.90656E-03  3.87375E-03  4.22509E-04  1.23466E-03  7.62786E-04  6.26829E-05  2.11710E-04  8.41569E-05
  9198.00000  4.25943E-02  0.00000E+00  9.11768E-03  2.49203E-02  1.90612E-03  3.87260E-03  4.22411E-04  1.23415E-03  7.62560E-04  6.26682E-05  2.11625E-04  8.41318E-05
  9199.00000  4.25817E-02  0.00000E+00  9.11573E-03  2.49123E-02  1.90569E-03  3.87144E-03  4.22314E-04  1.23364E-03  7.62334E-04  6.26535E-05  2.11540E-04  8.41068E-05
  9200.00000  4.25692E-02  0.00000E+00  9.11378E-03  2.49043E-02  1.90525E-03  3.87029E-03  4.22217E-04  1.23313E-03  7.62108E-04  6.26388E-05  2.11455E-04  8.40818E-05
  9201.00000  4.25567E-02  0.00000E+00  9.11183E-03  2.48962E-02  1.90482E-03  3.86913E-03  4.22119E-04  1.23263E-03  7.61882E-04  6.26241E-05  2.11370E-04  8.40567E-05
  9202.00000  4.25442E-02  0.00000E+00  9.10988E-03  2.48882E-02  1.90439E-03  3.86798E-03  4.22022E-04  1.23212E-03  7.61657E-04  6.26095E-05  2.11286E-04  8.40317E-05
  9203.00000  4.25317E-02  0.00000E+00  9.10793E-03  2.48802E-02  1.90395E-03  3.86683E-03  4.21925E-04  1.23161E-03  7.61431E-04  6.25948E-05  2.11201E-04  8.40067E-05
  9204.00000  4.25192E-02  0.00000E+00  9.10599E-03  2.48722E-02  1.90352E-03  3.86567E-03  4.21827E-04  1.23111E-03  7.61205E-04  6.25801E-05  2.11116E-04  8.39817E-05
  9205.00000  4.25067E-02  0.00000E+00  9.10404E-03  2.48642E-02  1.90308E-03  3.86452E-03  4.21730E-04  1.23060E-03  7.60980E-04  6.25655E-05  2.11032E-04  8.39567E-05
  9206.00000  4.24942E-02  0.00000E+00  9.10209E-03  2.48562E-02  1.90265E-03  3.86337E-03  4.21633E-04  1.23010E-03  7.60755E-04  6.25508E-05  2.10947E-04  8.39317E-05
  9207.00000  4.24817E-02  0.00000E+00  9.10015E-03  2.48482E-02  1.90222E-03  3.86222E-03  4.21536E-04  1.22959E-03  7.60529E-04  6.25362E-05  2.10862E-04  8.39068E-05
  9208.00000  4.24692E-02  0.00000E+00  9.09820E-03  2.48402E-02  1.90179E-03  3.86107E-03  4.21439E-04  1.22909E-03  7.60304E-04  6.25215E-05  2.10778E-04  8.38818E-05
  9209.00000  4.24567E-02  0.00000E+00  9.09626E-03  2.48322E-02  1.90135E-03  3.85991E-03  4.21341E-04  1.22858E-03  7.60079E-04  6.25069E-05  2.10693E-04  8.38568E-05
  9210.00000  4.24443E-02  0.00000E+00  9.09431E-03  2.48242E-02  1.90092E-03  3.85876E-03  4.21244E-04  1.22808E-03  7.59854E-04  6.24922E-05  2.10609E-04  8.38319E-05
  9211.00000  4.24318E-02  0.00000E+00  9.09237E-03  2.48162E-02  1.90049E-03  3.85761E-03  4.21147E-04  1.22757E-03  7.59629E-04  6.24776E-05  2.10525E-04  8.38070E-05
  9212.00000  4.24194E-02  0.00000E+00  9.09043E-03  2.48082E-02  1.90006E-03  3.85646E-03  4.21050E-04  1.22707E-03  7.59404E-04  6.24630E-05  2.10440E-04  8.37821E-05
  9213.00000  4.24069E-02  0.00000E+00  9.08848E-03  2.48002E-02  1.89962E-03  3.85531E-03  4.20953E-04  1.22656E-03  7.59180E-04  6.24484E-05  2.10356E-04  8.37571E-05
  9214.00000  4.23944E-02  0.00000E+00  9.08654E-03  2.47922E-02  1.89919E-03  3.85417E-03  4.20856E-04  1.22606E-03  7.58955E-04  6.24338E-05  2.10272E-04  8.37322E-05
  9215.00000  4.23820E-02  0.00000E+00  9.08460E-03  2.47843E-02  1.89876E-03  3.85302E-03  4.20759E-04  1.22556E-03  7.58730E-04  6.24191E-05  2.10188E-04  8.37073E-05
  9216.00000  4.23696E-02  0.00000E+00  9.08266E-03  2.47763E-02  1.89833E-03  3.85187E-03  4.20662E-04  1.22505E-03  7.58506E-04  6.24045E-05  2.10103E-04  8.36825E-05
  9217.00000  4.23571E-02  0.00000E+00  9.08072E-03  2.47683E-02  1.89790E-03  3.85072E-03  4.20565E-04  1.22455E-03  7.58282E-04  6.23900E-05  2.10019E-04  8.36576E-05
  9218.00000  4.23447E-02  0.00000E+00  9.07878E-03  2.47604E-02  1.89746E-03  3.84957E-03  4.20469E-04  1.22405E-03  7.58057E-04  6.23754E-05  2.09935E-04  8.36327E-05
  9219.00000  4.23323E-02  0.00000E+00  9.07684E-03  2.47524E-02  1.89703E-03  3.84843E-03  4.20372E-04  1.22355E-03  7.57833E-04  6.23608E-05  2.09851E-04  8.36079E-05
  9220.00000  4.23198E-02  0.00000E+00  9.07490E-03  2.47444E-02  1.89660E-03  3.84728E-03  4.20275E-04  1.22304E-03  7.57609E-04  6.23462E-05  2.09767E-04  8.35830E-05
  9221.00000  4.23074E-02  0.00000E+00  9.07296E-03  2.47365E-02  1.89617E-03  3.84613E-03  4.20178E-04  1.22254E-03  7.57385E-04  6.23316E-05  2.09683E-04  8.35582E-05
  9222.00000  4.22950E-02  0.00000E+00  9.07102E-03  2.47285E-02  1.89574E-03  3.84499E-03  4.20081E-04  1.22204E-03  7.57161E-04  6.23170E-05  2.09599E-04  8.35334E-05
  9223.00000  4.22826E-02  0.00000E+00  9.06909E-03  2.47206E-02  1.89531E-03  3.84384E-03  4.19985E-04  1.22154E-03  7.56937E-04  6.23025E-05  2.09515E-04  8.35086E-05
  9224.00000  4.22702E-02  0.00000E+00  9.06715E-03  2.47126E-02  1.89488E-03  3.84270E-03  4.19888E-04  1.22104E-03  7.56713E-04  6.22879E-05  2.09431E-04  8.34838E-05
  9225.00000  4.22578E-02  0.00000E+00  9.06521E-03  2.47047E-02  1.89445E-03  3.84155E-03  4.19791E-04  1.22054E-03  7.56490E-04  6.22734E-05  2.09348E-04  8.34590E-05
  9226.00000  4.22454E-02  0.00000E+00  9.06328E-03  2.46968E-02  1.89402E-03  3.84041E-03  4.19694E-04  1.22004E-03  7.56266E-04  6.22588E-05  2.09264E-04  8.34342E-05
  9227.00000  4.22330E-02  0.00000E+00  9.06134E-03  2.46888E-02  1.89359E-03  3.83927E-03  4.19598E-04  1.21954E-03  7.56043E-04  6.22443E-05  2.09180E-04  8.34095E-05
  9228.00000  4.22206E-02  0.00000E+00  9.05941E-03  2.46809E-02  1.89316E-03  3.83812E-03  4.19501E-04  1.21904E-03  7.55819E-04  6.22297E-05  2.09096E-04  8.33847E-05
  9229.00000  4.22083E-02  0.00000E+00  9.05747E-03  2.46730E-02  1.89273E-03  3.83698E-03  4.19405E-04  1.21854E-03  7.55596E-04  6.22152E-05  2.09013E-04  8.33600E-05
  9230.00000  4.21959E-02  0.00000E+00  9.05554E-03  2.46650E-02  1.89230E-03  3.83584E-03  4.19308E-04  1.21804E-03  7.55372E-04  6.22007E-05  2.08929E-04  8.33353E-05
  9231.00000  4.21835E-02  0.00000E+00  9.05361E-03  2.46571E-02  1.89187E-03  3.83470E-03  4.19212E-04  1.21754E-03  7.55149E-04  6.21862E-05  2.08845E-04  8.33106E-05
  9232.00000  4.21712E-02  0.00000E+00  9.05167E-03  2.46492E-02  1.89144E-03  3.83355E-03  4.19115E-04  1.21704E-03  7.54926E-04  6.21716E-05  2.08762E-04  8.32859E-05
  9233.00000  4.21588E-02  0.00000E+00  9.04974E-03  2.46413E-02  1.89101E-03  3.83241E-03  4.19019E-04  1.21654E-03  7.54703E-04  6.21571E-05  2.08678E-04  8.32612E-05
  9234.00000  4.21464E-02  0.00000E+00  9.04781E-03  2.46334E-02  1.89058E-03  3.83127E-03  4.18922E-04  1.21604E-03  7.54480E-04  6.21426E-05  2.08595E-04  8.32365E-05
  9235.00000  4.21341E-02  0.00000E+00  9.04588E-03  2.46254E-02  1.89015E-03  3.83013E-03  4.18826E-04  1.21554E-03  7.54257E-04  6.21281E-05  2.08511E-04  8.32118E-05
  9236.00000  4.21217E-02  0.00000E+00  9.04395E-03  2.46175E-02  1.88972E-03  3.82899E-03  4.18730E-04  1.21504E-03  7.54034E-04  6.21136E-05  2.08428E-04  8.31872E-05
  9237.00000  4.21094E-02  0.00000E+00  9.04202E-03  2.46096E-02  1.88929E-03  3.82785E-03  4.18633E-04  1.21454E-03  7.53812E-04  6.20991E-05  2.08345E-04  8.31626E-05
  9238.00000  4.20971E-02  0.00000E+00  9.04009E-03  2.46017E-02  1.88887E-03  3.82671E-03  4.18537E-04  1.21405E-03  7.53589E-04  6.20847E-05  2.08261E-04  8.31379E-05
  9239.00000  4.20847E-02  0.00000E+00  9.03816E-03  2.45938E-02  1.88844E-03  3.82558E-03  4.18441E-04  1.21355E-03  7.53367E-04  6.20702E-05  2.08178E-04  8.31133E-05
  9240.00000  4.20724E-02  0.00000E+00  9.03624E-03  2.45859E-02  1.88801E-03  3.82444E-03  4.18344E-04  1.21305E-03  7.53144E-04  6.20557E-05  2.08095E-04  8.30887E-05
  9241.00000  4.20601E-02  0.00000E+00  9.03431E-03  2.45781E-02  1.88758E-03  3.82330E-03  4.18248E-04  1.21255E-03  7.52922E-04  6.20412E-05  2.08012E-04  8.30641E-05
  9242.00000  4.20478E-02  0.00000E+00  9.03238E-03  2.45702E-02  1.88715E-03  3.82216E-03  4.18152E-04  1.21206E-03  7.52699E-04  6.20268E-05  2.07928E-04  8.30396E-05
  9243.00000  4.20355E-02  0.00000E+00  9.03046E-03  2.45623E-02  1.88673E-03  3.82103E-03  4.18056E-04  1.21156E-03  7.52477E-04  6.20123E-05  2.07845E-04  8.30150E-05
  9244.00000  4.20231E-02  0.00000E+00  9.02853E-03  2.45544E-02  1.88630E-03  3.81989E-03  4.17960E-04  1.21107E-03  7.52255E-04  6.19979E-05  2.07762E-04  8.29905E-05
  9245.00000  4.20108E-02  0.00000E+00  9.02661E-03  2.45465E-02  1.88587E-03  3.81875E-03  4.17864E-04  1.21057E-03  7.52033E-04  6.19834E-05  2.07679E-04  8.29659E-05
  9246.00000  4.19985E-02  0.00000E+00  9.02468E-03  2.45386E-02  1.88544E-03  3.81762E-03  4.17768E-04  1.21007E-03  7.51811E-04  6.19690E-05  2.07596E-04  8.29414E-05
  9247.00000  4.19862E-02  0.00000E+00  9.02276E-03  2.45308E-02  1.88502E-03  3.81648E-03  4.17672E-04  1.20958E-03  7.51589E-04  6.19546E-05  2.07513E-04  8.29169E-05
  9248.00000  4.19740E-02  0.00000E+00  9.02084E-03  2.45229E-02  1.88459E-03  3.81535E-03  4.17576E-04  1.20908E-03  7.51367E-04  6.19401E-05  2.07430E-04  8.28924E-05
  9249.00000  4.19617E-02  0.00000E+00  9.01892E-03  2.45150E-02  1.88416E-03  3.81421E-03  4.17480E-04  1.20859E-03  7.51145E-04  6.19257E-05  2.07347E-04  8.28679E-05
  9250.00000  4.19494E-02  0.00000E+00  9.01699E-03  2.45072E-02  1.88374E-03  3.81308E-03  4.17384E-04  1.20809E-03  7.50924E-04  6.19113E-05  2.07265E-04  8.28435E-05
  9251.00000  4.19371E-02  0.00000E+00  9.01507E-03  2.44993E-02  1.88331E-03  3.81195E-03  4.17288E-04  1.20760E-03  7.50702E-04  6.18969E-05  2.07182E-04  8.28190E-05
  9252.00000  4.19249E-02  0.00000E+00  9.01315E-03  2.44915E-02  1.88288E-03  3.81081E-03  4.17192E-04  1.20710E-03  7.50480E-04  6.18825E-05  2.07099E-04  8.27946E-05
  9253.00000  4.19126E-02  0.00000E+00  9.01123E-03  2.44836E-02  1.88246E-03  3.80968E-03  4.17096E-04  1.20661E-03  7.50259E-04  6.18681E-05  2.07016E-04  8.27701E-05
  9254.00000  4.19003E-02  0.00000E+00  9.00931E-03  2.44757E-02  1.88203E-03  3.80855E-03  4.17001E-04  1.20612E-03  7.50038E-04  6.18537E-05  2.06934E-04  8.27457E-05
  9255.00000  4.18881E-02  0.00000E+00  9.00740E-03  2.44679E-02  1.88161E-03  3.80742E-03  4.16905E-04  1.20562E-03  7.49816E-04  6.18394E-05  2.06851E-04  8.27213E-05
  9256.00000  4.18758E-02  0.00000E+00  9.00548E-03  2.44601E-02  1.88118E-03  3.80629E-03  4.16809E-04  1.20513E-03  7.49595E-04  6.18250E-05  2.06768E-04  8.26969E-05
  9257.00000  4.18636E-02  0.00000E+00  9.00356E-03  2.44522E-02  1.88075E-03  3.80516E-03  4.16714E-04  1.20464E-03  7.49374E-04  6.18106E-05  2.06686E-04  8.26726E-05
  9258.00000  4.18513E-02  0.00000E+00  9.00164E-03  2.44444E-02  1.88033E-03  3.80403E-03  4.16618E-04  1.20414E-03  7.49153E-04  6.17963E-05  2.06603E-04  8.26482E-05
  9259.00000  4.18391E-02  0.00000E+00  8.99973E-03  2.44365E-02  1.87990E-03  3.80290E-03  4.16522E-04  1.20365E-03  7.48932E-04  6.17819E-05  2.06521E-04  8.26239E-05
  9260.00000  4.18269E-02  0.00000E+00  8.99781E-03  2.44287E-02  1.87948E-03  3.80177E-03  4.16427E-04  1.20316E-03  7.48711E-04  6.17676E-05  2.06438E-04  8.25995E-05
  9261.00000  4.18147E-02  0.00000E+00  8.99590E-03  2.44209E-02  1.87905E-03  3.80064E-03  4.16331E-04  1.20267E-03  7.48490E-04  6.17532E-05  2.06356E-04  8.25752E-05
  9262.00000  4.18024E-02  0.00000E+00  8.99398E-03  2.44131E-02  1.87863E-03  3.79951E-03  4.16236E-04  1.20217E-03  7.48269E-04  6.17389E-05  2.06274E-04  8.25509E-05
  9263.00000  4.17902E-02  0.00000E+00  8.99207E-03  2.44052E-02  1.87820E-03  3.79839E-03  4.16140E-04  1.20168E-03  7.48049E-04  6.17246E-05  2.06191E-04  8.25266E-05
  9264.00000  4.17780E-02  0.00000E+00  8.99016E-03  2.43974E-02  1.87778E-03  3.79726E-03  4.16045E-04  1.20119E-03  7.47828E-04  6.17102E-05  2.06109E-04  8.25023E-05
  9265.00000  4.17658E-02  0.00000E+00  8.98825E-03  2.43896E-02  1.87735E-03  3.79613E-03  4.15950E-04  1.20070E-03  7.47608E-04  6.16959E-05  2.06027E-04  8.24781E-05
  9266.00000  4.17536E-02  0.00000E+00  8.98633E-03  2.43818E-02  1.87693E-03  3.79501E-03  4.15854E-04  1.20021E-03  7.47387E-04  6.16816E-05  2.05945E-04  8.24538E-05
  9267.00000  4.17414E-02  0.00000E+00  8.98442E-03  2.43740E-02  1.87650E-03  3.79388E-03  4.15759E-04  1.19972E-03  7.47167E-04  6.16673E-05  2.05863E-04  8.24296E-05
  9268.00000  4.17292E-02  0.00000E+00  8.98251E-03  2.43662E-02  1.87608E-03  3.79275E-03  4.15664E-04  1.19923E-03  7.46947E-04  6.16530E-05  2.05781E-04  8.24054E-05
  9269.00000  4.17170E-02  0.00000E+00  8.98060E-03  2.43584E-02  1.87565E-03  3.79163E-03  4.15569E-04  1.19874E-03  7.46727E-04  6.16388E-05  2.05698E-04  8.23811E-05
  9270.00000  4.17048E-02  0.00000E+00  8.97869E-03  2.43506E-02  1.87523E-03  3.79051E-03  4.15473E-04  1.19825E-03  7.46507E-04  6.16245E-05  2.05616E-04  8.23570E-05
  9271.00000  4.16927E-02  0.00000E+00  8.97678E-03  2.43428E-02  1.87481E-03  3.78938E-03  4.15378E-04  1.19776E-03  7.46287E-04  6.16102E-05  2.05534E-04  8.23328E-05
  9272.00000  4.16805E-02  0.00000E+00  8.97487E-03  2.43350E-02  1.87438E-03  3.78826E-03  4.15283E-04  1.19727E-03  7.46067E-04  6.15960E-05  2.05453E-04  8.23086E-05
  9273.00000  4.16683E-02  0.00000E+00  8.97297E-03  2.43272E-02  1.87396E-03  3.78714E-03  4.15188E-04  1.19678E-03  7.45847E-04  6.15817E-05  2.05371E-04  8.22844E-05
  9274.00000  4.16562E-02  0.00000E+00  8.97106E-03  2.43194E-02  1.87354E-03  3.78601E-03  4.15093E-04  1.19629E-03  7.45627E-04  6.15674E-05  2.05289E-04  8.22603E-05
  9275.00000  4.16440E-02  0.00000E+00  8.96915E-03  2.43117E-02  1.87311E-03  3.78489E-03  4.14998E-04  1.19581E-03  7.45408E-04  6.15532E-05  2.05207E-04  8.22362E-05
  9276.00000  4.16319E-02  0.00000E+00  8.96725E-03  2.43039E-02  1.87269E-03  3.78377E-03  4.14903E-04  1.19532E-03  7.45188E-04  6.15390E-05  2.05125E-04  8.22121E-05
  9277.00000  4.16197E-02  0.00000E+00  8.96534E-03  2.42961E-02  1.87227E-03  3.78265E-03  4.14808E-04  1.19483E-03  7.44969E-04  6.15247E-05  2.05044E-04  8.21879E-05
  9278.00000  4.16076E-02  0.00000E+00  8.96344E-03  2.42883E-02  1.87184E-03  3.78153E-03  4.14713E-04  1.19434E-03  7.44749E-04  6.15105E-05  2.04962E-04  8.21639E-05
  9279.00000  4.15954E-02  0.00000E+00  8.96153E-03  2.42806E-02  1.87142E-03  3.78041E-03  4.14618E-04  1.19385E-03  7.44530E-04  6.14963E-05  2.04880E-04  8.21398E-05
  9280.00000  4.15833E-02  0.00000E+00  8.95963E-03  2.42728E-02  1.87100E-03  3.77929E-03  4.14523E-04  1.19337E-03  7.44311E-04  6.14821E-05  2.04799E-04  8.21157E-05
  9281.00000  4.15712E-02  0.00000E+00  8.95772E-03  2.42650E-02  1.87057E-03  3.77817E-03  4.14429E-04  1.19288E-03  7.44092E-04  6.14679E-05  2.04717E-04  8.20917E-05
  9282.00000  4.15591E-02  0.00000E+00  8.95582E-03  2.42573E-02  1.87015E-03  3.77705E-03  4.14334E-04  1.19239E-03  7.43873E-04  6.14537E-05  2.04636E-04  8.20676E-05
  9283.00000  4.15469E-02  0.00000E+00  8.95392E-03  2.42495E-02  1.86973E-03  3.77593E-03  4.14239E-04  1.19191E-03  7.43654E-04  6.14395E-05  2.04554E-04  8.20436E-05
  9284.00000  4.15348E-02  0.00000E+00  8.95201E-03  2.42418E-02  1.86931E-03  3.77481E-03  4.14144E-04  1.19142E-03  7.43435E-04  6.14254E-05  2.04473E-04  8.20196E-05
  9285.00000  4.15227E-02  0.00000E+00  8.95011E-03  2.42340E-02  1.86888E-03  3.77370E-03  4.14050E-04  1.19094E-03  7.43216E-04  6.14112E-05  2.04391E-04  8.19956E-05
  9286.00000  4.15106E-02  0.00000E+00  8.94821E-03  2.42263E-02  1.86846E-03  3.77258E-03  4.13955E-04  1.19045E-03  7.42998E-04  6.13970E-05  2.04310E-04  8.19716E-05
  9287.00000  4.14985E-02  0.00000E+00  8.94631E-03  2.42185E-02  1.86804E-03  3.77146E-03  4.13860E-04  1.18996E-03  7.42779E-04  6.13829E-05  2.04229E-04  8.19476E-05
  9288.00000  4.14864E-02  0.00000E+00  8.94441E-03  2.42108E-02  1.86762E-03  3.77035E-03  4.13766E-04  1.18948E-03  7.42561E-04  6.13687E-05  2.04147E-04  8.19237E-05
  9289.00000  4.14743E-02  0.00000E+00  8.94251E-03  2.42031E-02  1.86719E-03  3.76923E-03  4.13671E-04  1.18899E-03  7.42343E-04  6.13546E-05  2.04066E-04  8.18997E-05
  9290.00000  4.14622E-02  0.00000E+00  8.94061E-03  2.41953E-02  1.86677E-03  3.76811E-03  4.13577E-04  1.18851E-03  7.42124E-04  6.13404E-05  2.03985E-04  8.18758E-05
  9291.00000  4.14502E-02  0.00000E+00  8.93871E-03  2.41876E-02  1.86635E-03  3.76700E-03  4.13482E-04  1.18803E-03  7.41906E-04  6.13263E-05  2.03904E-04  8.18519E-05
  9292.00000  4.14381E-02  0.00000E+00  8.93682E-03  2.41799E-02  1.86593E-03  3.76588E-03  4.13388E-04  1.18754E-03  7.41688E-04  6.13122E-05  2.03823E-04  8.18280E-05
  9293.00000  4.14260E-02  0.00000E+00  8.93492E-03  2.41722E-02  1.86551E-03  3.76477E-03  4.13293E-04  1.18706E-03  7.41470E-04  6.12981E-05  2.03742E-04  8.18041E-05
  9294.00000  4.14139E-02  0.00000E+00  8.93302E-03  2.41644E-02  1.86509E-03  3.76366E-03  4.13199E-04  1.18657E-03  7.41252E-04  6.12839E-05  2.03661E-04  8.17802E-05
  9295.00000  4.14019E-02  0.00000E+00  8.93113E-03  2.41567E-02  1.86467E-03  3.76254E-03  4.13104E-04  1.18609E-03  7.41034E-04  6.12698E-05  2.03580E-04  8.17563E-05
  9296.00000  4.13898E-02  0.00000E+00  8.92923E-03  2.41490E-02  1.86425E-03  3.76143E-03  4.13010E-04  1.18561E-03  7.40817E-04  6.12557E-05  2.03499E-04  8.17325E-05
  9297.00000  4.13778E-02  0.00000E+00  8.92734E-03  2.41413E-02  1.86382E-03  3.76032E-03  4.12915E-04  1.18512E-03  7.40599E-04  6.12416E-05  2.03418E-04  8.17086E-05
  9298.00000  4.13657E-02  0.00000E+00  8.92544E-03  2.41336E-02  1.86340E-03  3.75920E-03  4.12821E-04  1.18464E-03  7.40382E-04  6.12276E-05  2.03337E-04  8.16848E-05
  9299.00000  4.13537E-02  0.00000E+00  8.92355E-03  2.41259E-02  1.86298E-03  3.75809E-03  4.12727E-04  1.18416E-03  7.40164E-04  6.12135E-05  2.03256E-04  8.16610E-05
  9300.00000  4.13416E-02  0.00000E+00  8.92165E-03  2.41182E-02  1.86256E-03  3.75698E-03  4.12633E-04  1.18368E-03  7.39947E-04  6.11994E-05  2.03176E-04  8.16372E-05
  9301.00000  4.13296E-02  0.00000E+00  8.91976E-03  2.41105E-02  1.86214E-03  3.75587E-03  4.12538E-04  1.18319E-03  7.39730E-04  6.11853E-05  2.03095E-04  8.16134E-05
  9302.00000  4.13176E-02  0.00000E+00  8.91787E-03  2.41028E-02  1.86172E-03  3.75476E-03  4.12444E-04  1.18271E-03  7.39512E-04  6.11713E-05  2.03014E-04  8.15896E-05
  9303.00000  4.13056E-02  0.00000E+00  8.91598E-03  2.40951E-02  1.86130E-03  3.75365E-03  4.12350E-04  1.18223E-03  7.39295E-04  6.11572E-05  2.02933E-04  8.15658E-05
  9304.00000  4.12935E-02  0.00000E+00  8.91409E-03  2.40874E-02  1.86088E-03  3.75254E-03  4.12256E-04  1.18175E-03  7.39078E-04  6.11432E-05  2.02853E-04  8.15421E-05
  9305.00000  4.12815E-02  0.00000E+00  8.91220E-03  2.40797E-02  1.86046E-03  3.75143E-03  4.12162E-04  1.18127E-03  7.38861E-04  6.11291E-05  2.02772E-04  8.15183E-05
  9306.00000  4.12695E-02  0.00000E+00  8.91031E-03  2.40720E-02  1.86004E-03  3.75032E-03  4.12067E-04  1.18079E-03  7.38645E-04  6.11151E-05  2.02692E-04  8.14946E-05
  9307.00000  4.12575E-02  0.00000E+00  8.90842E-03  2.40644E-02  1.85962E-03  3.74921E-03  4.11973E-04  1.18031E-03  7.38428E-04  6.11011E-05  2.02611E-04  8.14709E-05
  9308.00000  4.12455E-02  0.00000E+00  8.90653E-03  2.40567E-02  1.85921E-03  3.74810E-03  4.11879E-04  1.17983E-03  7.38211E-04  6.10870E-05  2.02531E-04  8.14472E-05
  9309.00000  4.12335E-02  0.00000E+00  8.90464E-03  2.40490E-02  1.85879E-03  3.74700E-03  4.11785E-04  1.17935E-03  7.37995E-04  6.10730E-05  2.02450E-04  8.14235E-05
  9310.00000  4.12215E-02  0.00000E+00  8.90275E-03  2.40413E-02  1.85837E-03  3.74589E-03  4.11691E-04  1.17887E-03  7.37778E-04  6.10590E-05  2.02370E-04  8.13998E-05
  9311.00000  4.12095E-02  0.00000E+00  8.90087E-03  2.40337E-02  1.85795E-03  3.74478E-03  4.11597E-04  1.17839E-03  7.37562E-04  6.10450E-05  2.02290E-04  8.13762E-05
  9312.00000  4.11975E-02  0.00000E+00  8.89898E-03  2.40260E-02  1.85753E-03  3.74367E-03  4.11503E-04  1.17791E-03  7.37345E-04  6.10310E-05  2.02209E-04  8.13525E-05
  9313.00000  4.11856E-02  0.00000E+00  8.89710E-03  2.40183E-02  1.85711E-03  3.74257E-03  4.11409E-04  1.17743E-03  7.37129E-04  6.10170E-05  2.02129E-04  8.13289E-05
  9314.00000  4.11736E-02  0.00000E+00  8.89521E-03  2.40107E-02  1.85669E-03  3.74146E-03  4.11315E-04  1.17695E-03  7.36913E-04  6.10030E-05  2.02049E-04  8.13053E-05
  9315.00000  4.11616E-02  0.00000E+00  8.89333E-03  2.40030E-02  1.85628E-03  3.74036E-03  4.11221E-04  1.17647E-03  7.36697E-04  6.09890E-05  2.01968E-04  8.12817E-05
  9316.00000  4.11496E-02  0.00000E+00  8.89144E-03  2.39954E-02  1.85586E-03  3.73925E-03  4.11128E-04  1.17599E-03  7.36481E-04  6.09750E-05  2.01888E-04  8.12581E-05
  9317.00000  4.11377E-02  0.00000E+00  8.88956E-03  2.39877E-02  1.85544E-03  3.73815E-03  4.11034E-04  1.17551E-03  7.36265E-04  6.09611E-05  2.01808E-04  8.12345E-05
  9318.00000  4.11257E-02  0.00000E+00  8.88768E-03  2.39801E-02  1.85502E-03  3.73704E-03  4.10940E-04  1.17503E-03  7.36049E-04  6.09471E-05  2.01728E-04  8.12109E-05
  9319.00000  4.11138E-02  0.00000E+00  8.88580E-03  2.39724E-02  1.85460E-03  3.73594E-03  4.10846E-04  1.17456E-03  7.35833E-04  6.09331E-05  2.01648E-04  8.11873E-05
  9320.00000  4.11018E-02  0.00000E+00  8.88391E-03  2.39648E-02  1.85419E-03  3.73483E-03  4.10752E-04  1.17408E-03  7.35618E-04  6.09192E-05  2.01568E-04  8.11638E-05
  9321.00000  4.10899E-02  0.00000E+00  8.88203E-03  2.39572E-02  1.85377E-03  3.73373E-03  4.10659E-04  1.17360E-03  7.35402E-04  6.09052E-05  2.01488E-04  8.11403E-05
  9322.00000  4.10779E-02  0.00000E+00  8.88015E-03  2.39495E-02  1.85335E-03  3.73263E-03  4.10565E-04  1.17312E-03  7.35186E-04  6.08913E-05  2.01408E-04  8.11167E-05
  9323.00000  4.10660E-02  0.00000E+00  8.87827E-03  2.39419E-02  1.85294E-03  3.73153E-03  4.10471E-04  1.17265E-03  7.34971E-04  6.08773E-05  2.01328E-04  8.10932E-05
  9324.00000  4.10541E-02  0.00000E+00  8.87640E-03  2.39343E-02  1.85252E-03  3.73042E-03  4.10378E-04  1.17217E-03  7.34756E-04  6.08634E-05  2.01248E-04  8.10697E-05
  9325.00000  4.10422E-02  0.00000E+00  8.87452E-03  2.39266E-02  1.85210E-03  3.72932E-03  4.10284E-04  1.17169E-03  7.34540E-04  6.08495E-05  2.01168E-04  8.10463E-05
  9326.00000  4.10302E-02  0.00000E+00  8.87264E-03  2.39190E-02  1.85169E-03  3.72822E-03  4.10190E-04  1.17122E-03  7.34325E-04  6.08356E-05  2.01089E-04  8.10228E-05
  9327.00000  4.10183E-02  0.00000E+00  8.87076E-03  2.39114E-02  1.85127E-03  3.72712E-03  4.10097E-04  1.17074E-03  7.34110E-04  6.08216E-05  2.01009E-04  8.09993E-05
  9328.00000  4.10064E-02  0.00000E+00  8.86889E-03  2.39038E-02  1.85085E-03  3.72602E-03  4.10003E-04  1.17027E-03  7.33895E-04  6.08077E-05  2.00929E-04  8.09759E-05
  9329.00000  4.09945E-02  0.00000E+00  8.86701E-03  2.38962E-02  1.85044E-03  3.72492E-03  4.09910E-04  1.16979E-03  7.33680E-04  6.07938E-05  2.00849E-04  8.09524E-05
  9330.00000  4.09826E-02  0.00000E+00  8.86513E-03  2.38886E-02  1.85002E-03  3.72382E-03  4.09816E-04  1.16931E-03  7.33465E-04  6.07799E-05  2.00770E-04  8.09290E-05
  9331.00000  4.09707E-02  0.00000E+00  8.86326E-03  2.38810E-02  1.84961E-03  3.72272E-03  4.09723E-04  1.16884E-03  7.33250E-04  6.07660E-05  2.00690E-04  8.09056E-05
  9332.00000  4.09588E-02  0.00000E+00  8.86138E-03  2.38734E-02  1.84919E-03  3.72162E-03  4.09630E-04  1.16836E-03  7.33035E-04  6.07521E-05  2.00611E-04  8.08822E-05
  9333.00000  4.09469E-02  0.00000E+00  8.85951E-03  2.38658E-02  1.84878E-03  3.72053E-03  4.09536E-04  1.16789E-03  7.32821E-04  6.07383E-05  2.00531E-04  8.08588E-05
  9334.00000  4.09351E-02  0.00000E+00  8.85764E-03  2.38582E-02  1.84836E-03  3.71943E-03  4.09443E-04  1.16742E-03  7.32606E-04  6.07244E-05  2.00451E-04  8.08355E-05
  9335.00000  4.09232E-02  0.00000E+00  8.85576E-03  2.38506E-02  1.84794E-03  3.71833E-03  4.09350E-04  1.16694E-03  7.32391E-04  6.07105E-05  2.00372E-04  8.08121E-05
  9336.00000  4.09113E-02  0.00000E+00  8.85389E-03  2.38430E-02  1.84753E-03  3.71723E-03  4.09256E-04  1.16647E-03  7.32177E-04  6.06967E-05  2.00293E-04  8.07887E-05
  9337.00000  4.08995E-02  0.00000E+00  8.85202E-03  2.38354E-02  1.84711E-03  3.71614E-03  4.09163E-04  1.16599E-03  7.31963E-04  6.06828E-05  2.00213E-04  8.07654E-05
  9338.00000  4.08876E-02  0.00000E+00  8.85015E-03  2.38278E-02  1.84670E-03  3.71504E-03  4.09070E-04  1.16552E-03  7.31748E-04  6.06690E-05  2.00134E-04  8.07421E-05
  9339.00000  4.08757E-02  0.00000E+00  8.84828E-03  2.38202E-02  1.84629E-03  3.71395E-03  4.08977E-04  1.16505E-03  7.31534E-04  6.06551E-05  2.00054E-04  8.07188E-05
  9340.00000  4.08639E-02  0.00000E+00  8.84641E-03  2.38127E-02  1.84587E-03  3.71285E-03  4.08884E-04  1.16457E-03  7.31320E-04  6.06413E-05  1.99975E-04  8.06955E-05
  9341.00000  4.08520E-02  0.00000E+00  8.84454E-03  2.38051E-02  1.84546E-03  3.71176E-03  4.08791E-04  1.16410E-03  7.31106E-04  6.06275E-05  1.99896E-04  8.06722E-05
  9342.00000  4.08402E-02  0.00000E+00  8.84267E-03  2.37975E-02  1.84504E-03  3.71066E-03  4.08697E-04  1.16363E-03  7.30892E-04  6.06136E-05  1.99817E-04  8.06489E-05
  9343.00000  4.08284E-02  0.00000E+00  8.84080E-03  2.37900E-02  1.84463E-03  3.70957E-03  4.08604E-04  1.16316E-03  7.30678E-04  6.05998E-05  1.99738E-04  8.06256E-05
  9344.00000  4.08165E-02  0.00000E+00  8.83893E-03  2.37824E-02  1.84421E-03  3.70848E-03  4.08511E-04  1.16268E-03  7.30464E-04  6.05860E-05  1.99658E-04  8.06024E-05
  9345.00000  4.08047E-02  0.00000E+00  8.83706E-03  2.37748E-02  1.84380E-03  3.70738E-03  4.08418E-04  1.16221E-03  7.30250E-04  6.05722E-05  1.99579E-04  8.05791E-05
  9346.00000  4.07929E-02  0.00000E+00  8.83520E-03  2.37673E-02  1.84339E-03  3.70629E-03  4.08326E-04  1.16174E-03  7.30036E-04  6.05584E-05  1.99500E-04  8.05559E-05
  9347.00000  4.07810E-02  0.00000E+00  8.83333E-03  2.37597E-02  1.84297E-03  3.70520E-03  4.08233E-04  1.16127E-03  7.29823E-04  6.05446E-05  1.99421E-04  8.05326E-05
  9348.00000  4.07692E-02  0.00000E+00  8.83146E-03  2.37522E-02  1.84256E-03  3.70411E-03  4.08140E-04  1.16080E-03  7.29609E-04  6.05308E-05  1.99342E-04  8.05094E-05
  9349.00000  4.07574E-02  0.00000E+00  8.82960E-03  2.37446E-02  1.84215E-03  3.70302E-03  4.08047E-04  1.16033E-03  7.29396E-04  6.05171E-05  1.99263E-04  8.04862E-05
  9350.00000  4.07456E-02  0.00000E+00  8.82773E-03  2.37371E-02  1.84173E-03  3.70193E-03  4.07954E-04  1.15986E-03  7.29182E-04  6.05033E-05  1.99185E-04  8.04630E-05
  9351.00000  4.07338E-02  0.00000E+00  8.82587E-03  2.37295E-02  1.84132E-03  3.70084E-03  4.07861E-04  1.15939E-03  7.28969E-04  6.04895E-05  1.99106E-04  8.04398E-05
  9352.00000  4.07220E-02  0.00000E+00  8.82400E-03  2.37220E-02  1.84091E-03  3.69975E-03  4.07769E-04  1.15892E-03  7.28755E-04  6.04758E-05  1.99027E-04  8.04167E-05
  9353.00000  4.07102E-02  0.00000E+00  8.82214E-03  2.37145E-02  1.84049E-03  3.69866E-03  4.07676E-04  1.15845E-03  7.28542E-04  6.04620E-05  1.98948E-04  8.03935E-05
  9354.00000  4.06984E-02  0.00000E+00  8.82028E-03  2.37069E-02  1.84008E-03  3.69757E-03  4.07583E-04  1.15798E-03  7.28329E-04  6.04483E-05  1.98869E-04  8.03703E-05
  9355.00000  4.06867E-02  0.00000E+00  8.81842E-03  2.36994E-02  1.83967E-03  3.69648E-03  4.07491E-04  1.15751E-03  7.28116E-04  6.04346E-05  1.98791E-04  8.03472E-05
  9356.00000  4.06749E-02  0.00000E+00  8.81655E-03  2.36919E-02  1.83925E-03  3.69539E-03  4.07398E-04  1.15704E-03  7.27903E-04  6.04208E-05  1.98712E-04  8.03240E-05
  9357.00000  4.06631E-02  0.00000E+00  8.81469E-03  2.36844E-02  1.83884E-03  3.69430E-03  4.07306E-04  1.15657E-03  7.27690E-04  6.04071E-05  1.98633E-04  8.03009E-05
  9358.00000  4.06513E-02  0.00000E+00  8.81283E-03  2.36768E-02  1.83843E-03  3.69322E-03  4.07213E-04  1.15610E-03  7.27478E-04  6.03934E-05  1.98555E-04  8.02778E-05
  9359.00000  4.06396E-02  0.00000E+00  8.81097E-03  2.36693E-02  1.83802E-03  3.69213E-03  4.07121E-04  1.15563E-03  7.27265E-04  6.03797E-05  1.98476E-04  8.02547E-05
  9360.00000  4.06278E-02  0.00000E+00  8.80911E-03  2.36618E-02  1.83761E-03  3.69104E-03  4.07028E-04  1.15516E-03  7.27052E-04  6.03660E-05  1.98398E-04  8.02316E-05
  9361.00000  4.06161E-02  0.00000E+00  8.80725E-03  2.36543E-02  1.83719E-03  3.68996E-03  4.06936E-04  1.15470E-03  7.26840E-04  6.03523E-05  1.98319E-04  8.02085E-05
  9362.00000  4.06043E-02  0.00000E+00  8.80539E-03  2.36468E-02  1.83678E-03  3.68887E-03  4.06843E-04  1.15423E-03  7.26627E-04  6.03386E-05  1.98241E-04  8.01854E-05
  9363.00000  4.05926E-02  0.00000E+00  8.80354E-03  2.36393E-02  1.83637E-03  3.68779E-03  4.06751E-04  1.15376E-03  7.26415E-04  6.03250E-05  1.98163E-04  8.01623E-05
  9364.00000  4.05808E-02  0.00000E+00  8.80168E-03  2.36318E-02  1.83596E-03  3.68671E-03  4.06659E-04  1.15329E-03  7.26203E-04  6.03113E-05  1.98084E-04  8.01392E-05
  9365.00000  4.05691E-02  0.00000E+00  8.79982E-03  2.36243E-02  1.83555E-03  3.68562E-03  4.06566E-04  1.15283E-03  7.25990E-04  6.02976E-05  1.98006E-04  8.01162E-05
  9366.00000  4.05573E-02  0.00000E+00  8.79796E-03  2.36168E-02  1.83513E-03  3.68454E-03  4.06474E-04  1.15236E-03  7.25778E-04  6.02840E-05  1.97928E-04  8.00931E-05
  9367.00000  4.05456E-02  0.00000E+00  8.79611E-03  2.36093E-02  1.83472E-03  3.68345E-03  4.06382E-04  1.15189E-03  7.25566E-04  6.02703E-05  1.97850E-04  8.00701E-05
  9368.00000  4.05339E-02  0.00000E+00  8.79425E-03  2.36018E-02  1.83431E-03  3.68237E-03  4.06290E-04  1.15143E-03  7.25354E-04  6.02567E-05  1.97771E-04  8.00470E-05
  9369.00000  4.05222E-02  0.00000E+00  8.79240E-03  2.35943E-02  1.83390E-03  3.68129E-03  4.06198E-04  1.15096E-03  7.25143E-04  6.02430E-05  1.97693E-04  8.00240E-05
  9370.00000  4.05105E-02  0.00000E+00  8.79055E-03  2.35868E-02  1.83349E-03  3.68021E-03  4.06105E-04  1.15050E-03  7.24931E-04  6.02294E-05  1.97615E-04  8.00010E-05
  9371.00000  4.04988E-02  0.00000E+00  8.78869E-03  2.35794E-02  1.83308E-03  3.67913E-03  4.06013E-04  1.15003E-03  7.24719E-04  6.02158E-05  1.97537E-04  7.99780E-05
  9372.00000  4.04870E-02  0.00000E+00  8.78684E-03  2.35719E-02  1.83267E-03  3.67805E-03  4.05921E-04  1.14957E-03  7.24508E-04  6.02022E-05  1.97459E-04  7.99550E-05
  9373.00000  4.04753E-02  0.00000E+00  8.78499E-03  2.35644E-02  1.83226E-03  3.67697E-03  4.05829E-04  1.14910E-03  7.24296E-04  6.01886E-05  1.97381E-04  7.99320E-05
  9374.00000  4.04636E-02  0.00000E+00  8.78314E-03  2.35569E-02  1.83185E-03  3.67589E-03  4.05737E-04  1.14864E-03  7.24085E-04  6.01750E-05  1.97303E-04  7.99090E-05
  9375.00000  4.04520E-02  0.00000E+00  8.78128E-03  2.35495E-02  1.83144E-03  3.67481E-03  4.05645E-04  1.14817E-03  7.23873E-04  6.01614E-05  1.97225E-04  7.98860E-05
  9376.00000  4.04403E-02  0.00000E+00  8.77943E-03  2.35420E-02  1.83103E-03  3.67373E-03  4.05553E-04  1.14771E-03  7.23662E-04  6.01478E-05  1.97148E-04  7.98630E-05
  9377.00000  4.04286E-02  0.00000E+00  8.77758E-03  2.35345E-02  1.83062E-03  3.67265E-03  4.05461E-04  1.14724E-03  7.23451E-04  6.01342E-05  1.97070E-04  7.98400E-05
  9378.00000  4.04169E-02  0.00000E+00  8.77573E-03  2.35271E-02  1.83021E-03  3.67157E-03  4.05370E-04  1.14678E-03  7.23240E-04  6.01206E-05  1.96992E-04  7.98171E-05
  9379.00000  4.04052E-02  0.00000E+00  8.77389E-03  2.35196E-02  1.82980E-03  3.67049E-03  4.05278E-04  1.14632E-03  7.23029E-04  6.01071E-05  1.96914E-04  7.97941E-05
  9380.00000  4.03936E-02  0.00000E+00  8.77204E-03  2.35122E-02  1.82939E-03  3.66941E-03  4.05186E-04  1.14585E-03  7.22818E-04  6.00935E-05  1.96837E-04  7.97712E-05
  9381.00000  4.03819E-02  0.00000E+00  8.77019E-03  2.35047E-02  1.82898E-03  3.66834E-03  4.05094E-04  1.14539E-03  7.22607E-04  6.00800E-05  1.96759E-04  7.97482E-05
  9382.00000  4.03702E-02  0.00000E+00  8.76834E-03  2.34973E-02  1.82857E-03  3.66726E-03  4.05002E-04  1.14493E-03  7.22396E-04  6.00664E-05  1.96681E-04  7.97253E-05
  9383.00000  4.03586E-02  0.00000E+00  8.76650E-03  2.34898E-02  1.82816E-03  3.66618E-03  4.04910E-04  1.14446E-03  7.22186E-04  6.00529E-05  1.96604E-04  7.97023E-05
  9384.00000  4.03469E-02  0.00000E+00  8.76465E-03  2.34824E-02  1.82775E-03  3.66511E-03  4.04819E-04  1.14400E-03  7.21975E-04  6.00393E-05  1.96526E-04  7.96794E-05
  9385.00000  4.03353E-02  0.00000E+00  8.76281E-03  2.34749E-02  1.82734E-03  3.66403E-03  4.04727E-04  1.14354E-03  7.21765E-04  6.00258E-05  1.96449E-04  7.96565E-05
  9386.00000  4.03236E-02  0.00000E+00  8.76096E-03  2.34675E-02  1.82693E-03  3.66295E-03  4.04635E-04  1.14308E-03  7.21555E-04  6.00123E-05  1.96371E-04  7.96336E-05
  9387.00000  4.03120E-02  0.00000E+00  8.75912E-03  2.34601E-02  1.82652E-03  3.66188E-03  4.04544E-04  1.14262E-03  7.21344E-04  5.99988E-05  1.96294E-04  7.96107E-05
  9388.00000  4.03004E-02  0.00000E+00  8.75727E-03  2.34526E-02  1.82611E-03  3.66080E-03  4.04452E-04  1.14215E-03  7.21134E-04  5.99853E-05  1.96216E-04  7.95878E-05
  9389.00000  4.02887E-02  0.00000E+00  8.75543E-03  2.34452E-02  1.82570E-03  3.65973E-03  4.04361E-04  1.14169E-03  7.20924E-04  5.99718E-05  1.96139E-04  7.95649E-05
  9390.00000  4.02771E-02  0.00000E+00  8.75359E-03  2.34378E-02  1.82530E-03  3.65866E-03  4.04269E-04  1.14123E-03  7.20714E-04  5.99583E-05  1.96062E-04  7.95420E-05
  9391.00000  4.02655E-02  0.00000E+00  8.75175E-03  2.34304E-02  1.82489E-03  3.65758E-03  4.04177E-04  1.14077E-03  7.20504E-04  5.99448E-05  1.95984E-04  7.95192E-05
  9392.00000  4.02539E-02  0.00000E+00  8.74991E-03  2.34229E-02  1.82448E-03  3.65651E-03  4.04086E-04  1.14031E-03  7.20294E-04  5.99313E-05  1.95907E-04  7.94963E-05
  9393.00000  4.02423E-02  0.00000E+00  8.74806E-03  2.34155E-02  1.82407E-03  3.65544E-03  4.03994E-04  1.13985E-03  7.20084E-04  5.99178E-05  1.95830E-04  7.94734E-05
  9394.00000  4.02307E-02  0.00000E+00  8.74622E-03  2.34081E-02  1.82366E-03  3.65436E-03  4.03903E-04  1.13939E-03  7.19875E-04  5.99043E-05  1.95753E-04  7.94506E-05
  9395.00000  4.02190E-02  0.00000E+00  8.74438E-03  2.34007E-02  1.82326E-03  3.65329E-03  4.03811E-04  1.13893E-03  7.19665E-04  5.98909E-05  1.95676E-04  7.94278E-05
  9396.00000  4.02075E-02  0.00000E+00  8.74255E-03  2.33933E-02  1.82285E-03  3.65222E-03  4.03720E-04  1.13847E-03  7.19456E-04  5.98774E-05  1.95599E-04  7.94049E-05
  9397.00000  4.01959E-02  0.00000E+00  8.74071E-03  2.33859E-02  1.82244E-03  3.65115E-03  4.03629E-04  1.13801E-03  7.19246E-04  5.98639E-05  1.95522E-04  7.93821E-05
  9398.00000  4.01843E-02  0.00000E+00  8.73887E-03  2.33785E-02  1.82203E-03  3.65008E-03  4.03537E-04  1.13755E-03  7.19037E-04  5.98505E-05  1.95445E-04  7.93593E-05
  9399.00000  4.01727E-02  0.00000E+00  8.73703E-03  2.33711E-02  1.82163E-03  3.64901E-03  4.03446E-04  1.13709E-03  7.18827E-04  5.98370E-05  1.95368E-04  7.93365E-05
  9400.00000  4.01611E-02  0.00000E+00  8.73519E-03  2.33637E-02  1.82122E-03  3.64794E-03  4.03355E-04  1.13663E-03  7.18618E-04  5.98236E-05  1.95291E-04  7.93136E-05
  9401.00000  4.01495E-02  0.00000E+00  8.73336E-03  2.33563E-02  1.82081E-03  3.64687E-03  4.03263E-04  1.13617E-03  7.18409E-04  5.98102E-05  1.95214E-04  7.92908E-05
  9402.00000  4.01380E-02  0.00000E+00  8.73152E-03  2.33489E-02  1.82041E-03  3.64580E-03  4.03172E-04  1.13571E-03  7.18200E-04  5.97967E-05  1.95137E-04  7.92681E-05
  9403.00000  4.01264E-02  0.00000E+00  8.72969E-03  2.33416E-02  1.82000E-03  3.64473E-03  4.03081E-04  1.13526E-03  7.17991E-04  5.97833E-05  1.95060E-04  7.92453E-05
  9404.00000  4.01148E-02  0.00000E+00  8.72785E-03  2.33342E-02  1.81959E-03  3.64366E-03  4.02990E-04  1.13480E-03  7.17782E-04  5.97699E-05  1.94983E-04  7.92225E-05
  9405.00000  4.01033E-02  0.00000E+00  8.72602E-03  2.33268E-02  1.81919E-03  3.64259E-03  4.02898E-04  1.13434E-03  7.17574E-04  5.97565E-05  1.94906E-04  7.91997E-05
  9406.00000  4.00917E-02  0.00000E+00  8.72418E-03  2.33194E-02  1.81878E-03  3.64152E-03  4.02807E-04  1.13388E-03  7.17365E-04  5.97431E-05  1.94830E-04  7.91770E-05
  9407.00000  4.00802E-02  0.00000E+00  8.72235E-03  2.33121E-02  1.81837E-03  3.64046E-03  4.02716E-04  1.13343E-03  7.17156E-04  5.97297E-05  1.94753E-04  7.91542E-05
  9408.00000  4.00686E-02  0.00000E+00  8.72051E-03  2.33047E-02  1.81797E-03  3.63939E-03  4.02625E-04  1.13297E-03  7.16948E-04  5.97163E-05  1.94676E-04  7.91315E-05
  9409.00000  4.00571E-02  0.00000E+00  8.71868E-03  2.32973E-02  1.81756E-03  3.63832E-03  4.02534E-04  1.13251E-03  7.16739E-04  5.97029E-05  1.94600E-04  7.91087E-05
  9410.00000  4.00456E-02  0.00000E+00  8.71685E-03  2.32900E-02  1.81716E-03  3.63726E-03  4.02443E-04  1.13205E-03  7.16531E-04  5.96895E-05  1.94523E-04  7.90860E-05
  9411.00000  4.00340E-02  0.00000E+00  8.71502E-03  2.32826E-02  1.81675E-03  3.63619E-03  4.02352E-04  1.13160E-03  7.16322E-04  5.96761E-05  1.94446E-04  7.90633E-05
  9412.00000  4.00225E-02  0.00000E+00  8.71319E-03  2.32753E-02  1.81635E-03  3.63513E-03  4.02261E-04  1.13114E-03  7.16114E-04  5.96627E-05  1.94370E-04  7.90406E-05
  9413.00000  4.00110E-02  0.00000E+00  8.71136E-03  2.32679E-02  1.81594E-03  3.63406E-03  4.02170E-04  1.13069E-03  7.15906E-04  5.96494E-05  1.94293E-04  7.90179E-05
  9414.00000  3.99995E-02  0.00000E+00  8.70952E-03  2.32606E-02  1.81554E-03  3.63300E-03  4.02079E-04  1.13023E-03  7.15698E-04  5.96360E-05  1.94217E-04  7.89952E-05
  9415.00000  3.99880E-02  0.00000E+00  8.70770E-03  2.32532E-02  1.81513E-03  3.63193E-03  4.01988E-04  1.12977E-03  7.15490E-04  5.96226E-05  1.94141E-04  7.89725E-05
  9416.00000  3.99765E-02  0.00000E+00  8.70587E-03  2.32459E-02  1.81473E-03  3.63087E-03  4.01897E-04  1.12932E-03  7.15282E-04  5.96093E-05  1.94064E-04  7.89498E-05
  9417.00000  3.99650E-02  0.00000E+00  8.70404E-03  2.32385E-02  1.81432E-03  3.62980E-03  4.01806E-04  1.12886E-03  7.15074E-04  5.95959E-05  1.93988E-04  7.89272E-05
  9418.00000  3.99535E-02  0.00000E+00  8.70221E-03  2.32312E-02  1.81392E-03  3.62874E-03  4.01715E-04  1.12841E-03  7.14866E-04  5.95826E-05  1.93912E-04  7.89045E-05
  9419.00000  3.99420E-02  0.00000E+00  8.70038E-03  2.32239E-02  1.81351E-03  3.62768E-03  4.01624E-04  1.12795E-03  7.14658E-04  5.95693E-05  1.93835E-04  7.88819E-05
  9420.00000  3.99305E-02  0.00000E+00  8.69855E-03  2.32165E-02  1.81311E-03  3.62662E-03  4.01534E-04  1.12750E-03  7.14451E-04  5.95559E-05  1.93759E-04  7.88592E-05
  9421.00000  3.99190E-02  0.00000E+00  8.69673E-03  2.32092E-02  1.81271E-03  3.62555E-03  4.01443E-04  1.12704E-03  7.14243E-04  5.95426E-05  1.93683E-04  7.88366E-05
  9422.00000  3.99075E-02  0.00000E+00  8.69490E-03  2.32019E-02  1.81230E-03  3.62449E-03  4.01352E-04  1.12659E-03  7.14035E-04  5.95293E-05  1.93607E-04  7.88140E-05
  9423.00000  3.98960E-02  0.00000E+00  8.69308E-03  2.31946E-02  1.81190E-03  3.62343E-03  4.01261E-04  1.12614E-03  7.13828E-04  5.95159E-05  1.93531E-04  7.87913E-05
  9424.00000  3.98846E-02  0.00000E+00  8.69125E-03  2.31872E-02  1.81149E-03  3.62237E-03  4.01171E-04  1.12568E-03  7.13620E-04  5.95026E-05  1.93454E-04  7.87687E-05
  9425.00000  3.98731E-02  0.00000E+00  8.68943E-03  2.31799E-02  1.81109E-03  3.62131E-03  4.01080E-04  1.12523E-03  7.13413E-04  5.94893E-05  1.93378E-04  7.87461E-05
  9426.00000  3.98616E-02  0.00000E+00  8.68760E-03  2.31726E-02  1.81069E-03  3.62025E-03  4.00990E-04  1.12478E-03  7.13206E-04  5.94760E-05  1.93302E-04  7.87236E-05
  9427.00000  3.98502E-02  0.00000E+00  8.68578E-03  2.31653E-02  1.81028E-03  3.61919E-03  4.00899E-04  1.12432E-03  7.12999E-04  5.94627E-05  1.93226E-04  7.87010E-05
  9428.00000  3.98387E-02  0.00000E+00  8.68396E-03  2.31580E-02  1.80988E-03  3.61813E-03  4.00808E-04  1.12387E-03  7.12792E-04  5.94494E-05  1.93150E-04  7.86784E-05
  9429.00000  3.98273E-02  0.00000E+00  8.68213E-03  2.31507E-02  1.80948E-03  3.61707E-03  4.00718E-04  1.12342E-03  7.12585E-04  5.94362E-05  1.93074E-04  7.86559E-05
  9430.00000  3.98158E-02  0.00000E+00  8.68031E-03  2.31434E-02  1.80907E-03  3.61602E-03  4.00627E-04  1.12296E-03  7.12378E-04  5.94229E-05  1.92999E-04  7.86333E-05
  9431.00000  3.98044E-02  0.00000E+00  8.67849E-03  2.31361E-02  1.80867E-03  3.61496E-03  4.00537E-04  1.12251E-03  7.12171E-04  5.94096E-05  1.92923E-04  7.86108E-05
  9432.00000  3.97929E-02  0.00000E+00  8.67667E-03  2.31288E-02  1.80827E-03  3.61390E-03  4.00447E-04  1.12206E-03  7.11964E-04  5.93963E-05  1.92847E-04  7.85882E-05
  9433.00000  3.97815E-02  0.00000E+00  8.67485E-03  2.31215E-02  1.80787E-03  3.61284E-03  4.00356E-04  1.12161E-03  7.11757E-04  5.93831E-05  1.92771E-04  7.85657E-05
  9434.00000  3.97701E-02  0.00000E+00  8.67303E-03  2.31142E-02  1.80746E-03  3.61179E-03  4.00266E-04  1.12116E-03  7.11550E-04  5.93698E-05  1.92695E-04  7.85432E-05
  9435.00000  3.97586E-02  0.00000E+00  8.67121E-03  2.31069E-02  1.80706E-03  3.61073E-03  4.00176E-04  1.12071E-03  7.11344E-04  5.93566E-05  1.92620E-04  7.85207E-05
  9436.00000  3.97472E-02  0.00000E+00  8.66939E-03  2.30996E-02  1.80666E-03  3.60968E-03  4.00085E-04  1.12026E-03  7.11137E-04  5.93433E-05  1.92544E-04  7.84982E-05
  9437.00000  3.97358E-02  0.00000E+00  8.66758E-03  2.30923E-02  1.80626E-03  3.60862E-03  3.99995E-04  1.11980E-03  7.10931E-04  5.93301E-05  1.92468E-04  7.84757E-05
  9438.00000  3.97244E-02  0.00000E+00  8.66576E-03  2.30851E-02  1.80586E-03  3.60757E-03  3.99905E-04  1.11935E-03  7.10724E-04  5.93168E-05  1.92393E-04  7.84532E-05
  9439.00000  3.97130E-02  0.00000E+00  8.66394E-03  2.30778E-02  1.80545E-03  3.60651E-03  3.99815E-04  1.11890E-03  7.10518E-04  5.93036E-05  1.92317E-04  7.84308E-05
  9440.00000  3.97016E-02  0.00000E+00  8.66213E-03  2.30705E-02  1.80505E-03  3.60546E-03  3.99724E-04  1.11845E-03  7.10312E-04  5.92904E-05  1.92242E-04  7.84083E-05
  9441.00000  3.96902E-02  0.00000E+00  8.66031E-03  2.30632E-02  1.80465E-03  3.60441E-03  3.99634E-04  1.11800E-03  7.10106E-04  5.92772E-05  1.92166E-04  7.83859E-05
  9442.00000  3.96788E-02  0.00000E+00  8.65850E-03  2.30560E-02  1.80425E-03  3.60335E-03  3.99544E-04  1.11755E-03  7.09900E-04  5.92640E-05  1.92091E-04  7.83634E-05
  9443.00000  3.96674E-02  0.00000E+00  8.65668E-03  2.30487E-02  1.80385E-03  3.60230E-03  3.99454E-04  1.11711E-03  7.09694E-04  5.92508E-05  1.92015E-04  7.83410E-05
  9444.00000  3.96560E-02  0.00000E+00  8.65487E-03  2.30415E-02  1.80345E-03  3.60125E-03  3.99364E-04  1.11666E-03  7.09488E-04  5.92376E-05  1.91940E-04  7.83186E-05
  9445.00000  3.96446E-02  0.00000E+00  8.65306E-03  2.30342E-02  1.80305E-03  3.60020E-03  3.99274E-04  1.11621E-03  7.09282E-04  5.92244E-05  1.91865E-04  7.82962E-05
  9446.00000  3.96333E-02  0.00000E+00  8.65124E-03  2.30269E-02  1.80264E-03  3.59915E-03  3.99184E-04  1.11576E-03  7.09076E-04  5.92112E-05  1.91789E-04  7.82738E-05
  9447.00000  3.96219E-02  0.00000E+00  8.64943E-03  2.30197E-02  1.80224E-03  3.59809E-03  3.99094E-04  1.11531E-03  7.08870E-04  5.91980E-05  1.91714E-04  7.82514E-05
  9448.00000  3.96105E-02  0.00000E+00  8.64762E-03  2.30124E-02  1.80184E-03  3.59704E-03  3.99004E-04  1.11486E-03  7.08665E-04  5.91848E-05  1.91639E-04  7.82290E-05
  9449.00000  3.95992E-02  0.00000E+00  8.64581E-03  2.30052E-02  1.80144E-03  3.59599E-03  3.98915E-04  1.11441E-03  7.08459E-04  5.91717E-05  1.91564E-04  7.82066E-05
  9450.00000  3.95878E-02  0.00000E+00  8.64400E-03  2.29979E-02  1.80104E-03  3.59495E-03  3.98825E-04  1.11397E-03  7.08253E-04  5.91585E-05  1.91489E-04  7.81842E-05
  9451.00000  3.95765E-02  0.00000E+00  8.64219E-03  2.29907E-02  1.80064E-03  3.59390E-03  3.98735E-04  1.11352E-03  7.08048E-04  5.91453E-05  1.91414E-04  7.81619E-05
  9452.00000  3.95651E-02  0.00000E+00  8.64038E-03  2.29835E-02  1.80024E-03  3.59285E-03  3.98645E-04  1.11307E-03  7.07843E-04  5.91322E-05  1.91338E-04  7.81395E-05
  9453.00000  3.95538E-02  0.00000E+00  8.63857E-03  2.29762E-02  1.79984E-03  3.59180E-03  3.98556E-04  1.11262E-03  7.07638E-04  5.91190E-05  1.91263E-04  7.81172E-05
  9454.00000  3.95424E-02  0.00000E+00  8.63676E-03  2.29690E-02  1.79944E-03  3.59075E-03  3.98466E-04  1.11218E-03  7.07432E-04  5.91059E-05  1.91188E-04  7.80949E-05
  9455.00000  3.95311E-02  0.00000E+00  8.63496E-03  2.29618E-02  1.79904E-03  3.58970E-03  3.98376E-04  1.11173E-03  7.07227E-04  5.90928E-05  1.91113E-04  7.80725E-05
  9456.00000  3.95197E-02  0.00000E+00  8.63315E-03  2.29545E-02  1.79864E-03  3.58866E-03  3.98287E-04  1.11129E-03  7.07022E-04  5.90796E-05  1.91039E-04  7.80502E-05
  9457.00000  3.95084E-02  0.00000E+00  8.63134E-03  2.29473E-02  1.79824E-03  3.58761E-03  3.98197E-04  1.11084E-03  7.06817E-04  5.90665E-05  1.90964E-04  7.80279E-05
  9458.00000  3.94971E-02  0.00000E+00  8.62954E-03  2.29401E-02  1.79784E-03  3.58656E-03  3.98107E-04  1.11039E-03  7.06613E-04  5.90534E-05  1.90889E-04  7.80056E-05
  9459.00000  3.94858E-02  0.00000E+00  8.62773E-03  2.29329E-02  1.79744E-03  3.58552E-03  3.98018E-04  1.10995E-03  7.06408E-04  5.90403E-05  1.90814E-04  7.79833E-05
  9460.00000  3.94745E-02  0.00000E+00  8.62593E-03  2.29257E-02  1.79704E-03  3.58447E-03  3.97928E-04  1.10950E-03  7.06203E-04  5.90272E-05  1.90739E-04  7.79610E-05
  9461.00000  3.94632E-02  0.00000E+00  8.62412E-03  2.29185E-02  1.79664E-03  3.58343E-03  3.97839E-04  1.10906E-03  7.05998E-04  5.90141E-05  1.90665E-04  7.79388E-05
  9462.00000  3.94519E-02  0.00000E+00  8.62232E-03  2.29112E-02  1.79624E-03  3.58238E-03  3.97749E-04  1.10861E-03  7.05794E-04  5.90010E-05  1.90590E-04  7.79165E-05
  9463.00000  3.94406E-02  0.00000E+00  8.62051E-03  2.29040E-02  1.79584E-03  3.58134E-03  3.97660E-04  1.10817E-03  7.05590E-04  5.89879E-05  1.90515E-04  7.78943E-05
  9464.00000  3.94293E-02  0.00000E+00  8.61871E-03  2.28968E-02  1.79544E-03  3.58030E-03  3.97571E-04  1.10772E-03  7.05385E-04  5.89748E-05  1.90441E-04  7.78720E-05
  9465.00000  3.94180E-02  0.00000E+00  8.61691E-03  2.28896E-02  1.79504E-03  3.57925E-03  3.97481E-04  1.10728E-03  7.05181E-04  5.89618E-05  1.90366E-04  7.78498E-05
  9466.00000  3.94067E-02  0.00000E+00  8.61511E-03  2.28824E-02  1.79465E-03  3.57821E-03  3.97392E-04  1.10683E-03  7.04977E-04  5.89487E-05  1.90292E-04  7.78275E-05
  9467.00000  3.93954E-02  0.00000E+00  8.61330E-03  2.28753E-02  1.79425E-03  3.57717E-03  3.97303E-04  1.10639E-03  7.04773E-04  5.89356E-05  1.90217E-04  7.78053E-05
  9468.00000  3.93841E-02  0.00000E+00  8.61150E-03  2.28681E-02  1.79385E-03  3.57612E-03  3.97213E-04  1.10595E-03  7.04569E-04  5.89226E-05  1.90143E-04  7.77831E-05
  9469.00000  3.93728E-02  0.00000E+00  8.60970E-03  2.28609E-02  1.79345E-03  3.57508E-03  3.97124E-04  1.10550E-03  7.04365E-04  5.89095E-05  1.90068E-04  7.77609E-05
  9470.00000  3.93616E-02  0.00000E+00  8.60790E-03  2.28537E-02  1.79305E-03  3.57404E-03  3.97035E-04  1.10506E-03  7.04161E-04  5.88965E-05  1.89994E-04  7.77387E-05
  9471.00000  3.93503E-02  0.00000E+00  8.60610E-03  2.28465E-02  1.79265E-03  3.57300E-03  3.96946E-04  1.10462E-03  7.03957E-04  5.88834E-05  1.89920E-04  7.77165E-05
  9472.00000  3.93390E-02  0.00000E+00  8.60430E-03  2.28393E-02  1.79226E-03  3.57196E-03  3.96857E-04  1.10417E-03  7.03754E-04  5.88704E-05  1.89845E-04  7.76943E-05
  9473.00000  3.93278E-02  0.00000E+00  8.60250E-03  2.28322E-02  1.79186E-03  3.57092E-03  3.96767E-04  1.10373E-03  7.03550E-04  5.88573E-05  1.89771E-04  7.76721E-05
  9474.00000  3.93165E-02  0.00000E+00  8.60070E-03  2.28250E-02  1.79146E-03  3.56988E-03  3.96678E-04  1.10329E-03  7.03346E-04  5.88443E-05  1.89697E-04  7.76500E-05
  9475.00000  3.93053E-02  0.00000E+00  8.59891E-03  2.28178E-02  1.79106E-03  3.56884E-03  3.96589E-04  1.10285E-03  7.03143E-04  5.88313E-05  1.89623E-04  7.76278E-05
  9476.00000  3.92940E-02  0.00000E+00  8.59711E-03  2.28107E-02  1.79066E-03  3.56780E-03  3.96500E-04  1.10241E-03  7.02940E-04  5.88183E-05  1.89548E-04  7.76057E-05
  9477.00000  3.92828E-02  0.00000E+00  8.59531E-03  2.28035E-02  1.79027E-03  3.56676E-03  3.96411E-04  1.10196E-03  7.02736E-04  5.88053E-05  1.89474E-04  7.75835E-05
  9478.00000  3.92716E-02  0.00000E+00  8.59352E-03  2.27963E-02  1.78987E-03  3.56572E-03  3.96322E-04  1.10152E-03  7.02533E-04  5.87923E-05  1.89400E-04  7.75614E-05
  9479.00000  3.92603E-02  0.00000E+00  8.59172E-03  2.27892E-02  1.78947E-03  3.56468E-03  3.96233E-04  1.10108E-03  7.02330E-04  5.87793E-05  1.89326E-04  7.75393E-05
  9480.00000  3.92491E-02  0.00000E+00  8.58992E-03  2.27820E-02  1.78908E-03  3.56365E-03  3.96144E-04  1.10064E-03  7.02127E-04  5.87663E-05  1.89252E-04  7.75171E-05
  9481.00000  3.92379E-02  0.00000E+00  8.58813E-03  2.27749E-02  1.78868E-03  3.56261E-03  3.96055E-04  1.10020E-03  7.01924E-04  5.87533E-05  1.89178E-04  7.74950E-05
  9482.00000  3.92267E-02  0.00000E+00  8.58634E-03  2.27677E-02  1.78828E-03  3.56157E-03  3.95966E-04  1.09976E-03  7.01721E-04  5.87403E-05  1.89104E-04  7.74729E-05
  9483.00000  3.92155E-02  0.00000E+00  8.58454E-03  2.27606E-02  1.78789E-03  3.56053E-03  3.95878E-04  1.09932E-03  7.01519E-04  5.87273E-05  1.89030E-04  7.74508E-05
  9484.00000  3.92042E-02  0.00000E+00  8.58275E-03  2.27534E-02  1.78749E-03  3.55950E-03  3.95789E-04  1.09888E-03  7.01316E-04  5.87143E-05  1.88956E-04  7.74287E-05
  9485.00000  3.91930E-02  0.00000E+00  8.58095E-03  2.27463E-02  1.78709E-03  3.55846E-03  3.95700E-04  1.09844E-03  7.01113E-04  5.87013E-05  1.88883E-04  7.74067E-05
  9486.00000  3.91818E-02  0.00000E+00  8.57916E-03  2.27392E-02  1.78670E-03  3.55742E-03  3.95611E-04  1.09800E-03  7.00911E-04  5.86884E-05  1.88809E-04  7.73846E-05
  9487.00000  3.91706E-02  0.00000E+00  8.57737E-03  2.27320E-02  1.78630E-03  3.55639E-03  3.95522E-04  1.09756E-03  7.00708E-04  5.86754E-05  1.88735E-04  7.73625E-05
  9488.00000  3.91595E-02  0.00000E+00  8.57558E-03  2.27249E-02  1.78591E-03  3.55535E-03  3.95433E-04  1.09712E-03  7.00506E-04  5.86624E-05  1.88661E-04  7.73405E-05
  9489.00000  3.91483E-02  0.00000E+00  8.57379E-03  2.27178E-02  1.78551E-03  3.55432E-03  3.95345E-04  1.09668E-03  7.00304E-04  5.86495E-05  1.88588E-04  7.73184E-05
  9490.00000  3.91371E-02  0.00000E+00  8.57200E-03  2.27106E-02  1.78511E-03  3.55329E-03  3.95256E-04  1.09624E-03  7.00102E-04  5.86365E-05  1.88514E-04  7.72964E-05
  9491.00000  3.91259E-02  0.00000E+00  8.57021E-03  2.27035E-02  1.78472E-03  3.55225E-03  3.95167E-04  1.09580E-03  6.99900E-04  5.86236E-05  1.88440E-04  7.72743E-05
  9492.00000  3.91147E-02  0.00000E+00  8.56842E-03  2.26964E-02  1.78432E-03  3.55122E-03  3.95079E-04  1.09536E-03  6.99697E-04  5.86106E-05  1.88367E-04  7.72523E-05
  9493.00000  3.91036E-02  0.00000E+00  8.56663E-03  2.26893E-02  1.78393E-03  3.55018E-03  3.94990E-04  1.09492E-03  6.99496E-04  5.85977E-05  1.88293E-04  7.72303E-05
  9494.00000  3.90924E-02  0.00000E+00  8.56484E-03  2.26822E-02  1.78353E-03  3.54915E-03  3.94901E-04  1.09449E-03  6.99294E-04  5.85847E-05  1.88220E-04  7.72083E-05
  9495.00000  3.90812E-02  0.00000E+00  8.56306E-03  2.26751E-02  1.78314E-03  3.54812E-03  3.94813E-04  1.09405E-03  6.99092E-04  5.85718E-05  1.88146E-04  7.71863E-05
  9496.00000  3.90701E-02  0.00000E+00  8.56127E-03  2.26679E-02  1.78274E-03  3.54709E-03  3.94724E-04  1.09361E-03  6.98890E-04  5.85589E-05  1.88073E-04  7.71643E-05
  9497.00000  3.90589E-02  0.00000E+00  8.55948E-03  2.26608E-02  1.78235E-03  3.54606E-03  3.94636E-04  1.09317E-03  6.98688E-04  5.85459E-05  1.87999E-04  7.71423E-05
  9498.00000  3.90478E-02  0.00000E+00  8.55770E-03  2.26537E-02  1.78195E-03  3.54502E-03  3.94547E-04  1.09274E-03  6.98487E-04  5.85330E-05  1.87926E-04  7.71203E-05
  9499.00000  3.90366E-02  0.00000E+00  8.55591E-03  2.26466E-02  1.78156E-03  3.54399E-03  3.94459E-04  1.09230E-03  6.98285E-04  5.85201E-05  1.87852E-04  7.70983E-05
  9500.00000  3.90255E-02  0.00000E+00  8.55413E-03  2.26395E-02  1.78117E-03  3.54296E-03  3.94370E-04  1.09186E-03  6.98084E-04  5.85072E-05  1.87779E-04  7.70764E-05


#
# Current date/time  : 13-Oct-2025  9:52:39
# elapsed real time  :  2 minutes  4.17 seconds on max-wne006.desy.de
# Job time(CPU_time) : 16 minutes 36.46 seconds on max-wne006.desy.de
