# ---------------------------------------------------------------------
# XATOM HFS : electronic structure of atoms and more, v2.0.0-15-g9da229
#
# Job started at  : 17-Oct-2024 13:25:47
# ---------------------------------------------------------------------
# Atom: Kr
#   nuclear charge:   36
#   total electrons:  36
#   total charge:     +0
#   configuration: 1s2_2s2_2p6_3s2_3p6_4s2_3d10_4p6
#
# Computational method:
#   exchange functional: Slater (Latter tail correction)
#   correlation functional: none
#
# Grid for the spherical coordinate:
#   N =  200
#   L parameter =      1.0
#   Rmax(a.u.)  =     50.0
#   lmax  =    2
#
# SCF converged after   26 iterations
#   energy convergence  = -7.913E-08
#   density convergence =  8.600E-09
#
# Energies: 
# - zeroth-order energy (a.u.):
#   SUM of E_orb   =   -1641.66639950  [    -44672.01 eV ]
#   (SUM of E_kin) =    2791.09187334
#   (Effec. pot E) =   -4432.75827284
#
# - first-order energy (a.u.): with DFT formula
#   Kinetic E      =    2791.09187334
#   E Latter corr  =      -0.03904524
#   Nuc-Elec pot E =   -6642.36122925    One-Elec E =   -3851.30840116
#
#   Hartree E      =    1194.64097651
#   Exchange E     =    -134.72996352
#   Correlation E  =       0.00000000    Two-Elec E =    1059.91101299
#   ---------------------------------
#   Total Energy   =   -2791.39738817  [    -75957.78 eV ]
#
#                E(0)        E(1)
# |E_TOT|   -44672.01   -75957.78
#
# Orbital energies: 
#        n_occ        E(a.u.)          E(eV)         KE(eV)
#   1s       2  -515.31098822  -14022.324871   17206.422287
#   2s       2   -67.76197903   -1843.897191    3419.096248
#   2p       6   -61.62300442   -1676.847200    3425.011484
#   3s       2    -9.86475373    -268.433596     843.197974
#   3p       6    -7.62505121    -207.488192     794.861886
#   4s       2    -0.97347329     -26.489555     139.764167
#   3d      10    -3.54963469     -96.590471     681.847369
#   4p       6    -0.47655504     -12.967722      99.132635
#
#              1s        2s        2p        3s        3p        4s        3d        4p
# |SCF| -14022.32  -1843.90  -1676.85   -268.43   -207.49    -26.49    -96.59    -12.97
#
# Radial wavefunction information (a.u.): (r_m: r_max where |u(r)| >  1.0E-08)
#              <r>       <r^2>         r_m   norm. err
#   1s       0.042       0.002       0.705     6.7E-05
#   2s       0.187       0.041       1.980     6.6E-06
#   2p       0.161       0.032       2.025    -6.7E-08
#   3s       0.536       0.329       5.090     1.0E-06
#   3p       0.537       0.337       5.650    -7.1E-08
#   4s       1.552       2.760      15.950     2.7E-08
#   3d       0.538       0.355       7.770    -3.1E-08
#   4p       1.867       4.109      22.630    -8.9E-08
#
# Uniform grid parameters for continuum states:
#   N_uniform             =    4617
#   continuum_rmax(a.u.)  =      23.087 (internally determined)
#   dr(a.u.)              =   5.00E-03
#   threshold to determine r_m =   1.00E-08
#   continuum_rmax is just right next to r_m in radial grid.
#
# Photoabsorption cross section (in Mb):
P.E.(eV)        Total         1s           2s           2p           3s           3p           4s           3d           4p  
 14000.00000  2.59407E-03  0.00000E+00  1.24202E-03  9.63345E-04  1.99530E-04  1.43553E-04  2.45712E-05  8.36053E-06  1.26955E-05
 14001.00000  2.59355E-03  0.00000E+00  1.24180E-03  9.63111E-04  1.99495E-04  1.43519E-04  2.45670E-05  8.35792E-06  1.26925E-05
 14002.00000  2.59302E-03  0.00000E+00  1.24159E-03  9.62877E-04  1.99460E-04  1.43485E-04  2.45628E-05  8.35532E-06  1.26896E-05
 14003.00000  2.59249E-03  0.00000E+00  1.24137E-03  9.62643E-04  1.99426E-04  1.43451E-04  2.45586E-05  8.35272E-06  1.26866E-05
 14004.00000  2.59196E-03  0.00000E+00  1.24116E-03  9.62409E-04  1.99391E-04  1.43417E-04  2.45544E-05  8.35011E-06  1.26836E-05
 14005.00000  2.59144E-03  0.00000E+00  1.24094E-03  9.62176E-04  1.99356E-04  1.43383E-04  2.45502E-05  8.34751E-06  1.26806E-05
 14006.00000  2.59091E-03  0.00000E+00  1.24073E-03  9.61942E-04  1.99322E-04  1.43349E-04  2.45460E-05  8.34491E-06  1.26776E-05
 14007.00000  2.59038E-03  0.00000E+00  1.24051E-03  9.61709E-04  1.99287E-04  1.43316E-04  2.45418E-05  8.34231E-06  1.26747E-05
 14008.00000  2.58986E-03  0.00000E+00  1.24030E-03  9.61475E-04  1.99252E-04  1.43282E-04  2.45376E-05  8.33972E-06  1.26717E-05
 14009.00000  2.58933E-03  0.00000E+00  1.24008E-03  9.61242E-04  1.99218E-04  1.43248E-04  2.45334E-05  8.33712E-06  1.26687E-05
 14010.00000  2.58880E-03  0.00000E+00  1.23987E-03  9.61008E-04  1.99183E-04  1.43214E-04  2.45292E-05  8.33452E-06  1.26657E-05
 14011.00000  2.58828E-03  0.00000E+00  1.23965E-03  9.60775E-04  1.99149E-04  1.43180E-04  2.45250E-05  8.33193E-06  1.26627E-05
 14012.00000  2.58775E-03  0.00000E+00  1.23944E-03  9.60542E-04  1.99114E-04  1.43147E-04  2.45208E-05  8.32933E-06  1.26598E-05
 14013.00000  2.58723E-03  0.00000E+00  1.23922E-03  9.60309E-04  1.99079E-04  1.43113E-04  2.45166E-05  8.32674E-06  1.26568E-05
 14014.00000  2.58670E-03  0.00000E+00  1.23901E-03  9.60076E-04  1.99045E-04  1.43079E-04  2.45124E-05  8.32415E-06  1.26538E-05
 14015.00000  2.58617E-03  0.00000E+00  1.23879E-03  9.59843E-04  1.99010E-04  1.43045E-04  2.45082E-05  8.32155E-06  1.26508E-05
 14016.00000  2.58565E-03  0.00000E+00  1.23858E-03  9.59610E-04  1.98976E-04  1.43011E-04  2.45040E-05  8.31896E-06  1.26479E-05
 14017.00000  2.58512E-03  0.00000E+00  1.23837E-03  9.59377E-04  1.98941E-04  1.42978E-04  2.44998E-05  8.31637E-06  1.26449E-05
 14018.00000  2.58460E-03  0.00000E+00  1.23815E-03  9.59144E-04  1.98907E-04  1.42944E-04  2.44957E-05  8.31378E-06  1.26419E-05
 14019.00000  2.58407E-03  0.00000E+00  1.23794E-03  9.58912E-04  1.98872E-04  1.42910E-04  2.44915E-05  8.31119E-06  1.26389E-05
 14020.00000  2.58355E-03  0.00000E+00  1.23772E-03  9.58679E-04  1.98838E-04  1.42877E-04  2.44873E-05  8.30861E-06  1.26360E-05
 14021.00000  2.58302E-03  0.00000E+00  1.23751E-03  9.58447E-04  1.98803E-04  1.42843E-04  2.44831E-05  8.30602E-06  1.26330E-05
 14022.00000  2.58250E-03  0.00000E+00  1.23729E-03  9.58214E-04  1.98769E-04  1.42809E-04  2.44789E-05  8.30343E-06  1.26300E-05
 14023.00000  1.59496E-02  1.33676E-02  1.23708E-03  9.57982E-04  1.98734E-04  1.42775E-04  2.44747E-05  8.30085E-06  1.26270E-05
 14024.00000  1.62326E-02  1.36511E-02  1.23686E-03  9.57749E-04  1.98700E-04  1.42742E-04  2.44705E-05  8.29826E-06  1.26241E-05
 14025.00000  1.64774E-02  1.38965E-02  1.23665E-03  9.57517E-04  1.98665E-04  1.42708E-04  2.44663E-05  8.29568E-06  1.26211E-05
 14026.00000  1.66934E-02  1.41130E-02  1.23643E-03  9.57285E-04  1.98631E-04  1.42675E-04  2.44621E-05  8.29310E-06  1.26181E-05
 14027.00000  1.68865E-02  1.43066E-02  1.23622E-03  9.57052E-04  1.98596E-04  1.42641E-04  2.44580E-05  8.29052E-06  1.26152E-05
 14028.00000  1.70618E-02  1.44824E-02  1.23601E-03  9.56820E-04  1.98562E-04  1.42607E-04  2.44538E-05  8.28793E-06  1.26122E-05
 14029.00000  1.72225E-02  1.46437E-02  1.23579E-03  9.56588E-04  1.98527E-04  1.42574E-04  2.44496E-05  8.28535E-06  1.26092E-05
 14030.00000  1.73712E-02  1.47929E-02  1.23558E-03  9.56356E-04  1.98493E-04  1.42540E-04  2.44454E-05  8.28277E-06  1.26063E-05
 14031.00000  1.75097E-02  1.49320E-02  1.23536E-03  9.56124E-04  1.98458E-04  1.42506E-04  2.44412E-05  8.28020E-06  1.26033E-05
 14032.00000  1.76394E-02  1.50621E-02  1.23515E-03  9.55892E-04  1.98424E-04  1.42473E-04  2.44370E-05  8.27762E-06  1.26003E-05
 14033.00000  1.77611E-02  1.51844E-02  1.23493E-03  9.55660E-04  1.98390E-04  1.42439E-04  2.44328E-05  8.27504E-06  1.25974E-05
 14034.00000  1.78757E-02  1.52995E-02  1.23472E-03  9.55429E-04  1.98355E-04  1.42406E-04  2.44287E-05  8.27247E-06  1.25944E-05
 14035.00000  1.79836E-02  1.54079E-02  1.23451E-03  9.55197E-04  1.98321E-04  1.42372E-04  2.44245E-05  8.26989E-06  1.25915E-05
 14036.00000  1.80853E-02  1.55102E-02  1.23429E-03  9.54965E-04  1.98286E-04  1.42339E-04  2.44203E-05  8.26732E-06  1.25885E-05
 14037.00000  1.81811E-02  1.56065E-02  1.23408E-03  9.54734E-04  1.98252E-04  1.42305E-04  2.44161E-05  8.26475E-06  1.25855E-05
 14038.00000  1.82713E-02  1.56972E-02  1.23387E-03  9.54502E-04  1.98217E-04  1.42272E-04  2.44119E-05  8.26217E-06  1.25826E-05
 14039.00000  1.83559E-02  1.57824E-02  1.23365E-03  9.54271E-04  1.98183E-04  1.42238E-04  2.44078E-05  8.25960E-06  1.25796E-05
 14040.00000  1.84353E-02  1.58623E-02  1.23344E-03  9.54039E-04  1.98149E-04  1.42205E-04  2.44036E-05  8.25703E-06  1.25767E-05
 14041.00000  1.85096E-02  1.59370E-02  1.23322E-03  9.53808E-04  1.98114E-04  1.42171E-04  2.43994E-05  8.25446E-06  1.25737E-05
 14042.00000  1.85788E-02  1.60068E-02  1.23301E-03  9.53577E-04  1.98080E-04  1.42138E-04  2.43952E-05  8.25189E-06  1.25708E-05
 14043.00000  1.86432E-02  1.60717E-02  1.23280E-03  9.53345E-04  1.98046E-04  1.42104E-04  2.43910E-05  8.24933E-06  1.25678E-05
 14044.00000  1.87028E-02  1.61318E-02  1.23258E-03  9.53114E-04  1.98011E-04  1.42071E-04  2.43869E-05  8.24676E-06  1.25648E-05
 14045.00000  1.87578E-02  1.61873E-02  1.23237E-03  9.52883E-04  1.97977E-04  1.42037E-04  2.43827E-05  8.24419E-06  1.25619E-05
 14046.00000  1.88083E-02  1.62383E-02  1.23216E-03  9.52652E-04  1.97942E-04  1.42004E-04  2.43785E-05  8.24163E-06  1.25589E-05
 14047.00000  1.88544E-02  1.62850E-02  1.23194E-03  9.52421E-04  1.97908E-04  1.41970E-04  2.43743E-05  8.23907E-06  1.25560E-05
 14048.00000  1.88964E-02  1.63275E-02  1.23173E-03  9.52190E-04  1.97874E-04  1.41937E-04  2.43702E-05  8.23650E-06  1.25530E-05
 14049.00000  1.89343E-02  1.63659E-02  1.23152E-03  9.51959E-04  1.97839E-04  1.41903E-04  2.43660E-05  8.23394E-06  1.25501E-05
 14050.00000  1.89683E-02  1.64005E-02  1.23130E-03  9.51728E-04  1.97805E-04  1.41870E-04  2.43618E-05  8.23138E-06  1.25471E-05
 14051.00000  1.89986E-02  1.64313E-02  1.23109E-03  9.51498E-04  1.97771E-04  1.41837E-04  2.43576E-05  8.22882E-06  1.25442E-05
 14052.00000  1.90253E-02  1.64585E-02  1.23088E-03  9.51267E-04  1.97736E-04  1.41803E-04  2.43535E-05  8.22626E-06  1.25413E-05
 14053.00000  1.90486E-02  1.64823E-02  1.23066E-03  9.51036E-04  1.97702E-04  1.41770E-04  2.43493E-05  8.22370E-06  1.25383E-05
 14054.00000  1.90686E-02  1.65028E-02  1.23045E-03  9.50806E-04  1.97668E-04  1.41736E-04  2.43451E-05  8.22115E-06  1.25354E-05
 14055.00000  1.90856E-02  1.65203E-02  1.23024E-03  9.50575E-04  1.97633E-04  1.41703E-04  2.43409E-05  8.21859E-06  1.25324E-05
 14056.00000  1.90996E-02  1.65349E-02  1.23002E-03  9.50345E-04  1.97599E-04  1.41670E-04  2.43368E-05  8.21603E-06  1.25295E-05
 14057.00000  1.91109E-02  1.65467E-02  1.22981E-03  9.50115E-04  1.97565E-04  1.41636E-04  2.43326E-05  8.21348E-06  1.25265E-05
 14058.00000  1.91197E-02  1.65560E-02  1.22960E-03  9.49884E-04  1.97530E-04  1.41603E-04  2.43284E-05  8.21093E-06  1.25236E-05
 14059.00000  1.91261E-02  1.65629E-02  1.22939E-03  9.49654E-04  1.97496E-04  1.41570E-04  2.43242E-05  8.20838E-06  1.25207E-05
 14060.00000  1.91302E-02  1.65676E-02  1.22917E-03  9.49424E-04  1.97462E-04  1.41536E-04  2.43201E-05  8.20582E-06  1.25177E-05
 14061.00000  1.91323E-02  1.65702E-02  1.22896E-03  9.49194E-04  1.97428E-04  1.41503E-04  2.43159E-05  8.20327E-06  1.25148E-05
 14062.00000  1.91325E-02  1.65709E-02  1.22875E-03  9.48964E-04  1.97393E-04  1.41470E-04  2.43117E-05  8.20073E-06  1.25118E-05
 14063.00000  1.91309E-02  1.65698E-02  1.22854E-03  9.48734E-04  1.97359E-04  1.41436E-04  2.43076E-05  8.19818E-06  1.25089E-05
 14064.00000  1.91277E-02  1.65671E-02  1.22832E-03  9.48504E-04  1.97325E-04  1.41403E-04  2.43034E-05  8.19563E-06  1.25060E-05
 14065.00000  1.91231E-02  1.65630E-02  1.22811E-03  9.48274E-04  1.97290E-04  1.41370E-04  2.42992E-05  8.19309E-06  1.25030E-05
 14066.00000  1.91171E-02  1.65576E-02  1.22790E-03  9.48045E-04  1.97256E-04  1.41336E-04  2.42951E-05  8.19054E-06  1.25001E-05
 14067.00000  1.91100E-02  1.65510E-02  1.22769E-03  9.47815E-04  1.97222E-04  1.41303E-04  2.42909E-05  8.18800E-06  1.24972E-05
 14068.00000  1.91018E-02  1.65434E-02  1.22747E-03  9.47586E-04  1.97188E-04  1.41270E-04  2.42867E-05  8.18545E-06  1.24942E-05
 14069.00000  1.90927E-02  1.65348E-02  1.22726E-03  9.47356E-04  1.97154E-04  1.41237E-04  2.42826E-05  8.18291E-06  1.24913E-05
 14070.00000  1.90828E-02  1.65254E-02  1.22705E-03  9.47127E-04  1.97119E-04  1.41203E-04  2.42784E-05  8.18037E-06  1.24884E-05
 14071.00000  1.90723E-02  1.65153E-02  1.22684E-03  9.46897E-04  1.97085E-04  1.41170E-04  2.42743E-05  8.17783E-06  1.24855E-05
 14072.00000  1.90611E-02  1.65047E-02  1.22663E-03  9.46668E-04  1.97051E-04  1.41137E-04  2.42701E-05  8.17529E-06  1.24825E-05
 14073.00000  1.90494E-02  1.64935E-02  1.22641E-03  9.46439E-04  1.97017E-04  1.41104E-04  2.42659E-05  8.17276E-06  1.24796E-05
 14074.00000  1.90373E-02  1.64819E-02  1.22620E-03  9.46210E-04  1.96983E-04  1.41070E-04  2.42618E-05  8.17022E-06  1.24767E-05
 14075.00000  1.90249E-02  1.64701E-02  1.22599E-03  9.45981E-04  1.96948E-04  1.41037E-04  2.42576E-05  8.16769E-06  1.24738E-05
 14076.00000  1.90123E-02  1.64580E-02  1.22578E-03  9.45752E-04  1.96914E-04  1.41004E-04  2.42535E-05  8.16515E-06  1.24708E-05
 14077.00000  1.89995E-02  1.64457E-02  1.22557E-03  9.45523E-04  1.96880E-04  1.40971E-04  2.42493E-05  8.16262E-06  1.24679E-05
 14078.00000  1.89867E-02  1.64334E-02  1.22536E-03  9.45294E-04  1.96846E-04  1.40938E-04  2.42451E-05  8.16009E-06  1.24650E-05
 14079.00000  1.89738E-02  1.64210E-02  1.22515E-03  9.45065E-04  1.96812E-04  1.40904E-04  2.42410E-05  8.15755E-06  1.24621E-05
 14080.00000  1.89610E-02  1.64087E-02  1.22493E-03  9.44837E-04  1.96778E-04  1.40871E-04  2.42368E-05  8.15502E-06  1.24591E-05
 14081.00000  1.89482E-02  1.63965E-02  1.22472E-03  9.44608E-04  1.96743E-04  1.40838E-04  2.42327E-05  8.15250E-06  1.24562E-05
 14082.00000  1.89357E-02  1.63844E-02  1.22451E-03  9.44380E-04  1.96709E-04  1.40805E-04  2.42285E-05  8.14997E-06  1.24533E-05
 14083.00000  1.89233E-02  1.63725E-02  1.22430E-03  9.44151E-04  1.96675E-04  1.40772E-04  2.42244E-05  8.14744E-06  1.24504E-05
 14084.00000  1.89111E-02  1.63609E-02  1.22409E-03  9.43923E-04  1.96641E-04  1.40739E-04  2.42202E-05  8.14492E-06  1.24475E-05
 14085.00000  1.88992E-02  1.63495E-02  1.22388E-03  9.43695E-04  1.96607E-04  1.40706E-04  2.42161E-05  8.14239E-06  1.24446E-05
 14086.00000  1.88876E-02  1.63384E-02  1.22367E-03  9.43467E-04  1.96573E-04  1.40672E-04  2.42119E-05  8.13987E-06  1.24416E-05
 14087.00000  1.88763E-02  1.63276E-02  1.22346E-03  9.43239E-04  1.96539E-04  1.40639E-04  2.42078E-05  8.13735E-06  1.24387E-05
 14088.00000  1.88654E-02  1.63172E-02  1.22325E-03  9.43011E-04  1.96505E-04  1.40606E-04  2.42036E-05  8.13482E-06  1.24358E-05
 14089.00000  1.88548E-02  1.63072E-02  1.22303E-03  9.42783E-04  1.96471E-04  1.40573E-04  2.41995E-05  8.13230E-06  1.24329E-05
 14090.00000  1.88447E-02  1.62975E-02  1.22282E-03  9.42555E-04  1.96437E-04  1.40540E-04  2.41954E-05  8.12979E-06  1.24300E-05
 14091.00000  1.88349E-02  1.62883E-02  1.22261E-03  9.42327E-04  1.96403E-04  1.40507E-04  2.41912E-05  8.12727E-06  1.24271E-05
 14092.00000  1.88256E-02  1.62795E-02  1.22240E-03  9.42100E-04  1.96369E-04  1.40474E-04  2.41871E-05  8.12475E-06  1.24242E-05
 14093.00000  1.88166E-02  1.62711E-02  1.22219E-03  9.41872E-04  1.96335E-04  1.40441E-04  2.41829E-05  8.12223E-06  1.24213E-05
 14094.00000  1.88082E-02  1.62631E-02  1.22198E-03  9.41645E-04  1.96301E-04  1.40408E-04  2.41788E-05  8.11972E-06  1.24184E-05
 14095.00000  1.88001E-02  1.62556E-02  1.22177E-03  9.41417E-04  1.96267E-04  1.40375E-04  2.41747E-05  8.11720E-06  1.24154E-05
 14096.00000  1.87925E-02  1.62485E-02  1.22156E-03  9.41190E-04  1.96233E-04  1.40342E-04  2.41705E-05  8.11469E-06  1.24125E-05
 14097.00000  1.87853E-02  1.62418E-02  1.22135E-03  9.40963E-04  1.96199E-04  1.40309E-04  2.41664E-05  8.11218E-06  1.24096E-05
 14098.00000  1.87786E-02  1.62356E-02  1.22114E-03  9.40735E-04  1.96165E-04  1.40276E-04  2.41623E-05  8.10967E-06  1.24067E-05
 14099.00000  1.87723E-02  1.62298E-02  1.22093E-03  9.40508E-04  1.96131E-04  1.40243E-04  2.41581E-05  8.10716E-06  1.24038E-05
 14100.00000  1.87665E-02  1.62245E-02  1.22072E-03  9.40281E-04  1.96097E-04  1.40210E-04  2.41540E-05  8.10465E-06  1.24009E-05
 14101.00000  1.87610E-02  1.62196E-02  1.22051E-03  9.40054E-04  1.96063E-04  1.40177E-04  2.41499E-05  8.10214E-06  1.23980E-05
 14102.00000  1.87560E-02  1.62150E-02  1.22030E-03  9.39827E-04  1.96029E-04  1.40144E-04  2.41457E-05  8.09964E-06  1.23951E-05
 14103.00000  1.87514E-02  1.62109E-02  1.22009E-03  9.39601E-04  1.95995E-04  1.40111E-04  2.41416E-05  8.09713E-06  1.23922E-05
 14104.00000  1.87471E-02  1.62072E-02  1.21988E-03  9.39374E-04  1.95961E-04  1.40078E-04  2.41375E-05  8.09462E-06  1.23893E-05
 14105.00000  1.87433E-02  1.62039E-02  1.21967E-03  9.39147E-04  1.95928E-04  1.40045E-04  2.41333E-05  8.09212E-06  1.23864E-05
 14106.00000  1.87398E-02  1.62009E-02  1.21946E-03  9.38921E-04  1.95894E-04  1.40012E-04  2.41292E-05  8.08962E-06  1.23835E-05
 14107.00000  1.87367E-02  1.61983E-02  1.21925E-03  9.38694E-04  1.95860E-04  1.39979E-04  2.41251E-05  8.08712E-06  1.23806E-05
 14108.00000  1.87339E-02  1.61960E-02  1.21904E-03  9.38468E-04  1.95826E-04  1.39946E-04  2.41210E-05  8.08461E-06  1.23777E-05
 14109.00000  1.87314E-02  1.61941E-02  1.21883E-03  9.38242E-04  1.95792E-04  1.39914E-04  2.41168E-05  8.08211E-06  1.23748E-05
 14110.00000  1.87293E-02  1.61925E-02  1.21862E-03  9.38015E-04  1.95758E-04  1.39881E-04  2.41127E-05  8.07962E-06  1.23719E-05
 14111.00000  1.87275E-02  1.61911E-02  1.21841E-03  9.37789E-04  1.95725E-04  1.39848E-04  2.41086E-05  8.07712E-06  1.23690E-05
 14112.00000  1.87259E-02  1.61901E-02  1.21820E-03  9.37563E-04  1.95691E-04  1.39815E-04  2.41045E-05  8.07462E-06  1.23661E-05
 14113.00000  1.87246E-02  1.61893E-02  1.21799E-03  9.37337E-04  1.95657E-04  1.39782E-04  2.41004E-05  8.07212E-06  1.23632E-05
 14114.00000  1.87236E-02  1.61888E-02  1.21778E-03  9.37111E-04  1.95623E-04  1.39749E-04  2.40962E-05  8.06963E-06  1.23603E-05
 14115.00000  1.87227E-02  1.61885E-02  1.21757E-03  9.36885E-04  1.95589E-04  1.39717E-04  2.40921E-05  8.06713E-06  1.23575E-05
 14116.00000  1.87222E-02  1.61884E-02  1.21736E-03  9.36659E-04  1.95556E-04  1.39684E-04  2.40880E-05  8.06464E-06  1.23546E-05
 14117.00000  1.87218E-02  1.61885E-02  1.21715E-03  9.36433E-04  1.95522E-04  1.39651E-04  2.40839E-05  8.06215E-06  1.23517E-05
 14118.00000  1.87216E-02  1.61888E-02  1.21694E-03  9.36208E-04  1.95488E-04  1.39618E-04  2.40798E-05  8.05965E-06  1.23488E-05
 14119.00000  1.87215E-02  1.61893E-02  1.21673E-03  9.35982E-04  1.95455E-04  1.39586E-04  2.40757E-05  8.05716E-06  1.23459E-05
 14120.00000  1.87216E-02  1.61899E-02  1.21652E-03  9.35757E-04  1.95421E-04  1.39553E-04  2.40716E-05  8.05467E-06  1.23430E-05
 14121.00000  1.87219E-02  1.61907E-02  1.21631E-03  9.35531E-04  1.95387E-04  1.39520E-04  2.40674E-05  8.05218E-06  1.23401E-05
 14122.00000  1.87223E-02  1.61916E-02  1.21610E-03  9.35306E-04  1.95353E-04  1.39487E-04  2.40633E-05  8.04970E-06  1.23372E-05
 14123.00000  1.87227E-02  1.61926E-02  1.21590E-03  9.35080E-04  1.95320E-04  1.39455E-04  2.40592E-05  8.04721E-06  1.23344E-05
 14124.00000  1.87233E-02  1.61936E-02  1.21569E-03  9.34855E-04  1.95286E-04  1.39422E-04  2.40551E-05  8.04472E-06  1.23315E-05
 14125.00000  1.87240E-02  1.61948E-02  1.21548E-03  9.34630E-04  1.95252E-04  1.39389E-04  2.40510E-05  8.04224E-06  1.23286E-05
 14126.00000  1.87247E-02  1.61960E-02  1.21527E-03  9.34405E-04  1.95219E-04  1.39357E-04  2.40469E-05  8.03975E-06  1.23257E-05
 14127.00000  1.87254E-02  1.61973E-02  1.21506E-03  9.34180E-04  1.95185E-04  1.39324E-04  2.40428E-05  8.03727E-06  1.23228E-05
 14128.00000  1.87262E-02  1.61986E-02  1.21485E-03  9.33955E-04  1.95151E-04  1.39291E-04  2.40387E-05  8.03478E-06  1.23199E-05
 14129.00000  1.87270E-02  1.61999E-02  1.21464E-03  9.33730E-04  1.95118E-04  1.39259E-04  2.40346E-05  8.03230E-06  1.23171E-05
 14130.00000  1.87278E-02  1.62012E-02  1.21443E-03  9.33505E-04  1.95084E-04  1.39226E-04  2.40305E-05  8.02982E-06  1.23142E-05
 14131.00000  1.87286E-02  1.62025E-02  1.21422E-03  9.33280E-04  1.95051E-04  1.39193E-04  2.40264E-05  8.02734E-06  1.23113E-05
 14132.00000  1.87294E-02  1.62038E-02  1.21401E-03  9.33055E-04  1.95017E-04  1.39161E-04  2.40223E-05  8.02486E-06  1.23084E-05
 14133.00000  1.87302E-02  1.62051E-02  1.21380E-03  9.32830E-04  1.94983E-04  1.39128E-04  2.40182E-05  8.02238E-06  1.23055E-05
 14134.00000  1.87309E-02  1.62063E-02  1.21359E-03  9.32606E-04  1.94950E-04  1.39096E-04  2.40140E-05  8.01990E-06  1.23027E-05
 14135.00000  1.87316E-02  1.62075E-02  1.21339E-03  9.32381E-04  1.94916E-04  1.39063E-04  2.40099E-05  8.01742E-06  1.22998E-05
 14136.00000  1.87322E-02  1.62086E-02  1.21318E-03  9.32156E-04  1.94883E-04  1.39030E-04  2.40058E-05  8.01495E-06  1.22969E-05
 14137.00000  1.87328E-02  1.62097E-02  1.21297E-03  9.31932E-04  1.94849E-04  1.38998E-04  2.40017E-05  8.01247E-06  1.22940E-05
 14138.00000  1.87332E-02  1.62107E-02  1.21276E-03  9.31708E-04  1.94815E-04  1.38965E-04  2.39976E-05  8.01000E-06  1.22912E-05
 14139.00000  1.87336E-02  1.62116E-02  1.21255E-03  9.31483E-04  1.94782E-04  1.38933E-04  2.39935E-05  8.00752E-06  1.22883E-05
 14140.00000  1.87339E-02  1.62124E-02  1.21234E-03  9.31259E-04  1.94748E-04  1.38900E-04  2.39894E-05  8.00505E-06  1.22854E-05
 14141.00000  1.87341E-02  1.62131E-02  1.21213E-03  9.31035E-04  1.94715E-04  1.38868E-04  2.39853E-05  8.00258E-06  1.22826E-05
 14142.00000  1.87342E-02  1.62137E-02  1.21192E-03  9.30810E-04  1.94681E-04  1.38835E-04  2.39812E-05  8.00010E-06  1.22797E-05
 14143.00000  1.87342E-02  1.62142E-02  1.21172E-03  9.30586E-04  1.94648E-04  1.38803E-04  2.39771E-05  7.99763E-06  1.22768E-05
 14144.00000  1.87341E-02  1.62146E-02  1.21151E-03  9.30362E-04  1.94614E-04  1.38770E-04  2.39730E-05  7.99516E-06  1.22740E-05
 14145.00000  1.87339E-02  1.62149E-02  1.21130E-03  9.30138E-04  1.94581E-04  1.38738E-04  2.39689E-05  7.99269E-06  1.22711E-05
 14146.00000  1.87335E-02  1.62150E-02  1.21109E-03  9.29914E-04  1.94547E-04  1.38705E-04  2.39648E-05  7.99022E-06  1.22682E-05
 14147.00000  1.87330E-02  1.62150E-02  1.21088E-03  9.29690E-04  1.94514E-04  1.38673E-04  2.39607E-05  7.98776E-06  1.22654E-05
 14148.00000  1.87324E-02  1.62149E-02  1.21067E-03  9.29466E-04  1.94480E-04  1.38640E-04  2.39566E-05  7.98529E-06  1.22625E-05
 14149.00000  1.87316E-02  1.62147E-02  1.21046E-03  9.29243E-04  1.94447E-04  1.38608E-04  2.39525E-05  7.98282E-06  1.22596E-05
 14150.00000  1.87307E-02  1.62143E-02  1.21026E-03  9.29019E-04  1.94413E-04  1.38576E-04  2.39485E-05  7.98036E-06  1.22568E-05
 14151.00000  1.87297E-02  1.62138E-02  1.21005E-03  9.28795E-04  1.94380E-04  1.38543E-04  2.39444E-05  7.97789E-06  1.22539E-05
 14152.00000  1.87285E-02  1.62131E-02  1.20984E-03  9.28571E-04  1.94346E-04  1.38511E-04  2.39403E-05  7.97543E-06  1.22511E-05
 14153.00000  1.87272E-02  1.62123E-02  1.20963E-03  9.28348E-04  1.94313E-04  1.38478E-04  2.39362E-05  7.97297E-06  1.22482E-05
 14154.00000  1.87258E-02  1.62113E-02  1.20942E-03  9.28124E-04  1.94279E-04  1.38446E-04  2.39321E-05  7.97051E-06  1.22453E-05
 14155.00000  1.87242E-02  1.62102E-02  1.20921E-03  9.27901E-04  1.94246E-04  1.38414E-04  2.39280E-05  7.96804E-06  1.22425E-05
 14156.00000  1.87224E-02  1.62090E-02  1.20901E-03  9.27678E-04  1.94212E-04  1.38381E-04  2.39239E-05  7.96558E-06  1.22396E-05
 14157.00000  1.87205E-02  1.62077E-02  1.20880E-03  9.27454E-04  1.94179E-04  1.38349E-04  2.39198E-05  7.96312E-06  1.22368E-05
 14158.00000  1.87185E-02  1.62061E-02  1.20859E-03  9.27231E-04  1.94145E-04  1.38317E-04  2.39157E-05  7.96067E-06  1.22339E-05
 14159.00000  1.87164E-02  1.62045E-02  1.20838E-03  9.27008E-04  1.94112E-04  1.38284E-04  2.39116E-05  7.95821E-06  1.22311E-05
 14160.00000  1.87141E-02  1.62027E-02  1.20817E-03  9.26785E-04  1.94078E-04  1.38252E-04  2.39075E-05  7.95575E-06  1.22282E-05
 14161.00000  1.87117E-02  1.62008E-02  1.20797E-03  9.26561E-04  1.94045E-04  1.38220E-04  2.39034E-05  7.95329E-06  1.22254E-05
 14162.00000  1.87091E-02  1.61988E-02  1.20776E-03  9.26338E-04  1.94012E-04  1.38187E-04  2.38993E-05  7.95084E-06  1.22225E-05
 14163.00000  1.87064E-02  1.61966E-02  1.20755E-03  9.26115E-04  1.93978E-04  1.38155E-04  2.38952E-05  7.94839E-06  1.22197E-05
 14164.00000  1.87036E-02  1.61943E-02  1.20734E-03  9.25893E-04  1.93945E-04  1.38123E-04  2.38911E-05  7.94593E-06  1.22168E-05
 14165.00000  1.87007E-02  1.61918E-02  1.20714E-03  9.25670E-04  1.93911E-04  1.38090E-04  2.38870E-05  7.94348E-06  1.22140E-05
 14166.00000  1.86976E-02  1.61893E-02  1.20693E-03  9.25447E-04  1.93878E-04  1.38058E-04  2.38829E-05  7.94103E-06  1.22111E-05
 14167.00000  1.86945E-02  1.61866E-02  1.20672E-03  9.25224E-04  1.93844E-04  1.38026E-04  2.38788E-05  7.93858E-06  1.22083E-05
 14168.00000  1.86912E-02  1.61838E-02  1.20651E-03  9.25002E-04  1.93811E-04  1.37994E-04  2.38747E-05  7.93613E-06  1.22054E-05
 14169.00000  1.86878E-02  1.61810E-02  1.20631E-03  9.24779E-04  1.93778E-04  1.37961E-04  2.38707E-05  7.93368E-06  1.22026E-05
 14170.00000  1.86843E-02  1.61780E-02  1.20610E-03  9.24556E-04  1.93744E-04  1.37929E-04  2.38666E-05  7.93123E-06  1.21997E-05
 14171.00000  1.86807E-02  1.61749E-02  1.20589E-03  9.24334E-04  1.93711E-04  1.37897E-04  2.38625E-05  7.92878E-06  1.21969E-05
 14172.00000  1.86770E-02  1.61717E-02  1.20568E-03  9.24112E-04  1.93677E-04  1.37865E-04  2.38584E-05  7.92634E-06  1.21941E-05
 14173.00000  1.86732E-02  1.61684E-02  1.20548E-03  9.23889E-04  1.93644E-04  1.37832E-04  2.38543E-05  7.92389E-06  1.21912E-05
 14174.00000  1.86693E-02  1.61650E-02  1.20527E-03  9.23667E-04  1.93611E-04  1.37800E-04  2.38502E-05  7.92145E-06  1.21884E-05
 14175.00000  1.86653E-02  1.61615E-02  1.20506E-03  9.23445E-04  1.93577E-04  1.37768E-04  2.38461E-05  7.91900E-06  1.21855E-05
 14176.00000  1.86613E-02  1.61580E-02  1.20486E-03  9.23223E-04  1.93544E-04  1.37736E-04  2.38420E-05  7.91656E-06  1.21827E-05
 14177.00000  1.86572E-02  1.61544E-02  1.20465E-03  9.23001E-04  1.93511E-04  1.37703E-04  2.38379E-05  7.91412E-06  1.21799E-05
 14178.00000  1.86530E-02  1.61507E-02  1.20444E-03  9.22779E-04  1.93477E-04  1.37671E-04  2.38338E-05  7.91168E-06  1.21770E-05
 14179.00000  1.86487E-02  1.61469E-02  1.20424E-03  9.22557E-04  1.93444E-04  1.37639E-04  2.38298E-05  7.90924E-06  1.21742E-05
 14180.00000  1.86444E-02  1.61431E-02  1.20403E-03  9.22335E-04  1.93411E-04  1.37607E-04  2.38257E-05  7.90680E-06  1.21714E-05
 14181.00000  1.86400E-02  1.61392E-02  1.20382E-03  9.22113E-04  1.93377E-04  1.37575E-04  2.38216E-05  7.90436E-06  1.21685E-05
 14182.00000  1.86356E-02  1.61353E-02  1.20362E-03  9.21891E-04  1.93344E-04  1.37543E-04  2.38175E-05  7.90193E-06  1.21657E-05
 14183.00000  1.86311E-02  1.61313E-02  1.20341E-03  9.21670E-04  1.93311E-04  1.37510E-04  2.38134E-05  7.89949E-06  1.21629E-05
 14184.00000  1.86266E-02  1.61273E-02  1.20320E-03  9.21448E-04  1.93277E-04  1.37478E-04  2.38093E-05  7.89706E-06  1.21600E-05
 14185.00000  1.86220E-02  1.61232E-02  1.20300E-03  9.21227E-04  1.93244E-04  1.37446E-04  2.38052E-05  7.89462E-06  1.21572E-05
 14186.00000  1.86174E-02  1.61191E-02  1.20279E-03  9.21005E-04  1.93211E-04  1.37414E-04  2.38012E-05  7.89219E-06  1.21544E-05
 14187.00000  1.86128E-02  1.61150E-02  1.20259E-03  9.20784E-04  1.93177E-04  1.37382E-04  2.37971E-05  7.88976E-06  1.21515E-05
 14188.00000  1.86081E-02  1.61108E-02  1.20238E-03  9.20563E-04  1.93144E-04  1.37350E-04  2.37930E-05  7.88733E-06  1.21487E-05
 14189.00000  1.86034E-02  1.61067E-02  1.20217E-03  9.20342E-04  1.93111E-04  1.37318E-04  2.37889E-05  7.88490E-06  1.21459E-05
 14190.00000  1.85987E-02  1.61025E-02  1.20197E-03  9.20120E-04  1.93078E-04  1.37286E-04  2.37848E-05  7.88247E-06  1.21430E-05
 14191.00000  1.85940E-02  1.60982E-02  1.20176E-03  9.19899E-04  1.93044E-04  1.37254E-04  2.37807E-05  7.88004E-06  1.21402E-05
 14192.00000  1.85893E-02  1.60940E-02  1.20156E-03  9.19678E-04  1.93011E-04  1.37221E-04  2.37767E-05  7.87761E-06  1.21374E-05
 14193.00000  1.85845E-02  1.60898E-02  1.20135E-03  9.19458E-04  1.92978E-04  1.37189E-04  2.37726E-05  7.87519E-06  1.21345E-05
 14194.00000  1.85798E-02  1.60856E-02  1.20114E-03  9.19237E-04  1.92945E-04  1.37157E-04  2.37685E-05  7.87276E-06  1.21317E-05
 14195.00000  1.85751E-02  1.60813E-02  1.20094E-03  9.19016E-04  1.92911E-04  1.37125E-04  2.37644E-05  7.87034E-06  1.21289E-05
 14196.00000  1.85703E-02  1.60771E-02  1.20073E-03  9.18795E-04  1.92878E-04  1.37093E-04  2.37603E-05  7.86792E-06  1.21261E-05
 14197.00000  1.85656E-02  1.60729E-02  1.20053E-03  9.18575E-04  1.92845E-04  1.37061E-04  2.37563E-05  7.86550E-06  1.21232E-05
 14198.00000  1.85609E-02  1.60687E-02  1.20032E-03  9.18354E-04  1.92812E-04  1.37029E-04  2.37522E-05  7.86308E-06  1.21204E-05
 14199.00000  1.85562E-02  1.60645E-02  1.20012E-03  9.18134E-04  1.92779E-04  1.36997E-04  2.37481E-05  7.86066E-06  1.21176E-05
 14200.00000  1.85515E-02  1.60603E-02  1.19991E-03  9.17914E-04  1.92745E-04  1.36965E-04  2.37440E-05  7.85824E-06  1.21148E-05
 14201.00000  1.85469E-02  1.60561E-02  1.19970E-03  9.17693E-04  1.92712E-04  1.36933E-04  2.37400E-05  7.85582E-06  1.21119E-05
 14202.00000  1.85422E-02  1.60520E-02  1.19950E-03  9.17473E-04  1.92679E-04  1.36901E-04  2.37359E-05  7.85340E-06  1.21091E-05
 14203.00000  1.85376E-02  1.60479E-02  1.19929E-03  9.17253E-04  1.92646E-04  1.36869E-04  2.37318E-05  7.85099E-06  1.21063E-05
 14204.00000  1.85330E-02  1.60438E-02  1.19909E-03  9.17033E-04  1.92613E-04  1.36837E-04  2.37278E-05  7.84857E-06  1.21035E-05
 14205.00000  1.85285E-02  1.60397E-02  1.19888E-03  9.16813E-04  1.92580E-04  1.36805E-04  2.37237E-05  7.84616E-06  1.21006E-05
 14206.00000  1.85239E-02  1.60357E-02  1.19868E-03  9.16593E-04  1.92546E-04  1.36773E-04  2.37196E-05  7.84375E-06  1.20978E-05
 14207.00000  1.85194E-02  1.60317E-02  1.19847E-03  9.16373E-04  1.92513E-04  1.36741E-04  2.37155E-05  7.84134E-06  1.20950E-05
 14208.00000  1.85150E-02  1.60277E-02  1.19827E-03  9.16154E-04  1.92480E-04  1.36709E-04  2.37115E-05  7.83893E-06  1.20922E-05
 14209.00000  1.85106E-02  1.60238E-02  1.19806E-03  9.15934E-04  1.92447E-04  1.36677E-04  2.37074E-05  7.83652E-06  1.20894E-05
 14210.00000  1.85062E-02  1.60199E-02  1.19786E-03  9.15715E-04  1.92414E-04  1.36646E-04  2.37033E-05  7.83411E-06  1.20865E-05
 14211.00000  1.85018E-02  1.60161E-02  1.19765E-03  9.15495E-04  1.92381E-04  1.36614E-04  2.36993E-05  7.83170E-06  1.20837E-05
 14212.00000  1.84975E-02  1.60123E-02  1.19745E-03  9.15276E-04  1.92348E-04  1.36582E-04  2.36952E-05  7.82929E-06  1.20809E-05
 14213.00000  1.84933E-02  1.60085E-02  1.19724E-03  9.15056E-04  1.92315E-04  1.36550E-04  2.36912E-05  7.82689E-06  1.20781E-05
 14214.00000  1.84890E-02  1.60048E-02  1.19704E-03  9.14837E-04  1.92282E-04  1.36518E-04  2.36871E-05  7.82448E-06  1.20753E-05
 14215.00000  1.84849E-02  1.60011E-02  1.19684E-03  9.14618E-04  1.92249E-04  1.36486E-04  2.36830E-05  7.82208E-06  1.20724E-05
 14216.00000  1.84807E-02  1.59975E-02  1.19663E-03  9.14399E-04  1.92216E-04  1.36454E-04  2.36790E-05  7.81968E-06  1.20696E-05
 14217.00000  1.84767E-02  1.59939E-02  1.19643E-03  9.14180E-04  1.92183E-04  1.36422E-04  2.36749E-05  7.81728E-06  1.20668E-05
 14218.00000  1.84726E-02  1.59904E-02  1.19622E-03  9.13961E-04  1.92150E-04  1.36391E-04  2.36709E-05  7.81488E-06  1.20640E-05
 14219.00000  1.84686E-02  1.59869E-02  1.19602E-03  9.13742E-04  1.92117E-04  1.36359E-04  2.36668E-05  7.81248E-06  1.20612E-05
 14220.00000  1.84647E-02  1.59834E-02  1.19581E-03  9.13523E-04  1.92084E-04  1.36327E-04  2.36627E-05  7.81008E-06  1.20583E-05
 14221.00000  1.84608E-02  1.59800E-02  1.19561E-03  9.13304E-04  1.92051E-04  1.36295E-04  2.36587E-05  7.80768E-06  1.20555E-05
 14222.00000  1.84570E-02  1.59767E-02  1.19540E-03  9.13086E-04  1.92018E-04  1.36263E-04  2.36546E-05  7.80528E-06  1.20527E-05
 14223.00000  1.84532E-02  1.59734E-02  1.19520E-03  9.12867E-04  1.91985E-04  1.36232E-04  2.36506E-05  7.80289E-06  1.20499E-05
 14224.00000  1.84494E-02  1.59701E-02  1.19499E-03  9.12649E-04  1.91952E-04  1.36200E-04  2.36465E-05  7.80049E-06  1.20471E-05
 14225.00000  1.84457E-02  1.59669E-02  1.19479E-03  9.12430E-04  1.91919E-04  1.36168E-04  2.36425E-05  7.79810E-06  1.20443E-05
 14226.00000  1.84421E-02  1.59638E-02  1.19459E-03  9.12212E-04  1.91886E-04  1.36136E-04  2.36384E-05  7.79570E-06  1.20414E-05
 14227.00000  1.84385E-02  1.59607E-02  1.19438E-03  9.11993E-04  1.91853E-04  1.36104E-04  2.36344E-05  7.79331E-06  1.20386E-05
 14228.00000  1.84349E-02  1.59576E-02  1.19418E-03  9.11775E-04  1.91820E-04  1.36073E-04  2.36303E-05  7.79092E-06  1.20358E-05
 14229.00000  1.84314E-02  1.59546E-02  1.19397E-03  9.11557E-04  1.91787E-04  1.36041E-04  2.36263E-05  7.78853E-06  1.20330E-05
 14230.00000  1.84279E-02  1.59516E-02  1.19377E-03  9.11339E-04  1.91754E-04  1.36009E-04  2.36222E-05  7.78614E-06  1.20302E-05
 14231.00000  1.84245E-02  1.59487E-02  1.19357E-03  9.11121E-04  1.91722E-04  1.35978E-04  2.36182E-05  7.78375E-06  1.20274E-05
 14232.00000  1.84211E-02  1.59458E-02  1.19336E-03  9.10903E-04  1.91689E-04  1.35946E-04  2.36141E-05  7.78136E-06  1.20246E-05
 14233.00000  1.84178E-02  1.59430E-02  1.19316E-03  9.10685E-04  1.91656E-04  1.35914E-04  2.36101E-05  7.77898E-06  1.20217E-05
 14234.00000  1.84145E-02  1.59402E-02  1.19295E-03  9.10467E-04  1.91623E-04  1.35883E-04  2.36060E-05  7.77659E-06  1.20189E-05
 14235.00000  1.84112E-02  1.59374E-02  1.19275E-03  9.10249E-04  1.91590E-04  1.35851E-04  2.36020E-05  7.77421E-06  1.20161E-05
 14236.00000  1.84080E-02  1.59347E-02  1.19255E-03  9.10031E-04  1.91557E-04  1.35819E-04  2.35980E-05  7.77182E-06  1.20133E-05
 14237.00000  1.84048E-02  1.59320E-02  1.19234E-03  9.09814E-04  1.91525E-04  1.35788E-04  2.35939E-05  7.76944E-06  1.20105E-05
 14238.00000  1.84017E-02  1.59293E-02  1.19214E-03  9.09596E-04  1.91492E-04  1.35756E-04  2.35899E-05  7.76705E-06  1.20077E-05
 14239.00000  1.83986E-02  1.59267E-02  1.19193E-03  9.09379E-04  1.91459E-04  1.35724E-04  2.35858E-05  7.76467E-06  1.20049E-05
 14240.00000  1.83955E-02  1.59242E-02  1.19173E-03  9.09161E-04  1.91426E-04  1.35693E-04  2.35818E-05  7.76229E-06  1.20020E-05
 14241.00000  1.83925E-02  1.59216E-02  1.19153E-03  9.08944E-04  1.91394E-04  1.35661E-04  2.35778E-05  7.75991E-06  1.19992E-05
 14242.00000  1.83895E-02  1.59191E-02  1.19132E-03  9.08726E-04  1.91361E-04  1.35630E-04  2.35737E-05  7.75753E-06  1.19964E-05
 14243.00000  1.83865E-02  1.59166E-02  1.19112E-03  9.08509E-04  1.91328E-04  1.35598E-04  2.35697E-05  7.75515E-06  1.19936E-05
 14244.00000  1.83836E-02  1.59142E-02  1.19091E-03  9.08292E-04  1.91295E-04  1.35567E-04  2.35656E-05  7.75278E-06  1.19908E-05
 14245.00000  1.83806E-02  1.59118E-02  1.19071E-03  9.08075E-04  1.91263E-04  1.35535E-04  2.35616E-05  7.75040E-06  1.19880E-05
 14246.00000  1.83778E-02  1.59094E-02  1.19051E-03  9.07857E-04  1.91230E-04  1.35503E-04  2.35576E-05  7.74802E-06  1.19852E-05
 14247.00000  1.83749E-02  1.59070E-02  1.19030E-03  9.07640E-04  1.91197E-04  1.35472E-04  2.35535E-05  7.74565E-06  1.19824E-05
 14248.00000  1.83720E-02  1.59046E-02  1.19010E-03  9.07423E-04  1.91164E-04  1.35440E-04  2.35495E-05  7.74327E-06  1.19796E-05
 14249.00000  1.83692E-02  1.59023E-02  1.18990E-03  9.07206E-04  1.91132E-04  1.35409E-04  2.35455E-05  7.74090E-06  1.19768E-05
 14250.00000  1.83664E-02  1.59000E-02  1.18969E-03  9.06989E-04  1.91099E-04  1.35377E-04  2.35414E-05  7.73853E-06  1.19740E-05
 14251.00000  1.83636E-02  1.58977E-02  1.18949E-03  9.06773E-04  1.91066E-04  1.35346E-04  2.35374E-05  7.73615E-06  1.19711E-05
 14252.00000  1.83609E-02  1.58955E-02  1.18929E-03  9.06556E-04  1.91034E-04  1.35314E-04  2.35334E-05  7.73378E-06  1.19683E-05
 14253.00000  1.83581E-02  1.58932E-02  1.18908E-03  9.06339E-04  1.91001E-04  1.35283E-04  2.35293E-05  7.73141E-06  1.19655E-05
 14254.00000  1.83554E-02  1.58910E-02  1.18888E-03  9.06122E-04  1.90968E-04  1.35252E-04  2.35253E-05  7.72904E-06  1.19627E-05
 14255.00000  1.83527E-02  1.58887E-02  1.18868E-03  9.05906E-04  1.90936E-04  1.35220E-04  2.35213E-05  7.72667E-06  1.19599E-05
 14256.00000  1.83500E-02  1.58865E-02  1.18847E-03  9.05689E-04  1.90903E-04  1.35189E-04  2.35172E-05  7.72430E-06  1.19571E-05
 14257.00000  1.83473E-02  1.58843E-02  1.18827E-03  9.05473E-04  1.90870E-04  1.35157E-04  2.35132E-05  7.72194E-06  1.19543E-05
 14258.00000  1.83446E-02  1.58821E-02  1.18807E-03  9.05256E-04  1.90838E-04  1.35126E-04  2.35092E-05  7.71957E-06  1.19515E-05
 14259.00000  1.83419E-02  1.58799E-02  1.18786E-03  9.05040E-04  1.90805E-04  1.35094E-04  2.35052E-05  7.71720E-06  1.19487E-05
 14260.00000  1.83392E-02  1.58777E-02  1.18766E-03  9.04823E-04  1.90772E-04  1.35063E-04  2.35011E-05  7.71484E-06  1.19459E-05
 14261.00000  1.83365E-02  1.58756E-02  1.18746E-03  9.04607E-04  1.90740E-04  1.35032E-04  2.34971E-05  7.71247E-06  1.19431E-05
 14262.00000  1.83339E-02  1.58734E-02  1.18725E-03  9.04391E-04  1.90707E-04  1.35000E-04  2.34931E-05  7.71011E-06  1.19403E-05
 14263.00000  1.83312E-02  1.58712E-02  1.18705E-03  9.04175E-04  1.90675E-04  1.34969E-04  2.34890E-05  7.70774E-06  1.19375E-05
 14264.00000  1.83285E-02  1.58690E-02  1.18685E-03  9.03958E-04  1.90642E-04  1.34938E-04  2.34850E-05  7.70538E-06  1.19347E-05
 14265.00000  1.83259E-02  1.58668E-02  1.18665E-03  9.03742E-04  1.90609E-04  1.34906E-04  2.34810E-05  7.70302E-06  1.19319E-05
 14266.00000  1.83232E-02  1.58647E-02  1.18644E-03  9.03526E-04  1.90577E-04  1.34875E-04  2.34770E-05  7.70066E-06  1.19291E-05
 14267.00000  1.83205E-02  1.58625E-02  1.18624E-03  9.03310E-04  1.90544E-04  1.34844E-04  2.34729E-05  7.69830E-06  1.19263E-05
 14268.00000  1.83178E-02  1.58603E-02  1.18604E-03  9.03094E-04  1.90512E-04  1.34812E-04  2.34689E-05  7.69594E-06  1.19235E-05
 14269.00000  1.83151E-02  1.58581E-02  1.18583E-03  9.02878E-04  1.90479E-04  1.34781E-04  2.34649E-05  7.69358E-06  1.19207E-05
 14270.00000  1.83124E-02  1.58559E-02  1.18563E-03  9.02663E-04  1.90446E-04  1.34750E-04  2.34609E-05  7.69122E-06  1.19179E-05
 14271.00000  1.83097E-02  1.58537E-02  1.18543E-03  9.02447E-04  1.90414E-04  1.34718E-04  2.34568E-05  7.68887E-06  1.19151E-05
 14272.00000  1.83070E-02  1.58514E-02  1.18523E-03  9.02231E-04  1.90381E-04  1.34687E-04  2.34528E-05  7.68651E-06  1.19123E-05
 14273.00000  1.83043E-02  1.58492E-02  1.18502E-03  9.02016E-04  1.90349E-04  1.34656E-04  2.34488E-05  7.68416E-06  1.19095E-05
 14274.00000  1.83015E-02  1.58469E-02  1.18482E-03  9.01800E-04  1.90316E-04  1.34625E-04  2.34447E-05  7.68180E-06  1.19067E-05
 14275.00000  1.82988E-02  1.58447E-02  1.18462E-03  9.01584E-04  1.90284E-04  1.34593E-04  2.34407E-05  7.67945E-06  1.19039E-05
 14276.00000  1.82960E-02  1.58424E-02  1.18442E-03  9.01369E-04  1.90251E-04  1.34562E-04  2.34367E-05  7.67709E-06  1.19011E-05
 14277.00000  1.82932E-02  1.58401E-02  1.18421E-03  9.01154E-04  1.90219E-04  1.34531E-04  2.34327E-05  7.67474E-06  1.18983E-05
 14278.00000  1.82904E-02  1.58378E-02  1.18401E-03  9.00938E-04  1.90186E-04  1.34500E-04  2.34286E-05  7.67239E-06  1.18956E-05
 14279.00000  1.82876E-02  1.58355E-02  1.18381E-03  9.00723E-04  1.90153E-04  1.34468E-04  2.34246E-05  7.67004E-06  1.18928E-05
 14280.00000  1.82848E-02  1.58331E-02  1.18361E-03  9.00508E-04  1.90121E-04  1.34437E-04  2.34206E-05  7.66769E-06  1.18900E-05
 14281.00000  1.82819E-02  1.58308E-02  1.18341E-03  9.00293E-04  1.90088E-04  1.34406E-04  2.34166E-05  7.66534E-06  1.18872E-05
 14282.00000  1.82790E-02  1.58284E-02  1.18320E-03  9.00077E-04  1.90056E-04  1.34375E-04  2.34126E-05  7.66299E-06  1.18844E-05
 14283.00000  1.82762E-02  1.58260E-02  1.18300E-03  8.99862E-04  1.90023E-04  1.34344E-04  2.34085E-05  7.66064E-06  1.18816E-05
 14284.00000  1.82732E-02  1.58236E-02  1.18280E-03  8.99647E-04  1.89991E-04  1.34313E-04  2.34045E-05  7.65830E-06  1.18788E-05
 14285.00000  1.82703E-02  1.58211E-02  1.18260E-03  8.99433E-04  1.89958E-04  1.34281E-04  2.34005E-05  7.65595E-06  1.18760E-05
 14286.00000  1.82674E-02  1.58186E-02  1.18240E-03  8.99218E-04  1.89926E-04  1.34250E-04  2.33965E-05  7.65361E-06  1.18733E-05
 14287.00000  1.82644E-02  1.58162E-02  1.18220E-03  8.99003E-04  1.89893E-04  1.34219E-04  2.33924E-05  7.65126E-06  1.18705E-05
 14288.00000  1.82614E-02  1.58137E-02  1.18199E-03  8.98788E-04  1.89861E-04  1.34188E-04  2.33884E-05  7.64892E-06  1.18677E-05
 14289.00000  1.82584E-02  1.58111E-02  1.18179E-03  8.98574E-04  1.89828E-04  1.34157E-04  2.33844E-05  7.64658E-06  1.18649E-05
 14290.00000  1.82553E-02  1.58086E-02  1.18159E-03  8.98359E-04  1.89796E-04  1.34126E-04  2.33804E-05  7.64424E-06  1.18621E-05
 14291.00000  1.82523E-02  1.58060E-02  1.18139E-03  8.98144E-04  1.89764E-04  1.34095E-04  2.33763E-05  7.64190E-06  1.18594E-05
 14292.00000  1.82492E-02  1.58034E-02  1.18119E-03  8.97930E-04  1.89731E-04  1.34063E-04  2.33723E-05  7.63956E-06  1.18566E-05
 14293.00000  1.82461E-02  1.58008E-02  1.18099E-03  8.97716E-04  1.89699E-04  1.34032E-04  2.33683E-05  7.63722E-06  1.18538E-05
 14294.00000  1.82429E-02  1.57981E-02  1.18079E-03  8.97501E-04  1.89666E-04  1.34001E-04  2.33643E-05  7.63488E-06  1.18510E-05
 14295.00000  1.82398E-02  1.57955E-02  1.18058E-03  8.97287E-04  1.89634E-04  1.33970E-04  2.33603E-05  7.63254E-06  1.18482E-05
 14296.00000  1.82366E-02  1.57928E-02  1.18038E-03  8.97073E-04  1.89601E-04  1.33939E-04  2.33562E-05  7.63021E-06  1.18455E-05
 14297.00000  1.82334E-02  1.57900E-02  1.18018E-03  8.96859E-04  1.89569E-04  1.33908E-04  2.33522E-05  7.62787E-06  1.18427E-05
 14298.00000  1.82302E-02  1.57873E-02  1.17998E-03  8.96645E-04  1.89536E-04  1.33877E-04  2.33482E-05  7.62554E-06  1.18399E-05
 14299.00000  1.82269E-02  1.57845E-02  1.17978E-03  8.96431E-04  1.89504E-04  1.33846E-04  2.33442E-05  7.62320E-06  1.18371E-05
 14300.00000  1.82236E-02  1.57817E-02  1.17958E-03  8.96217E-04  1.89472E-04  1.33815E-04  2.33402E-05  7.62087E-06  1.18344E-05
 14301.00000  1.82203E-02  1.57789E-02  1.17938E-03  8.96003E-04  1.89439E-04  1.33784E-04  2.33361E-05  7.61854E-06  1.18316E-05
 14302.00000  1.82170E-02  1.57761E-02  1.17918E-03  8.95789E-04  1.89407E-04  1.33753E-04  2.33321E-05  7.61621E-06  1.18288E-05
 14303.00000  1.82137E-02  1.57732E-02  1.17898E-03  8.95576E-04  1.89374E-04  1.33722E-04  2.33281E-05  7.61388E-06  1.18261E-05
 14304.00000  1.82103E-02  1.57704E-02  1.17878E-03  8.95362E-04  1.89342E-04  1.33691E-04  2.33241E-05  7.61155E-06  1.18233E-05
 14305.00000  1.82069E-02  1.57674E-02  1.17858E-03  8.95149E-04  1.89309E-04  1.33660E-04  2.33201E-05  7.60922E-06  1.18205E-05
 14306.00000  1.82035E-02  1.57645E-02  1.17838E-03  8.94935E-04  1.89277E-04  1.33629E-04  2.33161E-05  7.60690E-06  1.18177E-05
 14307.00000  1.82000E-02  1.57616E-02  1.17818E-03  8.94722E-04  1.89245E-04  1.33598E-04  2.33121E-05  7.60457E-06  1.18150E-05
 14308.00000  1.81966E-02  1.57586E-02  1.17797E-03  8.94509E-04  1.89212E-04  1.33567E-04  2.33080E-05  7.60224E-06  1.18122E-05
 14309.00000  1.81931E-02  1.57556E-02  1.17777E-03  8.94295E-04  1.89180E-04  1.33536E-04  2.33040E-05  7.59992E-06  1.18094E-05
 14310.00000  1.81896E-02  1.57526E-02  1.17757E-03  8.94082E-04  1.89148E-04  1.33505E-04  2.33000E-05  7.59760E-06  1.18067E-05
 14311.00000  1.81861E-02  1.57495E-02  1.17737E-03  8.93869E-04  1.89115E-04  1.33474E-04  2.32960E-05  7.59527E-06  1.18039E-05
 14312.00000  1.81825E-02  1.57465E-02  1.17717E-03  8.93656E-04  1.89083E-04  1.33443E-04  2.32920E-05  7.59295E-06  1.18012E-05
 14313.00000  1.81790E-02  1.57434E-02  1.17697E-03  8.93443E-04  1.89051E-04  1.33412E-04  2.32880E-05  7.59063E-06  1.17984E-05
 14314.00000  1.81754E-02  1.57403E-02  1.17677E-03  8.93230E-04  1.89018E-04  1.33381E-04  2.32840E-05  7.58831E-06  1.17956E-05
 14315.00000  1.81718E-02  1.57372E-02  1.17657E-03  8.93018E-04  1.88986E-04  1.33350E-04  2.32800E-05  7.58600E-06  1.17929E-05
 14316.00000  1.81682E-02  1.57341E-02  1.17637E-03  8.92805E-04  1.88954E-04  1.33319E-04  2.32759E-05  7.58368E-06  1.17901E-05
 14317.00000  1.81645E-02  1.57309E-02  1.17617E-03  8.92592E-04  1.88921E-04  1.33288E-04  2.32719E-05  7.58136E-06  1.17874E-05
 14318.00000  1.81609E-02  1.57278E-02  1.17597E-03  8.92380E-04  1.88889E-04  1.33257E-04  2.32679E-05  7.57905E-06  1.17846E-05
 14319.00000  1.81572E-02  1.57246E-02  1.17577E-03  8.92167E-04  1.88857E-04  1.33226E-04  2.32639E-05  7.57673E-06  1.17818E-05
 14320.00000  1.81535E-02  1.57214E-02  1.17557E-03  8.91955E-04  1.88825E-04  1.33195E-04  2.32599E-05  7.57442E-06  1.17791E-05
 14321.00000  1.81498E-02  1.57182E-02  1.17537E-03  8.91743E-04  1.88792E-04  1.33164E-04  2.32559E-05  7.57211E-06  1.17763E-05
 14322.00000  1.81461E-02  1.57149E-02  1.17518E-03  8.91530E-04  1.88760E-04  1.33133E-04  2.32519E-05  7.56980E-06  1.17736E-05
 14323.00000  1.81424E-02  1.57117E-02  1.17498E-03  8.91318E-04  1.88728E-04  1.33103E-04  2.32479E-05  7.56748E-06  1.17708E-05
 14324.00000  1.81387E-02  1.57084E-02  1.17478E-03  8.91106E-04  1.88696E-04  1.33072E-04  2.32439E-05  7.56517E-06  1.17681E-05
 14325.00000  1.81349E-02  1.57052E-02  1.17458E-03  8.90894E-04  1.88663E-04  1.33041E-04  2.32399E-05  7.56287E-06  1.17653E-05
 14326.00000  1.81311E-02  1.57019E-02  1.17438E-03  8.90682E-04  1.88631E-04  1.33010E-04  2.32359E-05  7.56056E-06  1.17626E-05
 14327.00000  1.81274E-02  1.56986E-02  1.17418E-03  8.90470E-04  1.88599E-04  1.32979E-04  2.32319E-05  7.55825E-06  1.17598E-05
 14328.00000  1.81236E-02  1.56953E-02  1.17398E-03  8.90258E-04  1.88567E-04  1.32948E-04  2.32279E-05  7.55595E-06  1.17571E-05
 14329.00000  1.81198E-02  1.56920E-02  1.17378E-03  8.90047E-04  1.88535E-04  1.32918E-04  2.32239E-05  7.55364E-06  1.17543E-05
 14330.00000  1.81160E-02  1.56886E-02  1.17358E-03  8.89835E-04  1.88502E-04  1.32887E-04  2.32199E-05  7.55134E-06  1.17516E-05
 14331.00000  1.81122E-02  1.56853E-02  1.17338E-03  8.89623E-04  1.88470E-04  1.32856E-04  2.32159E-05  7.54903E-06  1.17488E-05
 14332.00000  1.81083E-02  1.56820E-02  1.17318E-03  8.89412E-04  1.88438E-04  1.32825E-04  2.32119E-05  7.54673E-06  1.17461E-05
 14333.00000  1.81045E-02  1.56786E-02  1.17298E-03  8.89200E-04  1.88406E-04  1.32794E-04  2.32079E-05  7.54443E-06  1.17433E-05
 14334.00000  1.81007E-02  1.56753E-02  1.17278E-03  8.88989E-04  1.88374E-04  1.32764E-04  2.32039E-05  7.54213E-06  1.17406E-05
 14335.00000  1.80968E-02  1.56719E-02  1.17258E-03  8.88778E-04  1.88342E-04  1.32733E-04  2.31999E-05  7.53983E-06  1.17378E-05
 14336.00000  1.80930E-02  1.56686E-02  1.17238E-03  8.88566E-04  1.88310E-04  1.32702E-04  2.31959E-05  7.53753E-06  1.17351E-05
 14337.00000  1.80891E-02  1.56652E-02  1.17219E-03  8.88355E-04  1.88277E-04  1.32671E-04  2.31920E-05  7.53524E-06  1.17323E-05
 14338.00000  1.80853E-02  1.56618E-02  1.17199E-03  8.88144E-04  1.88245E-04  1.32641E-04  2.31880E-05  7.53294E-06  1.17296E-05
 14339.00000  1.80814E-02  1.56584E-02  1.17179E-03  8.87933E-04  1.88213E-04  1.32610E-04  2.31840E-05  7.53064E-06  1.17269E-05
 14340.00000  1.80776E-02  1.56551E-02  1.17159E-03  8.87722E-04  1.88181E-04  1.32579E-04  2.31800E-05  7.52835E-06  1.17241E-05
 14341.00000  1.80737E-02  1.56517E-02  1.17139E-03  8.87511E-04  1.88149E-04  1.32548E-04  2.31760E-05  7.52606E-06  1.17214E-05
 14342.00000  1.80698E-02  1.56483E-02  1.17119E-03  8.87300E-04  1.88117E-04  1.32518E-04  2.31720E-05  7.52376E-06  1.17186E-05
 14343.00000  1.80660E-02  1.56449E-02  1.17099E-03  8.87089E-04  1.88085E-04  1.32487E-04  2.31680E-05  7.52147E-06  1.17159E-05
 14344.00000  1.80621E-02  1.56415E-02  1.17079E-03  8.86879E-04  1.88053E-04  1.32456E-04  2.31641E-05  7.51918E-06  1.17132E-05
 14345.00000  1.80583E-02  1.56382E-02  1.17059E-03  8.86668E-04  1.88021E-04  1.32426E-04  2.31601E-05  7.51689E-06  1.17104E-05
 14346.00000  1.80544E-02  1.56348E-02  1.17039E-03  8.86457E-04  1.87989E-04  1.32395E-04  2.31561E-05  7.51460E-06  1.17077E-05
 14347.00000  1.80505E-02  1.56314E-02  1.17020E-03  8.86247E-04  1.87957E-04  1.32364E-04  2.31521E-05  7.51231E-06  1.17049E-05
 14348.00000  1.80467E-02  1.56280E-02  1.17000E-03  8.86036E-04  1.87925E-04  1.32334E-04  2.31481E-05  7.51002E-06  1.17022E-05
 14349.00000  1.80428E-02  1.56247E-02  1.16980E-03  8.85826E-04  1.87893E-04  1.32303E-04  2.31441E-05  7.50774E-06  1.16995E-05
 14350.00000  1.80390E-02  1.56213E-02  1.16960E-03  8.85616E-04  1.87861E-04  1.32273E-04  2.31402E-05  7.50545E-06  1.16967E-05
 14351.00000  1.80352E-02  1.56180E-02  1.16940E-03  8.85405E-04  1.87829E-04  1.32242E-04  2.31362E-05  7.50317E-06  1.16940E-05
 14352.00000  1.80313E-02  1.56146E-02  1.16920E-03  8.85195E-04  1.87797E-04  1.32211E-04  2.31322E-05  7.50088E-06  1.16913E-05
 14353.00000  1.80275E-02  1.56113E-02  1.16900E-03  8.84985E-04  1.87765E-04  1.32181E-04  2.31282E-05  7.49860E-06  1.16885E-05
 14354.00000  1.80237E-02  1.56079E-02  1.16881E-03  8.84775E-04  1.87733E-04  1.32150E-04  2.31243E-05  7.49631E-06  1.16858E-05
 14355.00000  1.80199E-02  1.56046E-02  1.16861E-03  8.84565E-04  1.87701E-04  1.32120E-04  2.31203E-05  7.49403E-06  1.16831E-05
 14356.00000  1.80161E-02  1.56012E-02  1.16841E-03  8.84355E-04  1.87669E-04  1.32089E-04  2.31163E-05  7.49175E-06  1.16804E-05
 14357.00000  1.80123E-02  1.55979E-02  1.16821E-03  8.84145E-04  1.87638E-04  1.32059E-04  2.31123E-05  7.48947E-06  1.16776E-05
 14358.00000  1.80085E-02  1.55946E-02  1.16801E-03  8.83935E-04  1.87606E-04  1.32028E-04  2.31084E-05  7.48719E-06  1.16749E-05
 14359.00000  1.80047E-02  1.55913E-02  1.16781E-03  8.83725E-04  1.87574E-04  1.31998E-04  2.31044E-05  7.48491E-06  1.16722E-05
 14360.00000  1.80009E-02  1.55880E-02  1.16761E-03  8.83515E-04  1.87542E-04  1.31967E-04  2.31004E-05  7.48263E-06  1.16694E-05
 14361.00000  1.79971E-02  1.55847E-02  1.16742E-03  8.83305E-04  1.87510E-04  1.31937E-04  2.30965E-05  7.48036E-06  1.16667E-05
 14362.00000  1.79934E-02  1.55815E-02  1.16722E-03  8.83096E-04  1.87478E-04  1.31906E-04  2.30925E-05  7.47808E-06  1.16640E-05
 14363.00000  1.79896E-02  1.55782E-02  1.16702E-03  8.82886E-04  1.87446E-04  1.31876E-04  2.30885E-05  7.47581E-06  1.16613E-05
 14364.00000  1.79859E-02  1.55749E-02  1.16682E-03  8.82676E-04  1.87414E-04  1.31845E-04  2.30846E-05  7.47353E-06  1.16586E-05
 14365.00000  1.79822E-02  1.55717E-02  1.16662E-03  8.82467E-04  1.87383E-04  1.31815E-04  2.30806E-05  7.47126E-06  1.16558E-05
 14366.00000  1.79785E-02  1.55685E-02  1.16643E-03  8.82257E-04  1.87351E-04  1.31784E-04  2.30766E-05  7.46898E-06  1.16531E-05
 14367.00000  1.79748E-02  1.55652E-02  1.16623E-03  8.82048E-04  1.87319E-04  1.31754E-04  2.30727E-05  7.46671E-06  1.16504E-05
 14368.00000  1.79711E-02  1.55620E-02  1.16603E-03  8.81838E-04  1.87287E-04  1.31723E-04  2.30687E-05  7.46444E-06  1.16477E-05
 14369.00000  1.79674E-02  1.55588E-02  1.16583E-03  8.81629E-04  1.87255E-04  1.31693E-04  2.30647E-05  7.46217E-06  1.16450E-05
 14370.00000  1.79637E-02  1.55556E-02  1.16563E-03  8.81420E-04  1.87224E-04  1.31663E-04  2.30608E-05  7.45990E-06  1.16422E-05
 14371.00000  1.79601E-02  1.55525E-02  1.16543E-03  8.81211E-04  1.87192E-04  1.31632E-04  2.30568E-05  7.45763E-06  1.16395E-05
 14372.00000  1.79564E-02  1.55493E-02  1.16524E-03  8.81001E-04  1.87160E-04  1.31602E-04  2.30528E-05  7.45536E-06  1.16368E-05
 14373.00000  1.79528E-02  1.55462E-02  1.16504E-03  8.80792E-04  1.87128E-04  1.31571E-04  2.30489E-05  7.45309E-06  1.16341E-05
 14374.00000  1.79492E-02  1.55430E-02  1.16484E-03  8.80583E-04  1.87096E-04  1.31541E-04  2.30449E-05  7.45082E-06  1.16314E-05
 14375.00000  1.79456E-02  1.55399E-02  1.16464E-03  8.80374E-04  1.87065E-04  1.31511E-04  2.30410E-05  7.44855E-06  1.16287E-05
 14376.00000  1.79420E-02  1.55368E-02  1.16445E-03  8.80165E-04  1.87033E-04  1.31480E-04  2.30370E-05  7.44629E-06  1.16259E-05
 14377.00000  1.79385E-02  1.55337E-02  1.16425E-03  8.79956E-04  1.87001E-04  1.31450E-04  2.30330E-05  7.44402E-06  1.16232E-05
 14378.00000  1.79349E-02  1.55306E-02  1.16405E-03  8.79748E-04  1.86969E-04  1.31420E-04  2.30291E-05  7.44176E-06  1.16205E-05
 14379.00000  1.79314E-02  1.55275E-02  1.16385E-03  8.79539E-04  1.86938E-04  1.31389E-04  2.30251E-05  7.43949E-06  1.16178E-05
 14380.00000  1.79278E-02  1.55245E-02  1.16365E-03  8.79330E-04  1.86906E-04  1.31359E-04  2.30212E-05  7.43723E-06  1.16151E-05
 14381.00000  1.79243E-02  1.55215E-02  1.16346E-03  8.79121E-04  1.86874E-04  1.31329E-04  2.30172E-05  7.43497E-06  1.16124E-05
 14382.00000  1.79208E-02  1.55184E-02  1.16326E-03  8.78913E-04  1.86843E-04  1.31299E-04  2.30133E-05  7.43271E-06  1.16097E-05
 14383.00000  1.79173E-02  1.55154E-02  1.16306E-03  8.78704E-04  1.86811E-04  1.31268E-04  2.30093E-05  7.43045E-06  1.16070E-05
 14384.00000  1.79138E-02  1.55124E-02  1.16287E-03  8.78496E-04  1.86779E-04  1.31238E-04  2.30053E-05  7.42818E-06  1.16043E-05
 14385.00000  1.79104E-02  1.55094E-02  1.16267E-03  8.78287E-04  1.86747E-04  1.31208E-04  2.30014E-05  7.42592E-06  1.16016E-05
 14386.00000  1.79069E-02  1.55065E-02  1.16247E-03  8.78079E-04  1.86716E-04  1.31177E-04  2.29974E-05  7.42367E-06  1.15989E-05
 14387.00000  1.79035E-02  1.55035E-02  1.16227E-03  8.77870E-04  1.86684E-04  1.31147E-04  2.29935E-05  7.42141E-06  1.15962E-05
 14388.00000  1.79001E-02  1.55006E-02  1.16208E-03  8.77662E-04  1.86652E-04  1.31117E-04  2.29895E-05  7.41915E-06  1.15935E-05
 14389.00000  1.78967E-02  1.54976E-02  1.16188E-03  8.77454E-04  1.86621E-04  1.31087E-04  2.29856E-05  7.41689E-06  1.15908E-05
 14390.00000  1.78933E-02  1.54947E-02  1.16168E-03  8.77246E-04  1.86589E-04  1.31057E-04  2.29816E-05  7.41464E-06  1.15881E-05
 14391.00000  1.78899E-02  1.54918E-02  1.16148E-03  8.77037E-04  1.86557E-04  1.31026E-04  2.29777E-05  7.41238E-06  1.15854E-05
 14392.00000  1.78865E-02  1.54889E-02  1.16129E-03  8.76829E-04  1.86526E-04  1.30996E-04  2.29737E-05  7.41013E-06  1.15827E-05
 14393.00000  1.78832E-02  1.54860E-02  1.16109E-03  8.76621E-04  1.86494E-04  1.30966E-04  2.29697E-05  7.40787E-06  1.15800E-05
 14394.00000  1.78798E-02  1.54832E-02  1.16089E-03  8.76413E-04  1.86462E-04  1.30936E-04  2.29658E-05  7.40562E-06  1.15773E-05
 14395.00000  1.78765E-02  1.54803E-02  1.16070E-03  8.76205E-04  1.86431E-04  1.30906E-04  2.29618E-05  7.40337E-06  1.15746E-05
 14396.00000  1.78732E-02  1.54775E-02  1.16050E-03  8.75998E-04  1.86399E-04  1.30876E-04  2.29579E-05  7.40112E-06  1.15719E-05
 14397.00000  1.78699E-02  1.54747E-02  1.16030E-03  8.75790E-04  1.86367E-04  1.30845E-04  2.29539E-05  7.39887E-06  1.15692E-05
 14398.00000  1.78666E-02  1.54719E-02  1.16011E-03  8.75582E-04  1.86336E-04  1.30815E-04  2.29500E-05  7.39662E-06  1.15665E-05
 14399.00000  1.78633E-02  1.54691E-02  1.15991E-03  8.75374E-04  1.86304E-04  1.30785E-04  2.29460E-05  7.39437E-06  1.15638E-05
 14400.00000  1.78601E-02  1.54663E-02  1.15971E-03  8.75167E-04  1.86272E-04  1.30755E-04  2.29421E-05  7.39212E-06  1.15611E-05
 14401.00000  1.78568E-02  1.54635E-02  1.15952E-03  8.74959E-04  1.86241E-04  1.30725E-04  2.29381E-05  7.38987E-06  1.15584E-05
 14402.00000  1.78536E-02  1.54607E-02  1.15932E-03  8.74752E-04  1.86209E-04  1.30695E-04  2.29342E-05  7.38762E-06  1.15558E-05
 14403.00000  1.78503E-02  1.54580E-02  1.15913E-03  8.74544E-04  1.86178E-04  1.30665E-04  2.29302E-05  7.38538E-06  1.15531E-05
 14404.00000  1.78471E-02  1.54552E-02  1.15893E-03  8.74337E-04  1.86146E-04  1.30634E-04  2.29263E-05  7.38313E-06  1.15504E-05
 14405.00000  1.78439E-02  1.54525E-02  1.15873E-03  8.74130E-04  1.86114E-04  1.30604E-04  2.29223E-05  7.38089E-06  1.15477E-05
 14406.00000  1.78407E-02  1.54498E-02  1.15854E-03  8.73923E-04  1.86083E-04  1.30574E-04  2.29184E-05  7.37864E-06  1.15450E-05
 14407.00000  1.78375E-02  1.54470E-02  1.15834E-03  8.73715E-04  1.86051E-04  1.30544E-04  2.29144E-05  7.37640E-06  1.15423E-05
 14408.00000  1.78344E-02  1.54443E-02  1.15814E-03  8.73508E-04  1.86020E-04  1.30514E-04  2.29105E-05  7.37416E-06  1.15397E-05
 14409.00000  1.78312E-02  1.54416E-02  1.15795E-03  8.73301E-04  1.85988E-04  1.30484E-04  2.29065E-05  7.37192E-06  1.15370E-05
 14410.00000  1.78280E-02  1.54390E-02  1.15775E-03  8.73094E-04  1.85956E-04  1.30454E-04  2.29026E-05  7.36967E-06  1.15343E-05
 14411.00000  1.78249E-02  1.54363E-02  1.15756E-03  8.72887E-04  1.85925E-04  1.30424E-04  2.28986E-05  7.36743E-06  1.15316E-05
 14412.00000  1.78217E-02  1.54336E-02  1.15736E-03  8.72681E-04  1.85893E-04  1.30394E-04  2.28947E-05  7.36520E-06  1.15289E-05
 14413.00000  1.78186E-02  1.54310E-02  1.15717E-03  8.72474E-04  1.85862E-04  1.30364E-04  2.28907E-05  7.36296E-06  1.15263E-05
 14414.00000  1.78155E-02  1.54283E-02  1.15697E-03  8.72267E-04  1.85830E-04  1.30334E-04  2.28868E-05  7.36072E-06  1.15236E-05
 14415.00000  1.78124E-02  1.54257E-02  1.15677E-03  8.72061E-04  1.85798E-04  1.30304E-04  2.28828E-05  7.35848E-06  1.15209E-05
 14416.00000  1.78093E-02  1.54230E-02  1.15658E-03  8.71854E-04  1.85767E-04  1.30274E-04  2.28789E-05  7.35625E-06  1.15182E-05
 14417.00000  1.78062E-02  1.54204E-02  1.15638E-03  8.71648E-04  1.85735E-04  1.30244E-04  2.28749E-05  7.35401E-06  1.15156E-05
 14418.00000  1.78031E-02  1.54178E-02  1.15619E-03  8.71441E-04  1.85704E-04  1.30214E-04  2.28710E-05  7.35178E-06  1.15129E-05
 14419.00000  1.78000E-02  1.54152E-02  1.15599E-03  8.71235E-04  1.85672E-04  1.30184E-04  2.28671E-05  7.34955E-06  1.15102E-05
 14420.00000  1.77969E-02  1.54126E-02  1.15580E-03  8.71029E-04  1.85641E-04  1.30154E-04  2.28631E-05  7.34731E-06  1.15075E-05
 14421.00000  1.77938E-02  1.54100E-02  1.15560E-03  8.70823E-04  1.85609E-04  1.30124E-04  2.28592E-05  7.34508E-06  1.15049E-05
 14422.00000  1.77908E-02  1.54074E-02  1.15541E-03  8.70616E-04  1.85578E-04  1.30094E-04  2.28552E-05  7.34285E-06  1.15022E-05
 14423.00000  1.77877E-02  1.54048E-02  1.15521E-03  8.70410E-04  1.85546E-04  1.30064E-04  2.28513E-05  7.34062E-06  1.14995E-05
 14424.00000  1.77846E-02  1.54022E-02  1.15502E-03  8.70204E-04  1.85515E-04  1.30034E-04  2.28473E-05  7.33840E-06  1.14969E-05
 14425.00000  1.77816E-02  1.53996E-02  1.15482E-03  8.69999E-04  1.85483E-04  1.30004E-04  2.28434E-05  7.33617E-06  1.14942E-05
 14426.00000  1.77785E-02  1.53970E-02  1.15463E-03  8.69793E-04  1.85452E-04  1.29974E-04  2.28395E-05  7.33394E-06  1.14915E-05
 14427.00000  1.77755E-02  1.53944E-02  1.15443E-03  8.69587E-04  1.85420E-04  1.29944E-04  2.28355E-05  7.33171E-06  1.14889E-05
 14428.00000  1.77724E-02  1.53919E-02  1.15424E-03  8.69381E-04  1.85389E-04  1.29914E-04  2.28316E-05  7.32949E-06  1.14862E-05
 14429.00000  1.77694E-02  1.53893E-02  1.15404E-03  8.69176E-04  1.85357E-04  1.29884E-04  2.28277E-05  7.32727E-06  1.14835E-05
 14430.00000  1.77664E-02  1.53867E-02  1.15385E-03  8.68970E-04  1.85326E-04  1.29854E-04  2.28237E-05  7.32504E-06  1.14809E-05
 14431.00000  1.77633E-02  1.53842E-02  1.15365E-03  8.68765E-04  1.85294E-04  1.29825E-04  2.28198E-05  7.32282E-06  1.14782E-05
 14432.00000  1.77603E-02  1.53816E-02  1.15346E-03  8.68559E-04  1.85263E-04  1.29795E-04  2.28158E-05  7.32060E-06  1.14755E-05
 14433.00000  1.77573E-02  1.53791E-02  1.15326E-03  8.68354E-04  1.85231E-04  1.29765E-04  2.28119E-05  7.31838E-06  1.14729E-05
 14434.00000  1.77543E-02  1.53765E-02  1.15307E-03  8.68149E-04  1.85200E-04  1.29735E-04  2.28080E-05  7.31616E-06  1.14702E-05
 14435.00000  1.77512E-02  1.53740E-02  1.15287E-03  8.67944E-04  1.85169E-04  1.29705E-04  2.28040E-05  7.31394E-06  1.14676E-05
 14436.00000  1.77482E-02  1.53714E-02  1.15268E-03  8.67739E-04  1.85137E-04  1.29675E-04  2.28001E-05  7.31172E-06  1.14649E-05
 14437.00000  1.77452E-02  1.53688E-02  1.15249E-03  8.67534E-04  1.85106E-04  1.29645E-04  2.27962E-05  7.30951E-06  1.14622E-05
 14438.00000  1.77422E-02  1.53663E-02  1.15229E-03  8.67329E-04  1.85074E-04  1.29615E-04  2.27922E-05  7.30729E-06  1.14596E-05
 14439.00000  1.77391E-02  1.53637E-02  1.15210E-03  8.67124E-04  1.85043E-04  1.29586E-04  2.27883E-05  7.30507E-06  1.14569E-05
 14440.00000  1.77361E-02  1.53612E-02  1.15190E-03  8.66919E-04  1.85011E-04  1.29556E-04  2.27844E-05  7.30286E-06  1.14543E-05
 14441.00000  1.77331E-02  1.53586E-02  1.15171E-03  8.66714E-04  1.84980E-04  1.29526E-04  2.27805E-05  7.30065E-06  1.14516E-05
 14442.00000  1.77301E-02  1.53561E-02  1.15151E-03  8.66509E-04  1.84949E-04  1.29496E-04  2.27765E-05  7.29844E-06  1.14489E-05
 14443.00000  1.77270E-02  1.53535E-02  1.15132E-03  8.66305E-04  1.84917E-04  1.29466E-04  2.27726E-05  7.29622E-06  1.14463E-05
 14444.00000  1.77240E-02  1.53510E-02  1.15113E-03  8.66100E-04  1.84886E-04  1.29436E-04  2.27687E-05  7.29401E-06  1.14436E-05
 14445.00000  1.77210E-02  1.53484E-02  1.15093E-03  8.65896E-04  1.84855E-04  1.29407E-04  2.27648E-05  7.29180E-06  1.14410E-05
 14446.00000  1.77180E-02  1.53458E-02  1.15074E-03  8.65691E-04  1.84823E-04  1.29377E-04  2.27608E-05  7.28960E-06  1.14383E-05
 14447.00000  1.77149E-02  1.53433E-02  1.15054E-03  8.65487E-04  1.84792E-04  1.29347E-04  2.27569E-05  7.28739E-06  1.14357E-05
 14448.00000  1.77119E-02  1.53407E-02  1.15035E-03  8.65283E-04  1.84761E-04  1.29317E-04  2.27530E-05  7.28518E-06  1.14330E-05
 14449.00000  1.77089E-02  1.53381E-02  1.15016E-03  8.65079E-04  1.84729E-04  1.29288E-04  2.27491E-05  7.28298E-06  1.14304E-05
 14450.00000  1.77058E-02  1.53356E-02  1.14996E-03  8.64874E-04  1.84698E-04  1.29258E-04  2.27452E-05  7.28077E-06  1.14277E-05
 14451.00000  1.77028E-02  1.53330E-02  1.14977E-03  8.64670E-04  1.84667E-04  1.29228E-04  2.27412E-05  7.27857E-06  1.14251E-05
 14452.00000  1.76997E-02  1.53304E-02  1.14957E-03  8.64466E-04  1.84636E-04  1.29198E-04  2.27373E-05  7.27636E-06  1.14224E-05
 14453.00000  1.76967E-02  1.53278E-02  1.14938E-03  8.64262E-04  1.84604E-04  1.29169E-04  2.27334E-05  7.27416E-06  1.14198E-05
 14454.00000  1.76936E-02  1.53253E-02  1.14919E-03  8.64058E-04  1.84573E-04  1.29139E-04  2.27295E-05  7.27196E-06  1.14171E-05
 14455.00000  1.76906E-02  1.53227E-02  1.14899E-03  8.63855E-04  1.84542E-04  1.29109E-04  2.27256E-05  7.26976E-06  1.14145E-05
 14456.00000  1.76875E-02  1.53201E-02  1.14880E-03  8.63651E-04  1.84511E-04  1.29080E-04  2.27217E-05  7.26756E-06  1.14118E-05
 14457.00000  1.76845E-02  1.53175E-02  1.14860E-03  8.63447E-04  1.84479E-04  1.29050E-04  2.27178E-05  7.26536E-06  1.14092E-05
 14458.00000  1.76814E-02  1.53149E-02  1.14841E-03  8.63244E-04  1.84448E-04  1.29020E-04  2.27139E-05  7.26316E-06  1.14065E-05
 14459.00000  1.76783E-02  1.53123E-02  1.14822E-03  8.63040E-04  1.84417E-04  1.28990E-04  2.27099E-05  7.26097E-06  1.14039E-05
 14460.00000  1.76753E-02  1.53097E-02  1.14802E-03  8.62836E-04  1.84386E-04  1.28961E-04  2.27060E-05  7.25877E-06  1.14012E-05
 14461.00000  1.76722E-02  1.53071E-02  1.14783E-03  8.62633E-04  1.84355E-04  1.28931E-04  2.27021E-05  7.25657E-06  1.13986E-05
 14462.00000  1.76691E-02  1.53045E-02  1.14764E-03  8.62430E-04  1.84323E-04  1.28902E-04  2.26982E-05  7.25438E-06  1.13959E-05
 14463.00000  1.76660E-02  1.53018E-02  1.14744E-03  8.62226E-04  1.84292E-04  1.28872E-04  2.26943E-05  7.25219E-06  1.13933E-05
 14464.00000  1.76629E-02  1.52992E-02  1.14725E-03  8.62023E-04  1.84261E-04  1.28842E-04  2.26904E-05  7.24999E-06  1.13906E-05
 14465.00000  1.76598E-02  1.52966E-02  1.14705E-03  8.61820E-04  1.84230E-04  1.28813E-04  2.26865E-05  7.24780E-06  1.13880E-05
 14466.00000  1.76567E-02  1.52939E-02  1.14686E-03  8.61616E-04  1.84199E-04  1.28783E-04  2.26826E-05  7.24561E-06  1.13854E-05
 14467.00000  1.76536E-02  1.52913E-02  1.14667E-03  8.61413E-04  1.84168E-04  1.28753E-04  2.26787E-05  7.24342E-06  1.13827E-05
 14468.00000  1.76505E-02  1.52886E-02  1.14647E-03  8.61210E-04  1.84137E-04  1.28724E-04  2.26748E-05  7.24123E-06  1.13801E-05
 14469.00000  1.76474E-02  1.52860E-02  1.14628E-03  8.61007E-04  1.84105E-04  1.28694E-04  2.26709E-05  7.23904E-06  1.13774E-05
 14470.00000  1.76442E-02  1.52833E-02  1.14609E-03  8.60804E-04  1.84074E-04  1.28665E-04  2.26670E-05  7.23685E-06  1.13748E-05
 14471.00000  1.76411E-02  1.52807E-02  1.14589E-03  8.60601E-04  1.84043E-04  1.28635E-04  2.26631E-05  7.23467E-06  1.13721E-05
 14472.00000  1.76380E-02  1.52780E-02  1.14570E-03  8.60398E-04  1.84012E-04  1.28606E-04  2.26592E-05  7.23248E-06  1.13695E-05
 14473.00000  1.76348E-02  1.52753E-02  1.14551E-03  8.60196E-04  1.83981E-04  1.28576E-04  2.26553E-05  7.23029E-06  1.13669E-05
 14474.00000  1.76317E-02  1.52726E-02  1.14531E-03  8.59993E-04  1.83950E-04  1.28547E-04  2.26515E-05  7.22811E-06  1.13642E-05
 14475.00000  1.76285E-02  1.52700E-02  1.14512E-03  8.59790E-04  1.83919E-04  1.28517E-04  2.26476E-05  7.22593E-06  1.13616E-05
 14476.00000  1.76254E-02  1.52673E-02  1.14493E-03  8.59587E-04  1.83888E-04  1.28488E-04  2.26437E-05  7.22374E-06  1.13589E-05
 14477.00000  1.76222E-02  1.52646E-02  1.14473E-03  8.59385E-04  1.83857E-04  1.28458E-04  2.26398E-05  7.22156E-06  1.13563E-05
 14478.00000  1.76190E-02  1.52619E-02  1.14454E-03  8.59182E-04  1.83826E-04  1.28429E-04  2.26359E-05  7.21938E-06  1.13537E-05
 14479.00000  1.76159E-02  1.52591E-02  1.14435E-03  8.58980E-04  1.83795E-04  1.28399E-04  2.26320E-05  7.21720E-06  1.13510E-05
 14480.00000  1.76127E-02  1.52564E-02  1.14416E-03  8.58777E-04  1.83764E-04  1.28370E-04  2.26281E-05  7.21502E-06  1.13484E-05
 14481.00000  1.76095E-02  1.52537E-02  1.14396E-03  8.58575E-04  1.83733E-04  1.28340E-04  2.26242E-05  7.21284E-06  1.13458E-05
 14482.00000  1.76063E-02  1.52510E-02  1.14377E-03  8.58373E-04  1.83702E-04  1.28311E-04  2.26204E-05  7.21066E-06  1.13431E-05
 14483.00000  1.76031E-02  1.52482E-02  1.14358E-03  8.58170E-04  1.83671E-04  1.28281E-04  2.26165E-05  7.20848E-06  1.13405E-05
 14484.00000  1.75999E-02  1.52455E-02  1.14338E-03  8.57968E-04  1.83640E-04  1.28252E-04  2.26126E-05  7.20630E-06  1.13379E-05
 14485.00000  1.75967E-02  1.52428E-02  1.14319E-03  8.57766E-04  1.83609E-04  1.28223E-04  2.26087E-05  7.20412E-06  1.13352E-05
 14486.00000  1.75935E-02  1.52400E-02  1.14300E-03  8.57564E-04  1.83578E-04  1.28193E-04  2.26048E-05  7.20195E-06  1.13326E-05
 14487.00000  1.75903E-02  1.52373E-02  1.14280E-03  8.57362E-04  1.83547E-04  1.28164E-04  2.26010E-05  7.19977E-06  1.13300E-05
 14488.00000  1.75870E-02  1.52345E-02  1.14261E-03  8.57159E-04  1.83516E-04  1.28134E-04  2.25971E-05  7.19760E-06  1.13273E-05
 14489.00000  1.75838E-02  1.52317E-02  1.14242E-03  8.56957E-04  1.83485E-04  1.28105E-04  2.25932E-05  7.19542E-06  1.13247E-05
 14490.00000  1.75806E-02  1.52290E-02  1.14223E-03  8.56756E-04  1.83454E-04  1.28076E-04  2.25893E-05  7.19325E-06  1.13221E-05
 14491.00000  1.75773E-02  1.52262E-02  1.14203E-03  8.56554E-04  1.83423E-04  1.28046E-04  2.25854E-05  7.19108E-06  1.13194E-05
 14492.00000  1.75741E-02  1.52234E-02  1.14184E-03  8.56352E-04  1.83392E-04  1.28017E-04  2.25816E-05  7.18891E-06  1.13168E-05
 14493.00000  1.75708E-02  1.52206E-02  1.14165E-03  8.56150E-04  1.83362E-04  1.27988E-04  2.25777E-05  7.18674E-06  1.13142E-05
 14494.00000  1.75676E-02  1.52178E-02  1.14146E-03  8.55948E-04  1.83331E-04  1.27958E-04  2.25738E-05  7.18457E-06  1.13116E-05
 14495.00000  1.75643E-02  1.52150E-02  1.14126E-03  8.55746E-04  1.83300E-04  1.27929E-04  2.25699E-05  7.18240E-06  1.13089E-05
 14496.00000  1.75611E-02  1.52122E-02  1.14107E-03  8.55545E-04  1.83269E-04  1.27900E-04  2.25661E-05  7.18023E-06  1.13063E-05
 14497.00000  1.75578E-02  1.52094E-02  1.14088E-03  8.55343E-04  1.83238E-04  1.27871E-04  2.25622E-05  7.17806E-06  1.13037E-05
 14498.00000  1.75545E-02  1.52066E-02  1.14069E-03  8.55142E-04  1.83207E-04  1.27841E-04  2.25583E-05  7.17589E-06  1.13011E-05
 14499.00000  1.75512E-02  1.52038E-02  1.14049E-03  8.54940E-04  1.83176E-04  1.27812E-04  2.25545E-05  7.17372E-06  1.12984E-05
 14500.00000  1.75480E-02  1.52010E-02  1.14030E-03  8.54739E-04  1.83145E-04  1.27783E-04  2.25506E-05  7.17156E-06  1.12958E-05
 14501.00000  1.75447E-02  1.51981E-02  1.14011E-03  8.54537E-04  1.83114E-04  1.27754E-04  2.25467E-05  7.16939E-06  1.12932E-05
 14502.00000  1.75414E-02  1.51953E-02  1.13992E-03  8.54336E-04  1.83084E-04  1.27724E-04  2.25429E-05  7.16723E-06  1.12906E-05
 14503.00000  1.75381E-02  1.51925E-02  1.13973E-03  8.54135E-04  1.83053E-04  1.27695E-04  2.25390E-05  7.16506E-06  1.12879E-05
 14504.00000  1.75348E-02  1.51897E-02  1.13953E-03  8.53934E-04  1.83022E-04  1.27666E-04  2.25351E-05  7.16290E-06  1.12853E-05
 14505.00000  1.75315E-02  1.51868E-02  1.13934E-03  8.53732E-04  1.82991E-04  1.27637E-04  2.25312E-05  7.16074E-06  1.12827E-05
 14506.00000  1.75282E-02  1.51840E-02  1.13915E-03  8.53531E-04  1.82960E-04  1.27607E-04  2.25274E-05  7.15857E-06  1.12801E-05
 14507.00000  1.75249E-02  1.51811E-02  1.13896E-03  8.53330E-04  1.82929E-04  1.27578E-04  2.25235E-05  7.15641E-06  1.12775E-05
 14508.00000  1.75216E-02  1.51783E-02  1.13877E-03  8.53129E-04  1.82899E-04  1.27549E-04  2.25197E-05  7.15425E-06  1.12749E-05
 14509.00000  1.75183E-02  1.51754E-02  1.13858E-03  8.52928E-04  1.82868E-04  1.27520E-04  2.25158E-05  7.15209E-06  1.12722E-05
 14510.00000  1.75149E-02  1.51726E-02  1.13838E-03  8.52727E-04  1.82837E-04  1.27491E-04  2.25119E-05  7.14993E-06  1.12696E-05
 14511.00000  1.75116E-02  1.51697E-02  1.13819E-03  8.52527E-04  1.82806E-04  1.27461E-04  2.25081E-05  7.14777E-06  1.12670E-05
 14512.00000  1.75083E-02  1.51669E-02  1.13800E-03  8.52326E-04  1.82775E-04  1.27432E-04  2.25042E-05  7.14561E-06  1.12644E-05
 14513.00000  1.75050E-02  1.51640E-02  1.13781E-03  8.52125E-04  1.82745E-04  1.27403E-04  2.25003E-05  7.14346E-06  1.12618E-05
 14514.00000  1.75017E-02  1.51611E-02  1.13762E-03  8.51924E-04  1.82714E-04  1.27374E-04  2.24965E-05  7.14130E-06  1.12592E-05
 14515.00000  1.74983E-02  1.51583E-02  1.13743E-03  8.51724E-04  1.82683E-04  1.27345E-04  2.24926E-05  7.13914E-06  1.12566E-05
 14516.00000  1.74950E-02  1.51554E-02  1.13723E-03  8.51523E-04  1.82652E-04  1.27316E-04  2.24887E-05  7.13699E-06  1.12540E-05
 14517.00000  1.74917E-02  1.51525E-02  1.13704E-03  8.51323E-04  1.82621E-04  1.27287E-04  2.24849E-05  7.13483E-06  1.12514E-05
 14518.00000  1.74884E-02  1.51497E-02  1.13685E-03  8.51122E-04  1.82591E-04  1.27258E-04  2.24810E-05  7.13268E-06  1.12488E-05
 14519.00000  1.74850E-02  1.51468E-02  1.13666E-03  8.50922E-04  1.82560E-04  1.27228E-04  2.24772E-05  7.13053E-06  1.12462E-05
 14520.00000  1.74817E-02  1.51439E-02  1.13647E-03  8.50722E-04  1.82529E-04  1.27199E-04  2.24733E-05  7.12837E-06  1.12436E-05
 14521.00000  1.74784E-02  1.51410E-02  1.13628E-03  8.50522E-04  1.82498E-04  1.27170E-04  2.24695E-05  7.12622E-06  1.12410E-05
 14522.00000  1.74750E-02  1.51382E-02  1.13609E-03  8.50321E-04  1.82467E-04  1.27141E-04  2.24656E-05  7.12407E-06  1.12384E-05
 14523.00000  1.74717E-02  1.51353E-02  1.13590E-03  8.50121E-04  1.82437E-04  1.27112E-04  2.24617E-05  7.12192E-06  1.12358E-05
 14524.00000  1.74684E-02  1.51324E-02  1.13571E-03  8.49921E-04  1.82406E-04  1.27083E-04  2.24579E-05  7.11977E-06  1.12332E-05
 14525.00000  1.74650E-02  1.51295E-02  1.13552E-03  8.49721E-04  1.82375E-04  1.27054E-04  2.24540E-05  7.11762E-06  1.12306E-05
 14526.00000  1.74617E-02  1.51267E-02  1.13533E-03  8.49521E-04  1.82344E-04  1.27025E-04  2.24502E-05  7.11547E-06  1.12280E-05
 14527.00000  1.74584E-02  1.51238E-02  1.13513E-03  8.49322E-04  1.82314E-04  1.26996E-04  2.24463E-05  7.11333E-06  1.12254E-05
 14528.00000  1.74550E-02  1.51209E-02  1.13494E-03  8.49122E-04  1.82283E-04  1.26967E-04  2.24425E-05  7.11118E-06  1.12228E-05
 14529.00000  1.74517E-02  1.51181E-02  1.13475E-03  8.48922E-04  1.82252E-04  1.26938E-04  2.24386E-05  7.10903E-06  1.12202E-05
 14530.00000  1.74484E-02  1.51152E-02  1.13456E-03  8.48723E-04  1.82222E-04  1.26909E-04  2.24348E-05  7.10689E-06  1.12176E-05
 14531.00000  1.74450E-02  1.51123E-02  1.13437E-03  8.48523E-04  1.82191E-04  1.26880E-04  2.24309E-05  7.10475E-06  1.12150E-05
 14532.00000  1.74417E-02  1.51094E-02  1.13418E-03  8.48324E-04  1.82160E-04  1.26851E-04  2.24270E-05  7.10260E-06  1.12124E-05
 14533.00000  1.74384E-02  1.51066E-02  1.13399E-03  8.48124E-04  1.82129E-04  1.26822E-04  2.24232E-05  7.10046E-06  1.12098E-05
 14534.00000  1.74350E-02  1.51037E-02  1.13380E-03  8.47925E-04  1.82099E-04  1.26793E-04  2.24193E-05  7.09832E-06  1.12072E-05
 14535.00000  1.74317E-02  1.51008E-02  1.13361E-03  8.47726E-04  1.82068E-04  1.26764E-04  2.24155E-05  7.09618E-06  1.12046E-05
 14536.00000  1.74284E-02  1.50980E-02  1.13342E-03  8.47526E-04  1.82037E-04  1.26735E-04  2.24116E-05  7.09404E-06  1.12021E-05
 14537.00000  1.74251E-02  1.50951E-02  1.13323E-03  8.47327E-04  1.82007E-04  1.26706E-04  2.24078E-05  7.09190E-06  1.11995E-05
 14538.00000  1.74217E-02  1.50922E-02  1.13304E-03  8.47128E-04  1.81976E-04  1.26677E-04  2.24039E-05  7.08976E-06  1.11969E-05
 14539.00000  1.74184E-02  1.50894E-02  1.13285E-03  8.46929E-04  1.81945E-04  1.26648E-04  2.24001E-05  7.08762E-06  1.11943E-05
 14540.00000  1.74151E-02  1.50865E-02  1.13266E-03  8.46730E-04  1.81914E-04  1.26619E-04  2.23963E-05  7.08548E-06  1.11917E-05
 14541.00000  1.74118E-02  1.50836E-02  1.13247E-03  8.46531E-04  1.81884E-04  1.26590E-04  2.23924E-05  7.08335E-06  1.11891E-05
 14542.00000  1.74085E-02  1.50808E-02  1.13228E-03  8.46333E-04  1.81853E-04  1.26561E-04  2.23886E-05  7.08121E-06  1.11866E-05
 14543.00000  1.74052E-02  1.50779E-02  1.13209E-03  8.46134E-04  1.81822E-04  1.26532E-04  2.23847E-05  7.07908E-06  1.11840E-05
 14544.00000  1.74019E-02  1.50751E-02  1.13190E-03  8.45935E-04  1.81792E-04  1.26503E-04  2.23809E-05  7.07694E-06  1.11814E-05
 14545.00000  1.73986E-02  1.50722E-02  1.13171E-03  8.45737E-04  1.81761E-04  1.26474E-04  2.23770E-05  7.07481E-06  1.11788E-05
 14546.00000  1.73953E-02  1.50694E-02  1.13152E-03  8.45538E-04  1.81731E-04  1.26445E-04  2.23732E-05  7.07268E-06  1.11763E-05
 14547.00000  1.73920E-02  1.50666E-02  1.13133E-03  8.45340E-04  1.81700E-04  1.26416E-04  2.23694E-05  7.07055E-06  1.11737E-05
 14548.00000  1.73887E-02  1.50637E-02  1.13114E-03  8.45141E-04  1.81669E-04  1.26388E-04  2.23655E-05  7.06842E-06  1.11711E-05
 14549.00000  1.73854E-02  1.50609E-02  1.13095E-03  8.44943E-04  1.81639E-04  1.26359E-04  2.23617E-05  7.06629E-06  1.11685E-05
 14550.00000  1.73821E-02  1.50581E-02  1.13076E-03  8.44745E-04  1.81608E-04  1.26330E-04  2.23578E-05  7.06416E-06  1.11660E-05
 14551.00000  1.73788E-02  1.50552E-02  1.13057E-03  8.44546E-04  1.81577E-04  1.26301E-04  2.23540E-05  7.06203E-06  1.11634E-05
 14552.00000  1.73755E-02  1.50524E-02  1.13039E-03  8.44348E-04  1.81547E-04  1.26272E-04  2.23502E-05  7.05991E-06  1.11608E-05
 14553.00000  1.73723E-02  1.50496E-02  1.13020E-03  8.44150E-04  1.81516E-04  1.26243E-04  2.23463E-05  7.05778E-06  1.11583E-05
 14554.00000  1.73690E-02  1.50468E-02  1.13001E-03  8.43952E-04  1.81486E-04  1.26214E-04  2.23425E-05  7.05566E-06  1.11557E-05
 14555.00000  1.73657E-02  1.50440E-02  1.12982E-03  8.43754E-04  1.81455E-04  1.26185E-04  2.23387E-05  7.05353E-06  1.11531E-05
 14556.00000  1.73625E-02  1.50412E-02  1.12963E-03  8.43557E-04  1.81424E-04  1.26157E-04  2.23348E-05  7.05141E-06  1.11506E-05
 14557.00000  1.73592E-02  1.50384E-02  1.12944E-03  8.43359E-04  1.81394E-04  1.26128E-04  2.23310E-05  7.04929E-06  1.11480E-05
 14558.00000  1.73560E-02  1.50356E-02  1.12925E-03  8.43161E-04  1.81363E-04  1.26099E-04  2.23272E-05  7.04716E-06  1.11454E-05
 14559.00000  1.73527E-02  1.50328E-02  1.12906E-03  8.42964E-04  1.81333E-04  1.26070E-04  2.23233E-05  7.04504E-06  1.11429E-05
 14560.00000  1.73495E-02  1.50300E-02  1.12887E-03  8.42766E-04  1.81302E-04  1.26041E-04  2.23195E-05  7.04292E-06  1.11403E-05
 14561.00000  1.73462E-02  1.50272E-02  1.12868E-03  8.42568E-04  1.81272E-04  1.26012E-04  2.23157E-05  7.04081E-06  1.11378E-05
 14562.00000  1.73430E-02  1.50244E-02  1.12849E-03  8.42371E-04  1.81241E-04  1.25984E-04  2.23119E-05  7.03869E-06  1.11352E-05
 14563.00000  1.73398E-02  1.50216E-02  1.12830E-03  8.42174E-04  1.81211E-04  1.25955E-04  2.23080E-05  7.03657E-06  1.11327E-05
 14564.00000  1.73365E-02  1.50189E-02  1.12812E-03  8.41976E-04  1.81180E-04  1.25926E-04  2.23042E-05  7.03445E-06  1.11301E-05
 14565.00000  1.73333E-02  1.50161E-02  1.12793E-03  8.41779E-04  1.81150E-04  1.25897E-04  2.23004E-05  7.03234E-06  1.11276E-05
 14566.00000  1.73301E-02  1.50133E-02  1.12774E-03  8.41582E-04  1.81119E-04  1.25868E-04  2.22966E-05  7.03022E-06  1.11250E-05
 14567.00000  1.73269E-02  1.50106E-02  1.12755E-03  8.41385E-04  1.81089E-04  1.25840E-04  2.22928E-05  7.02811E-06  1.11224E-05
 14568.00000  1.73237E-02  1.50078E-02  1.12736E-03  8.41188E-04  1.81058E-04  1.25811E-04  2.22889E-05  7.02600E-06  1.11199E-05
 14569.00000  1.73205E-02  1.50051E-02  1.12717E-03  8.40991E-04  1.81028E-04  1.25782E-04  2.22851E-05  7.02389E-06  1.11174E-05
 14570.00000  1.73173E-02  1.50023E-02  1.12698E-03  8.40794E-04  1.80997E-04  1.25754E-04  2.22813E-05  7.02178E-06  1.11148E-05
 14571.00000  1.73141E-02  1.49996E-02  1.12679E-03  8.40597E-04  1.80967E-04  1.25725E-04  2.22775E-05  7.01967E-06  1.11123E-05
 14572.00000  1.73109E-02  1.49969E-02  1.12660E-03  8.40400E-04  1.80937E-04  1.25696E-04  2.22737E-05  7.01756E-06  1.11097E-05
 14573.00000  1.73077E-02  1.49942E-02  1.12642E-03  8.40203E-04  1.80906E-04  1.25667E-04  2.22699E-05  7.01545E-06  1.11072E-05
 14574.00000  1.73046E-02  1.49914E-02  1.12623E-03  8.40006E-04  1.80876E-04  1.25639E-04  2.22661E-05  7.01334E-06  1.11046E-05
 14575.00000  1.73014E-02  1.49887E-02  1.12604E-03  8.39810E-04  1.80845E-04  1.25610E-04  2.22623E-05  7.01123E-06  1.11021E-05
 14576.00000  1.72982E-02  1.49860E-02  1.12585E-03  8.39613E-04  1.80815E-04  1.25581E-04  2.22585E-05  7.00913E-06  1.10995E-05
 14577.00000  1.72951E-02  1.49833E-02  1.12566E-03  8.39416E-04  1.80785E-04  1.25553E-04  2.22547E-05  7.00702E-06  1.10970E-05
 14578.00000  1.72919E-02  1.49806E-02  1.12547E-03  8.39220E-04  1.80754E-04  1.25524E-04  2.22508E-05  7.00492E-06  1.10945E-05
 14579.00000  1.72888E-02  1.49779E-02  1.12528E-03  8.39023E-04  1.80724E-04  1.25495E-04  2.22470E-05  7.00281E-06  1.10919E-05
 14580.00000  1.72856E-02  1.49752E-02  1.12509E-03  8.38827E-04  1.80694E-04  1.25467E-04  2.22432E-05  7.00071E-06  1.10894E-05
 14581.00000  1.72825E-02  1.49725E-02  1.12491E-03  8.38631E-04  1.80663E-04  1.25438E-04  2.22394E-05  6.99861E-06  1.10868E-05
 14582.00000  1.72794E-02  1.49699E-02  1.12472E-03  8.38434E-04  1.80633E-04  1.25409E-04  2.22356E-05  6.99651E-06  1.10843E-05
 14583.00000  1.72762E-02  1.49672E-02  1.12453E-03  8.38238E-04  1.80603E-04  1.25381E-04  2.22318E-05  6.99441E-06  1.10818E-05
 14584.00000  1.72731E-02  1.49645E-02  1.12434E-03  8.38042E-04  1.80572E-04  1.25352E-04  2.22281E-05  6.99231E-06  1.10792E-05
 14585.00000  1.72700E-02  1.49618E-02  1.12415E-03  8.37846E-04  1.80542E-04  1.25324E-04  2.22243E-05  6.99021E-06  1.10767E-05
 14586.00000  1.72669E-02  1.49592E-02  1.12396E-03  8.37650E-04  1.80512E-04  1.25295E-04  2.22205E-05  6.98811E-06  1.10742E-05
 14587.00000  1.72638E-02  1.49565E-02  1.12378E-03  8.37454E-04  1.80481E-04  1.25266E-04  2.22167E-05  6.98602E-06  1.10716E-05
 14588.00000  1.72607E-02  1.49539E-02  1.12359E-03  8.37258E-04  1.80451E-04  1.25238E-04  2.22129E-05  6.98392E-06  1.10691E-05
 14589.00000  1.72576E-02  1.49512E-02  1.12340E-03  8.37062E-04  1.80421E-04  1.25209E-04  2.22091E-05  6.98182E-06  1.10666E-05
 14590.00000  1.72545E-02  1.49486E-02  1.12321E-03  8.36866E-04  1.80391E-04  1.25181E-04  2.22053E-05  6.97973E-06  1.10641E-05
 14591.00000  1.72514E-02  1.49460E-02  1.12302E-03  8.36670E-04  1.80360E-04  1.25152E-04  2.22015E-05  6.97764E-06  1.10615E-05
 14592.00000  1.72483E-02  1.49433E-02  1.12283E-03  8.36474E-04  1.80330E-04  1.25124E-04  2.21977E-05  6.97554E-06  1.10590E-05
 14593.00000  1.72453E-02  1.49407E-02  1.12265E-03  8.36278E-04  1.80300E-04  1.25095E-04  2.21940E-05  6.97345E-06  1.10565E-05
 14594.00000  1.72422E-02  1.49381E-02  1.12246E-03  8.36083E-04  1.80270E-04  1.25067E-04  2.21902E-05  6.97136E-06  1.10540E-05
 14595.00000  1.72391E-02  1.49355E-02  1.12227E-03  8.35887E-04  1.80239E-04  1.25038E-04  2.21864E-05  6.96927E-06  1.10514E-05
 14596.00000  1.72361E-02  1.49329E-02  1.12208E-03  8.35691E-04  1.80209E-04  1.25010E-04  2.21826E-05  6.96718E-06  1.10489E-05
 14597.00000  1.72330E-02  1.49303E-02  1.12189E-03  8.35496E-04  1.80179E-04  1.24981E-04  2.21788E-05  6.96509E-06  1.10464E-05
 14598.00000  1.72300E-02  1.49277E-02  1.12171E-03  8.35300E-04  1.80149E-04  1.24953E-04  2.21751E-05  6.96300E-06  1.10439E-05
 14599.00000  1.72269E-02  1.49251E-02  1.12152E-03  8.35105E-04  1.80119E-04  1.24924E-04  2.21713E-05  6.96091E-06  1.10414E-05
 14600.00000  1.72239E-02  1.49225E-02  1.12133E-03  8.34909E-04  1.80089E-04  1.24896E-04  2.21675E-05  6.95882E-06  1.10389E-05
 14601.00000  1.72209E-02  1.49199E-02  1.12114E-03  8.34714E-04  1.80058E-04  1.24867E-04  2.21637E-05  6.95674E-06  1.10363E-05
 14602.00000  1.72178E-02  1.49173E-02  1.12095E-03  8.34519E-04  1.80028E-04  1.24839E-04  2.21600E-05  6.95465E-06  1.10338E-05
 14603.00000  1.72148E-02  1.49148E-02  1.12077E-03  8.34323E-04  1.79998E-04  1.24810E-04  2.21562E-05  6.95256E-06  1.10313E-05
 14604.00000  1.72118E-02  1.49122E-02  1.12058E-03  8.34128E-04  1.79968E-04  1.24782E-04  2.21524E-05  6.95048E-06  1.10288E-05
 14605.00000  1.72088E-02  1.49096E-02  1.12039E-03  8.33933E-04  1.79938E-04  1.24754E-04  2.21486E-05  6.94840E-06  1.10263E-05
 14606.00000  1.72057E-02  1.49071E-02  1.12020E-03  8.33738E-04  1.79908E-04  1.24725E-04  2.21449E-05  6.94631E-06  1.10238E-05
 14607.00000  1.72027E-02  1.49045E-02  1.12002E-03  8.33543E-04  1.79878E-04  1.24697E-04  2.21411E-05  6.94423E-06  1.10213E-05
 14608.00000  1.71997E-02  1.49019E-02  1.11983E-03  8.33348E-04  1.79847E-04  1.24668E-04  2.21373E-05  6.94215E-06  1.10188E-05
 14609.00000  1.71967E-02  1.48994E-02  1.11964E-03  8.33153E-04  1.79817E-04  1.24640E-04  2.21336E-05  6.94007E-06  1.10163E-05
 14610.00000  1.71937E-02  1.48968E-02  1.11945E-03  8.32958E-04  1.79787E-04  1.24612E-04  2.21298E-05  6.93799E-06  1.10138E-05
 14611.00000  1.71907E-02  1.48943E-02  1.11927E-03  8.32763E-04  1.79757E-04  1.24583E-04  2.21260E-05  6.93591E-06  1.10113E-05
 14612.00000  1.71877E-02  1.48918E-02  1.11908E-03  8.32568E-04  1.79727E-04  1.24555E-04  2.21223E-05  6.93383E-06  1.10088E-05
 14613.00000  1.71848E-02  1.48892E-02  1.11889E-03  8.32373E-04  1.79697E-04  1.24527E-04  2.21185E-05  6.93175E-06  1.10063E-05
 14614.00000  1.71818E-02  1.48867E-02  1.11870E-03  8.32179E-04  1.79667E-04  1.24498E-04  2.21148E-05  6.92967E-06  1.10038E-05
 14615.00000  1.71788E-02  1.48842E-02  1.11852E-03  8.31984E-04  1.79637E-04  1.24470E-04  2.21110E-05  6.92759E-06  1.10013E-05
 14616.00000  1.71758E-02  1.48816E-02  1.11833E-03  8.31789E-04  1.79607E-04  1.24442E-04  2.21072E-05  6.92552E-06  1.09988E-05
 14617.00000  1.71729E-02  1.48791E-02  1.11814E-03  8.31595E-04  1.79577E-04  1.24414E-04  2.21035E-05  6.92344E-06  1.09963E-05
 14618.00000  1.71699E-02  1.48766E-02  1.11795E-03  8.31400E-04  1.79547E-04  1.24385E-04  2.20997E-05  6.92136E-06  1.09938E-05
 14619.00000  1.71669E-02  1.48741E-02  1.11777E-03  8.31206E-04  1.79517E-04  1.24357E-04  2.20960E-05  6.91929E-06  1.09913E-05
 14620.00000  1.71640E-02  1.48716E-02  1.11758E-03  8.31011E-04  1.79487E-04  1.24329E-04  2.20922E-05  6.91721E-06  1.09888E-05
 14621.00000  1.71610E-02  1.48690E-02  1.11739E-03  8.30817E-04  1.79457E-04  1.24301E-04  2.20885E-05  6.91514E-06  1.09863E-05
 14622.00000  1.71580E-02  1.48665E-02  1.11721E-03  8.30623E-04  1.79427E-04  1.24272E-04  2.20847E-05  6.91307E-06  1.09838E-05
 14623.00000  1.71551E-02  1.48640E-02  1.11702E-03  8.30428E-04  1.79397E-04  1.24244E-04  2.20810E-05  6.91100E-06  1.09813E-05
 14624.00000  1.71521E-02  1.48615E-02  1.11683E-03  8.30234E-04  1.79367E-04  1.24216E-04  2.20772E-05  6.90892E-06  1.09788E-05
 14625.00000  1.71492E-02  1.48590E-02  1.11665E-03  8.30040E-04  1.79337E-04  1.24188E-04  2.20735E-05  6.90685E-06  1.09763E-05
 14626.00000  1.71462E-02  1.48565E-02  1.11646E-03  8.29846E-04  1.79307E-04  1.24159E-04  2.20697E-05  6.90478E-06  1.09738E-05
 14627.00000  1.71433E-02  1.48540E-02  1.11627E-03  8.29652E-04  1.79277E-04  1.24131E-04  2.20660E-05  6.90271E-06  1.09714E-05
 14628.00000  1.71404E-02  1.48515E-02  1.11609E-03  8.29458E-04  1.79247E-04  1.24103E-04  2.20622E-05  6.90064E-06  1.09689E-05
 14629.00000  1.71374E-02  1.48490E-02  1.11590E-03  8.29264E-04  1.79217E-04  1.24075E-04  2.20585E-05  6.89858E-06  1.09664E-05
 14630.00000  1.71345E-02  1.48465E-02  1.11571E-03  8.29070E-04  1.79187E-04  1.24047E-04  2.20547E-05  6.89651E-06  1.09639E-05
 14631.00000  1.71315E-02  1.48441E-02  1.11553E-03  8.28876E-04  1.79157E-04  1.24018E-04  2.20510E-05  6.89444E-06  1.09614E-05
 14632.00000  1.71286E-02  1.48416E-02  1.11534E-03  8.28682E-04  1.79127E-04  1.23990E-04  2.20472E-05  6.89237E-06  1.09590E-05
 14633.00000  1.71257E-02  1.48391E-02  1.11516E-03  8.28489E-04  1.79097E-04  1.23962E-04  2.20435E-05  6.89031E-06  1.09565E-05
 14634.00000  1.71228E-02  1.48366E-02  1.11497E-03  8.28295E-04  1.79067E-04  1.23934E-04  2.20398E-05  6.88824E-06  1.09540E-05
 14635.00000  1.71198E-02  1.48341E-02  1.11478E-03  8.28102E-04  1.79037E-04  1.23906E-04  2.20360E-05  6.88618E-06  1.09515E-05
 14636.00000  1.71169E-02  1.48316E-02  1.11460E-03  8.27908E-04  1.79007E-04  1.23878E-04  2.20323E-05  6.88412E-06  1.09491E-05
 14637.00000  1.71140E-02  1.48292E-02  1.11441E-03  8.27715E-04  1.78977E-04  1.23850E-04  2.20285E-05  6.88205E-06  1.09466E-05
 14638.00000  1.71110E-02  1.48267E-02  1.11423E-03  8.27521E-04  1.78947E-04  1.23821E-04  2.20248E-05  6.87999E-06  1.09441E-05
 14639.00000  1.71081E-02  1.48242E-02  1.11404E-03  8.27328E-04  1.78917E-04  1.23793E-04  2.20210E-05  6.87793E-06  1.09416E-05
 14640.00000  1.71052E-02  1.48217E-02  1.11385E-03  8.27135E-04  1.78887E-04  1.23765E-04  2.20173E-05  6.87587E-06  1.09392E-05
 14641.00000  1.71023E-02  1.48193E-02  1.11367E-03  8.26942E-04  1.78857E-04  1.23737E-04  2.20136E-05  6.87381E-06  1.09367E-05
 14642.00000  1.70994E-02  1.48168E-02  1.11348E-03  8.26748E-04  1.78827E-04  1.23709E-04  2.20098E-05  6.87175E-06  1.09342E-05
 14643.00000  1.70964E-02  1.48143E-02  1.11330E-03  8.26555E-04  1.78797E-04  1.23681E-04  2.20061E-05  6.86969E-06  1.09318E-05
 14644.00000  1.70935E-02  1.48118E-02  1.11311E-03  8.26362E-04  1.78767E-04  1.23653E-04  2.20024E-05  6.86763E-06  1.09293E-05
 14645.00000  1.70906E-02  1.48094E-02  1.11293E-03  8.26169E-04  1.78737E-04  1.23625E-04  2.19986E-05  6.86557E-06  1.09268E-05
 14646.00000  1.70877E-02  1.48069E-02  1.11274E-03  8.25977E-04  1.78708E-04  1.23597E-04  2.19949E-05  6.86352E-06  1.09244E-05
 14647.00000  1.70848E-02  1.48044E-02  1.11255E-03  8.25784E-04  1.78678E-04  1.23569E-04  2.19912E-05  6.86146E-06  1.09219E-05
 14648.00000  1.70819E-02  1.48019E-02  1.11237E-03  8.25591E-04  1.78648E-04  1.23541E-04  2.19874E-05  6.85941E-06  1.09195E-05
 14649.00000  1.70789E-02  1.47995E-02  1.11218E-03  8.25398E-04  1.78618E-04  1.23513E-04  2.19837E-05  6.85735E-06  1.09170E-05
 14650.00000  1.70760E-02  1.47970E-02  1.11200E-03  8.25206E-04  1.78588E-04  1.23485E-04  2.19800E-05  6.85530E-06  1.09145E-05
 14651.00000  1.70731E-02  1.47945E-02  1.11181E-03  8.25013E-04  1.78558E-04  1.23457E-04  2.19762E-05  6.85324E-06  1.09121E-05
 14652.00000  1.70702E-02  1.47921E-02  1.11163E-03  8.24821E-04  1.78528E-04  1.23429E-04  2.19725E-05  6.85119E-06  1.09096E-05
 14653.00000  1.70673E-02  1.47896E-02  1.11144E-03  8.24628E-04  1.78498E-04  1.23401E-04  2.19688E-05  6.84914E-06  1.09072E-05
 14654.00000  1.70644E-02  1.47871E-02  1.11126E-03  8.24436E-04  1.78468E-04  1.23373E-04  2.19650E-05  6.84709E-06  1.09047E-05
 14655.00000  1.70614E-02  1.47846E-02  1.11107E-03  8.24244E-04  1.78438E-04  1.23344E-04  2.19613E-05  6.84504E-06  1.09023E-05
 14656.00000  1.70585E-02  1.47822E-02  1.11089E-03  8.24052E-04  1.78409E-04  1.23316E-04  2.19576E-05  6.84299E-06  1.08998E-05
 14657.00000  1.70556E-02  1.47797E-02  1.11070E-03  8.23859E-04  1.78379E-04  1.23289E-04  2.19539E-05  6.84094E-06  1.08974E-05
 14658.00000  1.70527E-02  1.47772E-02  1.11052E-03  8.23667E-04  1.78349E-04  1.23261E-04  2.19501E-05  6.83889E-06  1.08949E-05
 14659.00000  1.70498E-02  1.47747E-02  1.11033E-03  8.23475E-04  1.78319E-04  1.23233E-04  2.19464E-05  6.83685E-06  1.08925E-05
 14660.00000  1.70469E-02  1.47723E-02  1.11015E-03  8.23283E-04  1.78289E-04  1.23205E-04  2.19427E-05  6.83480E-06  1.08900E-05
 14661.00000  1.70439E-02  1.47698E-02  1.10996E-03  8.23092E-04  1.78259E-04  1.23177E-04  2.19390E-05  6.83275E-06  1.08876E-05
 14662.00000  1.70410E-02  1.47673E-02  1.10978E-03  8.22900E-04  1.78229E-04  1.23149E-04  2.19353E-05  6.83071E-06  1.08852E-05
 14663.00000  1.70381E-02  1.47648E-02  1.10959E-03  8.22708E-04  1.78200E-04  1.23121E-04  2.19315E-05  6.82867E-06  1.08827E-05
 14664.00000  1.70352E-02  1.47624E-02  1.10941E-03  8.22516E-04  1.78170E-04  1.23093E-04  2.19278E-05  6.82662E-06  1.08803E-05
 14665.00000  1.70323E-02  1.47599E-02  1.10922E-03  8.22325E-04  1.78140E-04  1.23065E-04  2.19241E-05  6.82458E-06  1.08778E-05
 14666.00000  1.70293E-02  1.47574E-02  1.10904E-03  8.22133E-04  1.78110E-04  1.23037E-04  2.19204E-05  6.82254E-06  1.08754E-05
 14667.00000  1.70264E-02  1.47549E-02  1.10886E-03  8.21942E-04  1.78080E-04  1.23009E-04  2.19167E-05  6.82050E-06  1.08729E-05
 14668.00000  1.70235E-02  1.47524E-02  1.10867E-03  8.21750E-04  1.78051E-04  1.22981E-04  2.19130E-05  6.81846E-06  1.08705E-05
 14669.00000  1.70206E-02  1.47499E-02  1.10849E-03  8.21559E-04  1.78021E-04  1.22953E-04  2.19092E-05  6.81642E-06  1.08681E-05
 14670.00000  1.70176E-02  1.47475E-02  1.10830E-03  8.21368E-04  1.77991E-04  1.22925E-04  2.19055E-05  6.81438E-06  1.08656E-05
 14671.00000  1.70147E-02  1.47450E-02  1.10812E-03  8.21177E-04  1.77961E-04  1.22897E-04  2.19018E-05  6.81234E-06  1.08632E-05
 14672.00000  1.70118E-02  1.47425E-02  1.10793E-03  8.20985E-04  1.77931E-04  1.22869E-04  2.18981E-05  6.81031E-06  1.08608E-05
 14673.00000  1.70088E-02  1.47400E-02  1.10775E-03  8.20794E-04  1.77902E-04  1.22842E-04  2.18944E-05  6.80827E-06  1.08583E-05
 14674.00000  1.70059E-02  1.47375E-02  1.10756E-03  8.20603E-04  1.77872E-04  1.22814E-04  2.18907E-05  6.80624E-06  1.08559E-05
 14675.00000  1.70030E-02  1.47350E-02  1.10738E-03  8.20412E-04  1.77842E-04  1.22786E-04  2.18870E-05  6.80420E-06  1.08535E-05
 14676.00000  1.70000E-02  1.47325E-02  1.10720E-03  8.20221E-04  1.77812E-04  1.22758E-04  2.18833E-05  6.80217E-06  1.08510E-05
 14677.00000  1.69971E-02  1.47300E-02  1.10701E-03  8.20031E-04  1.77783E-04  1.22730E-04  2.18796E-05  6.80014E-06  1.08486E-05
 14678.00000  1.69942E-02  1.47275E-02  1.10683E-03  8.19840E-04  1.77753E-04  1.22702E-04  2.18759E-05  6.79811E-06  1.08462E-05
 14679.00000  1.69912E-02  1.47250E-02  1.10664E-03  8.19649E-04  1.77723E-04  1.22674E-04  2.18722E-05  6.79608E-06  1.08438E-05
 14680.00000  1.69883E-02  1.47225E-02  1.10646E-03  8.19458E-04  1.77693E-04  1.22647E-04  2.18685E-05  6.79405E-06  1.08413E-05
 14681.00000  1.69853E-02  1.47200E-02  1.10627E-03  8.19268E-04  1.77664E-04  1.22619E-04  2.18648E-05  6.79202E-06  1.08389E-05
 14682.00000  1.69824E-02  1.47175E-02  1.10609E-03  8.19077E-04  1.77634E-04  1.22591E-04  2.18611E-05  6.78999E-06  1.08365E-05
 14683.00000  1.69795E-02  1.47150E-02  1.10591E-03  8.18887E-04  1.77604E-04  1.22563E-04  2.18574E-05  6.78796E-06  1.08340E-05
 14684.00000  1.69765E-02  1.47125E-02  1.10572E-03  8.18696E-04  1.77575E-04  1.22535E-04  2.18537E-05  6.78593E-06  1.08316E-05
 14685.00000  1.69736E-02  1.47100E-02  1.10554E-03  8.18506E-04  1.77545E-04  1.22507E-04  2.18500E-05  6.78391E-06  1.08292E-05
 14686.00000  1.69706E-02  1.47075E-02  1.10535E-03  8.18316E-04  1.77515E-04  1.22480E-04  2.18463E-05  6.78188E-06  1.08268E-05
 14687.00000  1.69676E-02  1.47050E-02  1.10517E-03  8.18125E-04  1.77486E-04  1.22452E-04  2.18426E-05  6.77986E-06  1.08244E-05
 14688.00000  1.69647E-02  1.47025E-02  1.10499E-03  8.17935E-04  1.77456E-04  1.22424E-04  2.18389E-05  6.77784E-06  1.08219E-05
 14689.00000  1.69617E-02  1.46999E-02  1.10480E-03  8.17745E-04  1.77426E-04  1.22396E-04  2.18352E-05  6.77581E-06  1.08195E-05
 14690.00000  1.69588E-02  1.46974E-02  1.10462E-03  8.17555E-04  1.77397E-04  1.22369E-04  2.18316E-05  6.77379E-06  1.08171E-05
 14691.00000  1.69558E-02  1.46949E-02  1.10444E-03  8.17365E-04  1.77367E-04  1.22341E-04  2.18279E-05  6.77177E-06  1.08147E-05
 14692.00000  1.69529E-02  1.46924E-02  1.10425E-03  8.17175E-04  1.77338E-04  1.22313E-04  2.18242E-05  6.76975E-06  1.08123E-05
 14693.00000  1.69499E-02  1.46898E-02  1.10407E-03  8.16985E-04  1.77308E-04  1.22285E-04  2.18205E-05  6.76773E-06  1.08098E-05
 14694.00000  1.69469E-02  1.46873E-02  1.10388E-03  8.16795E-04  1.77278E-04  1.22258E-04  2.18168E-05  6.76572E-06  1.08074E-05
 14695.00000  1.69440E-02  1.46848E-02  1.10370E-03  8.16605E-04  1.77249E-04  1.22230E-04  2.18132E-05  6.76370E-06  1.08050E-05
 14696.00000  1.69410E-02  1.46823E-02  1.10352E-03  8.16415E-04  1.77219E-04  1.22202E-04  2.18095E-05  6.76168E-06  1.08026E-05
 14697.00000  1.69380E-02  1.46797E-02  1.10333E-03  8.16226E-04  1.77190E-04  1.22174E-04  2.18058E-05  6.75967E-06  1.08002E-05
 14698.00000  1.69350E-02  1.46772E-02  1.10315E-03  8.16036E-04  1.77160E-04  1.22147E-04  2.18021E-05  6.75765E-06  1.07978E-05
 14699.00000  1.69321E-02  1.46747E-02  1.10297E-03  8.15846E-04  1.77131E-04  1.22119E-04  2.17985E-05  6.75564E-06  1.07953E-05
 14700.00000  1.69291E-02  1.46721E-02  1.10278E-03  8.15657E-04  1.77101E-04  1.22091E-04  2.17948E-05  6.75362E-06  1.07929E-05
 14701.00000  1.69261E-02  1.46696E-02  1.10260E-03  8.15467E-04  1.77072E-04  1.22064E-04  2.17911E-05  6.75161E-06  1.07905E-05
 14702.00000  1.69231E-02  1.46670E-02  1.10241E-03  8.15278E-04  1.77042E-04  1.22036E-04  2.17874E-05  6.74960E-06  1.07881E-05
 14703.00000  1.69202E-02  1.46645E-02  1.10223E-03  8.15088E-04  1.77012E-04  1.22008E-04  2.17838E-05  6.74759E-06  1.07857E-05
 14704.00000  1.69172E-02  1.46620E-02  1.10205E-03  8.14899E-04  1.76983E-04  1.21981E-04  2.17801E-05  6.74558E-06  1.07833E-05
 14705.00000  1.69142E-02  1.46594E-02  1.10186E-03  8.14709E-04  1.76954E-04  1.21953E-04  2.17765E-05  6.74357E-06  1.07809E-05
 14706.00000  1.69112E-02  1.46569E-02  1.10168E-03  8.14520E-04  1.76924E-04  1.21926E-04  2.17728E-05  6.74156E-06  1.07785E-05
 14707.00000  1.69082E-02  1.46543E-02  1.10150E-03  8.14331E-04  1.76895E-04  1.21898E-04  2.17691E-05  6.73955E-06  1.07761E-05
 14708.00000  1.69052E-02  1.46518E-02  1.10131E-03  8.14142E-04  1.76865E-04  1.21870E-04  2.17655E-05  6.73754E-06  1.07736E-05
 14709.00000  1.69022E-02  1.46492E-02  1.10113E-03  8.13952E-04  1.76836E-04  1.21843E-04  2.17618E-05  6.73554E-06  1.07712E-05
 14710.00000  1.68992E-02  1.46467E-02  1.10095E-03  8.13763E-04  1.76806E-04  1.21815E-04  2.17582E-05  6.73353E-06  1.07688E-05
 14711.00000  1.68963E-02  1.46441E-02  1.10076E-03  8.13574E-04  1.76777E-04  1.21788E-04  2.17545E-05  6.73152E-06  1.07664E-05
 14712.00000  1.68933E-02  1.46415E-02  1.10058E-03  8.13385E-04  1.76747E-04  1.21760E-04  2.17509E-05  6.72952E-06  1.07640E-05
 14713.00000  1.68903E-02  1.46390E-02  1.10040E-03  8.13196E-04  1.76718E-04  1.21732E-04  2.17472E-05  6.72752E-06  1.07616E-05
 14714.00000  1.68873E-02  1.46364E-02  1.10021E-03  8.13007E-04  1.76689E-04  1.21705E-04  2.17436E-05  6.72551E-06  1.07592E-05
 14715.00000  1.68843E-02  1.46339E-02  1.10003E-03  8.12818E-04  1.76659E-04  1.21677E-04  2.17399E-05  6.72351E-06  1.07568E-05
 14716.00000  1.68813E-02  1.46313E-02  1.09985E-03  8.12629E-04  1.76630E-04  1.21650E-04  2.17363E-05  6.72151E-06  1.07544E-05
 14717.00000  1.68783E-02  1.46287E-02  1.09967E-03  8.12441E-04  1.76600E-04  1.21622E-04  2.17326E-05  6.71951E-06  1.07520E-05
 14718.00000  1.68753E-02  1.46262E-02  1.09948E-03  8.12252E-04  1.76571E-04  1.21595E-04  2.17290E-05  6.71751E-06  1.07496E-05
 14719.00000  1.68723E-02  1.46236E-02  1.09930E-03  8.12063E-04  1.76542E-04  1.21567E-04  2.17253E-05  6.71551E-06  1.07472E-05
 14720.00000  1.68692E-02  1.46210E-02  1.09912E-03  8.11874E-04  1.76512E-04  1.21540E-04  2.17217E-05  6.71351E-06  1.07448E-05
 14721.00000  1.68662E-02  1.46185E-02  1.09893E-03  8.11686E-04  1.76483E-04  1.21512E-04  2.17180E-05  6.71151E-06  1.07424E-05
 14722.00000  1.68632E-02  1.46159E-02  1.09875E-03  8.11497E-04  1.76454E-04  1.21485E-04  2.17144E-05  6.70951E-06  1.07400E-05
 14723.00000  1.68602E-02  1.46133E-02  1.09857E-03  8.11309E-04  1.76424E-04  1.21457E-04  2.17108E-05  6.70752E-06  1.07376E-05
 14724.00000  1.68572E-02  1.46107E-02  1.09839E-03  8.11120E-04  1.76395E-04  1.21430E-04  2.17071E-05  6.70552E-06  1.07352E-05
 14725.00000  1.68542E-02  1.46082E-02  1.09820E-03  8.10932E-04  1.76366E-04  1.21403E-04  2.17035E-05  6.70353E-06  1.07328E-05
 14726.00000  1.68512E-02  1.46056E-02  1.09802E-03  8.10743E-04  1.76336E-04  1.21375E-04  2.16999E-05  6.70153E-06  1.07304E-05
 14727.00000  1.68482E-02  1.46030E-02  1.09784E-03  8.10555E-04  1.76307E-04  1.21348E-04  2.16962E-05  6.69954E-06  1.07280E-05
 14728.00000  1.68452E-02  1.46004E-02  1.09765E-03  8.10367E-04  1.76278E-04  1.21320E-04  2.16926E-05  6.69754E-06  1.07256E-05
 14729.00000  1.68421E-02  1.45978E-02  1.09747E-03  8.10178E-04  1.76248E-04  1.21293E-04  2.16890E-05  6.69555E-06  1.07232E-05
 14730.00000  1.68391E-02  1.45953E-02  1.09729E-03  8.09990E-04  1.76219E-04  1.21266E-04  2.16853E-05  6.69356E-06  1.07208E-05
 14731.00000  1.68361E-02  1.45927E-02  1.09711E-03  8.09802E-04  1.76190E-04  1.21238E-04  2.16817E-05  6.69157E-06  1.07184E-05
 14732.00000  1.68331E-02  1.45901E-02  1.09693E-03  8.09614E-04  1.76161E-04  1.21211E-04  2.16781E-05  6.68958E-06  1.07160E-05
 14733.00000  1.68301E-02  1.45875E-02  1.09674E-03  8.09426E-04  1.76131E-04  1.21183E-04  2.16745E-05  6.68758E-06  1.07136E-05
 14734.00000  1.68271E-02  1.45849E-02  1.09656E-03  8.09238E-04  1.76102E-04  1.21156E-04  2.16708E-05  6.68560E-06  1.07112E-05
 14735.00000  1.68241E-02  1.45824E-02  1.09638E-03  8.09050E-04  1.76073E-04  1.21129E-04  2.16672E-05  6.68361E-06  1.07088E-05
 14736.00000  1.68210E-02  1.45798E-02  1.09620E-03  8.08862E-04  1.76044E-04  1.21101E-04  2.16636E-05  6.68162E-06  1.07065E-05
 14737.00000  1.68180E-02  1.45772E-02  1.09601E-03  8.08674E-04  1.76014E-04  1.21074E-04  2.16600E-05  6.67963E-06  1.07041E-05
 14738.00000  1.68150E-02  1.45746E-02  1.09583E-03  8.08486E-04  1.75985E-04  1.21047E-04  2.16564E-05  6.67764E-06  1.07017E-05
 14739.00000  1.68120E-02  1.45720E-02  1.09565E-03  8.08299E-04  1.75956E-04  1.21019E-04  2.16527E-05  6.67566E-06  1.06993E-05
 14740.00000  1.68090E-02  1.45694E-02  1.09547E-03  8.08111E-04  1.75927E-04  1.20992E-04  2.16491E-05  6.67367E-06  1.06969E-05
 14741.00000  1.68059E-02  1.45669E-02  1.09529E-03  8.07923E-04  1.75897E-04  1.20965E-04  2.16455E-05  6.67168E-06  1.06945E-05
 14742.00000  1.68029E-02  1.45643E-02  1.09511E-03  8.07736E-04  1.75868E-04  1.20937E-04  2.16419E-05  6.66970E-06  1.06921E-05
 14743.00000  1.67999E-02  1.45617E-02  1.09492E-03  8.07548E-04  1.75839E-04  1.20910E-04  2.16383E-05  6.66771E-06  1.06897E-05
 14744.00000  1.67969E-02  1.45591E-02  1.09474E-03  8.07361E-04  1.75810E-04  1.20883E-04  2.16347E-05  6.66573E-06  1.06874E-05
 14745.00000  1.67939E-02  1.45565E-02  1.09456E-03  8.07173E-04  1.75781E-04  1.20856E-04  2.16310E-05  6.66375E-06  1.06850E-05
 14746.00000  1.67908E-02  1.45539E-02  1.09438E-03  8.06986E-04  1.75751E-04  1.20828E-04  2.16274E-05  6.66177E-06  1.06826E-05
 14747.00000  1.67878E-02  1.45513E-02  1.09420E-03  8.06799E-04  1.75722E-04  1.20801E-04  2.16238E-05  6.65978E-06  1.06802E-05
 14748.00000  1.67848E-02  1.45488E-02  1.09402E-03  8.06612E-04  1.75693E-04  1.20774E-04  2.16202E-05  6.65780E-06  1.06778E-05
 14749.00000  1.67818E-02  1.45462E-02  1.09383E-03  8.06424E-04  1.75664E-04  1.20747E-04  2.16166E-05  6.65582E-06  1.06755E-05
 14750.00000  1.67788E-02  1.45436E-02  1.09365E-03  8.06237E-04  1.75635E-04  1.20719E-04  2.16130E-05  6.65384E-06  1.06731E-05
 14751.00000  1.67758E-02  1.45410E-02  1.09347E-03  8.06050E-04  1.75606E-04  1.20692E-04  2.16094E-05  6.65186E-06  1.06707E-05
 14752.00000  1.67727E-02  1.45384E-02  1.09329E-03  8.05863E-04  1.75576E-04  1.20665E-04  2.16058E-05  6.64988E-06  1.06683E-05
 14753.00000  1.67697E-02  1.45358E-02  1.09311E-03  8.05676E-04  1.75547E-04  1.20638E-04  2.16022E-05  6.64791E-06  1.06659E-05
 14754.00000  1.67667E-02  1.45333E-02  1.09293E-03  8.05489E-04  1.75518E-04  1.20611E-04  2.15986E-05  6.64593E-06  1.06636E-05
 14755.00000  1.67637E-02  1.45307E-02  1.09275E-03  8.05303E-04  1.75489E-04  1.20583E-04  2.15950E-05  6.64395E-06  1.06612E-05
 14756.00000  1.67607E-02  1.45281E-02  1.09257E-03  8.05116E-04  1.75460E-04  1.20556E-04  2.15914E-05  6.64198E-06  1.06588E-05
 14757.00000  1.67577E-02  1.45255E-02  1.09238E-03  8.04929E-04  1.75431E-04  1.20529E-04  2.15878E-05  6.64000E-06  1.06564E-05
 14758.00000  1.67547E-02  1.45229E-02  1.09220E-03  8.04742E-04  1.75401E-04  1.20502E-04  2.15842E-05  6.63802E-06  1.06541E-05
 14759.00000  1.67516E-02  1.45203E-02  1.09202E-03  8.04556E-04  1.75372E-04  1.20475E-04  2.15806E-05  6.63605E-06  1.06517E-05
 14760.00000  1.67486E-02  1.45178E-02  1.09184E-03  8.04369E-04  1.75343E-04  1.20448E-04  2.15770E-05  6.63408E-06  1.06493E-05
 14761.00000  1.67456E-02  1.45152E-02  1.09166E-03  8.04183E-04  1.75314E-04  1.20420E-04  2.15734E-05  6.63210E-06  1.06470E-05
 14762.00000  1.67426E-02  1.45126E-02  1.09148E-03  8.03997E-04  1.75285E-04  1.20393E-04  2.15698E-05  6.63013E-06  1.06446E-05
 14763.00000  1.67396E-02  1.45100E-02  1.09130E-03  8.03810E-04  1.75256E-04  1.20366E-04  2.15662E-05  6.62816E-06  1.06422E-05
 14764.00000  1.67366E-02  1.45075E-02  1.09112E-03  8.03624E-04  1.75227E-04  1.20339E-04  2.15626E-05  6.62619E-06  1.06399E-05
 14765.00000  1.67336E-02  1.45049E-02  1.09094E-03  8.03438E-04  1.75198E-04  1.20312E-04  2.15590E-05  6.62422E-06  1.06375E-05
 14766.00000  1.67306E-02  1.45023E-02  1.09076E-03  8.03252E-04  1.75168E-04  1.20285E-04  2.15554E-05  6.62225E-06  1.06351E-05
 14767.00000  1.67276E-02  1.44997E-02  1.09058E-03  8.03066E-04  1.75139E-04  1.20258E-04  2.15518E-05  6.62028E-06  1.06328E-05
 14768.00000  1.67246E-02  1.44972E-02  1.09040E-03  8.02880E-04  1.75110E-04  1.20231E-04  2.15482E-05  6.61831E-06  1.06304E-05
 14769.00000  1.67216E-02  1.44946E-02  1.09022E-03  8.02694E-04  1.75081E-04  1.20204E-04  2.15446E-05  6.61634E-06  1.06280E-05
 14770.00000  1.67186E-02  1.44920E-02  1.09004E-03  8.02508E-04  1.75052E-04  1.20176E-04  2.15410E-05  6.61438E-06  1.06257E-05
 14771.00000  1.67156E-02  1.44895E-02  1.08986E-03  8.02322E-04  1.75023E-04  1.20149E-04  2.15374E-05  6.61241E-06  1.06233E-05
 14772.00000  1.67126E-02  1.44869E-02  1.08968E-03  8.02136E-04  1.74994E-04  1.20122E-04  2.15338E-05  6.61045E-06  1.06210E-05
 14773.00000  1.67096E-02  1.44843E-02  1.08950E-03  8.01951E-04  1.74965E-04  1.20095E-04  2.15302E-05  6.60848E-06  1.06186E-05
 14774.00000  1.67066E-02  1.44818E-02  1.08932E-03  8.01765E-04  1.74936E-04  1.20068E-04  2.15267E-05  6.60652E-06  1.06163E-05
 14775.00000  1.67036E-02  1.44792E-02  1.08914E-03  8.01579E-04  1.74907E-04  1.20041E-04  2.15231E-05  6.60455E-06  1.06139E-05
 14776.00000  1.67006E-02  1.44767E-02  1.08896E-03  8.01394E-04  1.74878E-04  1.20014E-04  2.15195E-05  6.60259E-06  1.06115E-05
 14777.00000  1.66976E-02  1.44741E-02  1.08878E-03  8.01209E-04  1.74848E-04  1.19987E-04  2.15159E-05  6.60063E-06  1.06092E-05
 14778.00000  1.66947E-02  1.44715E-02  1.08860E-03  8.01023E-04  1.74819E-04  1.19960E-04  2.15123E-05  6.59867E-06  1.06068E-05
 14779.00000  1.66917E-02  1.44690E-02  1.08842E-03  8.00838E-04  1.74790E-04  1.19933E-04  2.15087E-05  6.59671E-06  1.06045E-05
 14780.00000  1.66887E-02  1.44664E-02  1.08824E-03  8.00653E-04  1.74761E-04  1.19906E-04  2.15052E-05  6.59475E-06  1.06021E-05
 14781.00000  1.66857E-02  1.44639E-02  1.08806E-03  8.00467E-04  1.74732E-04  1.19879E-04  2.15016E-05  6.59279E-06  1.05998E-05
 14782.00000  1.66827E-02  1.44613E-02  1.08788E-03  8.00282E-04  1.74703E-04  1.19852E-04  2.14980E-05  6.59083E-06  1.05974E-05
 14783.00000  1.66798E-02  1.44588E-02  1.08770E-03  8.00097E-04  1.74674E-04  1.19825E-04  2.14944E-05  6.58887E-06  1.05951E-05
 14784.00000  1.66768E-02  1.44562E-02  1.08752E-03  7.99912E-04  1.74645E-04  1.19798E-04  2.14908E-05  6.58692E-06  1.05927E-05
 14785.00000  1.66738E-02  1.44537E-02  1.08734E-03  7.99727E-04  1.74616E-04  1.19771E-04  2.14873E-05  6.58496E-06  1.05904E-05
 14786.00000  1.66708E-02  1.44512E-02  1.08716E-03  7.99543E-04  1.74587E-04  1.19744E-04  2.14837E-05  6.58301E-06  1.05880E-05
 14787.00000  1.66679E-02  1.44486E-02  1.08698E-03  7.99358E-04  1.74558E-04  1.19717E-04  2.14801E-05  6.58105E-06  1.05857E-05
 14788.00000  1.66649E-02  1.44461E-02  1.08680E-03  7.99173E-04  1.74529E-04  1.19690E-04  2.14765E-05  6.57910E-06  1.05834E-05
 14789.00000  1.66619E-02  1.44435E-02  1.08662E-03  7.98988E-04  1.74500E-04  1.19663E-04  2.14730E-05  6.57715E-06  1.05810E-05
 14790.00000  1.66590E-02  1.44410E-02  1.08644E-03  7.98804E-04  1.74471E-04  1.19636E-04  2.14694E-05  6.57519E-06  1.05787E-05
 14791.00000  1.66560E-02  1.44385E-02  1.08626E-03  7.98619E-04  1.74442E-04  1.19609E-04  2.14658E-05  6.57324E-06  1.05763E-05
 14792.00000  1.66531E-02  1.44359E-02  1.08608E-03  7.98435E-04  1.74413E-04  1.19582E-04  2.14623E-05  6.57129E-06  1.05740E-05
 14793.00000  1.66501E-02  1.44334E-02  1.08590E-03  7.98250E-04  1.74384E-04  1.19555E-04  2.14587E-05  6.56934E-06  1.05717E-05
 14794.00000  1.66472E-02  1.44309E-02  1.08572E-03  7.98066E-04  1.74355E-04  1.19528E-04  2.14551E-05  6.56739E-06  1.05693E-05
 14795.00000  1.66442E-02  1.44284E-02  1.08554E-03  7.97882E-04  1.74326E-04  1.19501E-04  2.14516E-05  6.56544E-06  1.05670E-05
 14796.00000  1.66413E-02  1.44258E-02  1.08536E-03  7.97697E-04  1.74297E-04  1.19474E-04  2.14480E-05  6.56350E-06  1.05647E-05
 14797.00000  1.66383E-02  1.44233E-02  1.08518E-03  7.97513E-04  1.74268E-04  1.19447E-04  2.14444E-05  6.56155E-06  1.05623E-05
 14798.00000  1.66354E-02  1.44208E-02  1.08500E-03  7.97329E-04  1.74239E-04  1.19421E-04  2.14409E-05  6.55961E-06  1.05600E-05
 14799.00000  1.66324E-02  1.44183E-02  1.08482E-03  7.97145E-04  1.74210E-04  1.19394E-04  2.14373E-05  6.55766E-06  1.05577E-05
 14800.00000  1.66295E-02  1.44158E-02  1.08464E-03  7.96961E-04  1.74182E-04  1.19367E-04  2.14337E-05  6.55572E-06  1.05553E-05
 14801.00000  1.66265E-02  1.44133E-02  1.08447E-03  7.96777E-04  1.74153E-04  1.19340E-04  2.14302E-05  6.55377E-06  1.05530E-05
 14802.00000  1.66236E-02  1.44108E-02  1.08429E-03  7.96593E-04  1.74124E-04  1.19313E-04  2.14266E-05  6.55183E-06  1.05507E-05
 14803.00000  1.66207E-02  1.44083E-02  1.08411E-03  7.96409E-04  1.74095E-04  1.19286E-04  2.14231E-05  6.54989E-06  1.05483E-05
 14804.00000  1.66177E-02  1.44058E-02  1.08393E-03  7.96225E-04  1.74066E-04  1.19259E-04  2.14195E-05  6.54795E-06  1.05460E-05
 14805.00000  1.66148E-02  1.44033E-02  1.08375E-03  7.96041E-04  1.74037E-04  1.19232E-04  2.14160E-05  6.54601E-06  1.05437E-05
 14806.00000  1.66119E-02  1.44008E-02  1.08357E-03  7.95858E-04  1.74008E-04  1.19205E-04  2.14124E-05  6.54407E-06  1.05413E-05
 14807.00000  1.66090E-02  1.43983E-02  1.08339E-03  7.95674E-04  1.73979E-04  1.19179E-04  2.14089E-05  6.54213E-06  1.05390E-05
 14808.00000  1.66060E-02  1.43958E-02  1.08321E-03  7.95490E-04  1.73950E-04  1.19152E-04  2.14053E-05  6.54019E-06  1.05367E-05
 14809.00000  1.66031E-02  1.43933E-02  1.08303E-03  7.95307E-04  1.73922E-04  1.19125E-04  2.14018E-05  6.53826E-06  1.05344E-05
 14810.00000  1.66002E-02  1.43908E-02  1.08285E-03  7.95123E-04  1.73893E-04  1.19098E-04  2.13982E-05  6.53632E-06  1.05320E-05
 14811.00000  1.65973E-02  1.43883E-02  1.08267E-03  7.94940E-04  1.73864E-04  1.19071E-04  2.13947E-05  6.53438E-06  1.05297E-05
 14812.00000  1.65944E-02  1.43858E-02  1.08249E-03  7.94756E-04  1.73835E-04  1.19045E-04  2.13911E-05  6.53245E-06  1.05274E-05
 14813.00000  1.65915E-02  1.43833E-02  1.08232E-03  7.94573E-04  1.73806E-04  1.19018E-04  2.13876E-05  6.53052E-06  1.05251E-05
 14814.00000  1.65886E-02  1.43808E-02  1.08214E-03  7.94389E-04  1.73778E-04  1.18991E-04  2.13841E-05  6.52858E-06  1.05228E-05
 14815.00000  1.65857E-02  1.43784E-02  1.08196E-03  7.94206E-04  1.73749E-04  1.18964E-04  2.13805E-05  6.52665E-06  1.05204E-05
 14816.00000  1.65828E-02  1.43759E-02  1.08178E-03  7.94023E-04  1.73720E-04  1.18937E-04  2.13770E-05  6.52472E-06  1.05181E-05
 14817.00000  1.65799E-02  1.43734E-02  1.08160E-03  7.93840E-04  1.73691E-04  1.18911E-04  2.13735E-05  6.52279E-06  1.05158E-05
 14818.00000  1.65770E-02  1.43709E-02  1.08142E-03  7.93656E-04  1.73662E-04  1.18884E-04  2.13699E-05  6.52086E-06  1.05135E-05
 14819.00000  1.65741E-02  1.43685E-02  1.08124E-03  7.93473E-04  1.73634E-04  1.18857E-04  2.13664E-05  6.51893E-06  1.05112E-05
 14820.00000  1.65712E-02  1.43660E-02  1.08106E-03  7.93290E-04  1.73605E-04  1.18830E-04  2.13629E-05  6.51700E-06  1.05089E-05
 14821.00000  1.65683E-02  1.43635E-02  1.08088E-03  7.93107E-04  1.73576E-04  1.18804E-04  2.13593E-05  6.51507E-06  1.05065E-05
 14822.00000  1.65654E-02  1.43611E-02  1.08071E-03  7.92924E-04  1.73547E-04  1.18777E-04  2.13558E-05  6.51315E-06  1.05042E-05
 14823.00000  1.65625E-02  1.43586E-02  1.08053E-03  7.92741E-04  1.73519E-04  1.18750E-04  2.13523E-05  6.51122E-06  1.05019E-05
 14824.00000  1.65596E-02  1.43562E-02  1.08035E-03  7.92558E-04  1.73490E-04  1.18723E-04  2.13488E-05  6.50930E-06  1.04996E-05
 14825.00000  1.65568E-02  1.43537E-02  1.08017E-03  7.92375E-04  1.73461E-04  1.18697E-04  2.13452E-05  6.50737E-06  1.04973E-05
 14826.00000  1.65539E-02  1.43512E-02  1.07999E-03  7.92193E-04  1.73433E-04  1.18670E-04  2.13417E-05  6.50545E-06  1.04950E-05
 14827.00000  1.65510E-02  1.43488E-02  1.07981E-03  7.92010E-04  1.73404E-04  1.18643E-04  2.13382E-05  6.50352E-06  1.04927E-05
 14828.00000  1.65481E-02  1.43463E-02  1.07963E-03  7.91827E-04  1.73375E-04  1.18617E-04  2.13347E-05  6.50160E-06  1.04904E-05
 14829.00000  1.65453E-02  1.43439E-02  1.07946E-03  7.91644E-04  1.73347E-04  1.18590E-04  2.13312E-05  6.49968E-06  1.04881E-05
 14830.00000  1.65424E-02  1.43415E-02  1.07928E-03  7.91462E-04  1.73318E-04  1.18563E-04  2.13276E-05  6.49776E-06  1.04858E-05
 14831.00000  1.65395E-02  1.43390E-02  1.07910E-03  7.91279E-04  1.73289E-04  1.18537E-04  2.13241E-05  6.49584E-06  1.04834E-05
 14832.00000  1.65367E-02  1.43366E-02  1.07892E-03  7.91097E-04  1.73261E-04  1.18510E-04  2.13206E-05  6.49392E-06  1.04811E-05
 14833.00000  1.65338E-02  1.43341E-02  1.07874E-03  7.90914E-04  1.73232E-04  1.18483E-04  2.13171E-05  6.49200E-06  1.04788E-05
 14834.00000  1.65309E-02  1.43317E-02  1.07856E-03  7.90732E-04  1.73203E-04  1.18457E-04  2.13136E-05  6.49008E-06  1.04765E-05
 14835.00000  1.65281E-02  1.43293E-02  1.07839E-03  7.90549E-04  1.73175E-04  1.18430E-04  2.13101E-05  6.48817E-06  1.04742E-05
 14836.00000  1.65252E-02  1.43268E-02  1.07821E-03  7.90367E-04  1.73146E-04  1.18404E-04  2.13066E-05  6.48625E-06  1.04719E-05
 14837.00000  1.65224E-02  1.43244E-02  1.07803E-03  7.90184E-04  1.73118E-04  1.18377E-04  2.13031E-05  6.48433E-06  1.04696E-05
 14838.00000  1.65195E-02  1.43220E-02  1.07785E-03  7.90002E-04  1.73089E-04  1.18350E-04  2.12996E-05  6.48242E-06  1.04673E-05
 14839.00000  1.65167E-02  1.43195E-02  1.07767E-03  7.89820E-04  1.73060E-04  1.18324E-04  2.12961E-05  6.48050E-06  1.04650E-05
 14840.00000  1.65138E-02  1.43171E-02  1.07750E-03  7.89638E-04  1.73032E-04  1.18297E-04  2.12926E-05  6.47859E-06  1.04627E-05
 14841.00000  1.65110E-02  1.43147E-02  1.07732E-03  7.89455E-04  1.73003E-04  1.18271E-04  2.12891E-05  6.47667E-06  1.04604E-05
 14842.00000  1.65081E-02  1.43123E-02  1.07714E-03  7.89273E-04  1.72975E-04  1.18244E-04  2.12856E-05  6.47476E-06  1.04581E-05
 14843.00000  1.65053E-02  1.43099E-02  1.07696E-03  7.89091E-04  1.72946E-04  1.18218E-04  2.12821E-05  6.47285E-06  1.04558E-05
 14844.00000  1.65024E-02  1.43074E-02  1.07678E-03  7.88909E-04  1.72918E-04  1.18191E-04  2.12786E-05  6.47094E-06  1.04535E-05
 14845.00000  1.64996E-02  1.43050E-02  1.07661E-03  7.88727E-04  1.72889E-04  1.18165E-04  2.12751E-05  6.46903E-06  1.04512E-05
 14846.00000  1.64968E-02  1.43026E-02  1.07643E-03  7.88545E-04  1.72861E-04  1.18138E-04  2.12716E-05  6.46712E-06  1.04489E-05
 14847.00000  1.64939E-02  1.43002E-02  1.07625E-03  7.88363E-04  1.72832E-04  1.18112E-04  2.12681E-05  6.46521E-06  1.04466E-05
 14848.00000  1.64911E-02  1.42978E-02  1.07607E-03  7.88182E-04  1.72804E-04  1.18085E-04  2.12646E-05  6.46330E-06  1.04443E-05
 14849.00000  1.64883E-02  1.42954E-02  1.07590E-03  7.88000E-04  1.72775E-04  1.18059E-04  2.12611E-05  6.46139E-06  1.04421E-05
 14850.00000  1.64854E-02  1.42930E-02  1.07572E-03  7.87818E-04  1.72747E-04  1.18032E-04  2.12576E-05  6.45948E-06  1.04398E-05
 14851.00000  1.64826E-02  1.42906E-02  1.07554E-03  7.87636E-04  1.72718E-04  1.18006E-04  2.12541E-05  6.45757E-06  1.04375E-05
 14852.00000  1.64798E-02  1.42882E-02  1.07536E-03  7.87455E-04  1.72690E-04  1.17979E-04  2.12506E-05  6.45567E-06  1.04352E-05
 14853.00000  1.64770E-02  1.42858E-02  1.07519E-03  7.87273E-04  1.72661E-04  1.17953E-04  2.12472E-05  6.45376E-06  1.04329E-05
 14854.00000  1.64742E-02  1.42834E-02  1.07501E-03  7.87092E-04  1.72633E-04  1.17926E-04  2.12437E-05  6.45186E-06  1.04306E-05
 14855.00000  1.64713E-02  1.42810E-02  1.07483E-03  7.86910E-04  1.72604E-04  1.17900E-04  2.12402E-05  6.44995E-06  1.04283E-05
 14856.00000  1.64685E-02  1.42786E-02  1.07465E-03  7.86729E-04  1.72576E-04  1.17873E-04  2.12367E-05  6.44805E-06  1.04260E-05
 14857.00000  1.64657E-02  1.42762E-02  1.07448E-03  7.86547E-04  1.72547E-04  1.17847E-04  2.12332E-05  6.44614E-06  1.04237E-05
 14858.00000  1.64629E-02  1.42738E-02  1.07430E-03  7.86366E-04  1.72519E-04  1.17821E-04  2.12297E-05  6.44424E-06  1.04214E-05
 14859.00000  1.64601E-02  1.42714E-02  1.07412E-03  7.86185E-04  1.72490E-04  1.17794E-04  2.12263E-05  6.44234E-06  1.04192E-05
 14860.00000  1.64573E-02  1.42690E-02  1.07395E-03  7.86004E-04  1.72462E-04  1.17768E-04  2.12228E-05  6.44044E-06  1.04169E-05
 14861.00000  1.64544E-02  1.42666E-02  1.07377E-03  7.85822E-04  1.72433E-04  1.17741E-04  2.12193E-05  6.43853E-06  1.04146E-05
 14862.00000  1.64516E-02  1.42642E-02  1.07359E-03  7.85641E-04  1.72405E-04  1.17715E-04  2.12158E-05  6.43663E-06  1.04123E-05
 14863.00000  1.64488E-02  1.42618E-02  1.07341E-03  7.85460E-04  1.72377E-04  1.17689E-04  2.12124E-05  6.43473E-06  1.04100E-05
 14864.00000  1.64460E-02  1.42594E-02  1.07324E-03  7.85279E-04  1.72348E-04  1.17662E-04  2.12089E-05  6.43283E-06  1.04077E-05
 14865.00000  1.64432E-02  1.42571E-02  1.07306E-03  7.85098E-04  1.72320E-04  1.17636E-04  2.12054E-05  6.43093E-06  1.04055E-05
 14866.00000  1.64404E-02  1.42547E-02  1.07288E-03  7.84917E-04  1.72291E-04  1.17610E-04  2.12019E-05  6.42904E-06  1.04032E-05
 14867.00000  1.64376E-02  1.42523E-02  1.07271E-03  7.84737E-04  1.72263E-04  1.17583E-04  2.11985E-05  6.42714E-06  1.04009E-05
 14868.00000  1.64348E-02  1.42499E-02  1.07253E-03  7.84556E-04  1.72235E-04  1.17557E-04  2.11950E-05  6.42524E-06  1.03986E-05
 14869.00000  1.64320E-02  1.42475E-02  1.07235E-03  7.84375E-04  1.72206E-04  1.17531E-04  2.11915E-05  6.42334E-06  1.03963E-05
 14870.00000  1.64292E-02  1.42451E-02  1.07218E-03  7.84194E-04  1.72178E-04  1.17504E-04  2.11881E-05  6.42145E-06  1.03941E-05
 14871.00000  1.64264E-02  1.42428E-02  1.07200E-03  7.84014E-04  1.72149E-04  1.17478E-04  2.11846E-05  6.41955E-06  1.03918E-05
 14872.00000  1.64236E-02  1.42404E-02  1.07183E-03  7.83833E-04  1.72121E-04  1.17452E-04  2.11811E-05  6.41766E-06  1.03895E-05
 14873.00000  1.64208E-02  1.42380E-02  1.07165E-03  7.83653E-04  1.72093E-04  1.17426E-04  2.11777E-05  6.41576E-06  1.03872E-05
 14874.00000  1.64180E-02  1.42356E-02  1.07147E-03  7.83472E-04  1.72064E-04  1.17399E-04  2.11742E-05  6.41387E-06  1.03850E-05
 14875.00000  1.64152E-02  1.42333E-02  1.07130E-03  7.83292E-04  1.72036E-04  1.17373E-04  2.11707E-05  6.41198E-06  1.03827E-05
 14876.00000  1.64124E-02  1.42309E-02  1.07112E-03  7.83112E-04  1.72007E-04  1.17347E-04  2.11673E-05  6.41008E-06  1.03804E-05
 14877.00000  1.64096E-02  1.42285E-02  1.07094E-03  7.82932E-04  1.71979E-04  1.17320E-04  2.11638E-05  6.40819E-06  1.03782E-05
 14878.00000  1.64068E-02  1.42261E-02  1.07077E-03  7.82751E-04  1.71951E-04  1.17294E-04  2.11603E-05  6.40630E-06  1.03759E-05
 14879.00000  1.64040E-02  1.42238E-02  1.07059E-03  7.82571E-04  1.71922E-04  1.17268E-04  2.11569E-05  6.40441E-06  1.03736E-05
 14880.00000  1.64013E-02  1.42214E-02  1.07042E-03  7.82391E-04  1.71894E-04  1.17242E-04  2.11534E-05  6.40252E-06  1.03714E-05
 14881.00000  1.63985E-02  1.42190E-02  1.07024E-03  7.82211E-04  1.71866E-04  1.17215E-04  2.11500E-05  6.40063E-06  1.03691E-05
 14882.00000  1.63957E-02  1.42166E-02  1.07006E-03  7.82031E-04  1.71837E-04  1.17189E-04  2.11465E-05  6.39874E-06  1.03668E-05
 14883.00000  1.63929E-02  1.42143E-02  1.06989E-03  7.81852E-04  1.71809E-04  1.17163E-04  2.11430E-05  6.39685E-06  1.03645E-05
 14884.00000  1.63901E-02  1.42119E-02  1.06971E-03  7.81672E-04  1.71781E-04  1.17137E-04  2.11396E-05  6.39497E-06  1.03623E-05
 14885.00000  1.63873E-02  1.42095E-02  1.06954E-03  7.81492E-04  1.71752E-04  1.17111E-04  2.11361E-05  6.39308E-06  1.03600E-05
 14886.00000  1.63845E-02  1.42072E-02  1.06936E-03  7.81312E-04  1.71724E-04  1.17084E-04  2.11327E-05  6.39119E-06  1.03578E-05
 14887.00000  1.63817E-02  1.42048E-02  1.06919E-03  7.81133E-04  1.71696E-04  1.17058E-04  2.11292E-05  6.38931E-06  1.03555E-05
 14888.00000  1.63790E-02  1.42024E-02  1.06901E-03  7.80953E-04  1.71667E-04  1.17032E-04  2.11258E-05  6.38742E-06  1.03532E-05
 14889.00000  1.63762E-02  1.42001E-02  1.06884E-03  7.80774E-04  1.71639E-04  1.17006E-04  2.11223E-05  6.38554E-06  1.03510E-05
 14890.00000  1.63734E-02  1.41977E-02  1.06866E-03  7.80594E-04  1.71611E-04  1.16980E-04  2.11189E-05  6.38365E-06  1.03487E-05
 14891.00000  1.63706E-02  1.41953E-02  1.06848E-03  7.80415E-04  1.71582E-04  1.16953E-04  2.11154E-05  6.38177E-06  1.03464E-05
 14892.00000  1.63678E-02  1.41930E-02  1.06831E-03  7.80236E-04  1.71554E-04  1.16927E-04  2.11120E-05  6.37989E-06  1.03442E-05
 14893.00000  1.63650E-02  1.41906E-02  1.06813E-03  7.80056E-04  1.71526E-04  1.16901E-04  2.11085E-05  6.37801E-06  1.03419E-05
 14894.00000  1.63623E-02  1.41882E-02  1.06796E-03  7.79877E-04  1.71497E-04  1.16875E-04  2.11051E-05  6.37613E-06  1.03397E-05
 14895.00000  1.63595E-02  1.41859E-02  1.06778E-03  7.79698E-04  1.71469E-04  1.16849E-04  2.11016E-05  6.37425E-06  1.03374E-05
 14896.00000  1.63567E-02  1.41835E-02  1.06761E-03  7.79519E-04  1.71441E-04  1.16823E-04  2.10982E-05  6.37237E-06  1.03352E-05
 14897.00000  1.63539E-02  1.41811E-02  1.06743E-03  7.79340E-04  1.71413E-04  1.16797E-04  2.10947E-05  6.37049E-06  1.03329E-05
 14898.00000  1.63511E-02  1.41788E-02  1.06726E-03  7.79161E-04  1.71384E-04  1.16770E-04  2.10913E-05  6.36861E-06  1.03306E-05
 14899.00000  1.63483E-02  1.41764E-02  1.06708E-03  7.78982E-04  1.71356E-04  1.16744E-04  2.10878E-05  6.36673E-06  1.03284E-05
 14900.00000  1.63456E-02  1.41740E-02  1.06691E-03  7.78803E-04  1.71328E-04  1.16718E-04  2.10844E-05  6.36485E-06  1.03261E-05
 14901.00000  1.63428E-02  1.41717E-02  1.06673E-03  7.78625E-04  1.71299E-04  1.16692E-04  2.10809E-05  6.36298E-06  1.03239E-05
 14902.00000  1.63400E-02  1.41693E-02  1.06656E-03  7.78446E-04  1.71271E-04  1.16666E-04  2.10775E-05  6.36110E-06  1.03216E-05
 14903.00000  1.63372E-02  1.41669E-02  1.06638E-03  7.78267E-04  1.71243E-04  1.16640E-04  2.10740E-05  6.35923E-06  1.03194E-05
 14904.00000  1.63344E-02  1.41646E-02  1.06621E-03  7.78089E-04  1.71215E-04  1.16614E-04  2.10706E-05  6.35735E-06  1.03171E-05
 14905.00000  1.63316E-02  1.41622E-02  1.06603E-03  7.77910E-04  1.71186E-04  1.16588E-04  2.10671E-05  6.35548E-06  1.03149E-05
 14906.00000  1.63289E-02  1.41598E-02  1.06586E-03  7.77732E-04  1.71158E-04  1.16562E-04  2.10637E-05  6.35361E-06  1.03126E-05
 14907.00000  1.63261E-02  1.41575E-02  1.06568E-03  7.77553E-04  1.71130E-04  1.16536E-04  2.10603E-05  6.35174E-06  1.03104E-05
 14908.00000  1.63233E-02  1.41551E-02  1.06551E-03  7.77375E-04  1.71102E-04  1.16510E-04  2.10568E-05  6.34986E-06  1.03081E-05
 14909.00000  1.63205E-02  1.41527E-02  1.06533E-03  7.77197E-04  1.71073E-04  1.16483E-04  2.10534E-05  6.34799E-06  1.03059E-05
 14910.00000  1.63177E-02  1.41504E-02  1.06516E-03  7.77018E-04  1.71045E-04  1.16457E-04  2.10500E-05  6.34612E-06  1.03036E-05
 14911.00000  1.63150E-02  1.41480E-02  1.06498E-03  7.76840E-04  1.71017E-04  1.16431E-04  2.10465E-05  6.34425E-06  1.03014E-05
 14912.00000  1.63122E-02  1.41456E-02  1.06481E-03  7.76662E-04  1.70989E-04  1.16405E-04  2.10431E-05  6.34239E-06  1.02991E-05
 14913.00000  1.63094E-02  1.41433E-02  1.06463E-03  7.76484E-04  1.70961E-04  1.16379E-04  2.10397E-05  6.34052E-06  1.02969E-05
 14914.00000  1.63066E-02  1.41409E-02  1.06446E-03  7.76306E-04  1.70932E-04  1.16353E-04  2.10362E-05  6.33865E-06  1.02946E-05
 14915.00000  1.63038E-02  1.41385E-02  1.06428E-03  7.76128E-04  1.70904E-04  1.16327E-04  2.10328E-05  6.33679E-06  1.02924E-05
 14916.00000  1.63010E-02  1.41361E-02  1.06411E-03  7.75950E-04  1.70876E-04  1.16301E-04  2.10294E-05  6.33492E-06  1.02901E-05
 14917.00000  1.62983E-02  1.41338E-02  1.06393E-03  7.75772E-04  1.70848E-04  1.16275E-04  2.10259E-05  6.33306E-06  1.02879E-05
 14918.00000  1.62955E-02  1.41314E-02  1.06376E-03  7.75594E-04  1.70820E-04  1.16249E-04  2.10225E-05  6.33119E-06  1.02857E-05
 14919.00000  1.62927E-02  1.41290E-02  1.06358E-03  7.75416E-04  1.70791E-04  1.16223E-04  2.10191E-05  6.32933E-06  1.02834E-05
 14920.00000  1.62899E-02  1.41267E-02  1.06341E-03  7.75239E-04  1.70763E-04  1.16197E-04  2.10156E-05  6.32747E-06  1.02812E-05
 14921.00000  1.62871E-02  1.41243E-02  1.06323E-03  7.75061E-04  1.70735E-04  1.16171E-04  2.10122E-05  6.32561E-06  1.02789E-05
 14922.00000  1.62843E-02  1.41219E-02  1.06306E-03  7.74883E-04  1.70707E-04  1.16145E-04  2.10088E-05  6.32375E-06  1.02767E-05
 14923.00000  1.62815E-02  1.41196E-02  1.06288E-03  7.74706E-04  1.70679E-04  1.16119E-04  2.10054E-05  6.32189E-06  1.02744E-05
 14924.00000  1.62788E-02  1.41172E-02  1.06271E-03  7.74528E-04  1.70651E-04  1.16093E-04  2.10020E-05  6.32003E-06  1.02722E-05
 14925.00000  1.62760E-02  1.41148E-02  1.06254E-03  7.74351E-04  1.70623E-04  1.16067E-04  2.09985E-05  6.31817E-06  1.02700E-05
 14926.00000  1.62732E-02  1.41124E-02  1.06236E-03  7.74173E-04  1.70594E-04  1.16041E-04  2.09951E-05  6.31631E-06  1.02677E-05
 14927.00000  1.62704E-02  1.41101E-02  1.06219E-03  7.73996E-04  1.70566E-04  1.16015E-04  2.09917E-05  6.31445E-06  1.02655E-05
 14928.00000  1.62676E-02  1.41077E-02  1.06201E-03  7.73819E-04  1.70538E-04  1.15989E-04  2.09883E-05  6.31260E-06  1.02632E-05
 14929.00000  1.62648E-02  1.41053E-02  1.06184E-03  7.73641E-04  1.70510E-04  1.15963E-04  2.09849E-05  6.31074E-06  1.02610E-05
 14930.00000  1.62620E-02  1.41029E-02  1.06166E-03  7.73464E-04  1.70482E-04  1.15938E-04  2.09814E-05  6.30889E-06  1.02588E-05
 14931.00000  1.62592E-02  1.41006E-02  1.06149E-03  7.73287E-04  1.70454E-04  1.15912E-04  2.09780E-05  6.30703E-06  1.02565E-05
 14932.00000  1.62565E-02  1.40982E-02  1.06131E-03  7.73110E-04  1.70426E-04  1.15886E-04  2.09746E-05  6.30518E-06  1.02543E-05
 14933.00000  1.62537E-02  1.40958E-02  1.06114E-03  7.72932E-04  1.70398E-04  1.15860E-04  2.09712E-05  6.30333E-06  1.02520E-05
 14934.00000  1.62509E-02  1.40934E-02  1.06097E-03  7.72755E-04  1.70370E-04  1.15834E-04  2.09678E-05  6.30148E-06  1.02498E-05
 14935.00000  1.62481E-02  1.40911E-02  1.06079E-03  7.72578E-04  1.70342E-04  1.15808E-04  2.09644E-05  6.29963E-06  1.02476E-05
 14936.00000  1.62453E-02  1.40887E-02  1.06062E-03  7.72401E-04  1.70314E-04  1.15782E-04  2.09610E-05  6.29778E-06  1.02453E-05
 14937.00000  1.62425E-02  1.40863E-02  1.06044E-03  7.72224E-04  1.70286E-04  1.15756E-04  2.09576E-05  6.29593E-06  1.02431E-05
 14938.00000  1.62397E-02  1.40839E-02  1.06027E-03  7.72047E-04  1.70258E-04  1.15730E-04  2.09542E-05  6.29408E-06  1.02408E-05
 14939.00000  1.62369E-02  1.40815E-02  1.06009E-03  7.71871E-04  1.70230E-04  1.15705E-04  2.09508E-05  6.29223E-06  1.02386E-05
 14940.00000  1.62341E-02  1.40792E-02  1.05992E-03  7.71694E-04  1.70202E-04  1.15679E-04  2.09474E-05  6.29038E-06  1.02364E-05
 14941.00000  1.62313E-02  1.40768E-02  1.05975E-03  7.71517E-04  1.70174E-04  1.15653E-04  2.09440E-05  6.28854E-06  1.02341E-05
 14942.00000  1.62285E-02  1.40744E-02  1.05957E-03  7.71340E-04  1.70146E-04  1.15627E-04  2.09406E-05  6.28669E-06  1.02319E-05
 14943.00000  1.62257E-02  1.40720E-02  1.05940E-03  7.71163E-04  1.70118E-04  1.15601E-04  2.09372E-05  6.28485E-06  1.02297E-05
 14944.00000  1.62229E-02  1.40696E-02  1.05922E-03  7.70987E-04  1.70090E-04  1.15575E-04  2.09338E-05  6.28300E-06  1.02274E-05
 14945.00000  1.62201E-02  1.40672E-02  1.05905E-03  7.70810E-04  1.70062E-04  1.15550E-04  2.09304E-05  6.28116E-06  1.02252E-05
 14946.00000  1.62173E-02  1.40649E-02  1.05888E-03  7.70634E-04  1.70034E-04  1.15524E-04  2.09270E-05  6.27932E-06  1.02230E-05
 14947.00000  1.62146E-02  1.40625E-02  1.05870E-03  7.70457E-04  1.70006E-04  1.15498E-04  2.09236E-05  6.27748E-06  1.02207E-05
 14948.00000  1.62118E-02  1.40601E-02  1.05853E-03  7.70280E-04  1.69978E-04  1.15472E-04  2.09202E-05  6.27563E-06  1.02185E-05
 14949.00000  1.62090E-02  1.40577E-02  1.05835E-03  7.70104E-04  1.69950E-04  1.15446E-04  2.09168E-05  6.27379E-06  1.02162E-05
 14950.00000  1.62062E-02  1.40553E-02  1.05818E-03  7.69928E-04  1.69922E-04  1.15421E-04  2.09134E-05  6.27195E-06  1.02140E-05
 14951.00000  1.62034E-02  1.40529E-02  1.05801E-03  7.69751E-04  1.69895E-04  1.15395E-04  2.09100E-05  6.27011E-06  1.02118E-05
 14952.00000  1.62006E-02  1.40505E-02  1.05783E-03  7.69575E-04  1.69867E-04  1.15369E-04  2.09067E-05  6.26828E-06  1.02095E-05
 14953.00000  1.61978E-02  1.40481E-02  1.05766E-03  7.69399E-04  1.69839E-04  1.15343E-04  2.09033E-05  6.26644E-06  1.02073E-05
 14954.00000  1.61950E-02  1.40458E-02  1.05749E-03  7.69222E-04  1.69811E-04  1.15318E-04  2.08999E-05  6.26460E-06  1.02051E-05
 14955.00000  1.61922E-02  1.40434E-02  1.05731E-03  7.69046E-04  1.69783E-04  1.15292E-04  2.08965E-05  6.26276E-06  1.02028E-05
 14956.00000  1.61894E-02  1.40410E-02  1.05714E-03  7.68870E-04  1.69755E-04  1.15266E-04  2.08931E-05  6.26093E-06  1.02006E-05
 14957.00000  1.61866E-02  1.40386E-02  1.05697E-03  7.68694E-04  1.69727E-04  1.15240E-04  2.08897E-05  6.25909E-06  1.01984E-05
 14958.00000  1.61838E-02  1.40362E-02  1.05679E-03  7.68518E-04  1.69700E-04  1.15215E-04  2.08864E-05  6.25726E-06  1.01961E-05
 14959.00000  1.61810E-02  1.40338E-02  1.05662E-03  7.68342E-04  1.69672E-04  1.15189E-04  2.08830E-05  6.25542E-06  1.01939E-05
 14960.00000  1.61782E-02  1.40314E-02  1.05645E-03  7.68166E-04  1.69644E-04  1.15163E-04  2.08796E-05  6.25359E-06  1.01917E-05
 14961.00000  1.61753E-02  1.40290E-02  1.05627E-03  7.67990E-04  1.69616E-04  1.15138E-04  2.08762E-05  6.25176E-06  1.01894E-05
 14962.00000  1.61725E-02  1.40266E-02  1.05610E-03  7.67814E-04  1.69588E-04  1.15112E-04  2.08729E-05  6.24993E-06  1.01872E-05
 14963.00000  1.61697E-02  1.40242E-02  1.05593E-03  7.67638E-04  1.69561E-04  1.15086E-04  2.08695E-05  6.24810E-06  1.01850E-05
 14964.00000  1.61669E-02  1.40218E-02  1.05575E-03  7.67462E-04  1.69533E-04  1.15061E-04  2.08661E-05  6.24626E-06  1.01827E-05
 14965.00000  1.61641E-02  1.40194E-02  1.05558E-03  7.67286E-04  1.69505E-04  1.15035E-04  2.08628E-05  6.24443E-06  1.01805E-05
 14966.00000  1.61613E-02  1.40170E-02  1.05541E-03  7.67111E-04  1.69477E-04  1.15009E-04  2.08594E-05  6.24260E-06  1.01783E-05
 14967.00000  1.61585E-02  1.40146E-02  1.05523E-03  7.66935E-04  1.69449E-04  1.14984E-04  2.08560E-05  6.24078E-06  1.01760E-05
 14968.00000  1.61557E-02  1.40123E-02  1.05506E-03  7.66759E-04  1.69422E-04  1.14958E-04  2.08527E-05  6.23895E-06  1.01738E-05
 14969.00000  1.61529E-02  1.40099E-02  1.05489E-03  7.66584E-04  1.69394E-04  1.14933E-04  2.08493E-05  6.23712E-06  1.01716E-05
 14970.00000  1.61501E-02  1.40075E-02  1.05472E-03  7.66408E-04  1.69366E-04  1.14907E-04  2.08459E-05  6.23529E-06  1.01693E-05
 14971.00000  1.61473E-02  1.40051E-02  1.05454E-03  7.66233E-04  1.69338E-04  1.14881E-04  2.08426E-05  6.23347E-06  1.01671E-05
 14972.00000  1.61445E-02  1.40027E-02  1.05437E-03  7.66057E-04  1.69311E-04  1.14856E-04  2.08392E-05  6.23164E-06  1.01649E-05
 14973.00000  1.61417E-02  1.40003E-02  1.05420E-03  7.65882E-04  1.69283E-04  1.14830E-04  2.08358E-05  6.22981E-06  1.01626E-05
 14974.00000  1.61389E-02  1.39979E-02  1.05403E-03  7.65707E-04  1.69255E-04  1.14805E-04  2.08325E-05  6.22799E-06  1.01604E-05
 14975.00000  1.61361E-02  1.39955E-02  1.05385E-03  7.65531E-04  1.69228E-04  1.14779E-04  2.08291E-05  6.22616E-06  1.01582E-05
 14976.00000  1.61333E-02  1.39931E-02  1.05368E-03  7.65356E-04  1.69200E-04  1.14754E-04  2.08258E-05  6.22434E-06  1.01559E-05
 14977.00000  1.61305E-02  1.39907E-02  1.05351E-03  7.65181E-04  1.69172E-04  1.14728E-04  2.08224E-05  6.22252E-06  1.01537E-05
 14978.00000  1.61277E-02  1.39883E-02  1.05334E-03  7.65006E-04  1.69144E-04  1.14703E-04  2.08190E-05  6.22070E-06  1.01515E-05
 14979.00000  1.61248E-02  1.39859E-02  1.05316E-03  7.64831E-04  1.69117E-04  1.14677E-04  2.08157E-05  6.21887E-06  1.01492E-05
 14980.00000  1.61220E-02  1.39835E-02  1.05299E-03  7.64656E-04  1.69089E-04  1.14652E-04  2.08123E-05  6.21705E-06  1.01470E-05
 14981.00000  1.61192E-02  1.39811E-02  1.05282E-03  7.64481E-04  1.69061E-04  1.14626E-04  2.08090E-05  6.21523E-06  1.01448E-05
 14982.00000  1.61164E-02  1.39787E-02  1.05265E-03  7.64306E-04  1.69034E-04  1.14601E-04  2.08056E-05  6.21341E-06  1.01425E-05
 14983.00000  1.61136E-02  1.39763E-02  1.05247E-03  7.64131E-04  1.69006E-04  1.14575E-04  2.08023E-05  6.21159E-06  1.01403E-05
 14984.00000  1.61108E-02  1.39739E-02  1.05230E-03  7.63956E-04  1.68978E-04  1.14550E-04  2.07989E-05  6.20977E-06  1.01381E-05
 14985.00000  1.61080E-02  1.39715E-02  1.05213E-03  7.63782E-04  1.68951E-04  1.14524E-04  2.07956E-05  6.20795E-06  1.01359E-05
 14986.00000  1.61052E-02  1.39691E-02  1.05196E-03  7.63607E-04  1.68923E-04  1.14499E-04  2.07922E-05  6.20613E-06  1.01336E-05
 14987.00000  1.61024E-02  1.39667E-02  1.05179E-03  7.63432E-04  1.68895E-04  1.14473E-04  2.07889E-05  6.20432E-06  1.01314E-05
 14988.00000  1.60996E-02  1.39643E-02  1.05161E-03  7.63258E-04  1.68868E-04  1.14448E-04  2.07855E-05  6.20250E-06  1.01292E-05
 14989.00000  1.60968E-02  1.39619E-02  1.05144E-03  7.63083E-04  1.68840E-04  1.14422E-04  2.07822E-05  6.20068E-06  1.01270E-05
 14990.00000  1.60940E-02  1.39595E-02  1.05127E-03  7.62909E-04  1.68812E-04  1.14397E-04  2.07788E-05  6.19887E-06  1.01247E-05
 14991.00000  1.60912E-02  1.39571E-02  1.05110E-03  7.62734E-04  1.68785E-04  1.14371E-04  2.07755E-05  6.19705E-06  1.01225E-05
 14992.00000  1.60883E-02  1.39547E-02  1.05093E-03  7.62560E-04  1.68757E-04  1.14346E-04  2.07721E-05  6.19524E-06  1.01203E-05
 14993.00000  1.60855E-02  1.39523E-02  1.05076E-03  7.62386E-04  1.68730E-04  1.14321E-04  2.07688E-05  6.19342E-06  1.01180E-05
 14994.00000  1.60827E-02  1.39499E-02  1.05058E-03  7.62212E-04  1.68702E-04  1.14295E-04  2.07654E-05  6.19161E-06  1.01158E-05
 14995.00000  1.60799E-02  1.39475E-02  1.05041E-03  7.62038E-04  1.68674E-04  1.14270E-04  2.07621E-05  6.18980E-06  1.01136E-05
 14996.00000  1.60771E-02  1.39451E-02  1.05024E-03  7.61863E-04  1.68647E-04  1.14244E-04  2.07588E-05  6.18798E-06  1.01114E-05
 14997.00000  1.60743E-02  1.39427E-02  1.05007E-03  7.61689E-04  1.68619E-04  1.14219E-04  2.07554E-05  6.18617E-06  1.01091E-05
 14998.00000  1.60715E-02  1.39403E-02  1.04990E-03  7.61515E-04  1.68592E-04  1.14194E-04  2.07521E-05  6.18436E-06  1.01069E-05
 14999.00000  1.60687E-02  1.39379E-02  1.04973E-03  7.61342E-04  1.68564E-04  1.14168E-04  2.07487E-05  6.18255E-06  1.01047E-05
 15000.00000  1.60659E-02  1.39355E-02  1.04956E-03  7.61168E-04  1.68536E-04  1.14143E-04  2.07454E-05  6.18074E-06  1.01025E-05


#
# Current date/time  : 17-Oct-2024 13:26:15
# elapsed real time  : 28.65 seconds on max-wne005.desy.de
# Job time(CPU_time) :  1 minute 48.15 seconds on max-wne005.desy.de
