# ---------------------------------------------------------------------
# XATOM HFS : electronic structure of atoms and more, v2.0.0-15-g9da229
#
# Job started at  : 15-Sep-2026 13:10:34
# ---------------------------------------------------------------------
# Atom: Ne
#   nuclear charge:   10
#   total electrons:  10
#   total charge:     +0
#   configuration: 1s2_2s2_2p6
#
# Computational method:
#   exchange functional: Slater (Latter tail correction)
#   correlation functional: none
#
# Grid for the spherical coordinate:
#   N =  200
#   L parameter =      1.0
#   Rmax(a.u.)  =     50.0
#   lmax  =    1
#
# SCF converged after   21 iterations
#   energy convergence  =  2.078E-08
#   density convergence =  4.985E-07
#
# Energies: 
# - zeroth-order energy (a.u.):
#   SUM of E_orb   =     -70.56886464  [     -1920.28 eV ]
#   (SUM of E_kin) =     132.75037885
#   (Effec. pot E) =    -203.31924349
#
# - first-order energy (a.u.): with DFT formula
#   Kinetic E      =     132.75037885
#   E Latter corr  =      -0.07669013
#   Nuc-Elec pot E =    -317.06633335    One-Elec E =    -184.39264463
#
#   Hartree E      =      68.21763872
#   Exchange E     =     -16.95862309
#   Correlation E  =       0.00000000    Two-Elec E =      51.25901563
#   ---------------------------------
#   Total Energy   =    -133.13362900  [     -3622.75 eV ]
#
#                E(0)        E(1)
# |E_TOT|    -1920.28    -3622.75
#
# Orbital energies: 
#        n_occ        E(a.u.)          E(eV)         KE(eV)
#   1s       2   -31.49465456    -857.013120    1273.910550
#   2s       2    -1.58368578     -43.094281     150.142665
#   2p       6    -0.73536400     -20.010272     127.369171
#
#              1s        2s        2p
# |SCF|   -857.01    -43.09    -20.01
#
# Radial wavefunction information (a.u.): (r_m: r_max where |u(r)| >  1.0E-08)
#              <r>       <r^2>         r_m   norm. err
#   1s       0.157       0.033       2.695     3.1E-07
#   2s       0.877       0.938      12.080    -2.4E-08
#   2p       0.933       1.168      17.390    -1.5E-08
#
# Uniform grid parameters for continuum states:
#   N_uniform             =    3488
#   continuum_rmax(a.u.)  =      17.442 (internally determined)
#   dr(a.u.)              =   5.00E-03
#   threshold to determine r_m =   1.00E-08
#   continuum_rmax is just right next to r_m in radial grid.
#
# Photoabsorption cross section (in Mb):
P.E.(eV)        Total          1s           2s           2p 
     0.00000  0.00000E+00  0.00000E+00  0.00000E+00  0.00000E+00
     1.00000  0.00000E+00  0.00000E+00  0.00000E+00  0.00000E+00
     2.00000  0.00000E+00  0.00000E+00  0.00000E+00  0.00000E+00
     3.00000  0.00000E+00  0.00000E+00  0.00000E+00  0.00000E+00
     4.00000  0.00000E+00  0.00000E+00  0.00000E+00  0.00000E+00
     5.00000  0.00000E+00  0.00000E+00  0.00000E+00  0.00000E+00
     6.00000  0.00000E+00  0.00000E+00  0.00000E+00  0.00000E+00
     7.00000  0.00000E+00  0.00000E+00  0.00000E+00  0.00000E+00
     8.00000  0.00000E+00  0.00000E+00  0.00000E+00  0.00000E+00
     9.00000  0.00000E+00  0.00000E+00  0.00000E+00  0.00000E+00
    10.00000  0.00000E+00  0.00000E+00  0.00000E+00  0.00000E+00
    11.00000  0.00000E+00  0.00000E+00  0.00000E+00  0.00000E+00
    12.00000  0.00000E+00  0.00000E+00  0.00000E+00  0.00000E+00
    13.00000  0.00000E+00  0.00000E+00  0.00000E+00  0.00000E+00
    14.00000  0.00000E+00  0.00000E+00  0.00000E+00  0.00000E+00
    15.00000  0.00000E+00  0.00000E+00  0.00000E+00  0.00000E+00
    16.00000  0.00000E+00  0.00000E+00  0.00000E+00  0.00000E+00
    17.00000  0.00000E+00  0.00000E+00  0.00000E+00  0.00000E+00
    18.00000  0.00000E+00  0.00000E+00  0.00000E+00  0.00000E+00
    19.00000  0.00000E+00  0.00000E+00  0.00000E+00  0.00000E+00
    20.00000  0.00000E+00  0.00000E+00  0.00000E+00  0.00000E+00
    21.00000  6.35376E+00  0.00000E+00  0.00000E+00  6.35376E+00
    22.00000  6.91965E+00  0.00000E+00  0.00000E+00  6.91965E+00
    23.00000  7.38923E+00  0.00000E+00  0.00000E+00  7.38923E+00
    24.00000  7.77737E+00  0.00000E+00  0.00000E+00  7.77737E+00
    25.00000  8.09651E+00  0.00000E+00  0.00000E+00  8.09651E+00
    26.00000  8.35708E+00  0.00000E+00  0.00000E+00  8.35708E+00
    27.00000  8.56784E+00  0.00000E+00  0.00000E+00  8.56784E+00
    28.00000  8.73612E+00  0.00000E+00  0.00000E+00  8.73612E+00
    29.00000  8.86809E+00  0.00000E+00  0.00000E+00  8.86809E+00
    30.00000  8.96891E+00  0.00000E+00  0.00000E+00  8.96891E+00
    31.00000  9.04293E+00  0.00000E+00  0.00000E+00  9.04293E+00
    32.00000  9.09383E+00  0.00000E+00  0.00000E+00  9.09383E+00
    33.00000  9.12472E+00  0.00000E+00  0.00000E+00  9.12472E+00
    34.00000  9.13822E+00  0.00000E+00  0.00000E+00  9.13822E+00
    35.00000  9.13657E+00  0.00000E+00  0.00000E+00  9.13657E+00
    36.00000  9.12169E+00  0.00000E+00  0.00000E+00  9.12169E+00
    37.00000  9.09520E+00  0.00000E+00  0.00000E+00  9.09520E+00
    38.00000  9.05851E+00  0.00000E+00  0.00000E+00  9.05851E+00
    39.00000  9.01283E+00  0.00000E+00  0.00000E+00  9.01283E+00
    40.00000  8.95919E+00  0.00000E+00  0.00000E+00  8.95919E+00
    41.00000  8.89852E+00  0.00000E+00  0.00000E+00  8.89852E+00
    42.00000  8.83159E+00  0.00000E+00  0.00000E+00  8.83159E+00
    43.00000  8.75911E+00  0.00000E+00  0.00000E+00  8.75911E+00
    44.00000  8.97285E+00  0.00000E+00  2.91173E-01  8.68168E+00
    45.00000  8.91683E+00  0.00000E+00  3.16993E-01  8.59983E+00
    46.00000  8.85553E+00  0.00000E+00  3.41467E-01  8.51406E+00
    47.00000  8.78932E+00  0.00000E+00  3.64538E-01  8.42479E+00
    48.00000  8.71860E+00  0.00000E+00  3.86203E-01  8.33239E+00
    49.00000  8.64371E+00  0.00000E+00  4.06482E-01  8.23723E+00
    50.00000  8.56502E+00  0.00000E+00  4.25406E-01  8.13962E+00
    51.00000  8.48285E+00  0.00000E+00  4.43016E-01  8.03984E+00
    52.00000  8.39752E+00  0.00000E+00  4.59366E-01  7.93815E+00
    53.00000  8.30933E+00  0.00000E+00  4.74511E-01  7.83481E+00
    54.00000  8.21855E+00  0.00000E+00  4.88508E-01  7.73004E+00
    55.00000  8.12546E+00  0.00000E+00  5.01415E-01  7.62405E+00
    56.00000  8.03031E+00  0.00000E+00  5.13289E-01  7.51702E+00
    57.00000  7.93334E+00  0.00000E+00  5.24185E-01  7.40916E+00
    58.00000  7.83478E+00  0.00000E+00  5.34159E-01  7.30062E+00
    59.00000  7.73484E+00  0.00000E+00  5.43264E-01  7.19157E+00
    60.00000  7.63372E+00  0.00000E+00  5.51550E-01  7.08217E+00
    61.00000  7.53161E+00  0.00000E+00  5.59065E-01  6.97255E+00
    62.00000  7.42870E+00  0.00000E+00  5.65853E-01  6.86285E+00
    63.00000  7.32516E+00  0.00000E+00  5.71960E-01  6.75320E+00
    64.00000  7.22115E+00  0.00000E+00  5.77425E-01  6.64373E+00
    65.00000  7.11682E+00  0.00000E+00  5.82288E-01  6.53454E+00
    66.00000  7.01232E+00  0.00000E+00  5.86584E-01  6.42574E+00
    67.00000  6.90779E+00  0.00000E+00  5.90348E-01  6.31744E+00
    68.00000  6.80334E+00  0.00000E+00  5.93613E-01  6.20973E+00
    69.00000  6.69911E+00  0.00000E+00  5.96408E-01  6.10270E+00
    70.00000  6.59520E+00  0.00000E+00  5.98763E-01  5.99643E+00
    71.00000  6.49172E+00  0.00000E+00  6.00703E-01  5.89101E+00
    72.00000  6.38876E+00  0.00000E+00  6.02255E-01  5.78651E+00
    73.00000  6.28643E+00  0.00000E+00  6.03443E-01  5.68298E+00
    74.00000  6.18479E+00  0.00000E+00  6.04287E-01  5.58051E+00
    75.00000  6.08394E+00  0.00000E+00  6.04810E-01  5.47913E+00
    76.00000  5.98395E+00  0.00000E+00  6.05031E-01  5.37892E+00
    77.00000  5.88487E+00  0.00000E+00  6.04968E-01  5.27991E+00
    78.00000  5.78678E+00  0.00000E+00  6.04639E-01  5.18214E+00
    79.00000  5.68973E+00  0.00000E+00  6.04061E-01  5.08566E+00
    80.00000  5.59376E+00  0.00000E+00  6.03248E-01  4.99051E+00
    81.00000  5.49892E+00  0.00000E+00  6.02216E-01  4.89671E+00
    82.00000  5.40526E+00  0.00000E+00  6.00978E-01  4.80429E+00
    83.00000  5.31281E+00  0.00000E+00  5.99546E-01  4.71327E+00
    84.00000  5.22160E+00  0.00000E+00  5.97934E-01  4.62367E+00
    85.00000  5.13166E+00  0.00000E+00  5.96152E-01  4.53551E+00
    86.00000  5.04302E+00  0.00000E+00  5.94211E-01  4.44881E+00
    87.00000  4.95568E+00  0.00000E+00  5.92122E-01  4.36356E+00
    88.00000  4.86968E+00  0.00000E+00  5.89894E-01  4.27979E+00
    89.00000  4.78502E+00  0.00000E+00  5.87536E-01  4.19748E+00
    90.00000  4.70171E+00  0.00000E+00  5.85057E-01  4.11666E+00
    91.00000  4.61977E+00  0.00000E+00  5.82465E-01  4.03730E+00
    92.00000  4.53919E+00  0.00000E+00  5.79768E-01  3.95942E+00
    93.00000  4.45998E+00  0.00000E+00  5.76973E-01  3.88300E+00
    94.00000  4.38213E+00  0.00000E+00  5.74086E-01  3.80805E+00
    95.00000  4.30565E+00  0.00000E+00  5.71115E-01  3.73454E+00
    96.00000  4.23054E+00  0.00000E+00  5.68066E-01  3.66247E+00
    97.00000  4.15678E+00  0.00000E+00  5.64944E-01  3.59183E+00
    98.00000  4.08436E+00  0.00000E+00  5.61755E-01  3.52261E+00
    99.00000  4.01329E+00  0.00000E+00  5.58504E-01  3.45478E+00
   100.00000  3.94354E+00  0.00000E+00  5.55196E-01  3.38834E+00
   101.00000  3.87511E+00  0.00000E+00  5.51837E-01  3.32327E+00
   102.00000  3.80797E+00  0.00000E+00  5.48429E-01  3.25955E+00
   103.00000  3.74213E+00  0.00000E+00  5.44979E-01  3.19715E+00
   104.00000  3.67756E+00  0.00000E+00  5.41489E-01  3.13608E+00
   105.00000  3.61425E+00  0.00000E+00  5.37964E-01  3.07629E+00
   106.00000  3.55218E+00  0.00000E+00  5.34407E-01  3.01777E+00
   107.00000  3.49133E+00  0.00000E+00  5.30821E-01  2.96051E+00
   108.00000  3.43169E+00  0.00000E+00  5.27211E-01  2.90448E+00
   109.00000  3.37324E+00  0.00000E+00  5.23578E-01  2.84966E+00
   110.00000  3.31595E+00  0.00000E+00  5.19926E-01  2.79602E+00
   111.00000  3.25981E+00  0.00000E+00  5.16259E-01  2.74355E+00
   112.00000  3.20480E+00  0.00000E+00  5.12577E-01  2.69223E+00
   113.00000  3.15091E+00  0.00000E+00  5.08885E-01  2.64202E+00
   114.00000  3.09810E+00  0.00000E+00  5.05183E-01  2.59292E+00
   115.00000  3.04637E+00  0.00000E+00  5.01476E-01  2.54489E+00
   116.00000  2.99568E+00  0.00000E+00  4.97764E-01  2.49792E+00
   117.00000  2.94603E+00  0.00000E+00  4.94049E-01  2.45198E+00
   118.00000  2.89739E+00  0.00000E+00  4.90335E-01  2.40705E+00
   119.00000  2.84974E+00  0.00000E+00  4.86622E-01  2.36312E+00
   120.00000  2.80306E+00  0.00000E+00  4.82912E-01  2.32015E+00
   121.00000  2.75733E+00  0.00000E+00  4.79207E-01  2.27813E+00
   122.00000  2.71254E+00  0.00000E+00  4.75508E-01  2.23703E+00
   123.00000  2.66866E+00  0.00000E+00  4.71818E-01  2.19685E+00
   124.00000  2.62568E+00  0.00000E+00  4.68136E-01  2.15754E+00
   125.00000  2.58357E+00  0.00000E+00  4.64465E-01  2.11911E+00
   126.00000  2.54232E+00  0.00000E+00  4.60806E-01  2.08151E+00
   127.00000  2.50191E+00  0.00000E+00  4.57160E-01  2.04475E+00
   128.00000  2.46232E+00  0.00000E+00  4.53528E-01  2.00879E+00
   129.00000  2.42353E+00  0.00000E+00  4.49910E-01  1.97362E+00
   130.00000  2.38552E+00  0.00000E+00  4.46309E-01  1.93921E+00
   131.00000  2.34829E+00  0.00000E+00  4.42725E-01  1.90556E+00
   132.00000  2.31180E+00  0.00000E+00  4.39159E-01  1.87265E+00
   133.00000  2.27605E+00  0.00000E+00  4.35611E-01  1.84044E+00
   134.00000  2.24102E+00  0.00000E+00  4.32082E-01  1.80894E+00
   135.00000  2.20669E+00  0.00000E+00  4.28574E-01  1.77812E+00
   136.00000  2.17305E+00  0.00000E+00  4.25086E-01  1.74796E+00
   137.00000  2.14007E+00  0.00000E+00  4.21619E-01  1.71845E+00
   138.00000  2.10776E+00  0.00000E+00  4.18174E-01  1.68958E+00
   139.00000  2.07608E+00  0.00000E+00  4.14752E-01  1.66133E+00
   140.00000  2.04503E+00  0.00000E+00  4.11352E-01  1.63368E+00
   141.00000  2.01459E+00  0.00000E+00  4.07976E-01  1.60661E+00
   142.00000  1.98475E+00  0.00000E+00  4.04624E-01  1.58012E+00
   143.00000  1.95549E+00  0.00000E+00  4.01295E-01  1.55419E+00
   144.00000  1.92680E+00  0.00000E+00  3.97991E-01  1.52881E+00
   145.00000  1.89868E+00  0.00000E+00  3.94712E-01  1.50396E+00
   146.00000  1.87109E+00  0.00000E+00  3.91457E-01  1.47963E+00
   147.00000  1.84404E+00  0.00000E+00  3.88228E-01  1.45581E+00
   148.00000  1.81751E+00  0.00000E+00  3.85025E-01  1.43249E+00
   149.00000  1.79149E+00  0.00000E+00  3.81847E-01  1.40964E+00
   150.00000  1.76597E+00  0.00000E+00  3.78695E-01  1.38727E+00
   151.00000  1.74093E+00  0.00000E+00  3.75568E-01  1.36536E+00
   152.00000  1.71636E+00  0.00000E+00  3.72469E-01  1.34389E+00
   153.00000  1.69226E+00  0.00000E+00  3.69395E-01  1.32287E+00
   154.00000  1.66861E+00  0.00000E+00  3.66348E-01  1.30227E+00
   155.00000  1.64541E+00  0.00000E+00  3.63327E-01  1.28208E+00
   156.00000  1.62264E+00  0.00000E+00  3.60332E-01  1.26231E+00
   157.00000  1.60029E+00  0.00000E+00  3.57364E-01  1.24292E+00
   158.00000  1.57835E+00  0.00000E+00  3.54423E-01  1.22393E+00
   159.00000  1.55682E+00  0.00000E+00  3.51508E-01  1.20531E+00
   160.00000  1.53569E+00  0.00000E+00  3.48620E-01  1.18707E+00
   161.00000  1.51494E+00  0.00000E+00  3.45758E-01  1.16918E+00
   162.00000  1.49457E+00  0.00000E+00  3.42922E-01  1.15164E+00
   163.00000  1.47456E+00  0.00000E+00  3.40113E-01  1.13445E+00
   164.00000  1.45492E+00  0.00000E+00  3.37330E-01  1.11759E+00
   165.00000  1.43563E+00  0.00000E+00  3.34574E-01  1.10106E+00
   166.00000  1.41669E+00  0.00000E+00  3.31844E-01  1.08484E+00
   167.00000  1.39808E+00  0.00000E+00  3.29139E-01  1.06894E+00
   168.00000  1.37980E+00  0.00000E+00  3.26461E-01  1.05334E+00
   169.00000  1.36185E+00  0.00000E+00  3.23808E-01  1.03804E+00
   170.00000  1.34421E+00  0.00000E+00  3.21182E-01  1.02303E+00
   171.00000  1.32688E+00  0.00000E+00  3.18580E-01  1.00830E+00
   172.00000  1.30985E+00  0.00000E+00  3.16005E-01  9.93844E-01
   173.00000  1.29312E+00  0.00000E+00  3.13454E-01  9.79661E-01
   174.00000  1.27667E+00  0.00000E+00  3.10929E-01  9.65743E-01
   175.00000  1.26051E+00  0.00000E+00  3.08429E-01  9.52081E-01
   176.00000  1.24463E+00  0.00000E+00  3.05953E-01  9.38672E-01
   177.00000  1.22901E+00  0.00000E+00  3.03502E-01  9.25509E-01
   178.00000  1.21366E+00  0.00000E+00  3.01076E-01  9.12586E-01
   179.00000  1.19857E+00  0.00000E+00  2.98674E-01  8.99898E-01
   180.00000  1.18374E+00  0.00000E+00  2.96296E-01  8.87439E-01
   181.00000  1.16915E+00  0.00000E+00  2.93942E-01  8.75205E-01
   182.00000  1.15480E+00  0.00000E+00  2.91612E-01  8.63190E-01
   183.00000  1.14070E+00  0.00000E+00  2.89306E-01  8.51390E-01
   184.00000  1.12682E+00  0.00000E+00  2.87022E-01  8.39799E-01
   185.00000  1.11318E+00  0.00000E+00  2.84762E-01  8.28413E-01
   186.00000  1.09975E+00  0.00000E+00  2.82525E-01  8.17228E-01
   187.00000  1.08655E+00  0.00000E+00  2.80311E-01  8.06239E-01
   188.00000  1.07356E+00  0.00000E+00  2.78119E-01  7.95441E-01
   189.00000  1.06078E+00  0.00000E+00  2.75949E-01  7.84831E-01
   190.00000  1.04821E+00  0.00000E+00  2.73802E-01  7.74405E-01
   191.00000  1.03583E+00  0.00000E+00  2.71677E-01  7.64158E-01
   192.00000  1.02366E+00  0.00000E+00  2.69573E-01  7.54086E-01
   193.00000  1.01168E+00  0.00000E+00  2.67491E-01  7.44186E-01
   194.00000  9.99885E-01  0.00000E+00  2.65430E-01  7.34454E-01
   195.00000  9.88278E-01  0.00000E+00  2.63390E-01  7.24887E-01
   196.00000  9.76853E-01  0.00000E+00  2.61371E-01  7.15481E-01
   197.00000  9.65606E-01  0.00000E+00  2.59373E-01  7.06233E-01
   198.00000  9.54534E-01  0.00000E+00  2.57395E-01  6.97138E-01
   199.00000  9.43633E-01  0.00000E+00  2.55438E-01  6.88195E-01
   200.00000  9.32900E-01  0.00000E+00  2.53500E-01  6.79400E-01
   201.00000  9.22332E-01  0.00000E+00  2.51583E-01  6.70750E-01
   202.00000  9.11926E-01  0.00000E+00  2.49685E-01  6.62241E-01
   203.00000  9.01677E-01  0.00000E+00  2.47806E-01  6.53871E-01
   204.00000  8.91584E-01  0.00000E+00  2.45946E-01  6.45638E-01
   205.00000  8.81643E-01  0.00000E+00  2.44106E-01  6.37538E-01
   206.00000  8.71852E-01  0.00000E+00  2.42284E-01  6.29568E-01
   207.00000  8.62207E-01  0.00000E+00  2.40481E-01  6.21726E-01
   208.00000  8.52706E-01  0.00000E+00  2.38696E-01  6.14010E-01
   209.00000  8.43345E-01  0.00000E+00  2.36929E-01  6.06417E-01
   210.00000  8.34124E-01  0.00000E+00  2.35180E-01  5.98943E-01
   211.00000  8.25037E-01  0.00000E+00  2.33449E-01  5.91588E-01
   212.00000  8.16084E-01  0.00000E+00  2.31735E-01  5.84349E-01
   213.00000  8.07262E-01  0.00000E+00  2.30039E-01  5.77223E-01
   214.00000  7.98568E-01  0.00000E+00  2.28360E-01  5.70208E-01
   215.00000  7.90000E-01  0.00000E+00  2.26698E-01  5.63302E-01
   216.00000  7.81556E-01  0.00000E+00  2.25052E-01  5.56503E-01
   217.00000  7.73232E-01  0.00000E+00  2.23423E-01  5.49809E-01
   218.00000  7.65028E-01  0.00000E+00  2.21811E-01  5.43218E-01
   219.00000  7.56941E-01  0.00000E+00  2.20214E-01  5.36727E-01
   220.00000  7.48969E-01  0.00000E+00  2.18634E-01  5.30336E-01
   221.00000  7.41110E-01  0.00000E+00  2.17069E-01  5.24041E-01
   222.00000  7.33361E-01  0.00000E+00  2.15520E-01  5.17841E-01
   223.00000  7.25721E-01  0.00000E+00  2.13986E-01  5.11735E-01
   224.00000  7.18189E-01  0.00000E+00  2.12468E-01  5.05721E-01
   225.00000  7.10760E-01  0.00000E+00  2.10964E-01  4.99796E-01
   226.00000  7.03436E-01  0.00000E+00  2.09475E-01  4.93960E-01
   227.00000  6.96212E-01  0.00000E+00  2.08001E-01  4.88211E-01
   228.00000  6.89088E-01  0.00000E+00  2.06542E-01  4.82546E-01
   229.00000  6.82061E-01  0.00000E+00  2.05097E-01  4.76965E-01
   230.00000  6.75131E-01  0.00000E+00  2.03666E-01  4.71466E-01
   231.00000  6.68295E-01  0.00000E+00  2.02249E-01  4.66047E-01
   232.00000  6.61552E-01  0.00000E+00  2.00845E-01  4.60707E-01
   233.00000  6.54901E-01  0.00000E+00  1.99456E-01  4.55445E-01
   234.00000  6.48339E-01  0.00000E+00  1.98080E-01  4.50259E-01
   235.00000  6.41865E-01  0.00000E+00  1.96717E-01  4.45148E-01
   236.00000  6.35477E-01  0.00000E+00  1.95367E-01  4.40110E-01
   237.00000  6.29175E-01  0.00000E+00  1.94031E-01  4.35145E-01
   238.00000  6.22957E-01  0.00000E+00  1.92707E-01  4.30250E-01
   239.00000  6.16821E-01  0.00000E+00  1.91396E-01  4.25425E-01
   240.00000  6.10766E-01  0.00000E+00  1.90097E-01  4.20669E-01
   241.00000  6.04791E-01  0.00000E+00  1.88811E-01  4.15980E-01
   242.00000  5.98894E-01  0.00000E+00  1.87537E-01  4.11357E-01
   243.00000  5.93074E-01  0.00000E+00  1.86275E-01  4.06799E-01
   244.00000  5.87329E-01  0.00000E+00  1.85025E-01  4.02305E-01
   245.00000  5.81660E-01  0.00000E+00  1.83786E-01  3.97873E-01
   246.00000  5.76063E-01  0.00000E+00  1.82560E-01  3.93504E-01
   247.00000  5.70539E-01  0.00000E+00  1.81345E-01  3.89195E-01
   248.00000  5.65086E-01  0.00000E+00  1.80141E-01  3.84945E-01
   249.00000  5.59703E-01  0.00000E+00  1.78948E-01  3.80754E-01
   250.00000  5.54388E-01  0.00000E+00  1.77767E-01  3.76621E-01
   251.00000  5.49141E-01  0.00000E+00  1.76596E-01  3.72545E-01
   252.00000  5.43960E-01  0.00000E+00  1.75436E-01  3.68524E-01
   253.00000  5.38845E-01  0.00000E+00  1.74287E-01  3.64558E-01
   254.00000  5.33794E-01  0.00000E+00  1.73149E-01  3.60645E-01
   255.00000  5.28807E-01  0.00000E+00  1.72021E-01  3.56786E-01
   256.00000  5.23882E-01  0.00000E+00  1.70903E-01  3.52979E-01
   257.00000  5.19019E-01  0.00000E+00  1.69795E-01  3.49223E-01
   258.00000  5.14216E-01  0.00000E+00  1.68698E-01  3.45518E-01
   259.00000  5.09473E-01  0.00000E+00  1.67610E-01  3.41862E-01
   260.00000  5.04788E-01  0.00000E+00  1.66532E-01  3.38255E-01
   261.00000  5.00161E-01  0.00000E+00  1.65464E-01  3.34697E-01
   262.00000  4.95591E-01  0.00000E+00  1.64406E-01  3.31185E-01
   263.00000  4.91076E-01  0.00000E+00  1.63357E-01  3.27720E-01
   264.00000  4.86617E-01  0.00000E+00  1.62317E-01  3.24300E-01
   265.00000  4.82212E-01  0.00000E+00  1.61286E-01  3.20926E-01
   266.00000  4.77861E-01  0.00000E+00  1.60265E-01  3.17596E-01
   267.00000  4.73562E-01  0.00000E+00  1.59253E-01  3.14310E-01
   268.00000  4.69315E-01  0.00000E+00  1.58249E-01  3.11066E-01
   269.00000  4.65120E-01  0.00000E+00  1.57255E-01  3.07865E-01
   270.00000  4.60974E-01  0.00000E+00  1.56269E-01  3.04705E-01
   271.00000  4.56878E-01  0.00000E+00  1.55291E-01  3.01587E-01
   272.00000  4.52831E-01  0.00000E+00  1.54323E-01  2.98508E-01
   273.00000  4.48832E-01  0.00000E+00  1.53362E-01  2.95470E-01
   274.00000  4.44880E-01  0.00000E+00  1.52410E-01  2.92470E-01
   275.00000  4.40975E-01  0.00000E+00  1.51466E-01  2.89509E-01
   276.00000  4.37116E-01  0.00000E+00  1.50530E-01  2.86586E-01
   277.00000  4.33303E-01  0.00000E+00  1.49603E-01  2.83700E-01
   278.00000  4.29534E-01  0.00000E+00  1.48683E-01  2.80851E-01
   279.00000  4.25809E-01  0.00000E+00  1.47771E-01  2.78038E-01
   280.00000  4.22127E-01  0.00000E+00  1.46867E-01  2.75261E-01
   281.00000  4.18489E-01  0.00000E+00  1.45970E-01  2.72519E-01
   282.00000  4.14892E-01  0.00000E+00  1.45081E-01  2.69811E-01
   283.00000  4.11337E-01  0.00000E+00  1.44199E-01  2.67137E-01
   284.00000  4.07823E-01  0.00000E+00  1.43325E-01  2.64497E-01
   285.00000  4.04349E-01  0.00000E+00  1.42458E-01  2.61890E-01
   286.00000  4.00915E-01  0.00000E+00  1.41599E-01  2.59316E-01
   287.00000  3.97520E-01  0.00000E+00  1.40746E-01  2.56774E-01
   288.00000  3.94164E-01  0.00000E+00  1.39901E-01  2.54263E-01
   289.00000  3.90846E-01  0.00000E+00  1.39063E-01  2.51783E-01
   290.00000  3.87565E-01  0.00000E+00  1.38231E-01  2.49334E-01
   291.00000  3.84322E-01  0.00000E+00  1.37406E-01  2.46916E-01
   292.00000  3.81115E-01  0.00000E+00  1.36588E-01  2.44527E-01
   293.00000  3.77944E-01  0.00000E+00  1.35777E-01  2.42167E-01
   294.00000  3.74809E-01  0.00000E+00  1.34973E-01  2.39836E-01
   295.00000  3.71709E-01  0.00000E+00  1.34175E-01  2.37534E-01
   296.00000  3.68643E-01  0.00000E+00  1.33383E-01  2.35260E-01
   297.00000  3.65611E-01  0.00000E+00  1.32598E-01  2.33013E-01
   298.00000  3.62613E-01  0.00000E+00  1.31819E-01  2.30794E-01
   299.00000  3.59648E-01  0.00000E+00  1.31046E-01  2.28602E-01
   300.00000  3.56716E-01  0.00000E+00  1.30280E-01  2.26436E-01
   301.00000  3.53816E-01  0.00000E+00  1.29519E-01  2.24296E-01
   302.00000  3.50948E-01  0.00000E+00  1.28765E-01  2.22182E-01
   303.00000  3.48111E-01  0.00000E+00  1.28017E-01  2.20094E-01
   304.00000  3.45305E-01  0.00000E+00  1.27275E-01  2.18030E-01
   305.00000  3.42529E-01  0.00000E+00  1.26538E-01  2.15991E-01
   306.00000  3.39784E-01  0.00000E+00  1.25807E-01  2.13977E-01
   307.00000  3.37068E-01  0.00000E+00  1.25082E-01  2.11986E-01
   308.00000  3.34382E-01  0.00000E+00  1.24363E-01  2.10019E-01
   309.00000  3.31725E-01  0.00000E+00  1.23650E-01  2.08075E-01
   310.00000  3.29096E-01  0.00000E+00  1.22941E-01  2.06154E-01
   311.00000  3.26495E-01  0.00000E+00  1.22239E-01  2.04256E-01
   312.00000  3.23922E-01  0.00000E+00  1.21542E-01  2.02380E-01
   313.00000  3.21377E-01  0.00000E+00  1.20850E-01  2.00527E-01
   314.00000  3.18858E-01  0.00000E+00  1.20164E-01  1.98694E-01
   315.00000  3.16366E-01  0.00000E+00  1.19482E-01  1.96884E-01
   316.00000  3.13901E-01  0.00000E+00  1.18807E-01  1.95094E-01
   317.00000  3.11461E-01  0.00000E+00  1.18136E-01  1.93325E-01
   318.00000  3.09047E-01  0.00000E+00  1.17470E-01  1.91577E-01
   319.00000  3.06659E-01  0.00000E+00  1.16810E-01  1.89849E-01
   320.00000  3.04295E-01  0.00000E+00  1.16154E-01  1.88141E-01
   321.00000  3.01956E-01  0.00000E+00  1.15504E-01  1.86453E-01
   322.00000  2.99642E-01  0.00000E+00  1.14858E-01  1.84784E-01
   323.00000  2.97351E-01  0.00000E+00  1.14217E-01  1.83134E-01
   324.00000  2.95085E-01  0.00000E+00  1.13581E-01  1.81503E-01
   325.00000  2.92841E-01  0.00000E+00  1.12950E-01  1.79891E-01
   326.00000  2.90621E-01  0.00000E+00  1.12324E-01  1.78297E-01
   327.00000  2.88424E-01  0.00000E+00  1.11702E-01  1.76721E-01
   328.00000  2.86249E-01  0.00000E+00  1.11085E-01  1.75164E-01
   329.00000  2.84096E-01  0.00000E+00  1.10472E-01  1.73623E-01
   330.00000  2.81965E-01  0.00000E+00  1.09864E-01  1.72101E-01
   331.00000  2.79856E-01  0.00000E+00  1.09261E-01  1.70595E-01
   332.00000  2.77769E-01  0.00000E+00  1.08662E-01  1.69107E-01
   333.00000  2.75702E-01  0.00000E+00  1.08067E-01  1.67635E-01
   334.00000  2.73657E-01  0.00000E+00  1.07477E-01  1.66179E-01
   335.00000  2.71632E-01  0.00000E+00  1.06891E-01  1.64740E-01
   336.00000  2.69627E-01  0.00000E+00  1.06310E-01  1.63317E-01
   337.00000  2.67642E-01  0.00000E+00  1.05732E-01  1.61910E-01
   338.00000  2.65678E-01  0.00000E+00  1.05159E-01  1.60518E-01
   339.00000  2.63733E-01  0.00000E+00  1.04590E-01  1.59142E-01
   340.00000  2.61807E-01  0.00000E+00  1.04025E-01  1.57781E-01
   341.00000  2.59900E-01  0.00000E+00  1.03465E-01  1.56436E-01
   342.00000  2.58012E-01  0.00000E+00  1.02908E-01  1.55104E-01
   343.00000  2.56143E-01  0.00000E+00  1.02355E-01  1.53788E-01
   344.00000  2.54292E-01  0.00000E+00  1.01807E-01  1.52486E-01
   345.00000  2.52460E-01  0.00000E+00  1.01262E-01  1.51198E-01
   346.00000  2.50645E-01  0.00000E+00  1.00721E-01  1.49925E-01
   347.00000  2.48849E-01  0.00000E+00  1.00184E-01  1.48665E-01
   348.00000  2.47069E-01  0.00000E+00  9.96508E-02  1.47419E-01
   349.00000  2.45307E-01  0.00000E+00  9.91215E-02  1.46186E-01
   350.00000  2.43562E-01  0.00000E+00  9.85959E-02  1.44967E-01
   351.00000  2.41834E-01  0.00000E+00  9.80741E-02  1.43760E-01
   352.00000  2.40123E-01  0.00000E+00  9.75559E-02  1.42567E-01
   353.00000  2.38428E-01  0.00000E+00  9.70415E-02  1.41387E-01
   354.00000  2.36750E-01  0.00000E+00  9.65306E-02  1.40219E-01
   355.00000  2.35088E-01  0.00000E+00  9.60234E-02  1.39064E-01
   356.00000  2.33441E-01  0.00000E+00  9.55197E-02  1.37921E-01
   357.00000  2.31810E-01  0.00000E+00  9.50196E-02  1.36791E-01
   358.00000  2.30195E-01  0.00000E+00  9.45230E-02  1.35672E-01
   359.00000  2.28595E-01  0.00000E+00  9.40298E-02  1.34565E-01
   360.00000  2.27010E-01  0.00000E+00  9.35402E-02  1.33470E-01
   361.00000  2.25440E-01  0.00000E+00  9.30539E-02  1.32387E-01
   362.00000  2.23885E-01  0.00000E+00  9.25710E-02  1.31314E-01
   363.00000  2.22345E-01  0.00000E+00  9.20915E-02  1.30254E-01
   364.00000  2.20819E-01  0.00000E+00  9.16153E-02  1.29204E-01
   365.00000  2.19308E-01  0.00000E+00  9.11424E-02  1.28165E-01
   366.00000  2.17810E-01  0.00000E+00  9.06727E-02  1.27137E-01
   367.00000  2.16327E-01  0.00000E+00  9.02063E-02  1.26120E-01
   368.00000  2.14857E-01  0.00000E+00  8.97432E-02  1.25114E-01
   369.00000  2.13401E-01  0.00000E+00  8.92832E-02  1.24117E-01
   370.00000  2.11958E-01  0.00000E+00  8.88264E-02  1.23132E-01
   371.00000  2.10529E-01  0.00000E+00  8.83727E-02  1.22156E-01
   372.00000  2.09112E-01  0.00000E+00  8.79221E-02  1.21190E-01
   373.00000  2.07709E-01  0.00000E+00  8.74746E-02  1.20235E-01
   374.00000  2.06319E-01  0.00000E+00  8.70301E-02  1.19289E-01
   375.00000  2.04941E-01  0.00000E+00  8.65887E-02  1.18353E-01
   376.00000  2.03576E-01  0.00000E+00  8.61503E-02  1.17426E-01
   377.00000  2.02224E-01  0.00000E+00  8.57149E-02  1.16509E-01
   378.00000  2.00883E-01  0.00000E+00  8.52824E-02  1.15601E-01
   379.00000  1.99555E-01  0.00000E+00  8.48529E-02  1.14702E-01
   380.00000  1.98239E-01  0.00000E+00  8.44263E-02  1.13813E-01
   381.00000  1.96935E-01  0.00000E+00  8.40025E-02  1.12932E-01
   382.00000  1.95642E-01  0.00000E+00  8.35816E-02  1.12060E-01
   383.00000  1.94361E-01  0.00000E+00  8.31636E-02  1.11198E-01
   384.00000  1.93092E-01  0.00000E+00  8.27483E-02  1.10343E-01
   385.00000  1.91833E-01  0.00000E+00  8.23359E-02  1.09497E-01
   386.00000  1.90586E-01  0.00000E+00  8.19262E-02  1.08660E-01
   387.00000  1.89350E-01  0.00000E+00  8.15192E-02  1.07831E-01
   388.00000  1.88126E-01  0.00000E+00  8.11150E-02  1.07011E-01
   389.00000  1.86911E-01  0.00000E+00  8.07135E-02  1.06198E-01
   390.00000  1.85708E-01  0.00000E+00  8.03146E-02  1.05393E-01
   391.00000  1.84515E-01  0.00000E+00  7.99185E-02  1.04597E-01
   392.00000  1.83333E-01  0.00000E+00  7.95249E-02  1.03808E-01
   393.00000  1.82161E-01  0.00000E+00  7.91340E-02  1.03027E-01
   394.00000  1.80999E-01  0.00000E+00  7.87456E-02  1.02254E-01
   395.00000  1.79848E-01  0.00000E+00  7.83599E-02  1.01488E-01
   396.00000  1.78706E-01  0.00000E+00  7.79766E-02  1.00730E-01
   397.00000  1.77575E-01  0.00000E+00  7.75959E-02  9.99787E-02
   398.00000  1.76453E-01  0.00000E+00  7.72178E-02  9.92350E-02
   399.00000  1.75341E-01  0.00000E+00  7.68421E-02  9.84986E-02
   400.00000  1.74238E-01  0.00000E+00  7.64689E-02  9.77693E-02
   401.00000  1.73145E-01  0.00000E+00  7.60981E-02  9.70470E-02
   402.00000  1.72061E-01  0.00000E+00  7.57298E-02  9.63317E-02
   403.00000  1.70987E-01  0.00000E+00  7.53639E-02  9.56233E-02
   404.00000  1.69922E-01  0.00000E+00  7.50003E-02  9.49216E-02
   405.00000  1.68866E-01  0.00000E+00  7.46392E-02  9.42266E-02
   406.00000  1.67819E-01  0.00000E+00  7.42804E-02  9.35383E-02
   407.00000  1.66780E-01  0.00000E+00  7.39240E-02  9.28565E-02
   408.00000  1.65751E-01  0.00000E+00  7.35698E-02  9.21812E-02
   409.00000  1.64730E-01  0.00000E+00  7.32180E-02  9.15123E-02
   410.00000  1.63718E-01  0.00000E+00  7.28685E-02  9.08497E-02
   411.00000  1.62715E-01  0.00000E+00  7.25212E-02  9.01934E-02
   412.00000  1.61719E-01  0.00000E+00  7.21761E-02  8.95432E-02
   413.00000  1.60732E-01  0.00000E+00  7.18334E-02  8.88991E-02
   414.00000  1.59754E-01  0.00000E+00  7.14928E-02  8.82611E-02
   415.00000  1.58783E-01  0.00000E+00  7.11544E-02  8.76290E-02
   416.00000  1.57821E-01  0.00000E+00  7.08182E-02  8.70028E-02
   417.00000  1.56867E-01  0.00000E+00  7.04841E-02  8.63825E-02
   418.00000  1.55920E-01  0.00000E+00  7.01523E-02  8.57679E-02
   419.00000  1.54981E-01  0.00000E+00  6.98225E-02  8.51589E-02
   420.00000  1.54050E-01  0.00000E+00  6.94948E-02  8.45556E-02
   421.00000  1.53127E-01  0.00000E+00  6.91693E-02  8.39579E-02
   422.00000  1.52211E-01  0.00000E+00  6.88458E-02  8.33657E-02
   423.00000  1.51303E-01  0.00000E+00  6.85244E-02  8.27789E-02
   424.00000  1.50403E-01  0.00000E+00  6.82051E-02  8.21975E-02
   425.00000  1.49509E-01  0.00000E+00  6.78877E-02  8.16213E-02
   426.00000  1.48623E-01  0.00000E+00  6.75724E-02  8.10505E-02
   427.00000  1.47744E-01  0.00000E+00  6.72591E-02  8.04848E-02
   428.00000  1.46872E-01  0.00000E+00  6.69478E-02  7.99243E-02
   429.00000  1.46007E-01  0.00000E+00  6.66385E-02  7.93688E-02
   430.00000  1.45149E-01  0.00000E+00  6.63311E-02  7.88183E-02
   431.00000  1.44299E-01  0.00000E+00  6.60257E-02  7.82728E-02
   432.00000  1.43454E-01  0.00000E+00  6.57222E-02  7.77323E-02
   433.00000  1.42617E-01  0.00000E+00  6.54206E-02  7.71965E-02
   434.00000  1.41786E-01  0.00000E+00  6.51209E-02  7.66656E-02
   435.00000  1.40962E-01  0.00000E+00  6.48230E-02  7.61394E-02
   436.00000  1.40145E-01  0.00000E+00  6.45271E-02  7.56179E-02
   437.00000  1.39334E-01  0.00000E+00  6.42330E-02  7.51010E-02
   438.00000  1.38529E-01  0.00000E+00  6.39408E-02  7.45887E-02
   439.00000  1.37731E-01  0.00000E+00  6.36504E-02  7.40809E-02
   440.00000  1.36939E-01  0.00000E+00  6.33618E-02  7.35777E-02
   441.00000  1.36154E-01  0.00000E+00  6.30750E-02  7.30788E-02
   442.00000  1.35374E-01  0.00000E+00  6.27899E-02  7.25844E-02
   443.00000  1.34601E-01  0.00000E+00  6.25067E-02  7.20943E-02
   444.00000  1.33834E-01  0.00000E+00  6.22252E-02  7.16084E-02
   445.00000  1.33072E-01  0.00000E+00  6.19455E-02  7.11268E-02
   446.00000  1.32317E-01  0.00000E+00  6.16675E-02  7.06495E-02
   447.00000  1.31567E-01  0.00000E+00  6.13912E-02  7.01762E-02
   448.00000  1.30824E-01  0.00000E+00  6.11167E-02  6.97071E-02
   449.00000  1.30086E-01  0.00000E+00  6.08438E-02  6.92420E-02
   450.00000  1.29354E-01  0.00000E+00  6.05726E-02  6.87809E-02
   451.00000  1.28627E-01  0.00000E+00  6.03031E-02  6.83239E-02
   452.00000  1.27906E-01  0.00000E+00  6.00352E-02  6.78707E-02
   453.00000  1.27190E-01  0.00000E+00  5.97690E-02  6.74214E-02
   454.00000  1.26480E-01  0.00000E+00  5.95044E-02  6.69760E-02
   455.00000  1.25776E-01  0.00000E+00  5.92414E-02  6.65344E-02
   456.00000  1.25077E-01  0.00000E+00  5.89801E-02  6.60965E-02
   457.00000  1.24383E-01  0.00000E+00  5.87203E-02  6.56624E-02
   458.00000  1.23694E-01  0.00000E+00  5.84622E-02  6.52319E-02
   459.00000  1.23011E-01  0.00000E+00  5.82056E-02  6.48051E-02
   460.00000  1.22332E-01  0.00000E+00  5.79505E-02  6.43819E-02
   461.00000  1.21659E-01  0.00000E+00  5.76970E-02  6.39623E-02
   462.00000  1.20991E-01  0.00000E+00  5.74451E-02  6.35461E-02
   463.00000  1.20328E-01  0.00000E+00  5.71947E-02  6.31335E-02
   464.00000  1.19670E-01  0.00000E+00  5.69458E-02  6.27244E-02
   465.00000  1.19017E-01  0.00000E+00  5.66984E-02  6.23186E-02
   466.00000  1.18369E-01  0.00000E+00  5.64525E-02  6.19162E-02
   467.00000  1.17725E-01  0.00000E+00  5.62080E-02  6.15172E-02
   468.00000  1.17087E-01  0.00000E+00  5.59651E-02  6.11215E-02
   469.00000  1.16453E-01  0.00000E+00  5.57236E-02  6.07291E-02
   470.00000  1.15823E-01  0.00000E+00  5.54835E-02  6.03399E-02
   471.00000  1.15199E-01  0.00000E+00  5.52449E-02  5.99539E-02
   472.00000  1.14579E-01  0.00000E+00  5.50078E-02  5.95711E-02
   473.00000  1.13963E-01  0.00000E+00  5.47720E-02  5.91915E-02
   474.00000  1.13353E-01  0.00000E+00  5.45377E-02  5.88149E-02
   475.00000  1.12746E-01  0.00000E+00  5.43047E-02  5.84415E-02
   476.00000  1.12144E-01  0.00000E+00  5.40731E-02  5.80711E-02
   477.00000  1.11547E-01  0.00000E+00  5.38429E-02  5.77037E-02
   478.00000  1.10953E-01  0.00000E+00  5.36141E-02  5.73393E-02
   479.00000  1.10364E-01  0.00000E+00  5.33866E-02  5.69778E-02
   480.00000  1.09780E-01  0.00000E+00  5.31605E-02  5.66193E-02
   481.00000  1.09199E-01  0.00000E+00  5.29357E-02  5.62637E-02
   482.00000  1.08623E-01  0.00000E+00  5.27123E-02  5.59109E-02
   483.00000  1.08051E-01  0.00000E+00  5.24901E-02  5.55610E-02
   484.00000  1.07483E-01  0.00000E+00  5.22693E-02  5.52139E-02
   485.00000  1.06919E-01  0.00000E+00  5.20497E-02  5.48696E-02
   486.00000  1.06359E-01  0.00000E+00  5.18315E-02  5.45280E-02
   487.00000  1.05804E-01  0.00000E+00  5.16145E-02  5.41891E-02
   488.00000  1.05252E-01  0.00000E+00  5.13988E-02  5.38530E-02
   489.00000  1.04704E-01  0.00000E+00  5.11844E-02  5.35195E-02
   490.00000  1.04160E-01  0.00000E+00  5.09712E-02  5.31887E-02
   491.00000  1.03620E-01  0.00000E+00  5.07592E-02  5.28605E-02
   492.00000  1.03083E-01  0.00000E+00  5.05485E-02  5.25348E-02
   493.00000  1.02551E-01  0.00000E+00  5.03390E-02  5.22118E-02
   494.00000  1.02022E-01  0.00000E+00  5.01307E-02  5.18913E-02
   495.00000  1.01497E-01  0.00000E+00  4.99236E-02  5.15733E-02
   496.00000  1.00976E-01  0.00000E+00  4.97178E-02  5.12578E-02
   497.00000  1.00458E-01  0.00000E+00  4.95131E-02  5.09448E-02
   498.00000  9.99438E-02  0.00000E+00  4.93096E-02  5.06342E-02
   499.00000  9.94332E-02  0.00000E+00  4.91072E-02  5.03260E-02
   500.00000  9.89263E-02  0.00000E+00  4.89060E-02  5.00203E-02
   501.00000  9.84229E-02  0.00000E+00  4.87060E-02  4.97169E-02
   502.00000  9.79230E-02  0.00000E+00  4.85071E-02  4.94158E-02
   503.00000  9.74265E-02  0.00000E+00  4.83094E-02  4.91171E-02
   504.00000  9.69335E-02  0.00000E+00  4.81128E-02  4.88207E-02
   505.00000  9.64438E-02  0.00000E+00  4.79173E-02  4.85266E-02
   506.00000  9.59576E-02  0.00000E+00  4.77229E-02  4.82347E-02
   507.00000  9.54747E-02  0.00000E+00  4.75296E-02  4.79451E-02
   508.00000  9.49951E-02  0.00000E+00  4.73374E-02  4.76577E-02
   509.00000  9.45188E-02  0.00000E+00  4.71463E-02  4.73724E-02
   510.00000  9.40457E-02  0.00000E+00  4.69563E-02  4.70894E-02
   511.00000  9.35759E-02  0.00000E+00  4.67674E-02  4.68085E-02
   512.00000  9.31093E-02  0.00000E+00  4.65795E-02  4.65298E-02
   513.00000  9.26458E-02  0.00000E+00  4.63927E-02  4.62531E-02
   514.00000  9.21855E-02  0.00000E+00  4.62069E-02  4.59786E-02
   515.00000  9.17283E-02  0.00000E+00  4.60222E-02  4.57061E-02
   516.00000  9.12742E-02  0.00000E+00  4.58385E-02  4.54357E-02
   517.00000  9.08232E-02  0.00000E+00  4.56559E-02  4.51673E-02
   518.00000  9.03752E-02  0.00000E+00  4.54742E-02  4.49010E-02
   519.00000  8.99302E-02  0.00000E+00  4.52936E-02  4.46366E-02
   520.00000  8.94882E-02  0.00000E+00  4.51140E-02  4.43742E-02
   521.00000  8.90491E-02  0.00000E+00  4.49353E-02  4.41138E-02
   522.00000  8.86130E-02  0.00000E+00  4.47577E-02  4.38553E-02
   523.00000  8.81798E-02  0.00000E+00  4.45810E-02  4.35987E-02
   524.00000  8.77494E-02  0.00000E+00  4.44054E-02  4.33441E-02
   525.00000  8.73220E-02  0.00000E+00  4.42306E-02  4.30913E-02
   526.00000  8.68973E-02  0.00000E+00  4.40569E-02  4.28404E-02
   527.00000  8.64755E-02  0.00000E+00  4.38841E-02  4.25914E-02
   528.00000  8.60565E-02  0.00000E+00  4.37123E-02  4.23442E-02
   529.00000  8.56402E-02  0.00000E+00  4.35414E-02  4.20988E-02
   530.00000  8.52267E-02  0.00000E+00  4.33714E-02  4.18552E-02
   531.00000  8.48158E-02  0.00000E+00  4.32024E-02  4.16135E-02
   532.00000  8.44077E-02  0.00000E+00  4.30343E-02  4.13734E-02
   533.00000  8.40023E-02  0.00000E+00  4.28671E-02  4.11352E-02
   534.00000  8.35994E-02  0.00000E+00  4.27008E-02  4.08987E-02
   535.00000  8.31993E-02  0.00000E+00  4.25354E-02  4.06639E-02
   536.00000  8.28017E-02  0.00000E+00  4.23709E-02  4.04308E-02
   537.00000  8.24067E-02  0.00000E+00  4.22073E-02  4.01994E-02
   538.00000  8.20143E-02  0.00000E+00  4.20446E-02  3.99697E-02
   539.00000  8.16244E-02  0.00000E+00  4.18828E-02  3.97416E-02
   540.00000  8.12370E-02  0.00000E+00  4.17218E-02  3.95152E-02
   541.00000  8.08521E-02  0.00000E+00  4.15617E-02  3.92905E-02
   542.00000  8.04698E-02  0.00000E+00  4.14024E-02  3.90673E-02
   543.00000  8.00898E-02  0.00000E+00  4.12441E-02  3.88458E-02
   544.00000  7.97123E-02  0.00000E+00  4.10865E-02  3.86258E-02
   545.00000  7.93373E-02  0.00000E+00  4.09298E-02  3.84075E-02
   546.00000  7.89646E-02  0.00000E+00  4.07739E-02  3.81906E-02
   547.00000  7.85943E-02  0.00000E+00  4.06189E-02  3.79754E-02
   548.00000  7.82263E-02  0.00000E+00  4.04647E-02  3.77617E-02
   549.00000  7.78607E-02  0.00000E+00  4.03113E-02  3.75495E-02
   550.00000  7.74975E-02  0.00000E+00  4.01587E-02  3.73388E-02
   551.00000  7.71365E-02  0.00000E+00  4.00069E-02  3.71296E-02
   552.00000  7.67778E-02  0.00000E+00  3.98559E-02  3.69219E-02
   553.00000  7.64213E-02  0.00000E+00  3.97057E-02  3.67156E-02
   554.00000  7.60672E-02  0.00000E+00  3.95563E-02  3.65108E-02
   555.00000  7.57152E-02  0.00000E+00  3.94077E-02  3.63075E-02
   556.00000  7.53655E-02  0.00000E+00  3.92599E-02  3.61056E-02
   557.00000  7.50179E-02  0.00000E+00  3.91128E-02  3.59051E-02
   558.00000  7.46725E-02  0.00000E+00  3.89665E-02  3.57060E-02
   559.00000  7.43293E-02  0.00000E+00  3.88210E-02  3.55083E-02
   560.00000  7.39882E-02  0.00000E+00  3.86762E-02  3.53120E-02
   561.00000  7.36493E-02  0.00000E+00  3.85322E-02  3.51171E-02
   562.00000  7.33124E-02  0.00000E+00  3.83889E-02  3.49235E-02
   563.00000  7.29777E-02  0.00000E+00  3.82464E-02  3.47313E-02
   564.00000  7.26450E-02  0.00000E+00  3.81046E-02  3.45404E-02
   565.00000  7.23144E-02  0.00000E+00  3.79635E-02  3.43508E-02
   566.00000  7.19858E-02  0.00000E+00  3.78232E-02  3.41626E-02
   567.00000  7.16592E-02  0.00000E+00  3.76836E-02  3.39756E-02
   568.00000  7.13346E-02  0.00000E+00  3.75446E-02  3.37900E-02
   569.00000  7.10121E-02  0.00000E+00  3.74064E-02  3.36056E-02
   570.00000  7.06915E-02  0.00000E+00  3.72690E-02  3.34225E-02
   571.00000  7.03728E-02  0.00000E+00  3.71322E-02  3.32407E-02
   572.00000  7.00562E-02  0.00000E+00  3.69961E-02  3.30601E-02
   573.00000  6.97414E-02  0.00000E+00  3.68607E-02  3.28807E-02
   574.00000  6.94286E-02  0.00000E+00  3.67260E-02  3.27026E-02
   575.00000  6.91176E-02  0.00000E+00  3.65919E-02  3.25257E-02
   576.00000  6.88086E-02  0.00000E+00  3.64586E-02  3.23500E-02
   577.00000  6.85014E-02  0.00000E+00  3.63259E-02  3.21755E-02
   578.00000  6.81961E-02  0.00000E+00  3.61939E-02  3.20022E-02
   579.00000  6.78926E-02  0.00000E+00  3.60626E-02  3.18300E-02
   580.00000  6.75909E-02  0.00000E+00  3.59319E-02  3.16591E-02
   581.00000  6.72911E-02  0.00000E+00  3.58018E-02  3.14892E-02
   582.00000  6.69930E-02  0.00000E+00  3.56725E-02  3.13206E-02
   583.00000  6.66968E-02  0.00000E+00  3.55437E-02  3.11530E-02
   584.00000  6.64023E-02  0.00000E+00  3.54156E-02  3.09867E-02
   585.00000  6.61096E-02  0.00000E+00  3.52882E-02  3.08214E-02
   586.00000  6.58186E-02  0.00000E+00  3.51614E-02  3.06572E-02
   587.00000  6.55293E-02  0.00000E+00  3.50352E-02  3.04942E-02
   588.00000  6.52418E-02  0.00000E+00  3.49096E-02  3.03322E-02
   589.00000  6.49560E-02  0.00000E+00  3.47847E-02  3.01713E-02
   590.00000  6.46719E-02  0.00000E+00  3.46604E-02  3.00115E-02
   591.00000  6.43894E-02  0.00000E+00  3.45366E-02  2.98528E-02
   592.00000  6.41086E-02  0.00000E+00  3.44135E-02  2.96951E-02
   593.00000  6.38295E-02  0.00000E+00  3.42910E-02  2.95385E-02
   594.00000  6.35520E-02  0.00000E+00  3.41691E-02  2.93829E-02
   595.00000  6.32762E-02  0.00000E+00  3.40478E-02  2.92283E-02
   596.00000  6.30019E-02  0.00000E+00  3.39271E-02  2.90748E-02
   597.00000  6.27293E-02  0.00000E+00  3.38070E-02  2.89223E-02
   598.00000  6.24583E-02  0.00000E+00  3.36875E-02  2.87708E-02
   599.00000  6.21888E-02  0.00000E+00  3.35685E-02  2.86203E-02
   600.00000  6.19209E-02  0.00000E+00  3.34501E-02  2.84708E-02
   601.00000  6.16546E-02  0.00000E+00  3.33323E-02  2.83223E-02
   602.00000  6.13898E-02  0.00000E+00  3.32151E-02  2.81747E-02
   603.00000  6.11266E-02  0.00000E+00  3.30984E-02  2.80281E-02
   604.00000  6.08649E-02  0.00000E+00  3.29823E-02  2.78825E-02
   605.00000  6.06046E-02  0.00000E+00  3.28668E-02  2.77379E-02
   606.00000  6.03459E-02  0.00000E+00  3.27518E-02  2.75941E-02
   607.00000  6.00887E-02  0.00000E+00  3.26374E-02  2.74514E-02
   608.00000  5.98330E-02  0.00000E+00  3.25235E-02  2.73095E-02
   609.00000  5.95787E-02  0.00000E+00  3.24101E-02  2.71686E-02
   610.00000  5.93259E-02  0.00000E+00  3.22973E-02  2.70286E-02
   611.00000  5.90746E-02  0.00000E+00  3.21850E-02  2.68895E-02
   612.00000  5.88247E-02  0.00000E+00  3.20733E-02  2.67513E-02
   613.00000  5.85762E-02  0.00000E+00  3.19621E-02  2.66141E-02
   614.00000  5.83291E-02  0.00000E+00  3.18514E-02  2.64777E-02
   615.00000  5.80834E-02  0.00000E+00  3.17413E-02  2.63421E-02
   616.00000  5.78391E-02  0.00000E+00  3.16316E-02  2.62075E-02
   617.00000  5.75963E-02  0.00000E+00  3.15225E-02  2.60737E-02
   618.00000  5.73547E-02  0.00000E+00  3.14139E-02  2.59408E-02
   619.00000  5.71146E-02  0.00000E+00  3.13058E-02  2.58088E-02
   620.00000  5.68758E-02  0.00000E+00  3.11983E-02  2.56775E-02
   621.00000  5.66384E-02  0.00000E+00  3.10912E-02  2.55472E-02
   622.00000  5.64023E-02  0.00000E+00  3.09846E-02  2.54176E-02
   623.00000  5.61675E-02  0.00000E+00  3.08785E-02  2.52889E-02
   624.00000  5.59340E-02  0.00000E+00  3.07729E-02  2.51611E-02
   625.00000  5.57019E-02  0.00000E+00  3.06679E-02  2.50340E-02
   626.00000  5.54710E-02  0.00000E+00  3.05632E-02  2.49077E-02
   627.00000  5.52414E-02  0.00000E+00  3.04591E-02  2.47823E-02
   628.00000  5.50131E-02  0.00000E+00  3.03555E-02  2.46576E-02
   629.00000  5.47861E-02  0.00000E+00  3.02523E-02  2.45338E-02
   630.00000  5.45604E-02  0.00000E+00  3.01497E-02  2.44107E-02
   631.00000  5.43359E-02  0.00000E+00  3.00475E-02  2.42884E-02
   632.00000  5.41126E-02  0.00000E+00  2.99457E-02  2.41669E-02
   633.00000  5.38906E-02  0.00000E+00  2.98445E-02  2.40461E-02
   634.00000  5.36698E-02  0.00000E+00  2.97436E-02  2.39261E-02
   635.00000  5.34502E-02  0.00000E+00  2.96433E-02  2.38069E-02
   636.00000  5.32318E-02  0.00000E+00  2.95434E-02  2.36884E-02
   637.00000  5.30147E-02  0.00000E+00  2.94440E-02  2.35707E-02
   638.00000  5.27987E-02  0.00000E+00  2.93450E-02  2.34537E-02
   639.00000  5.25839E-02  0.00000E+00  2.92465E-02  2.33374E-02
   640.00000  5.23703E-02  0.00000E+00  2.91484E-02  2.32218E-02
   641.00000  5.21578E-02  0.00000E+00  2.90508E-02  2.31070E-02
   642.00000  5.19465E-02  0.00000E+00  2.89536E-02  2.29929E-02
   643.00000  5.17364E-02  0.00000E+00  2.88569E-02  2.28795E-02
   644.00000  5.15274E-02  0.00000E+00  2.87606E-02  2.27668E-02
   645.00000  5.13196E-02  0.00000E+00  2.86647E-02  2.26548E-02
   646.00000  5.11128E-02  0.00000E+00  2.85693E-02  2.25436E-02
   647.00000  5.09072E-02  0.00000E+00  2.84743E-02  2.24330E-02
   648.00000  5.07027E-02  0.00000E+00  2.83797E-02  2.23230E-02
   649.00000  5.04993E-02  0.00000E+00  2.82855E-02  2.22138E-02
   650.00000  5.02970E-02  0.00000E+00  2.81918E-02  2.21052E-02
   651.00000  5.00958E-02  0.00000E+00  2.80985E-02  2.19973E-02
   652.00000  4.98957E-02  0.00000E+00  2.80056E-02  2.18901E-02
   653.00000  4.96966E-02  0.00000E+00  2.79131E-02  2.17836E-02
   654.00000  4.94986E-02  0.00000E+00  2.78210E-02  2.16776E-02
   655.00000  4.93017E-02  0.00000E+00  2.77293E-02  2.15724E-02
   656.00000  4.91059E-02  0.00000E+00  2.76381E-02  2.14678E-02
   657.00000  4.89110E-02  0.00000E+00  2.75472E-02  2.13638E-02
   658.00000  4.87172E-02  0.00000E+00  2.74568E-02  2.12605E-02
   659.00000  4.85245E-02  0.00000E+00  2.73667E-02  2.11578E-02
   660.00000  4.83328E-02  0.00000E+00  2.72771E-02  2.10557E-02
   661.00000  4.81420E-02  0.00000E+00  2.71878E-02  2.09542E-02
   662.00000  4.79523E-02  0.00000E+00  2.70990E-02  2.08534E-02
   663.00000  4.77636E-02  0.00000E+00  2.70105E-02  2.07532E-02
   664.00000  4.75759E-02  0.00000E+00  2.69224E-02  2.06535E-02
   665.00000  4.73892E-02  0.00000E+00  2.68347E-02  2.05545E-02
   666.00000  4.72035E-02  0.00000E+00  2.67474E-02  2.04561E-02
   667.00000  4.70188E-02  0.00000E+00  2.66605E-02  2.03583E-02
   668.00000  4.68350E-02  0.00000E+00  2.65739E-02  2.02611E-02
   669.00000  4.66522E-02  0.00000E+00  2.64877E-02  2.01644E-02
   670.00000  4.64703E-02  0.00000E+00  2.64019E-02  2.00684E-02
   671.00000  4.62894E-02  0.00000E+00  2.63165E-02  1.99729E-02
   672.00000  4.61095E-02  0.00000E+00  2.62314E-02  1.98780E-02
   673.00000  4.59304E-02  0.00000E+00  2.61468E-02  1.97837E-02
   674.00000  4.57524E-02  0.00000E+00  2.60624E-02  1.96899E-02
   675.00000  4.55752E-02  0.00000E+00  2.59785E-02  1.95967E-02
   676.00000  4.53990E-02  0.00000E+00  2.58949E-02  1.95041E-02
   677.00000  4.52237E-02  0.00000E+00  2.58117E-02  1.94120E-02
   678.00000  4.50492E-02  0.00000E+00  2.57288E-02  1.93205E-02
   679.00000  4.48757E-02  0.00000E+00  2.56463E-02  1.92295E-02
   680.00000  4.47031E-02  0.00000E+00  2.55641E-02  1.91390E-02
   681.00000  4.45314E-02  0.00000E+00  2.54823E-02  1.90491E-02
   682.00000  4.43606E-02  0.00000E+00  2.54008E-02  1.89598E-02
   683.00000  4.41906E-02  0.00000E+00  2.53197E-02  1.88709E-02
   684.00000  4.40216E-02  0.00000E+00  2.52390E-02  1.87826E-02
   685.00000  4.38533E-02  0.00000E+00  2.51585E-02  1.86948E-02
   686.00000  4.36860E-02  0.00000E+00  2.50785E-02  1.86075E-02
   687.00000  4.35195E-02  0.00000E+00  2.49987E-02  1.85208E-02
   688.00000  4.33539E-02  0.00000E+00  2.49193E-02  1.84345E-02
   689.00000  4.31891E-02  0.00000E+00  2.48403E-02  1.83488E-02
   690.00000  4.30251E-02  0.00000E+00  2.47616E-02  1.82636E-02
   691.00000  4.28620E-02  0.00000E+00  2.46832E-02  1.81788E-02
   692.00000  4.26997E-02  0.00000E+00  2.46051E-02  1.80946E-02
   693.00000  4.25382E-02  0.00000E+00  2.45274E-02  1.80109E-02
   694.00000  4.23776E-02  0.00000E+00  2.44500E-02  1.79276E-02
   695.00000  4.22178E-02  0.00000E+00  2.43729E-02  1.78449E-02
   696.00000  4.20587E-02  0.00000E+00  2.42962E-02  1.77626E-02
   697.00000  4.19005E-02  0.00000E+00  2.42197E-02  1.76808E-02
   698.00000  4.17431E-02  0.00000E+00  2.41436E-02  1.75995E-02
   699.00000  4.15865E-02  0.00000E+00  2.40678E-02  1.75186E-02
   700.00000  4.14306E-02  0.00000E+00  2.39924E-02  1.74383E-02
   701.00000  4.12756E-02  0.00000E+00  2.39172E-02  1.73584E-02
   702.00000  4.11213E-02  0.00000E+00  2.38424E-02  1.72789E-02
   703.00000  4.09678E-02  0.00000E+00  2.37679E-02  1.71999E-02
   704.00000  4.08151E-02  0.00000E+00  2.36937E-02  1.71214E-02
   705.00000  4.06631E-02  0.00000E+00  2.36197E-02  1.70433E-02
   706.00000  4.05119E-02  0.00000E+00  2.35462E-02  1.69657E-02
   707.00000  4.03614E-02  0.00000E+00  2.34729E-02  1.68885E-02
   708.00000  4.02117E-02  0.00000E+00  2.33999E-02  1.68118E-02
   709.00000  4.00627E-02  0.00000E+00  2.33272E-02  1.67355E-02
   710.00000  3.99145E-02  0.00000E+00  2.32548E-02  1.66597E-02
   711.00000  3.97670E-02  0.00000E+00  2.31827E-02  1.65843E-02
   712.00000  3.96202E-02  0.00000E+00  2.31109E-02  1.65093E-02
   713.00000  3.94742E-02  0.00000E+00  2.30395E-02  1.64347E-02
   714.00000  3.93289E-02  0.00000E+00  2.29683E-02  1.63606E-02
   715.00000  3.91843E-02  0.00000E+00  2.28974E-02  1.62869E-02
   716.00000  3.90404E-02  0.00000E+00  2.28268E-02  1.62136E-02
   717.00000  3.88972E-02  0.00000E+00  2.27564E-02  1.61408E-02
   718.00000  3.87547E-02  0.00000E+00  2.26864E-02  1.60683E-02
   719.00000  3.86130E-02  0.00000E+00  2.26167E-02  1.59963E-02
   720.00000  3.84719E-02  0.00000E+00  2.25472E-02  1.59247E-02
   721.00000  3.83315E-02  0.00000E+00  2.24780E-02  1.58534E-02
   722.00000  3.81918E-02  0.00000E+00  2.24092E-02  1.57826E-02
   723.00000  3.80528E-02  0.00000E+00  2.23405E-02  1.57122E-02
   724.00000  3.79144E-02  0.00000E+00  2.22722E-02  1.56422E-02
   725.00000  3.77767E-02  0.00000E+00  2.22042E-02  1.55726E-02
   726.00000  3.76397E-02  0.00000E+00  2.21364E-02  1.55033E-02
   727.00000  3.75034E-02  0.00000E+00  2.20689E-02  1.54345E-02
   728.00000  3.73677E-02  0.00000E+00  2.20017E-02  1.53660E-02
   729.00000  3.72327E-02  0.00000E+00  2.19347E-02  1.52980E-02
   730.00000  3.70984E-02  0.00000E+00  2.18681E-02  1.52303E-02
   731.00000  3.69646E-02  0.00000E+00  2.18016E-02  1.51630E-02
   732.00000  3.68316E-02  0.00000E+00  2.17355E-02  1.50961E-02
   733.00000  3.66991E-02  0.00000E+00  2.16696E-02  1.50295E-02
   734.00000  3.65674E-02  0.00000E+00  2.16040E-02  1.49633E-02
   735.00000  3.64362E-02  0.00000E+00  2.15387E-02  1.48975E-02
   736.00000  3.63057E-02  0.00000E+00  2.14736E-02  1.48321E-02
   737.00000  3.61758E-02  0.00000E+00  2.14088E-02  1.47670E-02
   738.00000  3.60465E-02  0.00000E+00  2.13442E-02  1.47023E-02
   739.00000  3.59179E-02  0.00000E+00  2.12800E-02  1.46379E-02
   740.00000  3.57898E-02  0.00000E+00  2.12159E-02  1.45739E-02
   741.00000  3.56624E-02  0.00000E+00  2.11521E-02  1.45103E-02
   742.00000  3.55356E-02  0.00000E+00  2.10886E-02  1.44470E-02
   743.00000  3.54094E-02  0.00000E+00  2.10253E-02  1.43840E-02
   744.00000  3.52837E-02  0.00000E+00  2.09623E-02  1.43214E-02
   745.00000  3.51587E-02  0.00000E+00  2.08996E-02  1.42592E-02
   746.00000  3.50343E-02  0.00000E+00  2.08370E-02  1.41973E-02
   747.00000  3.49105E-02  0.00000E+00  2.07748E-02  1.41357E-02
   748.00000  3.47872E-02  0.00000E+00  2.07128E-02  1.40745E-02
   749.00000  3.46646E-02  0.00000E+00  2.06510E-02  1.40136E-02
   750.00000  3.45425E-02  0.00000E+00  2.05895E-02  1.39530E-02
   751.00000  3.44210E-02  0.00000E+00  2.05282E-02  1.38928E-02
   752.00000  3.43000E-02  0.00000E+00  2.04671E-02  1.38329E-02
   753.00000  3.41797E-02  0.00000E+00  2.04064E-02  1.37733E-02
   754.00000  3.40599E-02  0.00000E+00  2.03458E-02  1.37141E-02
   755.00000  3.39406E-02  0.00000E+00  2.02855E-02  1.36552E-02
   756.00000  3.38220E-02  0.00000E+00  2.02254E-02  1.35966E-02
   757.00000  3.37038E-02  0.00000E+00  2.01656E-02  1.35383E-02
   758.00000  3.35863E-02  0.00000E+00  2.01060E-02  1.34803E-02
   759.00000  3.34693E-02  0.00000E+00  2.00466E-02  1.34227E-02
   760.00000  3.33528E-02  0.00000E+00  1.99875E-02  1.33653E-02
   761.00000  3.32369E-02  0.00000E+00  1.99286E-02  1.33083E-02
   762.00000  3.31215E-02  0.00000E+00  1.98699E-02  1.32516E-02
   763.00000  3.30066E-02  0.00000E+00  1.98114E-02  1.31952E-02
   764.00000  3.28923E-02  0.00000E+00  1.97532E-02  1.31391E-02
   765.00000  3.27785E-02  0.00000E+00  1.96953E-02  1.30833E-02
   766.00000  3.26653E-02  0.00000E+00  1.96375E-02  1.30278E-02
   767.00000  3.25525E-02  0.00000E+00  1.95800E-02  1.29726E-02
   768.00000  3.24403E-02  0.00000E+00  1.95227E-02  1.29176E-02
   769.00000  3.23286E-02  0.00000E+00  1.94656E-02  1.28630E-02
   770.00000  3.22174E-02  0.00000E+00  1.94087E-02  1.28087E-02
   771.00000  3.21068E-02  0.00000E+00  1.93521E-02  1.27547E-02
   772.00000  3.19966E-02  0.00000E+00  1.92957E-02  1.27009E-02
   773.00000  3.18870E-02  0.00000E+00  1.92395E-02  1.26475E-02
   774.00000  3.17778E-02  0.00000E+00  1.91835E-02  1.25943E-02
   775.00000  3.16692E-02  0.00000E+00  1.91278E-02  1.25414E-02
   776.00000  3.15610E-02  0.00000E+00  1.90722E-02  1.24888E-02
   777.00000  3.14534E-02  0.00000E+00  1.90169E-02  1.24365E-02
   778.00000  3.13462E-02  0.00000E+00  1.89618E-02  1.23844E-02
   779.00000  3.12395E-02  0.00000E+00  1.89069E-02  1.23327E-02
   780.00000  3.11334E-02  0.00000E+00  1.88522E-02  1.22812E-02
   781.00000  3.10277E-02  0.00000E+00  1.87977E-02  1.22299E-02
   782.00000  3.09224E-02  0.00000E+00  1.87434E-02  1.21790E-02
   783.00000  3.08177E-02  0.00000E+00  1.86894E-02  1.21283E-02
   784.00000  3.07134E-02  0.00000E+00  1.86355E-02  1.20779E-02
   785.00000  3.06096E-02  0.00000E+00  1.85819E-02  1.20277E-02
   786.00000  3.05063E-02  0.00000E+00  1.85285E-02  1.19778E-02
   787.00000  3.04034E-02  0.00000E+00  1.84752E-02  1.19282E-02
   788.00000  3.03011E-02  0.00000E+00  1.84222E-02  1.18788E-02
   789.00000  3.01991E-02  0.00000E+00  1.83694E-02  1.18297E-02
   790.00000  3.00977E-02  0.00000E+00  1.83168E-02  1.17809E-02
   791.00000  2.99966E-02  0.00000E+00  1.82644E-02  1.17323E-02
   792.00000  2.98961E-02  0.00000E+00  1.82121E-02  1.16839E-02
   793.00000  2.97960E-02  0.00000E+00  1.81601E-02  1.16358E-02
   794.00000  2.96963E-02  0.00000E+00  1.81083E-02  1.15880E-02
   795.00000  2.95971E-02  0.00000E+00  1.80567E-02  1.15404E-02
   796.00000  2.94983E-02  0.00000E+00  1.80053E-02  1.14931E-02
   797.00000  2.94000E-02  0.00000E+00  1.79541E-02  1.14460E-02
   798.00000  2.93021E-02  0.00000E+00  1.79030E-02  1.13991E-02
   799.00000  2.92047E-02  0.00000E+00  1.78522E-02  1.13525E-02
   800.00000  2.91077E-02  0.00000E+00  1.78016E-02  1.13061E-02
   801.00000  2.90111E-02  0.00000E+00  1.77511E-02  1.12600E-02
   802.00000  2.89149E-02  0.00000E+00  1.77008E-02  1.12141E-02
   803.00000  2.88192E-02  0.00000E+00  1.76508E-02  1.11684E-02
   804.00000  2.87239E-02  0.00000E+00  1.76009E-02  1.11230E-02
   805.00000  2.86290E-02  0.00000E+00  1.75512E-02  1.10778E-02
   806.00000  2.85346E-02  0.00000E+00  1.75017E-02  1.10329E-02
   807.00000  2.84406E-02  0.00000E+00  1.74524E-02  1.09882E-02
   808.00000  2.83469E-02  0.00000E+00  1.74033E-02  1.09437E-02
   809.00000  2.82537E-02  0.00000E+00  1.73543E-02  1.08994E-02
   810.00000  2.81609E-02  0.00000E+00  1.73056E-02  1.08554E-02
   811.00000  2.80685E-02  0.00000E+00  1.72570E-02  1.08115E-02
   812.00000  2.79766E-02  0.00000E+00  1.72086E-02  1.07679E-02
   813.00000  2.78850E-02  0.00000E+00  1.71604E-02  1.07246E-02
   814.00000  2.77938E-02  0.00000E+00  1.71124E-02  1.06814E-02
   815.00000  2.77030E-02  0.00000E+00  1.70645E-02  1.06385E-02
   816.00000  2.76127E-02  0.00000E+00  1.70169E-02  1.05958E-02
   817.00000  2.75227E-02  0.00000E+00  1.69694E-02  1.05533E-02
   818.00000  2.74331E-02  0.00000E+00  1.69221E-02  1.05110E-02
   819.00000  2.73439E-02  0.00000E+00  1.68749E-02  1.04690E-02
   820.00000  2.72551E-02  0.00000E+00  1.68280E-02  1.04271E-02
   821.00000  2.71667E-02  0.00000E+00  1.67812E-02  1.03855E-02
   822.00000  2.70786E-02  0.00000E+00  1.67346E-02  1.03440E-02
   823.00000  2.69910E-02  0.00000E+00  1.66882E-02  1.03028E-02
   824.00000  2.69037E-02  0.00000E+00  1.66419E-02  1.02618E-02
   825.00000  2.68168E-02  0.00000E+00  1.65958E-02  1.02210E-02
   826.00000  2.67303E-02  0.00000E+00  1.65499E-02  1.01804E-02
   827.00000  2.66442E-02  0.00000E+00  1.65042E-02  1.01400E-02
   828.00000  2.65584E-02  0.00000E+00  1.64586E-02  1.00998E-02
   829.00000  2.64730E-02  0.00000E+00  1.64132E-02  1.00598E-02
   830.00000  2.63880E-02  0.00000E+00  1.63680E-02  1.00200E-02
   831.00000  2.63034E-02  0.00000E+00  1.63229E-02  9.98046E-03
   832.00000  2.62191E-02  0.00000E+00  1.62780E-02  9.94107E-03
   833.00000  2.61351E-02  0.00000E+00  1.62333E-02  9.90187E-03
   834.00000  2.60516E-02  0.00000E+00  1.61887E-02  9.86287E-03
   835.00000  2.59684E-02  0.00000E+00  1.61443E-02  9.82406E-03
   836.00000  2.58855E-02  0.00000E+00  1.61001E-02  9.78545E-03
   837.00000  2.58030E-02  0.00000E+00  1.60560E-02  9.74703E-03
   838.00000  2.57209E-02  0.00000E+00  1.60121E-02  9.70880E-03
   839.00000  2.56391E-02  0.00000E+00  1.59683E-02  9.67076E-03
   840.00000  2.55576E-02  0.00000E+00  1.59247E-02  9.63290E-03
   841.00000  2.54765E-02  0.00000E+00  1.58813E-02  9.59524E-03
   842.00000  2.53958E-02  0.00000E+00  1.58380E-02  9.55776E-03
   843.00000  2.53154E-02  0.00000E+00  1.57949E-02  9.52046E-03
   844.00000  2.52353E-02  0.00000E+00  1.57520E-02  9.48335E-03
   845.00000  2.51556E-02  0.00000E+00  1.57092E-02  9.44642E-03
   846.00000  2.50762E-02  0.00000E+00  1.56665E-02  9.40968E-03
   847.00000  2.49971E-02  0.00000E+00  1.56240E-02  9.37311E-03
   848.00000  2.49184E-02  0.00000E+00  1.55817E-02  9.33672E-03
   849.00000  2.48400E-02  0.00000E+00  1.55395E-02  9.30052E-03
   850.00000  2.47620E-02  0.00000E+00  1.54975E-02  9.26449E-03
   851.00000  2.46843E-02  0.00000E+00  1.54556E-02  9.22863E-03
   852.00000  2.46069E-02  0.00000E+00  1.54139E-02  9.19295E-03
   853.00000  2.45298E-02  0.00000E+00  1.53724E-02  9.15745E-03
   854.00000  2.44531E-02  0.00000E+00  1.53310E-02  9.12211E-03
   855.00000  2.43767E-02  0.00000E+00  1.52897E-02  9.08695E-03
   856.00000  2.43006E-02  0.00000E+00  1.52486E-02  9.05196E-03
   857.00000  2.42248E-02  0.00000E+00  1.52076E-02  9.01714E-03
   858.00000  3.02073E-01  2.77923E-01  1.51668E-02  8.98249E-03
   859.00000  3.05767E-01  2.81693E-01  1.51262E-02  8.94801E-03
   860.00000  3.08813E-01  2.84814E-01  1.50856E-02  8.91370E-03
   861.00000  3.11317E-01  2.87392E-01  1.50453E-02  8.87955E-03
   862.00000  3.13380E-01  2.89529E-01  1.50050E-02  8.84556E-03
   863.00000  3.15082E-01  2.91306E-01  1.49650E-02  8.81174E-03
   864.00000  3.16486E-01  2.92782E-01  1.49250E-02  8.77808E-03
   865.00000  3.17640E-01  2.94010E-01  1.48852E-02  8.74459E-03
   866.00000  3.18588E-01  2.95031E-01  1.48456E-02  8.71126E-03
   867.00000  3.19365E-01  2.95881E-01  1.48061E-02  8.67808E-03
   868.00000  3.19997E-01  2.96585E-01  1.47667E-02  8.64507E-03
   869.00000  3.20506E-01  2.97166E-01  1.47275E-02  8.61221E-03
   870.00000  3.20912E-01  2.97644E-01  1.46884E-02  8.57951E-03
   871.00000  3.21229E-01  2.98032E-01  1.46495E-02  8.54697E-03
   872.00000  3.21470E-01  2.98345E-01  1.46107E-02  8.51459E-03
   873.00000  3.21646E-01  2.98592E-01  1.45720E-02  8.48235E-03
   874.00000  3.21765E-01  2.98781E-01  1.45335E-02  8.45028E-03
   875.00000  3.21834E-01  2.98921E-01  1.44951E-02  8.41835E-03
   876.00000  3.21860E-01  2.99016E-01  1.44569E-02  8.38658E-03
   877.00000  3.21847E-01  2.99073E-01  1.44188E-02  8.35496E-03
   878.00000  3.21800E-01  2.99095E-01  1.43808E-02  8.32349E-03
   879.00000  3.21722E-01  2.99086E-01  1.43430E-02  8.29217E-03
   880.00000  3.21616E-01  2.99050E-01  1.43053E-02  8.26099E-03
   881.00000  3.21485E-01  2.98987E-01  1.42677E-02  8.22997E-03
   882.00000  3.21331E-01  2.98901E-01  1.42303E-02  8.19909E-03
   883.00000  3.21155E-01  2.98794E-01  1.41929E-02  8.16836E-03
   884.00000  3.20960E-01  2.98666E-01  1.41558E-02  8.13777E-03
   885.00000  3.20746E-01  2.98520E-01  1.41187E-02  8.10733E-03
   886.00000  3.20514E-01  2.98356E-01  1.40818E-02  8.07704E-03
   887.00000  3.20267E-01  2.98175E-01  1.40451E-02  8.04688E-03
   888.00000  3.20003E-01  2.97978E-01  1.40084E-02  8.01687E-03
   889.00000  3.19724E-01  2.97765E-01  1.39719E-02  7.98700E-03
   890.00000  3.19431E-01  2.97538E-01  1.39355E-02  7.95727E-03
   891.00000  3.19124E-01  2.97297E-01  1.38992E-02  7.92767E-03
   892.00000  3.18803E-01  2.97042E-01  1.38631E-02  7.89822E-03
   893.00000  3.18469E-01  2.96773E-01  1.38271E-02  7.86891E-03
   894.00000  3.18122E-01  2.96491E-01  1.37912E-02  7.83973E-03
   895.00000  3.17763E-01  2.96197E-01  1.37555E-02  7.81069E-03
   896.00000  3.17391E-01  2.95889E-01  1.37198E-02  7.78179E-03
   897.00000  3.17007E-01  2.95570E-01  1.36843E-02  7.75302E-03
   898.00000  3.16611E-01  2.95238E-01  1.36490E-02  7.72438E-03
   899.00000  3.16204E-01  2.94894E-01  1.36137E-02  7.69588E-03
   900.00000  3.15785E-01  2.94538E-01  1.35786E-02  7.66751E-03
   901.00000  3.15354E-01  2.94171E-01  1.35436E-02  7.63927E-03
   902.00000  3.14912E-01  2.93793E-01  1.35087E-02  7.61117E-03
   903.00000  3.14460E-01  2.93403E-01  1.34739E-02  7.58319E-03
   904.00000  3.13996E-01  2.93002E-01  1.34393E-02  7.55535E-03
   905.00000  3.13522E-01  2.92590E-01  1.34048E-02  7.52763E-03
   906.00000  3.13037E-01  2.92167E-01  1.33704E-02  7.50004E-03
   907.00000  3.12542E-01  2.91734E-01  1.33361E-02  7.47258E-03
   908.00000  3.12037E-01  2.91290E-01  1.33019E-02  7.44525E-03
   909.00000  3.11522E-01  2.90836E-01  1.32679E-02  7.41804E-03
   910.00000  3.10997E-01  2.90372E-01  1.32340E-02  7.39096E-03
   911.00000  3.10462E-01  2.89898E-01  1.32002E-02  7.36400E-03
   912.00000  3.09918E-01  2.89414E-01  1.31665E-02  7.33717E-03
   913.00000  3.09364E-01  2.88921E-01  1.31329E-02  7.31046E-03
   914.00000  3.08802E-01  2.88418E-01  1.30994E-02  7.28387E-03
   915.00000  3.08230E-01  2.87906E-01  1.30661E-02  7.25741E-03
   916.00000  3.07650E-01  2.87386E-01  1.30329E-02  7.23107E-03
   917.00000  3.07061E-01  2.86856E-01  1.29998E-02  7.20484E-03
   918.00000  3.06464E-01  2.86318E-01  1.29668E-02  7.17874E-03
   919.00000  3.05858E-01  2.85772E-01  1.29339E-02  7.15276E-03
   920.00000  3.05245E-01  2.85217E-01  1.29011E-02  7.12689E-03
   921.00000  3.04625E-01  2.84655E-01  1.28684E-02  7.10115E-03
   922.00000  3.03996E-01  2.84085E-01  1.28359E-02  7.07552E-03
   923.00000  3.03361E-01  2.83507E-01  1.28035E-02  7.05000E-03
   924.00000  3.02718E-01  2.82922E-01  1.27711E-02  7.02461E-03
   925.00000  3.02069E-01  2.82331E-01  1.27389E-02  6.99933E-03
   926.00000  3.01413E-01  2.81732E-01  1.27068E-02  6.97416E-03
   927.00000  3.00751E-01  2.81127E-01  1.26748E-02  6.94911E-03
   928.00000  3.00082E-01  2.80515E-01  1.26429E-02  6.92417E-03
   929.00000  2.99408E-01  2.79898E-01  1.26112E-02  6.89934E-03
   930.00000  2.98728E-01  2.79274E-01  1.25795E-02  6.87463E-03
   931.00000  2.98043E-01  2.78645E-01  1.25479E-02  6.85003E-03
   932.00000  2.97353E-01  2.78010E-01  1.25165E-02  6.82554E-03
   933.00000  2.96657E-01  2.77371E-01  1.24852E-02  6.80115E-03
   934.00000  2.95957E-01  2.76726E-01  1.24539E-02  6.77688E-03
   935.00000  2.95252E-01  2.76077E-01  1.24228E-02  6.75272E-03
   936.00000  2.94543E-01  2.75423E-01  1.23918E-02  6.72867E-03
   937.00000  2.93830E-01  2.74764E-01  1.23608E-02  6.70472E-03
   938.00000  2.93113E-01  2.74102E-01  1.23300E-02  6.68088E-03
   939.00000  2.92392E-01  2.73436E-01  1.22993E-02  6.65715E-03
   940.00000  2.91668E-01  2.72766E-01  1.22687E-02  6.63353E-03
   941.00000  2.90941E-01  2.72093E-01  1.22382E-02  6.61001E-03
   942.00000  2.90211E-01  2.71416E-01  1.22078E-02  6.58660E-03
   943.00000  2.89478E-01  2.70737E-01  1.21775E-02  6.56329E-03
   944.00000  2.88742E-01  2.70055E-01  1.21473E-02  6.54008E-03
   945.00000  2.88004E-01  2.69370E-01  1.21172E-02  6.51698E-03
   946.00000  2.87264E-01  2.68683E-01  1.20872E-02  6.49398E-03
   947.00000  2.86522E-01  2.67994E-01  1.20573E-02  6.47108E-03
   948.00000  2.85778E-01  2.67302E-01  1.20275E-02  6.44829E-03
   949.00000  2.85033E-01  2.66609E-01  1.19978E-02  6.42559E-03
   950.00000  2.84286E-01  2.65914E-01  1.19682E-02  6.40300E-03
   951.00000  2.83538E-01  2.65218E-01  1.19387E-02  6.38051E-03
   952.00000  2.82788E-01  2.64521E-01  1.19093E-02  6.35811E-03
   953.00000  2.82038E-01  2.63822E-01  1.18800E-02  6.33582E-03
   954.00000  2.81287E-01  2.63123E-01  1.18508E-02  6.31362E-03
   955.00000  2.80536E-01  2.62423E-01  1.18217E-02  6.29153E-03
   956.00000  2.79784E-01  2.61722E-01  1.17927E-02  6.26953E-03
   957.00000  2.79032E-01  2.61021E-01  1.17638E-02  6.24762E-03
   958.00000  2.78280E-01  2.60319E-01  1.17350E-02  6.22582E-03
   959.00000  2.77528E-01  2.59618E-01  1.17063E-02  6.20411E-03
   960.00000  2.76777E-01  2.58916E-01  1.16777E-02  6.18249E-03
   961.00000  2.76025E-01  2.58215E-01  1.16491E-02  6.16097E-03
   962.00000  2.75274E-01  2.57514E-01  1.16207E-02  6.13955E-03
   963.00000  2.74524E-01  2.56813E-01  1.15924E-02  6.11822E-03
   964.00000  2.73774E-01  2.56113E-01  1.15641E-02  6.09698E-03
   965.00000  2.73026E-01  2.55414E-01  1.15360E-02  6.07584E-03
   966.00000  2.72278E-01  2.54715E-01  1.15079E-02  6.05479E-03
   967.00000  2.71532E-01  2.54018E-01  1.14799E-02  6.03383E-03
   968.00000  2.70786E-01  2.53321E-01  1.14521E-02  6.01296E-03
   969.00000  2.70043E-01  2.52626E-01  1.14243E-02  5.99219E-03
   970.00000  2.69300E-01  2.51932E-01  1.13966E-02  5.97150E-03
   971.00000  2.68559E-01  2.51239E-01  1.13690E-02  5.95091E-03
   972.00000  2.67820E-01  2.50548E-01  1.13415E-02  5.93040E-03
   973.00000  2.67082E-01  2.49858E-01  1.13141E-02  5.90998E-03
   974.00000  2.66347E-01  2.49170E-01  1.12867E-02  5.88966E-03
   975.00000  2.65613E-01  2.48484E-01  1.12595E-02  5.86942E-03
   976.00000  2.64881E-01  2.47800E-01  1.12323E-02  5.84927E-03
   977.00000  2.64152E-01  2.47117E-01  1.12053E-02  5.82921E-03
   978.00000  2.63424E-01  2.46437E-01  1.11783E-02  5.80923E-03
   979.00000  2.62699E-01  2.45758E-01  1.11514E-02  5.78934E-03
   980.00000  2.61976E-01  2.45082E-01  1.11246E-02  5.76954E-03
   981.00000  2.61255E-01  2.44407E-01  1.10979E-02  5.74982E-03
   982.00000  2.60537E-01  2.43736E-01  1.10713E-02  5.73019E-03
   983.00000  2.59821E-01  2.43066E-01  1.10447E-02  5.71064E-03
   984.00000  2.59108E-01  2.42399E-01  1.10183E-02  5.69118E-03
   985.00000  2.58398E-01  2.41734E-01  1.09919E-02  5.67180E-03
   986.00000  2.57690E-01  2.41072E-01  1.09656E-02  5.65251E-03
   987.00000  2.56985E-01  2.40412E-01  1.09394E-02  5.63329E-03
   988.00000  2.56282E-01  2.39755E-01  1.09133E-02  5.61416E-03
   989.00000  2.55582E-01  2.39100E-01  1.08873E-02  5.59512E-03
   990.00000  2.54886E-01  2.38448E-01  1.08613E-02  5.57615E-03
   991.00000  2.54192E-01  2.37799E-01  1.08355E-02  5.55727E-03
   992.00000  2.53501E-01  2.37152E-01  1.08097E-02  5.53847E-03
   993.00000  2.52812E-01  2.36509E-01  1.07840E-02  5.51975E-03
   994.00000  2.52127E-01  2.35868E-01  1.07584E-02  5.50110E-03
   995.00000  2.51445E-01  2.35230E-01  1.07329E-02  5.48254E-03
   996.00000  2.50766E-01  2.34594E-01  1.07074E-02  5.46406E-03
   997.00000  2.50090E-01  2.33962E-01  1.06821E-02  5.44566E-03
   998.00000  2.49416E-01  2.33332E-01  1.06568E-02  5.42733E-03
   999.00000  2.48746E-01  2.32706E-01  1.06316E-02  5.40908E-03
  1000.00000  2.48079E-01  2.32082E-01  1.06065E-02  5.39091E-03
  1001.00000  2.47416E-01  2.31461E-01  1.05814E-02  5.37282E-03
  1002.00000  2.46755E-01  2.30844E-01  1.05565E-02  5.35481E-03
  1003.00000  2.46097E-01  2.30229E-01  1.05316E-02  5.33687E-03
  1004.00000  2.45443E-01  2.29617E-01  1.05068E-02  5.31901E-03
  1005.00000  2.44791E-01  2.29008E-01  1.04820E-02  5.30122E-03
  1006.00000  2.44143E-01  2.28402E-01  1.04574E-02  5.28351E-03
  1007.00000  2.43498E-01  2.27799E-01  1.04328E-02  5.26587E-03
  1008.00000  2.42856E-01  2.27200E-01  1.04083E-02  5.24831E-03
  1009.00000  2.42218E-01  2.26603E-01  1.03839E-02  5.23082E-03
  1010.00000  2.41582E-01  2.26009E-01  1.03596E-02  5.21341E-03
  1011.00000  2.40950E-01  2.25418E-01  1.03353E-02  5.19607E-03
  1012.00000  2.40320E-01  2.24830E-01  1.03112E-02  5.17880E-03
  1013.00000  2.39694E-01  2.24245E-01  1.02871E-02  5.16161E-03
  1014.00000  2.39071E-01  2.23664E-01  1.02630E-02  5.14448E-03
  1015.00000  2.38451E-01  2.23085E-01  1.02391E-02  5.12743E-03
  1016.00000  2.37835E-01  2.22509E-01  1.02152E-02  5.11046E-03
  1017.00000  2.37221E-01  2.21936E-01  1.01914E-02  5.09355E-03
  1018.00000  2.36610E-01  2.21366E-01  1.01677E-02  5.07671E-03
  1019.00000  2.36003E-01  2.20799E-01  1.01440E-02  5.05994E-03
  1020.00000  2.35399E-01  2.20235E-01  1.01204E-02  5.04325E-03
  1021.00000  2.34797E-01  2.19674E-01  1.00969E-02  5.02662E-03
  1022.00000  2.34199E-01  2.19116E-01  1.00735E-02  5.01007E-03
  1023.00000  2.33604E-01  2.18560E-01  1.00501E-02  4.99358E-03
  1024.00000  2.33012E-01  2.18008E-01  1.00269E-02  4.97716E-03
  1025.00000  2.32423E-01  2.17458E-01  1.00036E-02  4.96081E-03
  1026.00000  2.31837E-01  2.16912E-01  9.98051E-03  4.94453E-03
  1027.00000  2.31254E-01  2.16368E-01  9.95744E-03  4.92831E-03
  1028.00000  2.30673E-01  2.15827E-01  9.93445E-03  4.91216E-03
  1029.00000  2.30096E-01  2.15289E-01  9.91153E-03  4.89608E-03
  1030.00000  2.29522E-01  2.14753E-01  9.88867E-03  4.88007E-03
  1031.00000  2.28951E-01  2.14221E-01  9.86589E-03  4.86412E-03
  1032.00000  2.28382E-01  2.13691E-01  9.84318E-03  4.84824E-03
  1033.00000  2.27816E-01  2.13163E-01  9.82054E-03  4.83243E-03
  1034.00000  2.27254E-01  2.12639E-01  9.79798E-03  4.81668E-03
  1035.00000  2.26694E-01  2.12117E-01  9.77548E-03  4.80099E-03
  1036.00000  2.26136E-01  2.11598E-01  9.75305E-03  4.78537E-03
  1037.00000  2.25582E-01  2.11081E-01  9.73069E-03  4.76982E-03
  1038.00000  2.25030E-01  2.10567E-01  9.70839E-03  4.75433E-03
  1039.00000  2.24481E-01  2.10056E-01  9.68617E-03  4.73890E-03
  1040.00000  2.23935E-01  2.09547E-01  9.66402E-03  4.72353E-03
  1041.00000  2.23391E-01  2.09041E-01  9.64193E-03  4.70823E-03
  1042.00000  2.22851E-01  2.08538E-01  9.61992E-03  4.69300E-03
  1043.00000  2.22312E-01  2.08036E-01  9.59797E-03  4.67782E-03
  1044.00000  2.21777E-01  2.07538E-01  9.57608E-03  4.66271E-03
  1045.00000  2.21244E-01  2.07042E-01  9.55427E-03  4.64766E-03
  1046.00000  2.20713E-01  2.06548E-01  9.53252E-03  4.63267E-03
  1047.00000  2.20185E-01  2.06057E-01  9.51084E-03  4.61774E-03
  1048.00000  2.19660E-01  2.05568E-01  9.48922E-03  4.60287E-03
  1049.00000  2.19137E-01  2.05081E-01  9.46767E-03  4.58807E-03
  1050.00000  2.18616E-01  2.04597E-01  9.44619E-03  4.57332E-03
  1051.00000  2.18098E-01  2.04115E-01  9.42477E-03  4.55864E-03
  1052.00000  2.17583E-01  2.03635E-01  9.40342E-03  4.54401E-03
  1053.00000  2.17069E-01  2.03158E-01  9.38213E-03  4.52945E-03
  1054.00000  2.16558E-01  2.02683E-01  9.36091E-03  4.51494E-03
  1055.00000  2.16050E-01  2.02210E-01  9.33975E-03  4.50050E-03
  1056.00000  2.15544E-01  2.01739E-01  9.31866E-03  4.48611E-03
  1057.00000  2.15040E-01  2.01270E-01  9.29763E-03  4.47178E-03
  1058.00000  2.14538E-01  2.00804E-01  9.27666E-03  4.45751E-03
  1059.00000  2.14039E-01  2.00340E-01  9.25576E-03  4.44330E-03
  1060.00000  2.13541E-01  1.99877E-01  9.23492E-03  4.42914E-03
  1061.00000  2.13046E-01  1.99417E-01  9.21415E-03  4.41504E-03
  1062.00000  2.12553E-01  1.98959E-01  9.19343E-03  4.40100E-03
  1063.00000  2.12063E-01  1.98503E-01  9.17278E-03  4.38702E-03
  1064.00000  2.11574E-01  1.98049E-01  9.15220E-03  4.37309E-03
  1065.00000  2.11088E-01  1.97597E-01  9.13167E-03  4.35922E-03
  1066.00000  2.10603E-01  1.97147E-01  9.11121E-03  4.34541E-03
  1067.00000  2.10121E-01  1.96698E-01  9.09080E-03  4.33165E-03
  1068.00000  2.09641E-01  1.96252E-01  9.07046E-03  4.31795E-03
  1069.00000  2.09162E-01  1.95808E-01  9.05018E-03  4.30430E-03
  1070.00000  2.08686E-01  1.95365E-01  9.02997E-03  4.29071E-03
  1071.00000  2.08211E-01  1.94924E-01  9.00981E-03  4.27717E-03
  1072.00000  2.07739E-01  1.94485E-01  8.98971E-03  4.26368E-03
  1073.00000  2.07268E-01  1.94048E-01  8.96967E-03  4.25025E-03
  1074.00000  2.06800E-01  1.93613E-01  8.94970E-03  4.23688E-03
  1075.00000  2.06333E-01  1.93179E-01  8.92978E-03  4.22356E-03
  1076.00000  2.05868E-01  1.92748E-01  8.90992E-03  4.21029E-03
  1077.00000  2.05405E-01  1.92317E-01  8.89012E-03  4.19707E-03
  1078.00000  2.04943E-01  1.91889E-01  8.87038E-03  4.18391E-03
  1079.00000  2.04484E-01  1.91462E-01  8.85070E-03  4.17080E-03
  1080.00000  2.04026E-01  1.91037E-01  8.83108E-03  4.15775E-03
  1081.00000  2.03570E-01  1.90613E-01  8.81152E-03  4.14474E-03
  1082.00000  2.03115E-01  1.90192E-01  8.79201E-03  4.13179E-03
  1083.00000  2.02663E-01  1.89771E-01  8.77256E-03  4.11889E-03
  1084.00000  2.02212E-01  1.89352E-01  8.75317E-03  4.10604E-03
  1085.00000  2.01762E-01  1.88935E-01  8.73384E-03  4.09324E-03
  1086.00000  2.01315E-01  1.88519E-01  8.71457E-03  4.08049E-03
  1087.00000  2.00868E-01  1.88105E-01  8.69535E-03  4.06779E-03
  1088.00000  2.00424E-01  1.87693E-01  8.67619E-03  4.05515E-03
  1089.00000  1.99981E-01  1.87281E-01  8.65708E-03  4.04255E-03
  1090.00000  1.99540E-01  1.86872E-01  8.63803E-03  4.03000E-03
  1091.00000  1.99100E-01  1.86463E-01  8.61904E-03  4.01751E-03
  1092.00000  1.98661E-01  1.86056E-01  8.60011E-03  4.00506E-03
  1093.00000  1.98225E-01  1.85651E-01  8.58123E-03  3.99266E-03
  1094.00000  1.97789E-01  1.85246E-01  8.56240E-03  3.98031E-03
  1095.00000  1.97355E-01  1.84844E-01  8.54363E-03  3.96801E-03
  1096.00000  1.96923E-01  1.84442E-01  8.52492E-03  3.95576E-03
  1097.00000  1.96492E-01  1.84042E-01  8.50626E-03  3.94356E-03
  1098.00000  1.96062E-01  1.83643E-01  8.48766E-03  3.93140E-03
  1099.00000  1.95634E-01  1.83246E-01  8.46911E-03  3.91929E-03
  1100.00000  1.95207E-01  1.82850E-01  8.45061E-03  3.90723E-03
  1101.00000  1.94782E-01  1.82455E-01  8.43217E-03  3.89522E-03
  1102.00000  1.94358E-01  1.82061E-01  8.41379E-03  3.88326E-03
  1103.00000  1.93935E-01  1.81668E-01  8.39545E-03  3.87134E-03
  1104.00000  1.93514E-01  1.81277E-01  8.37717E-03  3.85946E-03
  1105.00000  1.93094E-01  1.80887E-01  8.35895E-03  3.84764E-03
  1106.00000  1.92675E-01  1.80498E-01  8.34077E-03  3.83586E-03
  1107.00000  1.92258E-01  1.80111E-01  8.32265E-03  3.82413E-03
  1108.00000  1.91841E-01  1.79724E-01  8.30459E-03  3.81244E-03
  1109.00000  1.91426E-01  1.79339E-01  8.28657E-03  3.80080E-03
  1110.00000  1.91013E-01  1.78955E-01  8.26861E-03  3.78920E-03
  1111.00000  1.90600E-01  1.78572E-01  8.25070E-03  3.77765E-03
  1112.00000  1.90189E-01  1.78190E-01  8.23284E-03  3.76614E-03
  1113.00000  1.89779E-01  1.77809E-01  8.21504E-03  3.75468E-03
  1114.00000  1.89370E-01  1.77429E-01  8.19728E-03  3.74326E-03
  1115.00000  1.88962E-01  1.77051E-01  8.17958E-03  3.73189E-03
  1116.00000  1.88556E-01  1.76673E-01  8.16193E-03  3.72056E-03
  1117.00000  1.88150E-01  1.76297E-01  8.14432E-03  3.70928E-03
  1118.00000  1.87746E-01  1.75921E-01  8.12677E-03  3.69804E-03
  1119.00000  1.87343E-01  1.75547E-01  8.10927E-03  3.68684E-03
  1120.00000  1.86941E-01  1.75173E-01  8.09183E-03  3.67569E-03
  1121.00000  1.86540E-01  1.74801E-01  8.07443E-03  3.66457E-03
  1122.00000  1.86140E-01  1.74430E-01  8.05708E-03  3.65351E-03
  1123.00000  1.85742E-01  1.74059E-01  8.03978E-03  3.64248E-03
  1124.00000  1.85344E-01  1.73690E-01  8.02253E-03  3.63150E-03
  1125.00000  1.84948E-01  1.73322E-01  8.00533E-03  3.62056E-03
  1126.00000  1.84552E-01  1.72954E-01  7.98818E-03  3.60966E-03
  1127.00000  1.84158E-01  1.72588E-01  7.97108E-03  3.59880E-03
  1128.00000  1.83764E-01  1.72222E-01  7.95403E-03  3.58799E-03
  1129.00000  1.83372E-01  1.71858E-01  7.93703E-03  3.57721E-03
  1130.00000  1.82981E-01  1.71494E-01  7.92007E-03  3.56648E-03
  1131.00000  1.82590E-01  1.71131E-01  7.90317E-03  3.55579E-03
  1132.00000  1.82201E-01  1.70770E-01  7.88631E-03  3.54514E-03
  1133.00000  1.81813E-01  1.70409E-01  7.86950E-03  3.53453E-03
  1134.00000  1.81426E-01  1.70049E-01  7.85274E-03  3.52396E-03
  1135.00000  1.81039E-01  1.69690E-01  7.83603E-03  3.51344E-03
  1136.00000  1.80654E-01  1.69332E-01  7.81936E-03  3.50295E-03
  1137.00000  1.80270E-01  1.68975E-01  7.80275E-03  3.49250E-03
  1138.00000  1.79887E-01  1.68618E-01  7.78618E-03  3.48209E-03
  1139.00000  1.79504E-01  1.68263E-01  7.76965E-03  3.47172E-03
  1140.00000  1.79123E-01  1.67908E-01  7.75318E-03  3.46140E-03
  1141.00000  1.78742E-01  1.67555E-01  7.73675E-03  3.45111E-03
  1142.00000  1.78363E-01  1.67202E-01  7.72036E-03  3.44086E-03
  1143.00000  1.77984E-01  1.66850E-01  7.70403E-03  3.43065E-03
  1144.00000  1.77607E-01  1.66498E-01  7.68774E-03  3.42047E-03
  1145.00000  1.77230E-01  1.66148E-01  7.67149E-03  3.41034E-03
  1146.00000  1.76854E-01  1.65799E-01  7.65530E-03  3.40024E-03
  1147.00000  1.76479E-01  1.65450E-01  7.63914E-03  3.39019E-03
  1148.00000  1.76105E-01  1.65102E-01  7.62304E-03  3.38017E-03
  1149.00000  1.75732E-01  1.64755E-01  7.60698E-03  3.37019E-03
  1150.00000  1.75360E-01  1.64409E-01  7.59096E-03  3.36024E-03
  1151.00000  1.74989E-01  1.64064E-01  7.57499E-03  3.35034E-03
  1152.00000  1.74619E-01  1.63719E-01  7.55906E-03  3.34047E-03
  1153.00000  1.74249E-01  1.63375E-01  7.54318E-03  3.33064E-03
  1154.00000  1.73880E-01  1.63032E-01  7.52735E-03  3.32085E-03
  1155.00000  1.73513E-01  1.62690E-01  7.51156E-03  3.31109E-03
  1156.00000  1.73146E-01  1.62349E-01  7.49581E-03  3.30137E-03
  1157.00000  1.72780E-01  1.62008E-01  7.48011E-03  3.29169E-03
  1158.00000  1.72415E-01  1.61668E-01  7.46445E-03  3.28204E-03
  1159.00000  1.72051E-01  1.61329E-01  7.44883E-03  3.27243E-03
  1160.00000  1.71687E-01  1.60991E-01  7.43326E-03  3.26285E-03
  1161.00000  1.71325E-01  1.60654E-01  7.41773E-03  3.25331E-03
  1162.00000  1.70963E-01  1.60317E-01  7.40225E-03  3.24381E-03
  1163.00000  1.70602E-01  1.59981E-01  7.38681E-03  3.23434E-03
  1164.00000  1.70243E-01  1.59646E-01  7.37141E-03  3.22491E-03
  1165.00000  1.69883E-01  1.59312E-01  7.35606E-03  3.21551E-03
  1166.00000  1.69525E-01  1.58978E-01  7.34075E-03  3.20615E-03
  1167.00000  1.69168E-01  1.58646E-01  7.32548E-03  3.19682E-03
  1168.00000  1.68811E-01  1.58314E-01  7.31025E-03  3.18753E-03
  1169.00000  1.68456E-01  1.57982E-01  7.29507E-03  3.17827E-03
  1170.00000  1.68101E-01  1.57652E-01  7.27993E-03  3.16905E-03
  1171.00000  1.67747E-01  1.57322E-01  7.26483E-03  3.15986E-03
  1172.00000  1.67394E-01  1.56993E-01  7.24977E-03  3.15071E-03
  1173.00000  1.67041E-01  1.56665E-01  7.23476E-03  3.14159E-03
  1174.00000  1.66690E-01  1.56337E-01  7.21978E-03  3.13250E-03
  1175.00000  1.66339E-01  1.56011E-01  7.20485E-03  3.12345E-03
  1176.00000  1.65989E-01  1.55685E-01  7.18996E-03  3.11443E-03
  1177.00000  1.65640E-01  1.55359E-01  7.17511E-03  3.10544E-03
  1178.00000  1.65292E-01  1.55035E-01  7.16030E-03  3.09649E-03
  1179.00000  1.64944E-01  1.54711E-01  7.14553E-03  3.08757E-03
  1180.00000  1.64598E-01  1.54388E-01  7.13081E-03  3.07868E-03
  1181.00000  1.64252E-01  1.54066E-01  7.11612E-03  3.06983E-03
  1182.00000  1.63907E-01  1.53744E-01  7.10148E-03  3.06100E-03
  1183.00000  1.63563E-01  1.53424E-01  7.08687E-03  3.05221E-03
  1184.00000  1.63219E-01  1.53104E-01  7.07231E-03  3.04346E-03
  1185.00000  1.62877E-01  1.52784E-01  7.05778E-03  3.03473E-03
  1186.00000  1.62535E-01  1.52466E-01  7.04330E-03  3.02604E-03
  1187.00000  1.62194E-01  1.52148E-01  7.02885E-03  3.01738E-03
  1188.00000  1.61854E-01  1.51831E-01  7.01445E-03  3.00875E-03
  1189.00000  1.61515E-01  1.51515E-01  7.00008E-03  3.00015E-03
  1190.00000  1.61177E-01  1.51199E-01  6.98576E-03  2.99159E-03
  1191.00000  1.60839E-01  1.50884E-01  6.97147E-03  2.98305E-03
  1192.00000  1.60502E-01  1.50570E-01  6.95722E-03  2.97455E-03
  1193.00000  1.60166E-01  1.50257E-01  6.94301E-03  2.96607E-03
  1194.00000  1.59831E-01  1.49944E-01  6.92885E-03  2.95763E-03
  1195.00000  1.59496E-01  1.49632E-01  6.91472E-03  2.94922E-03
  1196.00000  1.59163E-01  1.49321E-01  6.90062E-03  2.94084E-03
  1197.00000  1.58830E-01  1.49011E-01  6.88657E-03  2.93249E-03
  1198.00000  1.58498E-01  1.48701E-01  6.87256E-03  2.92417E-03
  1199.00000  1.58167E-01  1.48392E-01  6.85858E-03  2.91588E-03
  1200.00000  1.57836E-01  1.48084E-01  6.84464E-03  2.90762E-03
  1201.00000  1.57506E-01  1.47776E-01  6.83074E-03  2.89939E-03
  1202.00000  1.57178E-01  1.47470E-01  6.81688E-03  2.89119E-03
  1203.00000  1.56850E-01  1.47164E-01  6.80305E-03  2.88302E-03
  1204.00000  1.56522E-01  1.46858E-01  6.78927E-03  2.87488E-03
  1205.00000  1.56196E-01  1.46554E-01  6.77552E-03  2.86677E-03
  1206.00000  1.55870E-01  1.46250E-01  6.76181E-03  2.85869E-03
  1207.00000  1.55546E-01  1.45947E-01  6.74813E-03  2.85063E-03
  1208.00000  1.55221E-01  1.45644E-01  6.73449E-03  2.84261E-03
  1209.00000  1.54898E-01  1.45343E-01  6.72089E-03  2.83462E-03
  1210.00000  1.54576E-01  1.45042E-01  6.70733E-03  2.82665E-03
  1211.00000  1.54254E-01  1.44742E-01  6.69380E-03  2.81871E-03
  1212.00000  1.53933E-01  1.44442E-01  6.68031E-03  2.81080E-03
  1213.00000  1.53613E-01  1.44144E-01  6.66686E-03  2.80292E-03
  1214.00000  1.53294E-01  1.43846E-01  6.65344E-03  2.79507E-03
  1215.00000  1.52976E-01  1.43548E-01  6.64006E-03  2.78725E-03
  1216.00000  1.52658E-01  1.43252E-01  6.62672E-03  2.77945E-03
  1217.00000  1.52341E-01  1.42956E-01  6.61341E-03  2.77168E-03
  1218.00000  1.52025E-01  1.42661E-01  6.60014E-03  2.76394E-03
  1219.00000  1.51710E-01  1.42367E-01  6.58690E-03  2.75623E-03
  1220.00000  1.51395E-01  1.42073E-01  6.57370E-03  2.74854E-03
  1221.00000  1.51082E-01  1.41780E-01  6.56053E-03  2.74089E-03
  1222.00000  1.50769E-01  1.41488E-01  6.54740E-03  2.73325E-03
  1223.00000  1.50456E-01  1.41197E-01  6.53431E-03  2.72565E-03
  1224.00000  1.50145E-01  1.40906E-01  6.52125E-03  2.71808E-03
  1225.00000  1.49835E-01  1.40616E-01  6.50822E-03  2.71053E-03
  1226.00000  1.49525E-01  1.40327E-01  6.49524E-03  2.70300E-03
  1227.00000  1.49216E-01  1.40038E-01  6.48228E-03  2.69551E-03
  1228.00000  1.48908E-01  1.39750E-01  6.46936E-03  2.68804E-03
  1229.00000  1.48600E-01  1.39463E-01  6.45648E-03  2.68060E-03
  1230.00000  1.48294E-01  1.39177E-01  6.44363E-03  2.67318E-03
  1231.00000  1.47988E-01  1.38891E-01  6.43081E-03  2.66579E-03
  1232.00000  1.47683E-01  1.38607E-01  6.41803E-03  2.65843E-03
  1233.00000  1.47379E-01  1.38322E-01  6.40528E-03  2.65109E-03
  1234.00000  1.47075E-01  1.38039E-01  6.39257E-03  2.64378E-03
  1235.00000  1.46773E-01  1.37756E-01  6.37989E-03  2.63649E-03
  1236.00000  1.46471E-01  1.37474E-01  6.36724E-03  2.62923E-03
  1237.00000  1.46170E-01  1.37193E-01  6.35463E-03  2.62200E-03
  1238.00000  1.45870E-01  1.36913E-01  6.34205E-03  2.61479E-03
  1239.00000  1.45570E-01  1.36633E-01  6.32951E-03  2.60760E-03
  1240.00000  1.45271E-01  1.36354E-01  6.31700E-03  2.60045E-03
  1241.00000  1.44973E-01  1.36076E-01  6.30452E-03  2.59331E-03
  1242.00000  1.44676E-01  1.35798E-01  6.29207E-03  2.58620E-03
  1243.00000  1.44380E-01  1.35521E-01  6.27966E-03  2.57912E-03
  1244.00000  1.44084E-01  1.35245E-01  6.26728E-03  2.57206E-03
  1245.00000  1.43789E-01  1.34970E-01  6.25494E-03  2.56503E-03
  1246.00000  1.43495E-01  1.34695E-01  6.24262E-03  2.55802E-03
  1247.00000  1.43202E-01  1.34421E-01  6.23034E-03  2.55103E-03
  1248.00000  1.42910E-01  1.34148E-01  6.21810E-03  2.54407E-03
  1249.00000  1.42618E-01  1.33875E-01  6.20588E-03  2.53714E-03
  1250.00000  1.42327E-01  1.33603E-01  6.19370E-03  2.53023E-03
  1251.00000  1.42037E-01  1.33332E-01  6.18155E-03  2.52334E-03
  1252.00000  1.41748E-01  1.33062E-01  6.16943E-03  2.51648E-03
  1253.00000  1.41459E-01  1.32792E-01  6.15734E-03  2.50964E-03
  1254.00000  1.41171E-01  1.32523E-01  6.14529E-03  2.50282E-03
  1255.00000  1.40884E-01  1.32255E-01  6.13327E-03  2.49603E-03
  1256.00000  1.40598E-01  1.31987E-01  6.12128E-03  2.48926E-03
  1257.00000  1.40312E-01  1.31720E-01  6.10932E-03  2.48251E-03
  1258.00000  1.40028E-01  1.31454E-01  6.09739E-03  2.47579E-03
  1259.00000  1.39744E-01  1.31189E-01  6.08549E-03  2.46909E-03
  1260.00000  1.39460E-01  1.30924E-01  6.07363E-03  2.46242E-03
  1261.00000  1.39178E-01  1.30660E-01  6.06179E-03  2.45577E-03
  1262.00000  1.38896E-01  1.30397E-01  6.04999E-03  2.44914E-03
  1263.00000  1.38615E-01  1.30134E-01  6.03822E-03  2.44253E-03
  1264.00000  1.38335E-01  1.29873E-01  6.02648E-03  2.43595E-03
  1265.00000  1.38056E-01  1.29612E-01  6.01477E-03  2.42939E-03
  1266.00000  1.37777E-01  1.29351E-01  6.00309E-03  2.42285E-03
  1267.00000  1.37499E-01  1.29091E-01  5.99144E-03  2.41633E-03
  1268.00000  1.37222E-01  1.28832E-01  5.97983E-03  2.40984E-03
  1269.00000  1.36946E-01  1.28574E-01  5.96824E-03  2.40337E-03
  1270.00000  1.36670E-01  1.28316E-01  5.95668E-03  2.39692E-03
  1271.00000  1.36395E-01  1.28059E-01  5.94515E-03  2.39049E-03
  1272.00000  1.36121E-01  1.27803E-01  5.93366E-03  2.38408E-03
  1273.00000  1.35848E-01  1.27548E-01  5.92219E-03  2.37770E-03
  1274.00000  1.35575E-01  1.27293E-01  5.91075E-03  2.37134E-03
  1275.00000  1.35303E-01  1.27039E-01  5.89935E-03  2.36500E-03
  1276.00000  1.35032E-01  1.26785E-01  5.88797E-03  2.35868E-03
  1277.00000  1.34762E-01  1.26533E-01  5.87662E-03  2.35238E-03
  1278.00000  1.34492E-01  1.26281E-01  5.86531E-03  2.34611E-03
  1279.00000  1.34223E-01  1.26029E-01  5.85402E-03  2.33985E-03
  1280.00000  1.33955E-01  1.25779E-01  5.84276E-03  2.33362E-03
  1281.00000  1.33688E-01  1.25529E-01  5.83153E-03  2.32741E-03
  1282.00000  1.33421E-01  1.25279E-01  5.82033E-03  2.32122E-03
  1283.00000  1.33155E-01  1.25031E-01  5.80916E-03  2.31505E-03
  1284.00000  1.32890E-01  1.24783E-01  5.79802E-03  2.30890E-03
  1285.00000  1.32625E-01  1.24535E-01  5.78690E-03  2.30277E-03
  1286.00000  1.32361E-01  1.24289E-01  5.77582E-03  2.29666E-03
  1287.00000  1.32098E-01  1.24043E-01  5.76476E-03  2.29058E-03
  1288.00000  1.31836E-01  1.23798E-01  5.75373E-03  2.28451E-03
  1289.00000  1.31574E-01  1.23553E-01  5.74274E-03  2.27846E-03
  1290.00000  1.31314E-01  1.23309E-01  5.73177E-03  2.27244E-03
  1291.00000  1.31054E-01  1.23066E-01  5.72082E-03  2.26643E-03
  1292.00000  1.30794E-01  1.22824E-01  5.70991E-03  2.26045E-03
  1293.00000  1.30535E-01  1.22582E-01  5.69903E-03  2.25448E-03
  1294.00000  1.30277E-01  1.22341E-01  5.68817E-03  2.24854E-03
  1295.00000  1.30020E-01  1.22100E-01  5.67734E-03  2.24261E-03
  1296.00000  1.29764E-01  1.21860E-01  5.66654E-03  2.23671E-03
  1297.00000  1.29508E-01  1.21621E-01  5.65576E-03  2.23082E-03
  1298.00000  1.29253E-01  1.21383E-01  5.64502E-03  2.22496E-03
  1299.00000  1.28998E-01  1.21145E-01  5.63430E-03  2.21911E-03
  1300.00000  1.28744E-01  1.20908E-01  5.62361E-03  2.21328E-03
  1301.00000  1.28491E-01  1.20671E-01  5.61295E-03  2.20747E-03
  1302.00000  1.28239E-01  1.20435E-01  5.60231E-03  2.20169E-03
  1303.00000  1.27987E-01  1.20200E-01  5.59170E-03  2.19592E-03
  1304.00000  1.27737E-01  1.19965E-01  5.58112E-03  2.19017E-03
  1305.00000  1.27486E-01  1.19731E-01  5.57057E-03  2.18444E-03
  1306.00000  1.27237E-01  1.19498E-01  5.56004E-03  2.17872E-03
  1307.00000  1.26988E-01  1.19265E-01  5.54954E-03  2.17303E-03
  1308.00000  1.26740E-01  1.19033E-01  5.53907E-03  2.16736E-03
  1309.00000  1.26492E-01  1.18802E-01  5.52862E-03  2.16170E-03
  1310.00000  1.26245E-01  1.18571E-01  5.51820E-03  2.15607E-03
  1311.00000  1.25999E-01  1.18341E-01  5.50781E-03  2.15045E-03
  1312.00000  1.25754E-01  1.18112E-01  5.49745E-03  2.14485E-03
  1313.00000  1.25509E-01  1.17883E-01  5.48711E-03  2.13927E-03
  1314.00000  1.25265E-01  1.17655E-01  5.47679E-03  2.13371E-03
  1315.00000  1.25022E-01  1.17427E-01  5.46651E-03  2.12816E-03
  1316.00000  1.24779E-01  1.17200E-01  5.45625E-03  2.12264E-03
  1317.00000  1.24537E-01  1.16974E-01  5.44601E-03  2.11713E-03
  1318.00000  1.24295E-01  1.16748E-01  5.43580E-03  2.11164E-03
  1319.00000  1.24055E-01  1.16523E-01  5.42562E-03  2.10617E-03
  1320.00000  1.23815E-01  1.16298E-01  5.41546E-03  2.10072E-03
  1321.00000  1.23575E-01  1.16075E-01  5.40533E-03  2.09528E-03
  1322.00000  1.23336E-01  1.15851E-01  5.39523E-03  2.08987E-03
  1323.00000  1.23098E-01  1.15629E-01  5.38515E-03  2.08447E-03
  1324.00000  1.22861E-01  1.15407E-01  5.37509E-03  2.07909E-03
  1325.00000  1.22624E-01  1.15185E-01  5.36507E-03  2.07372E-03
  1326.00000  1.22388E-01  1.14965E-01  5.35506E-03  2.06838E-03
  1327.00000  1.22152E-01  1.14744E-01  5.34509E-03  2.06305E-03
  1328.00000  1.21918E-01  1.14525E-01  5.33513E-03  2.05774E-03
  1329.00000  1.21683E-01  1.14306E-01  5.32521E-03  2.05244E-03
  1330.00000  1.21450E-01  1.14087E-01  5.31530E-03  2.04717E-03
  1331.00000  1.21217E-01  1.13870E-01  5.30543E-03  2.04191E-03
  1332.00000  1.20985E-01  1.13652E-01  5.29558E-03  2.03667E-03
  1333.00000  1.20753E-01  1.13436E-01  5.28575E-03  2.03144E-03
  1334.00000  1.20522E-01  1.13220E-01  5.27595E-03  2.02623E-03
  1335.00000  1.20292E-01  1.13004E-01  5.26617E-03  2.02104E-03
  1336.00000  1.20062E-01  1.12790E-01  5.25641E-03  2.01587E-03
  1337.00000  1.19833E-01  1.12575E-01  5.24669E-03  2.01071E-03
  1338.00000  1.19604E-01  1.12362E-01  5.23698E-03  2.00557E-03
  1339.00000  1.19376E-01  1.12148E-01  5.22730E-03  2.00045E-03
  1340.00000  1.19149E-01  1.11936E-01  5.21765E-03  1.99534E-03
  1341.00000  1.18922E-01  1.11724E-01  5.20802E-03  1.99025E-03
  1342.00000  1.18696E-01  1.11513E-01  5.19841E-03  1.98517E-03
  1343.00000  1.18471E-01  1.11302E-01  5.18883E-03  1.98012E-03
  1344.00000  1.18246E-01  1.11092E-01  5.17927E-03  1.97508E-03
  1345.00000  1.18022E-01  1.10882E-01  5.16973E-03  1.97005E-03
  1346.00000  1.17798E-01  1.10673E-01  5.16022E-03  1.96504E-03
  1347.00000  1.17575E-01  1.10464E-01  5.15073E-03  1.96005E-03
  1348.00000  1.17353E-01  1.10256E-01  5.14127E-03  1.95507E-03
  1349.00000  1.17131E-01  1.10049E-01  5.13183E-03  1.95011E-03
  1350.00000  1.16909E-01  1.09842E-01  5.12241E-03  1.94517E-03
  1351.00000  1.16689E-01  1.09636E-01  5.11302E-03  1.94024E-03
  1352.00000  1.16469E-01  1.09430E-01  5.10365E-03  1.93533E-03
  1353.00000  1.16249E-01  1.09225E-01  5.09431E-03  1.93043E-03
  1354.00000  1.16030E-01  1.09020E-01  5.08498E-03  1.92555E-03
  1355.00000  1.15812E-01  1.08816E-01  5.07569E-03  1.92068E-03
  1356.00000  1.15594E-01  1.08612E-01  5.06641E-03  1.91584E-03
  1357.00000  1.15377E-01  1.08409E-01  5.05716E-03  1.91100E-03
  1358.00000  1.15161E-01  1.08207E-01  5.04793E-03  1.90618E-03
  1359.00000  1.14945E-01  1.08005E-01  5.03872E-03  1.90138E-03
  1360.00000  1.14729E-01  1.07803E-01  5.02953E-03  1.89659E-03
  1361.00000  1.14514E-01  1.07602E-01  5.02037E-03  1.89182E-03
  1362.00000  1.14300E-01  1.07402E-01  5.01123E-03  1.88706E-03
  1363.00000  1.14086E-01  1.07202E-01  5.00212E-03  1.88232E-03
  1364.00000  1.13873E-01  1.07003E-01  4.99302E-03  1.87759E-03
  1365.00000  1.13661E-01  1.06804E-01  4.98395E-03  1.87288E-03
  1366.00000  1.13449E-01  1.06605E-01  4.97490E-03  1.86818E-03
  1367.00000  1.13237E-01  1.06408E-01  4.96588E-03  1.86350E-03
  1368.00000  1.13026E-01  1.06210E-01  4.95687E-03  1.85883E-03
  1369.00000  1.12816E-01  1.06014E-01  4.94789E-03  1.85418E-03
  1370.00000  1.12606E-01  1.05817E-01  4.93893E-03  1.84954E-03
  1371.00000  1.12397E-01  1.05622E-01  4.93000E-03  1.84492E-03
  1372.00000  1.12188E-01  1.05426E-01  4.92108E-03  1.84031E-03
  1373.00000  1.11980E-01  1.05232E-01  4.91219E-03  1.83572E-03
  1374.00000  1.11772E-01  1.05038E-01  4.90332E-03  1.83114E-03
  1375.00000  1.11565E-01  1.04844E-01  4.89447E-03  1.82657E-03
  1376.00000  1.11358E-01  1.04651E-01  4.88564E-03  1.82202E-03
  1377.00000  1.11152E-01  1.04458E-01  4.87683E-03  1.81748E-03
  1378.00000  1.10947E-01  1.04266E-01  4.86805E-03  1.81296E-03
  1379.00000  1.10742E-01  1.04074E-01  4.85928E-03  1.80845E-03
  1380.00000  1.10537E-01  1.03883E-01  4.85054E-03  1.80396E-03
  1381.00000  1.10333E-01  1.03692E-01  4.84182E-03  1.79948E-03
  1382.00000  1.10130E-01  1.03502E-01  4.83312E-03  1.79501E-03
  1383.00000  1.09927E-01  1.03312E-01  4.82445E-03  1.79056E-03
  1384.00000  1.09724E-01  1.03123E-01  4.81579E-03  1.78612E-03
  1385.00000  1.09523E-01  1.02934E-01  4.80715E-03  1.78170E-03
  1386.00000  1.09321E-01  1.02745E-01  4.79854E-03  1.77729E-03
  1387.00000  1.09120E-01  1.02558E-01  4.78995E-03  1.77289E-03
  1388.00000  1.08920E-01  1.02370E-01  4.78137E-03  1.76851E-03
  1389.00000  1.08720E-01  1.02183E-01  4.77282E-03  1.76414E-03
  1390.00000  1.08521E-01  1.01997E-01  4.76429E-03  1.75978E-03
  1391.00000  1.08322E-01  1.01811E-01  4.75578E-03  1.75544E-03
  1392.00000  1.08124E-01  1.01625E-01  4.74729E-03  1.75111E-03
  1393.00000  1.07926E-01  1.01440E-01  4.73883E-03  1.74680E-03
  1394.00000  1.07728E-01  1.01256E-01  4.73038E-03  1.74250E-03
  1395.00000  1.07532E-01  1.01071E-01  4.72195E-03  1.73821E-03
  1396.00000  1.07335E-01  1.00888E-01  4.71354E-03  1.73393E-03
  1397.00000  1.07139E-01  1.00705E-01  4.70516E-03  1.72967E-03
  1398.00000  1.06944E-01  1.00522E-01  4.69679E-03  1.72542E-03
  1399.00000  1.06749E-01  1.00339E-01  4.68845E-03  1.72119E-03
  1400.00000  1.06555E-01  1.00158E-01  4.68012E-03  1.71696E-03
  1401.00000  1.06361E-01  9.99762E-02  4.67182E-03  1.71275E-03
  1402.00000  1.06167E-01  9.97953E-02  4.66353E-03  1.70856E-03
  1403.00000  1.05974E-01  9.96147E-02  4.65527E-03  1.70437E-03
  1404.00000  1.05782E-01  9.94347E-02  4.64702E-03  1.70020E-03
  1405.00000  1.05590E-01  9.92550E-02  4.63880E-03  1.69604E-03
  1406.00000  1.05398E-01  9.90758E-02  4.63059E-03  1.69190E-03
  1407.00000  1.05207E-01  9.88971E-02  4.62240E-03  1.68777E-03
  1408.00000  1.05017E-01  9.87188E-02  4.61424E-03  1.68365E-03
  1409.00000  1.04826E-01  9.85409E-02  4.60609E-03  1.67954E-03
  1410.00000  1.04637E-01  9.83634E-02  4.59797E-03  1.67544E-03
  1411.00000  1.04448E-01  9.81864E-02  4.58986E-03  1.67136E-03
  1412.00000  1.04259E-01  9.80098E-02  4.58177E-03  1.66729E-03
  1413.00000  1.04071E-01  9.78336E-02  4.57370E-03  1.66323E-03
  1414.00000  1.03883E-01  9.76579E-02  4.56565E-03  1.65919E-03
  1415.00000  1.03695E-01  9.74826E-02  4.55762E-03  1.65516E-03
  1416.00000  1.03508E-01  9.73077E-02  4.54961E-03  1.65114E-03
  1417.00000  1.03322E-01  9.71332E-02  4.54162E-03  1.64713E-03
  1418.00000  1.03136E-01  9.69591E-02  4.53365E-03  1.64313E-03
  1419.00000  1.02950E-01  9.67855E-02  4.52570E-03  1.63915E-03
  1420.00000  1.02765E-01  9.66122E-02  4.51776E-03  1.63518E-03
  1421.00000  1.02580E-01  9.64394E-02  4.50985E-03  1.63122E-03
  1422.00000  1.02396E-01  9.62670E-02  4.50195E-03  1.62727E-03
  1423.00000  1.02212E-01  9.60950E-02  4.49408E-03  1.62334E-03
  1424.00000  1.02029E-01  9.59234E-02  4.48622E-03  1.61941E-03
  1425.00000  1.01846E-01  9.57522E-02  4.47838E-03  1.61550E-03
  1426.00000  1.01664E-01  9.55815E-02  4.47056E-03  1.61160E-03
  1427.00000  1.01482E-01  9.54111E-02  4.46275E-03  1.60772E-03
  1428.00000  1.01300E-01  9.52411E-02  4.45497E-03  1.60384E-03
  1429.00000  1.01119E-01  9.50715E-02  4.44720E-03  1.59998E-03
  1430.00000  1.00938E-01  9.49024E-02  4.43946E-03  1.59612E-03
  1431.00000  1.00758E-01  9.47336E-02  4.43173E-03  1.59228E-03
  1432.00000  1.00578E-01  9.45652E-02  4.42402E-03  1.58845E-03
  1433.00000  1.00398E-01  9.43972E-02  4.41633E-03  1.58464E-03
  1434.00000  1.00219E-01  9.42296E-02  4.40865E-03  1.58083E-03
  1435.00000  1.00040E-01  9.40624E-02  4.40100E-03  1.57704E-03
  1436.00000  9.98622E-02  9.38956E-02  4.39336E-03  1.57325E-03
  1437.00000  9.96844E-02  9.37292E-02  4.38574E-03  1.56948E-03
  1438.00000  9.95070E-02  9.35631E-02  4.37814E-03  1.56572E-03
  1439.00000  9.93300E-02  9.33974E-02  4.37055E-03  1.56197E-03
  1440.00000  9.91534E-02  9.32322E-02  4.36299E-03  1.55823E-03
  1441.00000  9.89772E-02  9.30673E-02  4.35544E-03  1.55451E-03
  1442.00000  9.88015E-02  9.29028E-02  4.34791E-03  1.55079E-03
  1443.00000  9.86261E-02  9.27386E-02  4.34040E-03  1.54709E-03
  1444.00000  9.84512E-02  9.25749E-02  4.33290E-03  1.54340E-03
  1445.00000  9.82766E-02  9.24115E-02  4.32543E-03  1.53972E-03
  1446.00000  9.81025E-02  9.22485E-02  4.31797E-03  1.53604E-03
  1447.00000  9.79287E-02  9.20858E-02  4.31053E-03  1.53238E-03
  1448.00000  9.77554E-02  9.19236E-02  4.30310E-03  1.52874E-03
  1449.00000  9.75825E-02  9.17617E-02  4.29569E-03  1.52510E-03
  1450.00000  9.74099E-02  9.16002E-02  4.28830E-03  1.52147E-03
  1451.00000  9.72378E-02  9.14390E-02  4.28093E-03  1.51786E-03
  1452.00000  9.70660E-02  9.12782E-02  4.27358E-03  1.51425E-03
  1453.00000  9.68947E-02  9.11178E-02  4.26624E-03  1.51066E-03
  1454.00000  9.67237E-02  9.09577E-02  4.25892E-03  1.50707E-03
  1455.00000  9.65531E-02  9.07980E-02  4.25161E-03  1.50350E-03
  1456.00000  9.63829E-02  9.06387E-02  4.24433E-03  1.49994E-03
  1457.00000  9.62131E-02  9.04797E-02  4.23706E-03  1.49639E-03
  1458.00000  9.60437E-02  9.03211E-02  4.22981E-03  1.49284E-03
  1459.00000  9.58747E-02  9.01628E-02  4.22257E-03  1.48931E-03
  1460.00000  9.57060E-02  9.00049E-02  4.21535E-03  1.48579E-03
  1461.00000  9.55378E-02  8.98473E-02  4.20815E-03  1.48228E-03
  1462.00000  9.53699E-02  8.96901E-02  4.20096E-03  1.47879E-03
  1463.00000  9.52024E-02  8.95333E-02  4.19379E-03  1.47530E-03
  1464.00000  9.50353E-02  8.93768E-02  4.18664E-03  1.47182E-03
  1465.00000  9.48685E-02  8.92207E-02  4.17951E-03  1.46835E-03
  1466.00000  9.47021E-02  8.90649E-02  4.17239E-03  1.46489E-03
  1467.00000  9.45361E-02  8.89094E-02  4.16529E-03  1.46144E-03
  1468.00000  9.43705E-02  8.87543E-02  4.15820E-03  1.45801E-03
  1469.00000  9.42052E-02  8.85995E-02  4.15113E-03  1.45458E-03
  1470.00000  9.40404E-02  8.84451E-02  4.14408E-03  1.45116E-03
  1471.00000  9.38758E-02  8.82910E-02  4.13704E-03  1.44775E-03
  1472.00000  9.37117E-02  8.81373E-02  4.13002E-03  1.44436E-03
  1473.00000  9.35479E-02  8.79839E-02  4.12301E-03  1.44097E-03
  1474.00000  9.33845E-02  8.78309E-02  4.11603E-03  1.43759E-03
  1475.00000  9.32214E-02  8.76782E-02  4.10905E-03  1.43423E-03
  1476.00000  9.30588E-02  8.75258E-02  4.10210E-03  1.43087E-03
  1477.00000  9.28964E-02  8.73737E-02  4.09516E-03  1.42752E-03
  1478.00000  9.27345E-02  8.72220E-02  4.08823E-03  1.42418E-03
  1479.00000  9.25729E-02  8.70707E-02  4.08132E-03  1.42085E-03
  1480.00000  9.24116E-02  8.69196E-02  4.07443E-03  1.41754E-03
  1481.00000  9.22507E-02  8.67689E-02  4.06755E-03  1.41423E-03
  1482.00000  9.20902E-02  8.66186E-02  4.06069E-03  1.41093E-03
  1483.00000  9.19300E-02  8.64685E-02  4.05385E-03  1.40764E-03
  1484.00000  9.17702E-02  8.63188E-02  4.04702E-03  1.40436E-03
  1485.00000  9.16107E-02  8.61694E-02  4.04020E-03  1.40109E-03
  1486.00000  9.14516E-02  8.60203E-02  4.03341E-03  1.39783E-03
  1487.00000  9.12928E-02  8.58716E-02  4.02662E-03  1.39458E-03
  1488.00000  9.11344E-02  8.57232E-02  4.01985E-03  1.39134E-03
  1489.00000  9.09763E-02  8.55751E-02  4.01310E-03  1.38811E-03
  1490.00000  9.08186E-02  8.54273E-02  4.00637E-03  1.38488E-03
  1491.00000  9.06612E-02  8.52799E-02  3.99965E-03  1.38167E-03
  1492.00000  9.05042E-02  8.51328E-02  3.99294E-03  1.37847E-03
  1493.00000  9.03475E-02  8.49860E-02  3.98625E-03  1.37527E-03
  1494.00000  9.01911E-02  8.48395E-02  3.97957E-03  1.37209E-03
  1495.00000  9.00351E-02  8.46933E-02  3.97291E-03  1.36891E-03
  1496.00000  8.98795E-02  8.45475E-02  3.96627E-03  1.36574E-03
  1497.00000  8.97242E-02  8.44019E-02  3.95964E-03  1.36258E-03
  1498.00000  8.95692E-02  8.42567E-02  3.95302E-03  1.35944E-03
  1499.00000  8.94145E-02  8.41118E-02  3.94642E-03  1.35630E-03
  1500.00000  8.92602E-02  8.39672E-02  3.93984E-03  1.35317E-03
  1501.00000  8.91063E-02  8.38230E-02  3.93327E-03  1.35004E-03
  1502.00000  8.89526E-02  8.36790E-02  3.92671E-03  1.34693E-03
  1503.00000  8.87993E-02  8.35353E-02  3.92017E-03  1.34383E-03
  1504.00000  8.86464E-02  8.33920E-02  3.91365E-03  1.34073E-03
  1505.00000  8.84938E-02  8.32490E-02  3.90713E-03  1.33765E-03
  1506.00000  8.83415E-02  8.31062E-02  3.90064E-03  1.33457E-03
  1507.00000  8.81895E-02  8.29638E-02  3.89416E-03  1.33150E-03
  1508.00000  8.80379E-02  8.28217E-02  3.88769E-03  1.32844E-03
  1509.00000  8.78865E-02  8.26799E-02  3.88124E-03  1.32539E-03
  1510.00000  8.77356E-02  8.25384E-02  3.87480E-03  1.32235E-03
  1511.00000  8.75849E-02  8.23972E-02  3.86837E-03  1.31932E-03
  1512.00000  8.74346E-02  8.22563E-02  3.86197E-03  1.31629E-03
  1513.00000  8.72846E-02  8.21157E-02  3.85557E-03  1.31328E-03
  1514.00000  8.71349E-02  8.19755E-02  3.84919E-03  1.31027E-03
  1515.00000  8.69856E-02  8.18355E-02  3.84282E-03  1.30727E-03
  1516.00000  8.68365E-02  8.16958E-02  3.83647E-03  1.30429E-03
  1517.00000  8.66878E-02  8.15564E-02  3.83013E-03  1.30130E-03
  1518.00000  8.65395E-02  8.14173E-02  3.82381E-03  1.29833E-03
  1519.00000  8.63914E-02  8.12785E-02  3.81750E-03  1.29537E-03
  1520.00000  8.62437E-02  8.11400E-02  3.81121E-03  1.29241E-03
  1521.00000  8.60962E-02  8.10018E-02  3.80492E-03  1.28947E-03
  1522.00000  8.59491E-02  8.08639E-02  3.79866E-03  1.28653E-03
  1523.00000  8.58023E-02  8.07263E-02  3.79240E-03  1.28360E-03
  1524.00000  8.56559E-02  8.05890E-02  3.78616E-03  1.28067E-03
  1525.00000  8.55097E-02  8.04520E-02  3.77994E-03  1.27776E-03
  1526.00000  8.53639E-02  8.03153E-02  3.77373E-03  1.27486E-03
  1527.00000  8.52183E-02  8.01789E-02  3.76753E-03  1.27196E-03
  1528.00000  8.50731E-02  8.00427E-02  3.76135E-03  1.26907E-03
  1529.00000  8.49282E-02  7.99069E-02  3.75518E-03  1.26619E-03
  1530.00000  8.47836E-02  7.97713E-02  3.74902E-03  1.26332E-03
  1531.00000  8.46394E-02  7.96360E-02  3.74288E-03  1.26045E-03
  1532.00000  8.44954E-02  7.95010E-02  3.73675E-03  1.25760E-03
  1533.00000  8.43517E-02  7.93664E-02  3.73063E-03  1.25475E-03
  1534.00000  8.42084E-02  7.92320E-02  3.72453E-03  1.25191E-03
  1535.00000  8.40653E-02  7.90978E-02  3.71844E-03  1.24908E-03
  1536.00000  8.39226E-02  7.89640E-02  3.71236E-03  1.24625E-03
  1537.00000  8.37802E-02  7.88304E-02  3.70630E-03  1.24344E-03
  1538.00000  8.36381E-02  7.86972E-02  3.70025E-03  1.24063E-03
  1539.00000  8.34963E-02  7.85642E-02  3.69422E-03  1.23783E-03
  1540.00000  8.33547E-02  7.84315E-02  3.68820E-03  1.23504E-03
  1541.00000  8.32135E-02  7.82991E-02  3.68219E-03  1.23226E-03
  1542.00000  8.30726E-02  7.81670E-02  3.67619E-03  1.22948E-03
  1543.00000  8.29320E-02  7.80351E-02  3.67021E-03  1.22671E-03
  1544.00000  8.27917E-02  7.79035E-02  3.66424E-03  1.22395E-03
  1545.00000  8.26517E-02  7.77723E-02  3.65828E-03  1.22120E-03
  1546.00000  8.25120E-02  7.76412E-02  3.65234E-03  1.21845E-03
  1547.00000  8.23726E-02  7.75105E-02  3.64641E-03  1.21572E-03
  1548.00000  8.22335E-02  7.73801E-02  3.64049E-03  1.21299E-03
  1549.00000  8.20947E-02  7.72499E-02  3.63459E-03  1.21026E-03
  1550.00000  8.19562E-02  7.71200E-02  3.62870E-03  1.20755E-03
  1551.00000  8.18180E-02  7.69904E-02  3.62282E-03  1.20484E-03
  1552.00000  8.16801E-02  7.68610E-02  3.61696E-03  1.20214E-03
  1553.00000  8.15425E-02  7.67319E-02  3.61110E-03  1.19945E-03
  1554.00000  8.14052E-02  7.66032E-02  3.60526E-03  1.19677E-03
  1555.00000  8.12682E-02  7.64746E-02  3.59944E-03  1.19409E-03
  1556.00000  8.11314E-02  7.63464E-02  3.59362E-03  1.19142E-03
  1557.00000  8.09950E-02  7.62184E-02  3.58782E-03  1.18876E-03
  1558.00000  8.08588E-02  7.60907E-02  3.58203E-03  1.18611E-03
  1559.00000  8.07230E-02  7.59633E-02  3.57625E-03  1.18346E-03
  1560.00000  8.05874E-02  7.58361E-02  3.57049E-03  1.18082E-03
  1561.00000  8.04521E-02  7.57092E-02  3.56474E-03  1.17819E-03
  1562.00000  8.03172E-02  7.55826E-02  3.55900E-03  1.17557E-03
  1563.00000  8.01825E-02  7.54562E-02  3.55327E-03  1.17295E-03
  1564.00000  8.00481E-02  7.53302E-02  3.54756E-03  1.17034E-03
  1565.00000  7.99139E-02  7.52043E-02  3.54186E-03  1.16774E-03
  1566.00000  7.97801E-02  7.50788E-02  3.53617E-03  1.16514E-03
  1567.00000  7.96466E-02  7.49535E-02  3.53049E-03  1.16255E-03
  1568.00000  7.95133E-02  7.48285E-02  3.52483E-03  1.15997E-03
  1569.00000  7.93803E-02  7.47038E-02  3.51917E-03  1.15740E-03
  1570.00000  7.92476E-02  7.45793E-02  3.51353E-03  1.15483E-03
  1571.00000  7.91152E-02  7.44551E-02  3.50790E-03  1.15227E-03
  1572.00000  7.89831E-02  7.43311E-02  3.50229E-03  1.14972E-03
  1573.00000  7.88513E-02  7.42074E-02  3.49668E-03  1.14717E-03
  1574.00000  7.87197E-02  7.40840E-02  3.49109E-03  1.14463E-03
  1575.00000  7.85884E-02  7.39608E-02  3.48551E-03  1.14210E-03
  1576.00000  7.84574E-02  7.38379E-02  3.47994E-03  1.13958E-03
  1577.00000  7.83267E-02  7.37153E-02  3.47439E-03  1.13706E-03
  1578.00000  7.81963E-02  7.35929E-02  3.46884E-03  1.13455E-03
  1579.00000  7.80661E-02  7.34708E-02  3.46331E-03  1.13204E-03
  1580.00000  7.79363E-02  7.33489E-02  3.45779E-03  1.12955E-03
  1581.00000  7.78067E-02  7.32273E-02  3.45228E-03  1.12706E-03
  1582.00000  7.76773E-02  7.31060E-02  3.44679E-03  1.12457E-03
  1583.00000  7.75483E-02  7.29849E-02  3.44130E-03  1.12210E-03
  1584.00000  7.74195E-02  7.28641E-02  3.43583E-03  1.11963E-03
  1585.00000  7.72910E-02  7.27435E-02  3.43037E-03  1.11717E-03
  1586.00000  7.71628E-02  7.26232E-02  3.42492E-03  1.11471E-03
  1587.00000  7.70349E-02  7.25031E-02  3.41948E-03  1.11226E-03
  1588.00000  7.69072E-02  7.23833E-02  3.41405E-03  1.10982E-03
  1589.00000  7.67798E-02  7.22638E-02  3.40864E-03  1.10738E-03
  1590.00000  7.66527E-02  7.21445E-02  3.40323E-03  1.10495E-03
  1591.00000  7.65259E-02  7.20255E-02  3.39784E-03  1.10253E-03
  1592.00000  7.63993E-02  7.19067E-02  3.39246E-03  1.10011E-03
  1593.00000  7.62730E-02  7.17882E-02  3.38709E-03  1.09770E-03
  1594.00000  7.61469E-02  7.16699E-02  3.38173E-03  1.09530E-03
  1595.00000  7.60212E-02  7.15519E-02  3.37639E-03  1.09290E-03
  1596.00000  7.58957E-02  7.14341E-02  3.37105E-03  1.09051E-03
  1597.00000  7.57704E-02  7.13166E-02  3.36573E-03  1.08813E-03
  1598.00000  7.56455E-02  7.11993E-02  3.36042E-03  1.08575E-03
  1599.00000  7.55208E-02  7.10823E-02  3.35511E-03  1.08338E-03
  1600.00000  7.53964E-02  7.09655E-02  3.34982E-03  1.08102E-03
  1601.00000  7.52722E-02  7.08490E-02  3.34455E-03  1.07866E-03
  1602.00000  7.51483E-02  7.07327E-02  3.33928E-03  1.07631E-03
  1603.00000  7.50247E-02  7.06167E-02  3.33402E-03  1.07397E-03
  1604.00000  7.49013E-02  7.05009E-02  3.32878E-03  1.07163E-03
  1605.00000  7.47782E-02  7.03854E-02  3.32354E-03  1.06929E-03
  1606.00000  7.46554E-02  7.02701E-02  3.31832E-03  1.06697E-03
  1607.00000  7.45328E-02  7.01551E-02  3.31311E-03  1.06465E-03
  1608.00000  7.44105E-02  7.00403E-02  3.30790E-03  1.06234E-03
  1609.00000  7.42885E-02  6.99257E-02  3.30271E-03  1.06003E-03
  1610.00000  7.41667E-02  6.98114E-02  3.29753E-03  1.05773E-03
  1611.00000  7.40452E-02  6.96974E-02  3.29236E-03  1.05543E-03
  1612.00000  7.39239E-02  6.95836E-02  3.28721E-03  1.05315E-03
  1613.00000  7.38029E-02  6.94700E-02  3.28206E-03  1.05086E-03
  1614.00000  7.36822E-02  6.93567E-02  3.27692E-03  1.04859E-03
  1615.00000  7.35617E-02  6.92436E-02  3.27180E-03  1.04632E-03
  1616.00000  7.34415E-02  6.91307E-02  3.26668E-03  1.04406E-03
  1617.00000  7.33215E-02  6.90181E-02  3.26158E-03  1.04180E-03
  1618.00000  7.32018E-02  6.89057E-02  3.25649E-03  1.03955E-03
  1619.00000  7.30823E-02  6.87936E-02  3.25140E-03  1.03730E-03
  1620.00000  7.29631E-02  6.86817E-02  3.24633E-03  1.03506E-03
  1621.00000  7.28442E-02  6.85701E-02  3.24127E-03  1.03283E-03
  1622.00000  7.27255E-02  6.84587E-02  3.23622E-03  1.03060E-03
  1623.00000  7.26071E-02  6.83475E-02  3.23118E-03  1.02838E-03
  1624.00000  7.24889E-02  6.82366E-02  3.22615E-03  1.02617E-03
  1625.00000  7.23710E-02  6.81259E-02  3.22113E-03  1.02396E-03
  1626.00000  7.22533E-02  6.80154E-02  3.21612E-03  1.02175E-03
  1627.00000  7.21359E-02  6.79052E-02  3.21112E-03  1.01956E-03
  1628.00000  7.20187E-02  6.77952E-02  3.20613E-03  1.01737E-03
  1629.00000  7.19018E-02  6.76855E-02  3.20116E-03  1.01518E-03
  1630.00000  7.17851E-02  6.75759E-02  3.19619E-03  1.01300E-03
  1631.00000  7.16687E-02  6.74667E-02  3.19123E-03  1.01083E-03
  1632.00000  7.15525E-02  6.73576E-02  3.18628E-03  1.00866E-03
  1633.00000  7.14366E-02  6.72488E-02  3.18135E-03  1.00650E-03
  1634.00000  7.13210E-02  6.71402E-02  3.17642E-03  1.00434E-03
  1635.00000  7.12055E-02  6.70318E-02  3.17150E-03  1.00219E-03
  1636.00000  7.10904E-02  6.69237E-02  3.16660E-03  1.00005E-03
  1637.00000  7.09754E-02  6.68158E-02  3.16170E-03  9.97908E-04
  1638.00000  7.08608E-02  6.67082E-02  3.15682E-03  9.95775E-04
  1639.00000  7.07463E-02  6.66007E-02  3.15194E-03  9.93647E-04
  1640.00000  7.06321E-02  6.64935E-02  3.14707E-03  9.91526E-04
  1641.00000  7.05182E-02  6.63866E-02  3.14222E-03  9.89410E-04
  1642.00000  7.04045E-02  6.62798E-02  3.13737E-03  9.87300E-04
  1643.00000  7.02910E-02  6.61733E-02  3.13254E-03  9.85195E-04
  1644.00000  7.01778E-02  6.60670E-02  3.12771E-03  9.83096E-04
  1645.00000  7.00649E-02  6.59610E-02  3.12290E-03  9.81003E-04
  1646.00000  6.99521E-02  6.58551E-02  3.11809E-03  9.78915E-04
  1647.00000  6.98396E-02  6.57495E-02  3.11329E-03  9.76833E-04
  1648.00000  6.97274E-02  6.56441E-02  3.10851E-03  9.74757E-04
  1649.00000  6.96154E-02  6.55390E-02  3.10373E-03  9.72686E-04
  1650.00000  6.95036E-02  6.54340E-02  3.09896E-03  9.70620E-04
  1651.00000  6.93921E-02  6.53293E-02  3.09421E-03  9.68560E-04
  1652.00000  6.92808E-02  6.52249E-02  3.08946E-03  9.66506E-04
  1653.00000  6.91698E-02  6.51206E-02  3.08472E-03  9.64457E-04
  1654.00000  6.90590E-02  6.50166E-02  3.08000E-03  9.62414E-04
  1655.00000  6.89484E-02  6.49127E-02  3.07528E-03  9.60375E-04
  1656.00000  6.88381E-02  6.48091E-02  3.07057E-03  9.58343E-04
  1657.00000  6.87280E-02  6.47058E-02  3.06587E-03  9.56316E-04
  1658.00000  6.86181E-02  6.46026E-02  3.06118E-03  9.54294E-04
  1659.00000  6.85085E-02  6.44997E-02  3.05650E-03  9.52277E-04
  1660.00000  6.83991E-02  6.43970E-02  3.05183E-03  9.50266E-04
  1661.00000  6.82899E-02  6.42945E-02  3.04717E-03  9.48261E-04
  1662.00000  6.81810E-02  6.41922E-02  3.04252E-03  9.46260E-04
  1663.00000  6.80723E-02  6.40901E-02  3.03788E-03  9.44265E-04
  1664.00000  6.79638E-02  6.39883E-02  3.03325E-03  9.42275E-04
  1665.00000  6.78556E-02  6.38867E-02  3.02862E-03  9.40291E-04
  1666.00000  6.77476E-02  6.37853E-02  3.02401E-03  9.38311E-04
  1667.00000  6.76398E-02  6.36841E-02  3.01941E-03  9.36337E-04
  1668.00000  6.75323E-02  6.35831E-02  3.01481E-03  9.34368E-04
  1669.00000  6.74250E-02  6.34823E-02  3.01023E-03  9.32404E-04
  1670.00000  6.73179E-02  6.33818E-02  3.00565E-03  9.30446E-04
  1671.00000  6.72110E-02  6.32815E-02  3.00108E-03  9.28493E-04
  1672.00000  6.71044E-02  6.31814E-02  2.99652E-03  9.26544E-04
  1673.00000  6.69980E-02  6.30814E-02  2.99198E-03  9.24601E-04
  1674.00000  6.68919E-02  6.29818E-02  2.98744E-03  9.22663E-04
  1675.00000  6.67859E-02  6.28823E-02  2.98291E-03  9.20730E-04
  1676.00000  6.66802E-02  6.27830E-02  2.97839E-03  9.18803E-04
  1677.00000  6.65747E-02  6.26840E-02  2.97387E-03  9.16880E-04
  1678.00000  6.64694E-02  6.25851E-02  2.96937E-03  9.14962E-04
  1679.00000  6.63644E-02  6.24865E-02  2.96488E-03  9.13049E-04
  1680.00000  6.62596E-02  6.23881E-02  2.96039E-03  9.11142E-04
  1681.00000  6.61550E-02  6.22898E-02  2.95592E-03  9.09239E-04
  1682.00000  6.60506E-02  6.21918E-02  2.95145E-03  9.07341E-04
  1683.00000  6.59465E-02  6.20940E-02  2.94699E-03  9.05448E-04
  1684.00000  6.58425E-02  6.19964E-02  2.94255E-03  9.03560E-04
  1685.00000  6.57388E-02  6.18991E-02  2.93811E-03  9.01677E-04
  1686.00000  6.56354E-02  6.18019E-02  2.93368E-03  8.99799E-04
  1687.00000  6.55321E-02  6.17049E-02  2.92925E-03  8.97926E-04
  1688.00000  6.54290E-02  6.16081E-02  2.92484E-03  8.96058E-04
  1689.00000  6.53262E-02  6.15116E-02  2.92044E-03  8.94194E-04
  1690.00000  6.52236E-02  6.14152E-02  2.91604E-03  8.92335E-04
  1691.00000  6.51212E-02  6.13191E-02  2.91166E-03  8.90482E-04
  1692.00000  6.50190E-02  6.12231E-02  2.90728E-03  8.88633E-04
  1693.00000  6.49171E-02  6.11274E-02  2.90291E-03  8.86788E-04
  1694.00000  6.48153E-02  6.10318E-02  2.89855E-03  8.84949E-04
  1695.00000  6.47138E-02  6.09365E-02  2.89420E-03  8.83114E-04
  1696.00000  6.46125E-02  6.08414E-02  2.88985E-03  8.81284E-04
  1697.00000  6.45114E-02  6.07464E-02  2.88552E-03  8.79459E-04
  1698.00000  6.44105E-02  6.06517E-02  2.88119E-03  8.77638E-04
  1699.00000  6.43099E-02  6.05572E-02  2.87688E-03  8.75822E-04
  1700.00000  6.42094E-02  6.04628E-02  2.87257E-03  8.74011E-04
  1701.00000  6.41092E-02  6.03687E-02  2.86827E-03  8.72205E-04
  1702.00000  6.40091E-02  6.02748E-02  2.86398E-03  8.70403E-04
  1703.00000  6.39093E-02  6.01810E-02  2.85970E-03  8.68605E-04
  1704.00000  6.38097E-02  6.00875E-02  2.85542E-03  8.66813E-04
  1705.00000  6.37103E-02  5.99941E-02  2.85116E-03  8.65025E-04
  1706.00000  6.36111E-02  5.99010E-02  2.84690E-03  8.63241E-04
  1707.00000  6.35122E-02  5.98080E-02  2.84265E-03  8.61462E-04
  1708.00000  6.34134E-02  5.97153E-02  2.83841E-03  8.59688E-04
  1709.00000  6.33148E-02  5.96227E-02  2.83418E-03  8.57918E-04
  1710.00000  6.32165E-02  5.95304E-02  2.82995E-03  8.56153E-04
  1711.00000  6.31183E-02  5.94382E-02  2.82574E-03  8.54392E-04
  1712.00000  6.30204E-02  5.93462E-02  2.82153E-03  8.52636E-04
  1713.00000  6.29227E-02  5.92544E-02  2.81733E-03  8.50884E-04
  1714.00000  6.28251E-02  5.91628E-02  2.81314E-03  8.49137E-04
  1715.00000  6.27278E-02  5.90715E-02  2.80896E-03  8.47394E-04
  1716.00000  6.26307E-02  5.89802E-02  2.80479E-03  8.45656E-04
  1717.00000  6.25338E-02  5.88892E-02  2.80062E-03  8.43922E-04
  1718.00000  6.24371E-02  5.87984E-02  2.79647E-03  8.42192E-04
  1719.00000  6.23406E-02  5.87078E-02  2.79232E-03  8.40467E-04
  1720.00000  6.22443E-02  5.86173E-02  2.78818E-03  8.38746E-04
  1721.00000  6.21482E-02  5.85271E-02  2.78404E-03  8.37030E-04
  1722.00000  6.20523E-02  5.84370E-02  2.77992E-03  8.35318E-04
  1723.00000  6.19566E-02  5.83471E-02  2.77580E-03  8.33610E-04
  1724.00000  6.18611E-02  5.82575E-02  2.77169E-03  8.31907E-04
  1725.00000  6.17658E-02  5.81680E-02  2.76759E-03  8.30208E-04
  1726.00000  6.16707E-02  5.80786E-02  2.76350E-03  8.28514E-04
  1727.00000  6.15758E-02  5.79895E-02  2.75942E-03  8.26823E-04
  1728.00000  6.14811E-02  5.79006E-02  2.75534E-03  8.25137E-04
  1729.00000  6.13865E-02  5.78118E-02  2.75127E-03  8.23456E-04
  1730.00000  6.12922E-02  5.77232E-02  2.74721E-03  8.21778E-04
  1731.00000  6.11981E-02  5.76349E-02  2.74316E-03  8.20105E-04
  1732.00000  6.11042E-02  5.75467E-02  2.73912E-03  8.18436E-04
  1733.00000  6.10105E-02  5.74586E-02  2.73508E-03  8.16771E-04
  1734.00000  6.09170E-02  5.73708E-02  2.73105E-03  8.15111E-04
  1735.00000  6.08236E-02  5.72832E-02  2.72703E-03  8.13455E-04
  1736.00000  6.07305E-02  5.71957E-02  2.72302E-03  8.11802E-04
  1737.00000  6.06376E-02  5.71084E-02  2.71901E-03  8.10155E-04
  1738.00000  6.05448E-02  5.70213E-02  2.71502E-03  8.08511E-04
  1739.00000  6.04523E-02  5.69344E-02  2.71103E-03  8.06871E-04
  1740.00000  6.03599E-02  5.68476E-02  2.70705E-03  8.05236E-04
  1741.00000  6.02677E-02  5.67611E-02  2.70307E-03  8.03605E-04
  1742.00000  6.01758E-02  5.66747E-02  2.69911E-03  8.01977E-04
  1743.00000  6.00840E-02  5.65885E-02  2.69515E-03  8.00354E-04
  1744.00000  5.99924E-02  5.65024E-02  2.69120E-03  7.98736E-04
  1745.00000  5.99010E-02  5.64166E-02  2.68726E-03  7.97121E-04
  1746.00000  5.98097E-02  5.63309E-02  2.68332E-03  7.95510E-04
  1747.00000  5.97187E-02  5.62454E-02  2.67939E-03  7.93903E-04
  1748.00000  5.96279E-02  5.61601E-02  2.67547E-03  7.92301E-04
  1749.00000  5.95372E-02  5.60749E-02  2.67156E-03  7.90702E-04
  1750.00000  5.94467E-02  5.59900E-02  2.66766E-03  7.89108E-04
  1751.00000  5.93564E-02  5.59052E-02  2.66376E-03  7.87517E-04
  1752.00000  5.92664E-02  5.58206E-02  2.65987E-03  7.85931E-04
  1753.00000  5.91764E-02  5.57361E-02  2.65599E-03  7.84348E-04
  1754.00000  5.90867E-02  5.56518E-02  2.65211E-03  7.82770E-04
  1755.00000  5.89972E-02  5.55677E-02  2.64825E-03  7.81195E-04
  1756.00000  5.89078E-02  5.54838E-02  2.64439E-03  7.79624E-04
  1757.00000  5.88186E-02  5.54000E-02  2.64054E-03  7.78058E-04
  1758.00000  5.87296E-02  5.53165E-02  2.63669E-03  7.76495E-04
  1759.00000  5.86408E-02  5.52330E-02  2.63285E-03  7.74936E-04
  1760.00000  5.85522E-02  5.51498E-02  2.62902E-03  7.73382E-04
  1761.00000  5.84638E-02  5.50667E-02  2.62520E-03  7.71831E-04
  1762.00000  5.83755E-02  5.49838E-02  2.62139E-03  7.70284E-04
  1763.00000  5.82874E-02  5.49011E-02  2.61758E-03  7.68741E-04
  1764.00000  5.81995E-02  5.48185E-02  2.61378E-03  7.67201E-04
  1765.00000  5.81118E-02  5.47361E-02  2.60999E-03  7.65666E-04
  1766.00000  5.80242E-02  5.46539E-02  2.60620E-03  7.64134E-04
  1767.00000  5.79369E-02  5.45719E-02  2.60242E-03  7.62607E-04
  1768.00000  5.78497E-02  5.44900E-02  2.59865E-03  7.61083E-04
  1769.00000  5.77627E-02  5.44082E-02  2.59489E-03  7.59563E-04
  1770.00000  5.76758E-02  5.43267E-02  2.59113E-03  7.58046E-04
  1771.00000  5.75892E-02  5.42453E-02  2.58738E-03  7.56534E-04
  1772.00000  5.75027E-02  5.41640E-02  2.58364E-03  7.55025E-04
  1773.00000  5.74164E-02  5.40830E-02  2.57990E-03  7.53520E-04
  1774.00000  5.73303E-02  5.40021E-02  2.57618E-03  7.52019E-04
  1775.00000  5.72443E-02  5.39213E-02  2.57246E-03  7.50522E-04
  1776.00000  5.71585E-02  5.38408E-02  2.56874E-03  7.49028E-04
  1777.00000  5.70729E-02  5.37604E-02  2.56504E-03  7.47538E-04
  1778.00000  5.69875E-02  5.36801E-02  2.56134E-03  7.46052E-04
  1779.00000  5.69022E-02  5.36000E-02  2.55765E-03  7.44570E-04
  1780.00000  5.68172E-02  5.35201E-02  2.55396E-03  7.43091E-04
  1781.00000  5.67322E-02  5.34403E-02  2.55028E-03  7.41616E-04
  1782.00000  5.66475E-02  5.33607E-02  2.54661E-03  7.40144E-04
  1783.00000  5.65629E-02  5.32813E-02  2.54295E-03  7.38676E-04
  1784.00000  5.64785E-02  5.32020E-02  2.53929E-03  7.37212E-04
  1785.00000  5.63943E-02  5.31229E-02  2.53564E-03  7.35752E-04
  1786.00000  5.63102E-02  5.30439E-02  2.53200E-03  7.34295E-04
  1787.00000  5.62263E-02  5.29651E-02  2.52836E-03  7.32842E-04
  1788.00000  5.61426E-02  5.28865E-02  2.52473E-03  7.31392E-04
  1789.00000  5.60590E-02  5.28080E-02  2.52111E-03  7.29946E-04
  1790.00000  5.59756E-02  5.27296E-02  2.51749E-03  7.28503E-04
  1791.00000  5.58924E-02  5.26515E-02  2.51389E-03  7.27064E-04
  1792.00000  5.58094E-02  5.25734E-02  2.51028E-03  7.25629E-04
  1793.00000  5.57265E-02  5.24956E-02  2.50669E-03  7.24197E-04
  1794.00000  5.56437E-02  5.24179E-02  2.50310E-03  7.22769E-04
  1795.00000  5.55612E-02  5.23403E-02  2.49952E-03  7.21344E-04
  1796.00000  5.54788E-02  5.22629E-02  2.49595E-03  7.19923E-04
  1797.00000  5.53966E-02  5.21857E-02  2.49238E-03  7.18505E-04
  1798.00000  5.53145E-02  5.21086E-02  2.48882E-03  7.17091E-04
  1799.00000  5.52326E-02  5.20316E-02  2.48526E-03  7.15680E-04
  1800.00000  5.51508E-02  5.19549E-02  2.48172E-03  7.14273E-04
  1801.00000  5.50693E-02  5.18782E-02  2.47818E-03  7.12869E-04
  1802.00000  5.49878E-02  5.18017E-02  2.47464E-03  7.11469E-04
  1803.00000  5.49066E-02  5.17254E-02  2.47111E-03  7.10072E-04
  1804.00000  5.48255E-02  5.16492E-02  2.46759E-03  7.08678E-04
  1805.00000  5.47446E-02  5.15732E-02  2.46408E-03  7.07288E-04
  1806.00000  5.46638E-02  5.14973E-02  2.46057E-03  7.05901E-04
  1807.00000  5.45832E-02  5.14216E-02  2.45707E-03  7.04518E-04
  1808.00000  5.45027E-02  5.13460E-02  2.45358E-03  7.03138E-04
  1809.00000  5.44224E-02  5.12706E-02  2.45009E-03  7.01762E-04
  1810.00000  5.43423E-02  5.11953E-02  2.44661E-03  7.00388E-04
  1811.00000  5.42623E-02  5.11202E-02  2.44314E-03  6.99019E-04
  1812.00000  5.41825E-02  5.10452E-02  2.43967E-03  6.97652E-04
  1813.00000  5.41028E-02  5.09704E-02  2.43621E-03  6.96289E-04
  1814.00000  5.40233E-02  5.08957E-02  2.43275E-03  6.94929E-04
  1815.00000  5.39440E-02  5.08211E-02  2.42930E-03  6.93573E-04
  1816.00000  5.38648E-02  5.07467E-02  2.42586E-03  6.92220E-04
  1817.00000  5.37858E-02  5.06725E-02  2.42243E-03  6.90870E-04
  1818.00000  5.37069E-02  5.05984E-02  2.41900E-03  6.89523E-04
  1819.00000  5.36282E-02  5.05244E-02  2.41558E-03  6.88180E-04
  1820.00000  5.35496E-02  5.04506E-02  2.41216E-03  6.86840E-04
  1821.00000  5.34712E-02  5.03769E-02  2.40875E-03  6.85503E-04
  1822.00000  5.33929E-02  5.03034E-02  2.40535E-03  6.84170E-04
  1823.00000  5.33148E-02  5.02300E-02  2.40195E-03  6.82839E-04
  1824.00000  5.32368E-02  5.01567E-02  2.39856E-03  6.81512E-04
  1825.00000  5.31590E-02  5.00836E-02  2.39518E-03  6.80188E-04
  1826.00000  5.30814E-02  5.00107E-02  2.39180E-03  6.78868E-04
  1827.00000  5.30039E-02  4.99379E-02  2.38843E-03  6.77551E-04
  1828.00000  5.29265E-02  4.98652E-02  2.38507E-03  6.76236E-04
  1829.00000  5.28493E-02  4.97927E-02  2.38171E-03  6.74925E-04
  1830.00000  5.27722E-02  4.97203E-02  2.37835E-03  6.73618E-04
  1831.00000  5.26953E-02  4.96480E-02  2.37501E-03  6.72313E-04
  1832.00000  5.26186E-02  4.95759E-02  2.37167E-03  6.71011E-04
  1833.00000  5.25420E-02  4.95039E-02  2.36834E-03  6.69713E-04
  1834.00000  5.24655E-02  4.94321E-02  2.36501E-03  6.68418E-04
  1835.00000  5.23892E-02  4.93604E-02  2.36169E-03  6.67126E-04
  1836.00000  5.23130E-02  4.92888E-02  2.35837E-03  6.65837E-04
  1837.00000  5.22370E-02  4.92174E-02  2.35506E-03  6.64551E-04
  1838.00000  5.21612E-02  4.91461E-02  2.35176E-03  6.63269E-04
  1839.00000  5.20854E-02  4.90750E-02  2.34847E-03  6.61989E-04
  1840.00000  5.20099E-02  4.90040E-02  2.34518E-03  6.60713E-04
  1841.00000  5.19344E-02  4.89331E-02  2.34189E-03  6.59439E-04
  1842.00000  5.18592E-02  4.88624E-02  2.33861E-03  6.58169E-04
  1843.00000  5.17840E-02  4.87918E-02  2.33534E-03  6.56902E-04
  1844.00000  5.17090E-02  4.87213E-02  2.33208E-03  6.55637E-04
  1845.00000  5.16342E-02  4.86510E-02  2.32882E-03  6.54376E-04
  1846.00000  5.15595E-02  4.85808E-02  2.32556E-03  6.53118E-04
  1847.00000  5.14849E-02  4.85107E-02  2.32231E-03  6.51863E-04
  1848.00000  5.14105E-02  4.84408E-02  2.31907E-03  6.50611E-04
  1849.00000  5.13362E-02  4.83710E-02  2.31584E-03  6.49362E-04
  1850.00000  5.12621E-02  4.83013E-02  2.31261E-03  6.48116E-04
  1851.00000  5.11881E-02  4.82318E-02  2.30938E-03  6.46873E-04
  1852.00000  5.11142E-02  4.81624E-02  2.30617E-03  6.45633E-04
  1853.00000  5.10405E-02  4.80931E-02  2.30296E-03  6.44396E-04
  1854.00000  5.09669E-02  4.80240E-02  2.29975E-03  6.43162E-04
  1855.00000  5.08935E-02  4.79550E-02  2.29655E-03  6.41931E-04
  1856.00000  5.08202E-02  4.78861E-02  2.29336E-03  6.40703E-04
  1857.00000  5.07470E-02  4.78174E-02  2.29017E-03  6.39477E-04
  1858.00000  5.06740E-02  4.77488E-02  2.28699E-03  6.38255E-04
  1859.00000  5.06012E-02  4.76803E-02  2.28381E-03  6.37036E-04
  1860.00000  5.05284E-02  4.76120E-02  2.28064E-03  6.35819E-04
  1861.00000  5.04558E-02  4.75437E-02  2.27748E-03  6.34606E-04
  1862.00000  5.03834E-02  4.74757E-02  2.27432E-03  6.33395E-04
  1863.00000  5.03110E-02  4.74077E-02  2.27117E-03  6.32188E-04
  1864.00000  5.02389E-02  4.73399E-02  2.26802E-03  6.30983E-04
  1865.00000  5.01668E-02  4.72722E-02  2.26488E-03  6.29781E-04
  1866.00000  5.00949E-02  4.72046E-02  2.26174E-03  6.28582E-04
  1867.00000  5.00231E-02  4.71371E-02  2.25861E-03  6.27386E-04
  1868.00000  4.99515E-02  4.70698E-02  2.25549E-03  6.26192E-04
  1869.00000  4.98800E-02  4.70026E-02  2.25237E-03  6.25002E-04
  1870.00000  4.98086E-02  4.69355E-02  2.24926E-03  6.23814E-04
  1871.00000  4.97374E-02  4.68686E-02  2.24615E-03  6.22629E-04
  1872.00000  4.96663E-02  4.68018E-02  2.24305E-03  6.21447E-04
  1873.00000  4.95953E-02  4.67351E-02  2.23996E-03  6.20268E-04
  1874.00000  4.95245E-02  4.66685E-02  2.23687E-03  6.19092E-04
  1875.00000  4.94537E-02  4.66020E-02  2.23378E-03  6.17918E-04
  1876.00000  4.93832E-02  4.65357E-02  2.23070E-03  6.16747E-04
  1877.00000  4.93127E-02  4.64695E-02  2.22763E-03  6.15579E-04
  1878.00000  4.92424E-02  4.64035E-02  2.22457E-03  6.14414E-04
  1879.00000  4.91723E-02  4.63375E-02  2.22150E-03  6.13252E-04
  1880.00000  4.91022E-02  4.62717E-02  2.21845E-03  6.12092E-04
  1881.00000  4.90323E-02  4.62060E-02  2.21540E-03  6.10935E-04
  1882.00000  4.89625E-02  4.61404E-02  2.21235E-03  6.09780E-04
  1883.00000  4.88929E-02  4.60749E-02  2.20932E-03  6.08629E-04
  1884.00000  4.88233E-02  4.60096E-02  2.20628E-03  6.07480E-04
  1885.00000  4.87540E-02  4.59444E-02  2.20325E-03  6.06334E-04
  1886.00000  4.86847E-02  4.58793E-02  2.20023E-03  6.05191E-04
  1887.00000  4.86156E-02  4.58143E-02  2.19722E-03  6.04050E-04
  1888.00000  4.85466E-02  4.57494E-02  2.19421E-03  6.02912E-04
  1889.00000  4.84777E-02  4.56847E-02  2.19120E-03  6.01777E-04
  1890.00000  4.84089E-02  4.56201E-02  2.18820E-03  6.00644E-04
  1891.00000  4.83403E-02  4.55556E-02  2.18520E-03  5.99514E-04
  1892.00000  4.82718E-02  4.54912E-02  2.18222E-03  5.98386E-04
  1893.00000  4.82034E-02  4.54270E-02  2.17923E-03  5.97262E-04
  1894.00000  4.81352E-02  4.53628E-02  2.17625E-03  5.96140E-04
  1895.00000  4.80671E-02  4.52988E-02  2.17328E-03  5.95020E-04
  1896.00000  4.79991E-02  4.52349E-02  2.17031E-03  5.93903E-04
  1897.00000  4.79312E-02  4.51711E-02  2.16735E-03  5.92789E-04
  1898.00000  4.78635E-02  4.51074E-02  2.16439E-03  5.91678E-04
  1899.00000  4.77959E-02  4.50439E-02  2.16144E-03  5.90568E-04
  1900.00000  4.77284E-02  4.49805E-02  2.15850E-03  5.89462E-04
  1901.00000  4.76610E-02  4.49171E-02  2.15556E-03  5.88358E-04
  1902.00000  4.75938E-02  4.48539E-02  2.15262E-03  5.87257E-04
  1903.00000  4.75267E-02  4.47908E-02  2.14969E-03  5.86158E-04
  1904.00000  4.74597E-02  4.47279E-02  2.14677E-03  5.85062E-04
  1905.00000  4.73928E-02  4.46650E-02  2.14385E-03  5.83968E-04
  1906.00000  4.73261E-02  4.46023E-02  2.14093E-03  5.82877E-04
  1907.00000  4.72595E-02  4.45397E-02  2.13802E-03  5.81789E-04
  1908.00000  4.71930E-02  4.44772E-02  2.13512E-03  5.80703E-04
  1909.00000  4.71266E-02  4.44148E-02  2.13222E-03  5.79619E-04
  1910.00000  4.70603E-02  4.43525E-02  2.12933E-03  5.78538E-04
  1911.00000  4.69942E-02  4.42903E-02  2.12644E-03  5.77460E-04
  1912.00000  4.69282E-02  4.42283E-02  2.12356E-03  5.76384E-04
  1913.00000  4.68623E-02  4.41663E-02  2.12068E-03  5.75310E-04
  1914.00000  4.67965E-02  4.41045E-02  2.11781E-03  5.74239E-04
  1915.00000  4.67309E-02  4.40428E-02  2.11494E-03  5.73171E-04
  1916.00000  4.66654E-02  4.39812E-02  2.11208E-03  5.72105E-04
  1917.00000  4.65999E-02  4.39197E-02  2.10923E-03  5.71041E-04
  1918.00000  4.65346E-02  4.38583E-02  2.10637E-03  5.69980E-04
  1919.00000  4.64695E-02  4.37970E-02  2.10353E-03  5.68921E-04
  1920.00000  4.64044E-02  4.37359E-02  2.10069E-03  5.67865E-04
  1921.00000  4.63395E-02  4.36748E-02  2.09785E-03  5.66811E-04
  1922.00000  4.62747E-02  4.36139E-02  2.09502E-03  5.65759E-04
  1923.00000  4.62100E-02  4.35531E-02  2.09219E-03  5.64710E-04
  1924.00000  4.61454E-02  4.34923E-02  2.08937E-03  5.63664E-04
  1925.00000  4.60809E-02  4.34317E-02  2.08656E-03  5.62619E-04
  1926.00000  4.60166E-02  4.33712E-02  2.08375E-03  5.61578E-04
  1927.00000  4.59523E-02  4.33109E-02  2.08094E-03  5.60538E-04
  1928.00000  4.58882E-02  4.32506E-02  2.07814E-03  5.59501E-04
  1929.00000  4.58242E-02  4.31904E-02  2.07535E-03  5.58466E-04
  1930.00000  4.57603E-02  4.31304E-02  2.07255E-03  5.57434E-04
  1931.00000  4.56966E-02  4.30704E-02  2.06977E-03  5.56404E-04
  1932.00000  4.56329E-02  4.30106E-02  2.06699E-03  5.55377E-04
  1933.00000  4.55694E-02  4.29508E-02  2.06421E-03  5.54351E-04
  1934.00000  4.55060E-02  4.28912E-02  2.06144E-03  5.53328E-04
  1935.00000  4.54427E-02  4.28317E-02  2.05868E-03  5.52308E-04
  1936.00000  4.53795E-02  4.27723E-02  2.05592E-03  5.51290E-04
  1937.00000  4.53164E-02  4.27130E-02  2.05316E-03  5.50274E-04
  1938.00000  4.52534E-02  4.26538E-02  2.05041E-03  5.49260E-04
  1939.00000  4.51906E-02  4.25947E-02  2.04766E-03  5.48249E-04
  1940.00000  4.51279E-02  4.25357E-02  2.04492E-03  5.47240E-04
  1941.00000  4.50652E-02  4.24768E-02  2.04219E-03  5.46233E-04
  1942.00000  4.50027E-02  4.24180E-02  2.03946E-03  5.45229E-04
  1943.00000  4.49403E-02  4.23594E-02  2.03673E-03  5.44227E-04
  1944.00000  4.48780E-02  4.23008E-02  2.03401E-03  5.43227E-04
  1945.00000  4.48159E-02  4.22423E-02  2.03129E-03  5.42230E-04
  1946.00000  4.47538E-02  4.21840E-02  2.02858E-03  5.41235E-04
  1947.00000  4.46919E-02  4.21257E-02  2.02587E-03  5.40242E-04
  1948.00000  4.46300E-02  4.20676E-02  2.02317E-03  5.39251E-04
  1949.00000  4.45683E-02  4.20095E-02  2.02048E-03  5.38263E-04
  1950.00000  4.45067E-02  4.19516E-02  2.01778E-03  5.37277E-04
  1951.00000  4.44452E-02  4.18938E-02  2.01510E-03  5.36293E-04
  1952.00000  4.43838E-02  4.18360E-02  2.01241E-03  5.35311E-04
  1953.00000  4.43225E-02  4.17784E-02  2.00973E-03  5.34332E-04
  1954.00000  4.42613E-02  4.17209E-02  2.00706E-03  5.33355E-04
  1955.00000  4.42002E-02  4.16635E-02  2.00439E-03  5.32380E-04
  1956.00000  4.41393E-02  4.16061E-02  2.00173E-03  5.31407E-04
  1957.00000  4.40784E-02  4.15489E-02  1.99907E-03  5.30437E-04
  1958.00000  4.40177E-02  4.14918E-02  1.99642E-03  5.29469E-04
  1959.00000  4.39571E-02  4.14348E-02  1.99377E-03  5.28503E-04
  1960.00000  4.38965E-02  4.13779E-02  1.99112E-03  5.27539E-04
  1961.00000  4.38361E-02  4.13211E-02  1.98848E-03  5.26577E-04
  1962.00000  4.37758E-02  4.12644E-02  1.98585E-03  5.25618E-04
  1963.00000  4.37156E-02  4.12077E-02  1.98321E-03  5.24661E-04
  1964.00000  4.36555E-02  4.11512E-02  1.98059E-03  5.23706E-04
  1965.00000  4.35955E-02  4.10948E-02  1.97797E-03  5.22753E-04
  1966.00000  4.35357E-02  4.10385E-02  1.97535E-03  5.21802E-04
  1967.00000  4.34759E-02  4.09823E-02  1.97274E-03  5.20854E-04
  1968.00000  4.34162E-02  4.09262E-02  1.97013E-03  5.19907E-04
  1969.00000  4.33567E-02  4.08702E-02  1.96753E-03  5.18963E-04
  1970.00000  4.32972E-02  4.08143E-02  1.96493E-03  5.18021E-04
  1971.00000  4.32379E-02  4.07585E-02  1.96233E-03  5.17081E-04
  1972.00000  4.31786E-02  4.07027E-02  1.95975E-03  5.16143E-04
  1973.00000  4.31195E-02  4.06471E-02  1.95716E-03  5.15208E-04
  1974.00000  4.30605E-02  4.05916E-02  1.95458E-03  5.14274E-04
  1975.00000  4.30015E-02  4.05362E-02  1.95200E-03  5.13343E-04
  1976.00000  4.29427E-02  4.04809E-02  1.94943E-03  5.12414E-04
  1977.00000  4.28840E-02  4.04257E-02  1.94687E-03  5.11487E-04
  1978.00000  4.28254E-02  4.03705E-02  1.94430E-03  5.10562E-04
  1979.00000  4.27669E-02  4.03155E-02  1.94175E-03  5.09639E-04
  1980.00000  4.27085E-02  4.02606E-02  1.93919E-03  5.08718E-04
  1981.00000  4.26502E-02  4.02057E-02  1.93665E-03  5.07800E-04
  1982.00000  4.25920E-02  4.01510E-02  1.93410E-03  5.06883E-04
  1983.00000  4.25339E-02  4.00964E-02  1.93156E-03  5.05969E-04
  1984.00000  4.24759E-02  4.00418E-02  1.92903E-03  5.05056E-04
  1985.00000  4.24180E-02  3.99874E-02  1.92650E-03  5.04146E-04
  1986.00000  4.23602E-02  3.99330E-02  1.92397E-03  5.03238E-04
  1987.00000  4.23025E-02  3.98788E-02  1.92145E-03  5.02331E-04
  1988.00000  4.22450E-02  3.98246E-02  1.91893E-03  5.01427E-04
  1989.00000  4.21875E-02  3.97705E-02  1.91642E-03  5.00525E-04
  1990.00000  4.21301E-02  3.97166E-02  1.91391E-03  4.99625E-04
  1991.00000  4.20728E-02  3.96627E-02  1.91140E-03  4.98727E-04
  1992.00000  4.20156E-02  3.96089E-02  1.90890E-03  4.97831E-04
  1993.00000  4.19586E-02  3.95552E-02  1.90641E-03  4.96937E-04
  1994.00000  4.19016E-02  3.95016E-02  1.90392E-03  4.96045E-04
  1995.00000  4.18447E-02  3.94481E-02  1.90143E-03  4.95156E-04
  1996.00000  4.17879E-02  3.93947E-02  1.89895E-03  4.94268E-04
  1997.00000  4.17313E-02  3.93414E-02  1.89647E-03  4.93382E-04
  1998.00000  4.16747E-02  3.92882E-02  1.89400E-03  4.92498E-04
  1999.00000  4.16182E-02  3.92351E-02  1.89153E-03  4.91616E-04
  2000.00000  4.15618E-02  3.91820E-02  1.88906E-03  4.90737E-04
  2001.00000  4.15056E-02  3.91291E-02  1.88660E-03  4.89859E-04
  2002.00000  4.14494E-02  3.90763E-02  1.88415E-03  4.88983E-04
  2003.00000  4.13933E-02  3.90235E-02  1.88169E-03  4.88109E-04
  2004.00000  4.13373E-02  3.89709E-02  1.87924E-03  4.87237E-04
  2005.00000  4.12815E-02  3.89183E-02  1.87680E-03  4.86367E-04
  2006.00000  4.12257E-02  3.88658E-02  1.87436E-03  4.85499E-04
  2007.00000  4.11700E-02  3.88134E-02  1.87193E-03  4.84633E-04
  2008.00000  4.11144E-02  3.87611E-02  1.86950E-03  4.83769E-04
  2009.00000  4.10589E-02  3.87089E-02  1.86707E-03  4.82907E-04
  2010.00000  4.10035E-02  3.86568E-02  1.86465E-03  4.82047E-04
  2011.00000  4.09482E-02  3.86048E-02  1.86223E-03  4.81189E-04
  2012.00000  4.08930E-02  3.85529E-02  1.85981E-03  4.80332E-04
  2013.00000  4.08379E-02  3.85010E-02  1.85740E-03  4.79478E-04
  2014.00000  4.07829E-02  3.84493E-02  1.85500E-03  4.78625E-04
  2015.00000  4.07280E-02  3.83976E-02  1.85260E-03  4.77775E-04
  2016.00000  4.06732E-02  3.83461E-02  1.85020E-03  4.76926E-04
  2017.00000  4.06185E-02  3.82946E-02  1.84781E-03  4.76079E-04
  2018.00000  4.05639E-02  3.82432E-02  1.84542E-03  4.75235E-04
  2019.00000  4.05093E-02  3.81919E-02  1.84303E-03  4.74392E-04
  2020.00000  4.04549E-02  3.81407E-02  1.84065E-03  4.73551E-04
  2021.00000  4.04006E-02  3.80896E-02  1.83827E-03  4.72711E-04
  2022.00000  4.03463E-02  3.80386E-02  1.83590E-03  4.71874E-04
  2023.00000  4.02922E-02  3.79876E-02  1.83353E-03  4.71038E-04
  2024.00000  4.02381E-02  3.79368E-02  1.83117E-03  4.70205E-04
  2025.00000  4.01842E-02  3.78860E-02  1.82881E-03  4.69373E-04
  2026.00000  4.01303E-02  3.78353E-02  1.82645E-03  4.68543E-04
  2027.00000  4.00766E-02  3.77847E-02  1.82410E-03  4.67715E-04
  2028.00000  4.00229E-02  3.77342E-02  1.82175E-03  4.66889E-04
  2029.00000  3.99693E-02  3.76838E-02  1.81941E-03  4.66064E-04
  2030.00000  3.99158E-02  3.76335E-02  1.81707E-03  4.65242E-04
  2031.00000  3.98624E-02  3.75833E-02  1.81473E-03  4.64421E-04
  2032.00000  3.98091E-02  3.75331E-02  1.81240E-03  4.63602E-04
  2033.00000  3.97559E-02  3.74831E-02  1.81007E-03  4.62785E-04
  2034.00000  3.97028E-02  3.74331E-02  1.80775E-03  4.61970E-04
  2035.00000  3.96498E-02  3.73832E-02  1.80543E-03  4.61156E-04
  2036.00000  3.95969E-02  3.73334E-02  1.80311E-03  4.60344E-04
  2037.00000  3.95440E-02  3.72837E-02  1.80080E-03  4.59534E-04
  2038.00000  3.94913E-02  3.72341E-02  1.79849E-03  4.58726E-04
  2039.00000  3.94386E-02  3.71845E-02  1.79619E-03  4.57920E-04
  2040.00000  3.93861E-02  3.71351E-02  1.79388E-03  4.57115E-04
  2041.00000  3.93336E-02  3.70857E-02  1.79159E-03  4.56312E-04
  2042.00000  3.92812E-02  3.70364E-02  1.78930E-03  4.55511E-04
  2043.00000  3.92290E-02  3.69872E-02  1.78701E-03  4.54712E-04
  2044.00000  3.91768E-02  3.69381E-02  1.78472E-03  4.53914E-04
  2045.00000  3.91247E-02  3.68891E-02  1.78244E-03  4.53118E-04
  2046.00000  3.90726E-02  3.68401E-02  1.78017E-03  4.52324E-04
  2047.00000  3.90207E-02  3.67913E-02  1.77789E-03  4.51532E-04
  2048.00000  3.89689E-02  3.67425E-02  1.77562E-03  4.50741E-04
  2049.00000  3.89171E-02  3.66938E-02  1.77336E-03  4.49952E-04
  2050.00000  3.88655E-02  3.66452E-02  1.77110E-03  4.49165E-04
  2051.00000  3.88139E-02  3.65967E-02  1.76884E-03  4.48380E-04
  2052.00000  3.87625E-02  3.65483E-02  1.76659E-03  4.47596E-04
  2053.00000  3.87111E-02  3.64999E-02  1.76434E-03  4.46814E-04
  2054.00000  3.86598E-02  3.64516E-02  1.76209E-03  4.46033E-04
  2055.00000  3.86086E-02  3.64035E-02  1.75985E-03  4.45255E-04
  2056.00000  3.85575E-02  3.63554E-02  1.75761E-03  4.44478E-04
  2057.00000  3.85064E-02  3.63073E-02  1.75538E-03  4.43703E-04
  2058.00000  3.84555E-02  3.62594E-02  1.75315E-03  4.42929E-04
  2059.00000  3.84046E-02  3.62116E-02  1.75092E-03  4.42157E-04
  2060.00000  3.83539E-02  3.61638E-02  1.74870E-03  4.41387E-04
  2061.00000  3.83032E-02  3.61161E-02  1.74648E-03  4.40618E-04
  2062.00000  3.82526E-02  3.60685E-02  1.74426E-03  4.39852E-04
  2063.00000  3.82021E-02  3.60210E-02  1.74205E-03  4.39086E-04
  2064.00000  3.81517E-02  3.59735E-02  1.73984E-03  4.38323E-04
  2065.00000  3.81014E-02  3.59262E-02  1.73764E-03  4.37561E-04
  2066.00000  3.80511E-02  3.58789E-02  1.73544E-03  4.36801E-04
  2067.00000  3.80010E-02  3.58317E-02  1.73324E-03  4.36042E-04
  2068.00000  3.79509E-02  3.57846E-02  1.73105E-03  4.35285E-04
  2069.00000  3.79009E-02  3.57375E-02  1.72886E-03  4.34530E-04
  2070.00000  3.78510E-02  3.56906E-02  1.72667E-03  4.33776E-04
  2071.00000  3.78012E-02  3.56437E-02  1.72449E-03  4.33024E-04
  2072.00000  3.77515E-02  3.55969E-02  1.72231E-03  4.32274E-04
  2073.00000  3.77019E-02  3.55502E-02  1.72014E-03  4.31525E-04
  2074.00000  3.76523E-02  3.55036E-02  1.71797E-03  4.30778E-04
  2075.00000  3.76029E-02  3.54570E-02  1.71580E-03  4.30032E-04
  2076.00000  3.75535E-02  3.54106E-02  1.71364E-03  4.29288E-04
  2077.00000  3.75042E-02  3.53642E-02  1.71148E-03  4.28546E-04
  2078.00000  3.74550E-02  3.53179E-02  1.70932E-03  4.27805E-04
  2079.00000  3.74059E-02  3.52717E-02  1.70717E-03  4.27066E-04
  2080.00000  3.73569E-02  3.52255E-02  1.70502E-03  4.26329E-04
  2081.00000  3.73079E-02  3.51794E-02  1.70287E-03  4.25593E-04
  2082.00000  3.72590E-02  3.51334E-02  1.70073E-03  4.24858E-04
  2083.00000  3.72103E-02  3.50875E-02  1.69859E-03  4.24126E-04
  2084.00000  3.71616E-02  3.50417E-02  1.69646E-03  4.23394E-04
  2085.00000  3.71129E-02  3.49959E-02  1.69433E-03  4.22665E-04
  2086.00000  3.70644E-02  3.49503E-02  1.69220E-03  4.21937E-04
  2087.00000  3.70160E-02  3.49047E-02  1.69008E-03  4.21210E-04
  2088.00000  3.69676E-02  3.48592E-02  1.68796E-03  4.20485E-04
  2089.00000  3.69193E-02  3.48137E-02  1.68584E-03  4.19762E-04
  2090.00000  3.68711E-02  3.47684E-02  1.68373E-03  4.19040E-04
  2091.00000  3.68230E-02  3.47231E-02  1.68162E-03  4.18320E-04
  2092.00000  3.67750E-02  3.46779E-02  1.67951E-03  4.17601E-04
  2093.00000  3.67270E-02  3.46327E-02  1.67741E-03  4.16884E-04
  2094.00000  3.66792E-02  3.45877E-02  1.67531E-03  4.16169E-04
  2095.00000  3.66314E-02  3.45427E-02  1.67321E-03  4.15455E-04
  2096.00000  3.65837E-02  3.44978E-02  1.67112E-03  4.14742E-04
  2097.00000  3.65361E-02  3.44530E-02  1.66903E-03  4.14031E-04
  2098.00000  3.64885E-02  3.44083E-02  1.66695E-03  4.13322E-04
  2099.00000  3.64411E-02  3.43636E-02  1.66487E-03  4.12614E-04
  2100.00000  3.63937E-02  3.43190E-02  1.66279E-03  4.11907E-04
  2101.00000  3.63464E-02  3.42745E-02  1.66072E-03  4.11202E-04
  2102.00000  3.62992E-02  3.42301E-02  1.65864E-03  4.10499E-04
  2103.00000  3.62521E-02  3.41857E-02  1.65658E-03  4.09797E-04
  2104.00000  3.62050E-02  3.41414E-02  1.65451E-03  4.09097E-04
  2105.00000  3.61580E-02  3.40972E-02  1.65245E-03  4.08398E-04
  2106.00000  3.61112E-02  3.40531E-02  1.65039E-03  4.07701E-04
  2107.00000  3.60644E-02  3.40090E-02  1.64834E-03  4.07005E-04
  2108.00000  3.60176E-02  3.39650E-02  1.64629E-03  4.06310E-04
  2109.00000  3.59710E-02  3.39211E-02  1.64424E-03  4.05617E-04
  2110.00000  3.59244E-02  3.38773E-02  1.64220E-03  4.04926E-04
  2111.00000  3.58779E-02  3.38335E-02  1.64016E-03  4.04236E-04
  2112.00000  3.58315E-02  3.37898E-02  1.63812E-03  4.03548E-04
  2113.00000  3.57852E-02  3.37462E-02  1.63609E-03  4.02861E-04
  2114.00000  3.57389E-02  3.37027E-02  1.63406E-03  4.02175E-04
  2115.00000  3.56928E-02  3.36593E-02  1.63203E-03  4.01491E-04
  2116.00000  3.56467E-02  3.36159E-02  1.63001E-03  4.00808E-04
  2117.00000  3.56007E-02  3.35726E-02  1.62799E-03  4.00127E-04
  2118.00000  3.55547E-02  3.35293E-02  1.62597E-03  3.99447E-04
  2119.00000  3.55089E-02  3.34862E-02  1.62396E-03  3.98769E-04
  2120.00000  3.54631E-02  3.34431E-02  1.62195E-03  3.98092E-04
  2121.00000  3.54174E-02  3.34001E-02  1.61994E-03  3.97417E-04
  2122.00000  3.53718E-02  3.33571E-02  1.61794E-03  3.96743E-04
  2123.00000  3.53263E-02  3.33142E-02  1.61594E-03  3.96071E-04
  2124.00000  3.52808E-02  3.32715E-02  1.61394E-03  3.95400E-04
  2125.00000  3.52354E-02  3.32287E-02  1.61195E-03  3.94730E-04
  2126.00000  3.51901E-02  3.31861E-02  1.60996E-03  3.94062E-04
  2127.00000  3.51449E-02  3.31435E-02  1.60797E-03  3.93395E-04
  2128.00000  3.50997E-02  3.31010E-02  1.60599E-03  3.92730E-04
  2129.00000  3.50546E-02  3.30586E-02  1.60401E-03  3.92066E-04
  2130.00000  3.50096E-02  3.30162E-02  1.60203E-03  3.91403E-04
  2131.00000  3.49647E-02  3.29739E-02  1.60006E-03  3.90742E-04
  2132.00000  3.49199E-02  3.29317E-02  1.59809E-03  3.90082E-04
  2133.00000  3.48751E-02  3.28896E-02  1.59612E-03  3.89424E-04
  2134.00000  3.48304E-02  3.28475E-02  1.59415E-03  3.88767E-04
  2135.00000  3.47858E-02  3.28055E-02  1.59219E-03  3.88111E-04
  2136.00000  3.47413E-02  3.27636E-02  1.59024E-03  3.87457E-04
  2137.00000  3.46968E-02  3.27217E-02  1.58828E-03  3.86804E-04
  2138.00000  3.46524E-02  3.26799E-02  1.58633E-03  3.86153E-04
  2139.00000  3.46081E-02  3.26382E-02  1.58438E-03  3.85503E-04
  2140.00000  3.45639E-02  3.25966E-02  1.58244E-03  3.84854E-04
  2141.00000  3.45197E-02  3.25550E-02  1.58050E-03  3.84207E-04
  2142.00000  3.44756E-02  3.25135E-02  1.57856E-03  3.83561E-04
  2143.00000  3.44316E-02  3.24721E-02  1.57662E-03  3.82916E-04
  2144.00000  3.43877E-02  3.24307E-02  1.57469E-03  3.82273E-04
  2145.00000  3.43438E-02  3.23894E-02  1.57276E-03  3.81631E-04
  2146.00000  3.43000E-02  3.23482E-02  1.57084E-03  3.80991E-04
  2147.00000  3.42563E-02  3.23070E-02  1.56891E-03  3.80352E-04
  2148.00000  3.42127E-02  3.22660E-02  1.56699E-03  3.79714E-04
  2149.00000  3.41691E-02  3.22249E-02  1.56508E-03  3.79077E-04
  2150.00000  3.41256E-02  3.21840E-02  1.56316E-03  3.78442E-04
  2151.00000  3.40822E-02  3.21431E-02  1.56125E-03  3.77808E-04
  2152.00000  3.40388E-02  3.21023E-02  1.55935E-03  3.77176E-04
  2153.00000  3.39956E-02  3.20616E-02  1.55744E-03  3.76545E-04
  2154.00000  3.39524E-02  3.20209E-02  1.55554E-03  3.75915E-04
  2155.00000  3.39093E-02  3.19803E-02  1.55365E-03  3.75286E-04
  2156.00000  3.38662E-02  3.19398E-02  1.55175E-03  3.74659E-04
  2157.00000  3.38232E-02  3.18993E-02  1.54986E-03  3.74033E-04
  2158.00000  3.37803E-02  3.18589E-02  1.54797E-03  3.73409E-04
  2159.00000  3.37375E-02  3.18186E-02  1.54609E-03  3.72785E-04
  2160.00000  3.36947E-02  3.17784E-02  1.54420E-03  3.72163E-04
  2161.00000  3.36520E-02  3.17382E-02  1.54232E-03  3.71543E-04
  2162.00000  3.36094E-02  3.16981E-02  1.54045E-03  3.70923E-04
  2163.00000  3.35669E-02  3.16580E-02  1.53857E-03  3.70305E-04
  2164.00000  3.35244E-02  3.16180E-02  1.53670E-03  3.69689E-04
  2165.00000  3.34820E-02  3.15781E-02  1.53484E-03  3.69073E-04
  2166.00000  3.34397E-02  3.15383E-02  1.53297E-03  3.68459E-04
  2167.00000  3.33974E-02  3.14985E-02  1.53111E-03  3.67846E-04
  2168.00000  3.33552E-02  3.14588E-02  1.52925E-03  3.67234E-04
  2169.00000  3.33131E-02  3.14191E-02  1.52740E-03  3.66624E-04
  2170.00000  3.32711E-02  3.13795E-02  1.52555E-03  3.66015E-04
  2171.00000  3.32291E-02  3.13400E-02  1.52370E-03  3.65407E-04
  2172.00000  3.31872E-02  3.13006E-02  1.52185E-03  3.64801E-04
  2173.00000  3.31454E-02  3.12612E-02  1.52001E-03  3.64195E-04
  2174.00000  3.31036E-02  3.12219E-02  1.51817E-03  3.63591E-04
  2175.00000  3.30619E-02  3.11826E-02  1.51633E-03  3.62988E-04
  2176.00000  3.30203E-02  3.11434E-02  1.51450E-03  3.62387E-04
  2177.00000  3.29788E-02  3.11043E-02  1.51267E-03  3.61787E-04
  2178.00000  3.29373E-02  3.10653E-02  1.51084E-03  3.61188E-04
  2179.00000  3.28959E-02  3.10263E-02  1.50901E-03  3.60590E-04
  2180.00000  3.28546E-02  3.09874E-02  1.50719E-03  3.59994E-04
  2181.00000  3.28133E-02  3.09485E-02  1.50537E-03  3.59398E-04
  2182.00000  3.27721E-02  3.09097E-02  1.50356E-03  3.58804E-04
  2183.00000  3.27310E-02  3.08710E-02  1.50174E-03  3.58212E-04
  2184.00000  3.26899E-02  3.08323E-02  1.49993E-03  3.57620E-04
  2185.00000  3.26489E-02  3.07938E-02  1.49812E-03  3.57030E-04
  2186.00000  3.26080E-02  3.07552E-02  1.49632E-03  3.56441E-04
  2187.00000  3.25671E-02  3.07168E-02  1.49452E-03  3.55853E-04
  2188.00000  3.25263E-02  3.06784E-02  1.49272E-03  3.55266E-04
  2189.00000  3.24856E-02  3.06400E-02  1.49092E-03  3.54681E-04
  2190.00000  3.24450E-02  3.06018E-02  1.48913E-03  3.54097E-04
  2191.00000  3.24044E-02  3.05635E-02  1.48734E-03  3.53514E-04
  2192.00000  3.23639E-02  3.05254E-02  1.48555E-03  3.52932E-04
  2193.00000  3.23234E-02  3.04873E-02  1.48377E-03  3.52352E-04
  2194.00000  3.22831E-02  3.04493E-02  1.48199E-03  3.51772E-04
  2195.00000  3.22428E-02  3.04114E-02  1.48021E-03  3.51194E-04
  2196.00000  3.22025E-02  3.03735E-02  1.47843E-03  3.50617E-04
  2197.00000  3.21623E-02  3.03356E-02  1.47666E-03  3.50042E-04
  2198.00000  3.21222E-02  3.02979E-02  1.47489E-03  3.49467E-04
  2199.00000  3.20822E-02  3.02602E-02  1.47312E-03  3.48894E-04
  2200.00000  3.20422E-02  3.02225E-02  1.47136E-03  3.48322E-04
  2201.00000  3.20023E-02  3.01850E-02  1.46959E-03  3.47751E-04
  2202.00000  3.19625E-02  3.01475E-02  1.46784E-03  3.47181E-04
  2203.00000  3.19227E-02  3.01100E-02  1.46608E-03  3.46613E-04
  2204.00000  3.18830E-02  3.00726E-02  1.46433E-03  3.46045E-04
  2205.00000  3.18433E-02  3.00353E-02  1.46258E-03  3.45479E-04
  2206.00000  3.18038E-02  2.99980E-02  1.46083E-03  3.44914E-04
  2207.00000  3.17643E-02  2.99608E-02  1.45908E-03  3.44351E-04
  2208.00000  3.17248E-02  2.99237E-02  1.45734E-03  3.43788E-04
  2209.00000  3.16854E-02  2.98866E-02  1.45560E-03  3.43226E-04
  2210.00000  3.16461E-02  2.98496E-02  1.45386E-03  3.42666E-04
  2211.00000  3.16069E-02  2.98126E-02  1.45213E-03  3.42107E-04
  2212.00000  3.15677E-02  2.97758E-02  1.45040E-03  3.41549E-04
  2213.00000  3.15286E-02  2.97389E-02  1.44867E-03  3.40992E-04
  2214.00000  3.14895E-02  2.97022E-02  1.44695E-03  3.40437E-04
  2215.00000  3.14506E-02  2.96654E-02  1.44522E-03  3.39882E-04
  2216.00000  3.14116E-02  2.96288E-02  1.44350E-03  3.39329E-04
  2217.00000  3.13728E-02  2.95922E-02  1.44178E-03  3.38777E-04
  2218.00000  3.13340E-02  2.95557E-02  1.44007E-03  3.38226E-04
  2219.00000  3.12953E-02  2.95192E-02  1.43836E-03  3.37676E-04
  2220.00000  3.12566E-02  2.94828E-02  1.43665E-03  3.37127E-04
  2221.00000  3.12180E-02  2.94465E-02  1.43494E-03  3.36580E-04
  2222.00000  3.11795E-02  2.94102E-02  1.43324E-03  3.36034E-04
  2223.00000  3.11410E-02  2.93740E-02  1.43154E-03  3.35488E-04
  2224.00000  3.11026E-02  2.93378E-02  1.42984E-03  3.34944E-04
  2225.00000  3.10642E-02  2.93017E-02  1.42814E-03  3.34401E-04
  2226.00000  3.10260E-02  2.92657E-02  1.42645E-03  3.33859E-04
  2227.00000  3.09877E-02  2.92297E-02  1.42476E-03  3.33318E-04
  2228.00000  3.09496E-02  2.91937E-02  1.42307E-03  3.32779E-04
  2229.00000  3.09115E-02  2.91579E-02  1.42139E-03  3.32240E-04
  2230.00000  3.08735E-02  2.91221E-02  1.41970E-03  3.31703E-04
  2231.00000  3.08355E-02  2.90863E-02  1.41802E-03  3.31167E-04
  2232.00000  3.07976E-02  2.90506E-02  1.41635E-03  3.30631E-04
  2233.00000  3.07598E-02  2.90150E-02  1.41467E-03  3.30097E-04
  2234.00000  3.07220E-02  2.89794E-02  1.41300E-03  3.29564E-04
  2235.00000  3.06843E-02  2.89439E-02  1.41133E-03  3.29032E-04
  2236.00000  3.06466E-02  2.89085E-02  1.40966E-03  3.28502E-04
  2237.00000  3.06090E-02  2.88731E-02  1.40800E-03  3.27972E-04
  2238.00000  3.05715E-02  2.88377E-02  1.40634E-03  3.27443E-04
  2239.00000  3.05340E-02  2.88024E-02  1.40468E-03  3.26916E-04
  2240.00000  3.04966E-02  2.87672E-02  1.40302E-03  3.26389E-04
  2241.00000  3.04593E-02  2.87321E-02  1.40137E-03  3.25864E-04
  2242.00000  3.04220E-02  2.86970E-02  1.39972E-03  3.25340E-04
  2243.00000  3.03848E-02  2.86619E-02  1.39807E-03  3.24817E-04
  2244.00000  3.03476E-02  2.86269E-02  1.39643E-03  3.24295E-04
  2245.00000  3.03105E-02  2.85920E-02  1.39478E-03  3.23774E-04
  2246.00000  3.02735E-02  2.85571E-02  1.39314E-03  3.23254E-04
  2247.00000  3.02365E-02  2.85223E-02  1.39150E-03  3.22735E-04
  2248.00000  3.01996E-02  2.84875E-02  1.38987E-03  3.22217E-04
  2249.00000  3.01627E-02  2.84528E-02  1.38824E-03  3.21700E-04
  2250.00000  3.01260E-02  2.84182E-02  1.38661E-03  3.21184E-04
  2251.00000  3.00892E-02  2.83836E-02  1.38498E-03  3.20670E-04
  2252.00000  3.00525E-02  2.83490E-02  1.38335E-03  3.20156E-04
  2253.00000  3.00159E-02  2.83146E-02  1.38173E-03  3.19644E-04
  2254.00000  2.99794E-02  2.82801E-02  1.38011E-03  3.19132E-04
  2255.00000  2.99429E-02  2.82458E-02  1.37849E-03  3.18622E-04
  2256.00000  2.99064E-02  2.82114E-02  1.37688E-03  3.18112E-04
  2257.00000  2.98701E-02  2.81772E-02  1.37526E-03  3.17604E-04
  2258.00000  2.98337E-02  2.81430E-02  1.37365E-03  3.17096E-04
  2259.00000  2.97975E-02  2.81089E-02  1.37205E-03  3.16590E-04
  2260.00000  2.97613E-02  2.80748E-02  1.37044E-03  3.16085E-04
  2261.00000  2.97251E-02  2.80407E-02  1.36884E-03  3.15581E-04
  2262.00000  2.96891E-02  2.80068E-02  1.36724E-03  3.15077E-04
  2263.00000  2.96530E-02  2.79728E-02  1.36564E-03  3.14575E-04
  2264.00000  2.96171E-02  2.79390E-02  1.36405E-03  3.14074E-04
  2265.00000  2.95812E-02  2.79052E-02  1.36245E-03  3.13573E-04
  2266.00000  2.95453E-02  2.78714E-02  1.36086E-03  3.13074E-04
  2267.00000  2.95095E-02  2.78377E-02  1.35928E-03  3.12576E-04
  2268.00000  2.94738E-02  2.78040E-02  1.35769E-03  3.12079E-04
  2269.00000  2.94381E-02  2.77705E-02  1.35611E-03  3.11583E-04
  2270.00000  2.94025E-02  2.77369E-02  1.35453E-03  3.11087E-04
  2271.00000  2.93670E-02  2.77034E-02  1.35295E-03  3.10593E-04
  2272.00000  2.93315E-02  2.76700E-02  1.35137E-03  3.10100E-04
  2273.00000  2.92960E-02  2.76366E-02  1.34980E-03  3.09608E-04
  2274.00000  2.92607E-02  2.76033E-02  1.34823E-03  3.09116E-04
  2275.00000  2.92253E-02  2.75700E-02  1.34666E-03  3.08626E-04
  2276.00000  2.91901E-02  2.75368E-02  1.34510E-03  3.08137E-04
  2277.00000  2.91548E-02  2.75037E-02  1.34353E-03  3.07648E-04
  2278.00000  2.91197E-02  2.74706E-02  1.34197E-03  3.07161E-04
  2279.00000  2.90846E-02  2.74375E-02  1.34041E-03  3.06675E-04
  2280.00000  2.90495E-02  2.74045E-02  1.33886E-03  3.06189E-04
  2281.00000  2.90146E-02  2.73716E-02  1.33731E-03  3.05705E-04
  2282.00000  2.89796E-02  2.73387E-02  1.33575E-03  3.05221E-04
  2283.00000  2.89448E-02  2.73058E-02  1.33421E-03  3.04739E-04
  2284.00000  2.89099E-02  2.72730E-02  1.33266E-03  3.04257E-04
  2285.00000  2.88752E-02  2.72403E-02  1.33111E-03  3.03776E-04
  2286.00000  2.88405E-02  2.72076E-02  1.32957E-03  3.03297E-04
  2287.00000  2.88058E-02  2.71750E-02  1.32803E-03  3.02818E-04
  2288.00000  2.87712E-02  2.71424E-02  1.32650E-03  3.02340E-04
  2289.00000  2.87367E-02  2.71099E-02  1.32496E-03  3.01863E-04
  2290.00000  2.87022E-02  2.70774E-02  1.32343E-03  3.01387E-04
  2291.00000  2.86678E-02  2.70450E-02  1.32190E-03  3.00912E-04
  2292.00000  2.86334E-02  2.70126E-02  1.32037E-03  3.00438E-04
  2293.00000  2.85991E-02  2.69803E-02  1.31885E-03  2.99965E-04
  2294.00000  2.85649E-02  2.69480E-02  1.31733E-03  2.99493E-04
  2295.00000  2.85306E-02  2.69158E-02  1.31581E-03  2.99022E-04
  2296.00000  2.84965E-02  2.68837E-02  1.31429E-03  2.98551E-04
  2297.00000  2.84624E-02  2.68515E-02  1.31277E-03  2.98082E-04
  2298.00000  2.84284E-02  2.68195E-02  1.31126E-03  2.97613E-04
  2299.00000  2.83944E-02  2.67875E-02  1.30975E-03  2.97146E-04
  2300.00000  2.83604E-02  2.67555E-02  1.30824E-03  2.96679E-04
  2301.00000  2.83266E-02  2.67236E-02  1.30673E-03  2.96214E-04
  2302.00000  2.82927E-02  2.66918E-02  1.30523E-03  2.95749E-04
  2303.00000  2.82590E-02  2.66600E-02  1.30373E-03  2.95285E-04
  2304.00000  2.82252E-02  2.66282E-02  1.30223E-03  2.94822E-04
  2305.00000  2.81916E-02  2.65965E-02  1.30073E-03  2.94360E-04
  2306.00000  2.81580E-02  2.65648E-02  1.29923E-03  2.93899E-04
  2307.00000  2.81244E-02  2.65332E-02  1.29774E-03  2.93438E-04
  2308.00000  2.80909E-02  2.65017E-02  1.29625E-03  2.92979E-04
  2309.00000  2.80575E-02  2.64702E-02  1.29476E-03  2.92520E-04
  2310.00000  2.80241E-02  2.64387E-02  1.29328E-03  2.92063E-04
  2311.00000  2.79907E-02  2.64073E-02  1.29179E-03  2.91606E-04
  2312.00000  2.79574E-02  2.63760E-02  1.29031E-03  2.91150E-04
  2313.00000  2.79242E-02  2.63447E-02  1.28883E-03  2.90695E-04
  2314.00000  2.78910E-02  2.63134E-02  1.28736E-03  2.90241E-04
  2315.00000  2.78579E-02  2.62822E-02  1.28588E-03  2.89788E-04
  2316.00000  2.78248E-02  2.62511E-02  1.28441E-03  2.89336E-04
  2317.00000  2.77918E-02  2.62200E-02  1.28294E-03  2.88885E-04
  2318.00000  2.77588E-02  2.61889E-02  1.28147E-03  2.88434E-04
  2319.00000  2.77259E-02  2.61579E-02  1.28001E-03  2.87984E-04
  2320.00000  2.76930E-02  2.61269E-02  1.27854E-03  2.87536E-04
  2321.00000  2.76602E-02  2.60960E-02  1.27708E-03  2.87088E-04
  2322.00000  2.76274E-02  2.60652E-02  1.27562E-03  2.86641E-04
  2323.00000  2.75947E-02  2.60344E-02  1.27417E-03  2.86195E-04
  2324.00000  2.75621E-02  2.60036E-02  1.27271E-03  2.85749E-04
  2325.00000  2.75294E-02  2.59729E-02  1.27126E-03  2.85305E-04
  2326.00000  2.74969E-02  2.59422E-02  1.26981E-03  2.84862E-04
  2327.00000  2.74644E-02  2.59116E-02  1.26836E-03  2.84419E-04
  2328.00000  2.74319E-02  2.58810E-02  1.26692E-03  2.83977E-04
  2329.00000  2.73995E-02  2.58505E-02  1.26547E-03  2.83536E-04
  2330.00000  2.73672E-02  2.58200E-02  1.26403E-03  2.83096E-04
  2331.00000  2.73349E-02  2.57896E-02  1.26259E-03  2.82657E-04
  2332.00000  2.73026E-02  2.57592E-02  1.26116E-03  2.82219E-04
  2333.00000  2.72704E-02  2.57289E-02  1.25972E-03  2.81781E-04
  2334.00000  2.72383E-02  2.56986E-02  1.25829E-03  2.81345E-04
  2335.00000  2.72062E-02  2.56684E-02  1.25686E-03  2.80909E-04
  2336.00000  2.71741E-02  2.56382E-02  1.25543E-03  2.80474E-04
  2337.00000  2.71421E-02  2.56081E-02  1.25400E-03  2.80040E-04
  2338.00000  2.71102E-02  2.55780E-02  1.25258E-03  2.79607E-04
  2339.00000  2.70783E-02  2.55479E-02  1.25116E-03  2.79174E-04
  2340.00000  2.70464E-02  2.55179E-02  1.24974E-03  2.78743E-04
  2341.00000  2.70146E-02  2.54880E-02  1.24832E-03  2.78312E-04
  2342.00000  2.69828E-02  2.54581E-02  1.24691E-03  2.77882E-04
  2343.00000  2.69511E-02  2.54282E-02  1.24549E-03  2.77453E-04
  2344.00000  2.69195E-02  2.53984E-02  1.24408E-03  2.77025E-04
  2345.00000  2.68879E-02  2.53686E-02  1.24267E-03  2.76598E-04
  2346.00000  2.68563E-02  2.53389E-02  1.24127E-03  2.76171E-04
  2347.00000  2.68248E-02  2.53092E-02  1.23986E-03  2.75745E-04
  2348.00000  2.67934E-02  2.52796E-02  1.23846E-03  2.75321E-04
  2349.00000  2.67620E-02  2.52500E-02  1.23706E-03  2.74897E-04
  2350.00000  2.67306E-02  2.52205E-02  1.23566E-03  2.74473E-04
  2351.00000  2.66993E-02  2.51910E-02  1.23426E-03  2.74051E-04
  2352.00000  2.66681E-02  2.51616E-02  1.23287E-03  2.73630E-04
  2353.00000  2.66368E-02  2.51322E-02  1.23148E-03  2.73209E-04
  2354.00000  2.66057E-02  2.51028E-02  1.23009E-03  2.72789E-04
  2355.00000  2.65746E-02  2.50735E-02  1.22870E-03  2.72370E-04
  2356.00000  2.65435E-02  2.50442E-02  1.22732E-03  2.71952E-04
  2357.00000  2.65125E-02  2.50150E-02  1.22593E-03  2.71534E-04
  2358.00000  2.64815E-02  2.49859E-02  1.22455E-03  2.71118E-04
  2359.00000  2.64506E-02  2.49567E-02  1.22317E-03  2.70702E-04
  2360.00000  2.64197E-02  2.49276E-02  1.22179E-03  2.70287E-04
  2361.00000  2.63889E-02  2.48986E-02  1.22042E-03  2.69873E-04
  2362.00000  2.63581E-02  2.48696E-02  1.21904E-03  2.69459E-04
  2363.00000  2.63274E-02  2.48407E-02  1.21767E-03  2.69047E-04
  2364.00000  2.62967E-02  2.48118E-02  1.21630E-03  2.68635E-04
  2365.00000  2.62661E-02  2.47829E-02  1.21494E-03  2.68224E-04
  2366.00000  2.62355E-02  2.47541E-02  1.21357E-03  2.67814E-04
  2367.00000  2.62050E-02  2.47253E-02  1.21221E-03  2.67404E-04
  2368.00000  2.61745E-02  2.46966E-02  1.21085E-03  2.66996E-04
  2369.00000  2.61440E-02  2.46679E-02  1.20949E-03  2.66588E-04
  2370.00000  2.61136E-02  2.46393E-02  1.20813E-03  2.66181E-04
  2371.00000  2.60833E-02  2.46107E-02  1.20678E-03  2.65775E-04
  2372.00000  2.60530E-02  2.45822E-02  1.20542E-03  2.65369E-04
  2373.00000  2.60227E-02  2.45537E-02  1.20407E-03  2.64965E-04
  2374.00000  2.59925E-02  2.45252E-02  1.20272E-03  2.64561E-04
  2375.00000  2.59623E-02  2.44968E-02  1.20138E-03  2.64158E-04
  2376.00000  2.59322E-02  2.44684E-02  1.20003E-03  2.63756E-04
  2377.00000  2.59021E-02  2.44401E-02  1.19869E-03  2.63354E-04
  2378.00000  2.58721E-02  2.44118E-02  1.19735E-03  2.62953E-04
  2379.00000  2.58421E-02  2.43836E-02  1.19601E-03  2.62554E-04
  2380.00000  2.58122E-02  2.43554E-02  1.19467E-03  2.62154E-04
  2381.00000  2.57823E-02  2.43272E-02  1.19334E-03  2.61756E-04
  2382.00000  2.57525E-02  2.42991E-02  1.19201E-03  2.61358E-04
  2383.00000  2.57227E-02  2.42710E-02  1.19067E-03  2.60962E-04
  2384.00000  2.56929E-02  2.42430E-02  1.18935E-03  2.60566E-04
  2385.00000  2.56632E-02  2.42150E-02  1.18802E-03  2.60170E-04
  2386.00000  2.56336E-02  2.41871E-02  1.18669E-03  2.59776E-04
  2387.00000  2.56039E-02  2.41592E-02  1.18537E-03  2.59382E-04
  2388.00000  2.55744E-02  2.41313E-02  1.18405E-03  2.58989E-04
  2389.00000  2.55448E-02  2.41035E-02  1.18273E-03  2.58597E-04
  2390.00000  2.55154E-02  2.40757E-02  1.18141E-03  2.58205E-04
  2391.00000  2.54859E-02  2.40480E-02  1.18010E-03  2.57814E-04
  2392.00000  2.54565E-02  2.40203E-02  1.17878E-03  2.57424E-04
  2393.00000  2.54272E-02  2.39927E-02  1.17747E-03  2.57035E-04
  2394.00000  2.53979E-02  2.39651E-02  1.17616E-03  2.56647E-04
  2395.00000  2.53686E-02  2.39375E-02  1.17486E-03  2.56259E-04
  2396.00000  2.53394E-02  2.39100E-02  1.17355E-03  2.55872E-04
  2397.00000  2.53103E-02  2.38825E-02  1.17225E-03  2.55486E-04
  2398.00000  2.52811E-02  2.38551E-02  1.17095E-03  2.55100E-04
  2399.00000  2.52521E-02  2.38277E-02  1.16965E-03  2.54715E-04
  2400.00000  2.52230E-02  2.38003E-02  1.16835E-03  2.54331E-04
  2401.00000  2.51940E-02  2.37730E-02  1.16705E-03  2.53948E-04
  2402.00000  2.51651E-02  2.37458E-02  1.16576E-03  2.53566E-04
  2403.00000  2.51362E-02  2.37185E-02  1.16447E-03  2.53184E-04
  2404.00000  2.51073E-02  2.36914E-02  1.16318E-03  2.52803E-04
  2405.00000  2.50785E-02  2.36642E-02  1.16189E-03  2.52422E-04
  2406.00000  2.50497E-02  2.36371E-02  1.16060E-03  2.52043E-04
  2407.00000  2.50210E-02  2.36100E-02  1.15932E-03  2.51664E-04
  2408.00000  2.49923E-02  2.35830E-02  1.15804E-03  2.51286E-04
  2409.00000  2.49637E-02  2.35560E-02  1.15675E-03  2.50908E-04
  2410.00000  2.49351E-02  2.35291E-02  1.15548E-03  2.50531E-04
  2411.00000  2.49065E-02  2.35022E-02  1.15420E-03  2.50155E-04
  2412.00000  2.48780E-02  2.34753E-02  1.15292E-03  2.49780E-04
  2413.00000  2.48496E-02  2.34485E-02  1.15165E-03  2.49405E-04
  2414.00000  2.48211E-02  2.34217E-02  1.15038E-03  2.49032E-04
  2415.00000  2.47928E-02  2.33950E-02  1.14911E-03  2.48658E-04
  2416.00000  2.47644E-02  2.33683E-02  1.14784E-03  2.48286E-04
  2417.00000  2.47361E-02  2.33416E-02  1.14658E-03  2.47914E-04
  2418.00000  2.47079E-02  2.33150E-02  1.14531E-03  2.47543E-04
  2419.00000  2.46797E-02  2.32884E-02  1.14405E-03  2.47173E-04
  2420.00000  2.46515E-02  2.32619E-02  1.14279E-03  2.46803E-04
  2421.00000  2.46234E-02  2.32354E-02  1.14153E-03  2.46434E-04
  2422.00000  2.45953E-02  2.32089E-02  1.14028E-03  2.46066E-04
  2423.00000  2.45672E-02  2.31825E-02  1.13902E-03  2.45699E-04
  2424.00000  2.45392E-02  2.31561E-02  1.13777E-03  2.45332E-04
  2425.00000  2.45113E-02  2.31298E-02  1.13652E-03  2.44966E-04
  2426.00000  2.44834E-02  2.31035E-02  1.13527E-03  2.44600E-04
  2427.00000  2.44555E-02  2.30772E-02  1.13402E-03  2.44235E-04
  2428.00000  2.44277E-02  2.30510E-02  1.13278E-03  2.43871E-04
  2429.00000  2.43999E-02  2.30248E-02  1.13153E-03  2.43508E-04
  2430.00000  2.43721E-02  2.29987E-02  1.13029E-03  2.43145E-04
  2431.00000  2.43444E-02  2.29726E-02  1.12905E-03  2.42783E-04
  2432.00000  2.43167E-02  2.29465E-02  1.12781E-03  2.42422E-04
  2433.00000  2.42891E-02  2.29205E-02  1.12658E-03  2.42061E-04
  2434.00000  2.42615E-02  2.28945E-02  1.12534E-03  2.41701E-04
  2435.00000  2.42340E-02  2.28685E-02  1.12411E-03  2.41342E-04
  2436.00000  2.42065E-02  2.28426E-02  1.12288E-03  2.40984E-04
  2437.00000  2.41790E-02  2.28167E-02  1.12165E-03  2.40626E-04
  2438.00000  2.41516E-02  2.27909E-02  1.12042E-03  2.40269E-04
  2439.00000  2.41242E-02  2.27651E-02  1.11920E-03  2.39912E-04
  2440.00000  2.40969E-02  2.27394E-02  1.11797E-03  2.39556E-04
  2441.00000  2.40696E-02  2.27136E-02  1.11675E-03  2.39201E-04
  2442.00000  2.40423E-02  2.26880E-02  1.11553E-03  2.38846E-04
  2443.00000  2.40151E-02  2.26623E-02  1.11431E-03  2.38493E-04
  2444.00000  2.39879E-02  2.26367E-02  1.11310E-03  2.38139E-04
  2445.00000  2.39608E-02  2.26111E-02  1.11188E-03  2.37787E-04
  2446.00000  2.39337E-02  2.25856E-02  1.11067E-03  2.37435E-04
  2447.00000  2.39067E-02  2.25601E-02  1.10946E-03  2.37084E-04
  2448.00000  2.38796E-02  2.25347E-02  1.10825E-03  2.36733E-04
  2449.00000  2.38527E-02  2.25092E-02  1.10704E-03  2.36383E-04
  2450.00000  2.38257E-02  2.24839E-02  1.10584E-03  2.36034E-04
  2451.00000  2.37988E-02  2.24585E-02  1.10463E-03  2.35686E-04
  2452.00000  2.37720E-02  2.24332E-02  1.10343E-03  2.35338E-04
  2453.00000  2.37452E-02  2.24080E-02  1.10223E-03  2.34991E-04
  2454.00000  2.37184E-02  2.23827E-02  1.10103E-03  2.34644E-04
  2455.00000  2.36917E-02  2.23575E-02  1.09983E-03  2.34298E-04
  2456.00000  2.36650E-02  2.23324E-02  1.09864E-03  2.33953E-04
  2457.00000  2.36383E-02  2.23073E-02  1.09744E-03  2.33608E-04
  2458.00000  2.36117E-02  2.22822E-02  1.09625E-03  2.33264E-04
  2459.00000  2.35851E-02  2.22571E-02  1.09506E-03  2.32921E-04
  2460.00000  2.35586E-02  2.22321E-02  1.09387E-03  2.32578E-04
  2461.00000  2.35321E-02  2.22072E-02  1.09269E-03  2.32236E-04
  2462.00000  2.35056E-02  2.21822E-02  1.09150E-03  2.31895E-04
  2463.00000  2.34792E-02  2.21573E-02  1.09032E-03  2.31554E-04
  2464.00000  2.34528E-02  2.21325E-02  1.08914E-03  2.31214E-04
  2465.00000  2.34265E-02  2.21076E-02  1.08796E-03  2.30874E-04
  2466.00000  2.34002E-02  2.20828E-02  1.08678E-03  2.30536E-04
  2467.00000  2.33739E-02  2.20581E-02  1.08560E-03  2.30197E-04
  2468.00000  2.33477E-02  2.20334E-02  1.08443E-03  2.29860E-04
  2469.00000  2.33215E-02  2.20087E-02  1.08325E-03  2.29523E-04
  2470.00000  2.32953E-02  2.19841E-02  1.08208E-03  2.29187E-04
  2471.00000  2.32692E-02  2.19595E-02  1.08091E-03  2.28851E-04
  2472.00000  2.32431E-02  2.19349E-02  1.07974E-03  2.28516E-04
  2473.00000  2.32171E-02  2.19104E-02  1.07858E-03  2.28181E-04
  2474.00000  2.31911E-02  2.18859E-02  1.07741E-03  2.27848E-04
  2475.00000  2.31652E-02  2.18614E-02  1.07625E-03  2.27515E-04
  2476.00000  2.31392E-02  2.18370E-02  1.07509E-03  2.27182E-04
  2477.00000  2.31134E-02  2.18126E-02  1.07393E-03  2.26850E-04
  2478.00000  2.30875E-02  2.17882E-02  1.07277E-03  2.26519E-04
  2479.00000  2.30617E-02  2.17639E-02  1.07161E-03  2.26188E-04
  2480.00000  2.30359E-02  2.17396E-02  1.07046E-03  2.25858E-04
  2481.00000  2.30102E-02  2.17154E-02  1.06931E-03  2.25529E-04
  2482.00000  2.29845E-02  2.16912E-02  1.06815E-03  2.25200E-04
  2483.00000  2.29588E-02  2.16670E-02  1.06700E-03  2.24872E-04
  2484.00000  2.29332E-02  2.16428E-02  1.06586E-03  2.24544E-04
  2485.00000  2.29077E-02  2.16187E-02  1.06471E-03  2.24217E-04
  2486.00000  2.28821E-02  2.15947E-02  1.06357E-03  2.23891E-04
  2487.00000  2.28566E-02  2.15706E-02  1.06242E-03  2.23565E-04
  2488.00000  2.28311E-02  2.15466E-02  1.06128E-03  2.23240E-04
  2489.00000  2.28057E-02  2.15226E-02  1.06014E-03  2.22915E-04
  2490.00000  2.27803E-02  2.14987E-02  1.05900E-03  2.22591E-04
  2491.00000  2.27549E-02  2.14748E-02  1.05787E-03  2.22268E-04
  2492.00000  2.27296E-02  2.14509E-02  1.05673E-03  2.21945E-04
  2493.00000  2.27043E-02  2.14271E-02  1.05560E-03  2.21623E-04
  2494.00000  2.26791E-02  2.14033E-02  1.05447E-03  2.21301E-04
  2495.00000  2.26539E-02  2.13796E-02  1.05334E-03  2.20980E-04
  2496.00000  2.26287E-02  2.13558E-02  1.05221E-03  2.20660E-04
  2497.00000  2.26036E-02  2.13322E-02  1.05108E-03  2.20340E-04
  2498.00000  2.25785E-02  2.13085E-02  1.04996E-03  2.20021E-04
  2499.00000  2.25534E-02  2.12849E-02  1.04883E-03  2.19702E-04
  2500.00000  2.25284E-02  2.12613E-02  1.04771E-03  2.19384E-04
  2501.00000  2.25034E-02  2.12377E-02  1.04659E-03  2.19066E-04
  2502.00000  2.24784E-02  2.12142E-02  1.04547E-03  2.18749E-04
  2503.00000  2.24535E-02  2.11907E-02  1.04435E-03  2.18433E-04
  2504.00000  2.24286E-02  2.11673E-02  1.04324E-03  2.18117E-04
  2505.00000  2.24038E-02  2.11439E-02  1.04213E-03  2.17802E-04
  2506.00000  2.23790E-02  2.11205E-02  1.04101E-03  2.17488E-04
  2507.00000  2.23542E-02  2.10971E-02  1.03990E-03  2.17174E-04
  2508.00000  2.23295E-02  2.10738E-02  1.03879E-03  2.16860E-04
  2509.00000  2.23048E-02  2.10505E-02  1.03769E-03  2.16547E-04
  2510.00000  2.22801E-02  2.10273E-02  1.03658E-03  2.16235E-04
  2511.00000  2.22555E-02  2.10041E-02  1.03547E-03  2.15923E-04
  2512.00000  2.22309E-02  2.09809E-02  1.03437E-03  2.15612E-04
  2513.00000  2.22063E-02  2.09577E-02  1.03327E-03  2.15302E-04
  2514.00000  2.21818E-02  2.09346E-02  1.03217E-03  2.14992E-04
  2515.00000  2.21573E-02  2.09115E-02  1.03107E-03  2.14682E-04
  2516.00000  2.21328E-02  2.08885E-02  1.02998E-03  2.14373E-04
  2517.00000  2.21084E-02  2.08655E-02  1.02888E-03  2.14065E-04
  2518.00000  2.20840E-02  2.08425E-02  1.02779E-03  2.13757E-04
  2519.00000  2.20597E-02  2.08195E-02  1.02670E-03  2.13450E-04
  2520.00000  2.20354E-02  2.07966E-02  1.02561E-03  2.13143E-04
  2521.00000  2.20111E-02  2.07737E-02  1.02452E-03  2.12837E-04
  2522.00000  2.19868E-02  2.07509E-02  1.02343E-03  2.12531E-04
  2523.00000  2.19626E-02  2.07281E-02  1.02234E-03  2.12226E-04
  2524.00000  2.19385E-02  2.07053E-02  1.02126E-03  2.11922E-04
  2525.00000  2.19143E-02  2.06825E-02  1.02018E-03  2.11618E-04
  2526.00000  2.18902E-02  2.06598E-02  1.01910E-03  2.11314E-04
  2527.00000  2.18662E-02  2.06371E-02  1.01802E-03  2.11012E-04
  2528.00000  2.18421E-02  2.06145E-02  1.01694E-03  2.10709E-04
  2529.00000  2.18181E-02  2.05918E-02  1.01586E-03  2.10407E-04
  2530.00000  2.17942E-02  2.05693E-02  1.01479E-03  2.10106E-04
  2531.00000  2.17702E-02  2.05467E-02  1.01371E-03  2.09805E-04
  2532.00000  2.17463E-02  2.05242E-02  1.01264E-03  2.09505E-04
  2533.00000  2.17225E-02  2.05017E-02  1.01157E-03  2.09206E-04
  2534.00000  2.16986E-02  2.04792E-02  1.01050E-03  2.08906E-04
  2535.00000  2.16748E-02  2.04568E-02  1.00943E-03  2.08608E-04
  2536.00000  2.16511E-02  2.04344E-02  1.00837E-03  2.08310E-04
  2537.00000  2.16274E-02  2.04120E-02  1.00730E-03  2.08012E-04
  2538.00000  2.16037E-02  2.03897E-02  1.00624E-03  2.07715E-04
  2539.00000  2.15800E-02  2.03674E-02  1.00518E-03  2.07419E-04
  2540.00000  2.15564E-02  2.03451E-02  1.00412E-03  2.07123E-04
  2541.00000  2.15328E-02  2.03229E-02  1.00306E-03  2.06827E-04
  2542.00000  2.15092E-02  2.03007E-02  1.00200E-03  2.06532E-04
  2543.00000  2.14857E-02  2.02785E-02  1.00095E-03  2.06238E-04
  2544.00000  2.14622E-02  2.02564E-02  9.99895E-04  2.05944E-04
  2545.00000  2.14388E-02  2.02343E-02  9.98843E-04  2.05651E-04
  2546.00000  2.14153E-02  2.02122E-02  9.97792E-04  2.05358E-04
  2547.00000  2.13920E-02  2.01902E-02  9.96742E-04  2.05066E-04
  2548.00000  2.13686E-02  2.01681E-02  9.95694E-04  2.04774E-04
  2549.00000  2.13453E-02  2.01462E-02  9.94648E-04  2.04482E-04
  2550.00000  2.13220E-02  2.01242E-02  9.93603E-04  2.04192E-04
  2551.00000  2.12987E-02  2.01023E-02  9.92559E-04  2.03901E-04
  2552.00000  2.12755E-02  2.00804E-02  9.91517E-04  2.03612E-04
  2553.00000  2.12523E-02  2.00585E-02  9.90476E-04  2.03322E-04
  2554.00000  2.12292E-02  2.00367E-02  9.89437E-04  2.03033E-04
  2555.00000  2.12060E-02  2.00149E-02  9.88400E-04  2.02745E-04
  2556.00000  2.11830E-02  1.99931E-02  9.87363E-04  2.02457E-04
  2557.00000  2.11599E-02  1.99714E-02  9.86329E-04  2.02170E-04
  2558.00000  2.11369E-02  1.99497E-02  9.85295E-04  2.01883E-04
  2559.00000  2.11139E-02  1.99280E-02  9.84263E-04  2.01597E-04
  2560.00000  2.10909E-02  1.99064E-02  9.83233E-04  2.01311E-04
  2561.00000  2.10680E-02  1.98848E-02  9.82204E-04  2.01026E-04
  2562.00000  2.10451E-02  1.98632E-02  9.81176E-04  2.00741E-04
  2563.00000  2.10222E-02  1.98416E-02  9.80150E-04  2.00457E-04
  2564.00000  2.09994E-02  1.98201E-02  9.79126E-04  2.00173E-04
  2565.00000  2.09766E-02  1.97986E-02  9.78102E-04  1.99890E-04
  2566.00000  2.09539E-02  1.97772E-02  9.77081E-04  1.99607E-04
  2567.00000  2.09311E-02  1.97557E-02  9.76060E-04  1.99325E-04
  2568.00000  2.09084E-02  1.97343E-02  9.75041E-04  1.99043E-04
  2569.00000  2.08858E-02  1.97130E-02  9.74024E-04  1.98762E-04
  2570.00000  2.08631E-02  1.96916E-02  9.73008E-04  1.98481E-04
  2571.00000  2.08405E-02  1.96703E-02  9.71993E-04  1.98201E-04
  2572.00000  2.08180E-02  1.96491E-02  9.70980E-04  1.97921E-04
  2573.00000  2.07954E-02  1.96278E-02  9.69968E-04  1.97641E-04
  2574.00000  2.07729E-02  1.96066E-02  9.68958E-04  1.97362E-04
  2575.00000  2.07504E-02  1.95854E-02  9.67949E-04  1.97084E-04
  2576.00000  2.07280E-02  1.95642E-02  9.66941E-04  1.96806E-04
  2577.00000  2.07056E-02  1.95431E-02  9.65935E-04  1.96529E-04
  2578.00000  2.06832E-02  1.95220E-02  9.64930E-04  1.96252E-04
  2579.00000  2.06609E-02  1.95010E-02  9.63927E-04  1.95975E-04
  2580.00000  2.06385E-02  1.94799E-02  9.62925E-04  1.95699E-04
  2581.00000  2.06163E-02  1.94589E-02  9.61924E-04  1.95424E-04
  2582.00000  2.05940E-02  1.94379E-02  9.60925E-04  1.95149E-04
  2583.00000  2.05718E-02  1.94170E-02  9.59927E-04  1.94874E-04
  2584.00000  2.05496E-02  1.93961E-02  9.58931E-04  1.94600E-04
  2585.00000  2.05274E-02  1.93752E-02  9.57936E-04  1.94327E-04
  2586.00000  2.05053E-02  1.93543E-02  9.56942E-04  1.94054E-04
  2587.00000  2.04832E-02  1.93335E-02  9.55950E-04  1.93781E-04
  2588.00000  2.04612E-02  1.93127E-02  9.54959E-04  1.93509E-04
  2589.00000  2.04391E-02  1.92919E-02  9.53970E-04  1.93237E-04
  2590.00000  2.04171E-02  1.92712E-02  9.52982E-04  1.92966E-04
  2591.00000  2.03951E-02  1.92505E-02  9.51995E-04  1.92696E-04
  2592.00000  2.03732E-02  1.92298E-02  9.51009E-04  1.92425E-04
  2593.00000  2.03513E-02  1.92091E-02  9.50025E-04  1.92156E-04
  2594.00000  2.03294E-02  1.91885E-02  9.49043E-04  1.91886E-04
  2595.00000  2.03076E-02  1.91679E-02  9.48062E-04  1.91617E-04
  2596.00000  2.02858E-02  1.91473E-02  9.47082E-04  1.91349E-04
  2597.00000  2.02640E-02  1.91268E-02  9.46103E-04  1.91081E-04
  2598.00000  2.02422E-02  1.91063E-02  9.45126E-04  1.90814E-04
  2599.00000  2.02205E-02  1.90858E-02  9.44150E-04  1.90547E-04
  2600.00000  2.01988E-02  1.90653E-02  9.43176E-04  1.90280E-04
  2601.00000  2.01771E-02  1.90449E-02  9.42202E-04  1.90014E-04
  2602.00000  2.01555E-02  1.90245E-02  9.41231E-04  1.89749E-04
  2603.00000  2.01339E-02  1.90042E-02  9.40260E-04  1.89484E-04
  2604.00000  2.01123E-02  1.89838E-02  9.39291E-04  1.89219E-04
  2605.00000  2.00908E-02  1.89635E-02  9.38323E-04  1.88955E-04
  2606.00000  2.00693E-02  1.89432E-02  9.37357E-04  1.88692E-04
  2607.00000  2.00478E-02  1.89230E-02  9.36392E-04  1.88428E-04
  2608.00000  2.00263E-02  1.89027E-02  9.35428E-04  1.88166E-04
  2609.00000  2.00049E-02  1.88826E-02  9.34466E-04  1.87903E-04
  2610.00000  1.99835E-02  1.88624E-02  9.33504E-04  1.87641E-04
  2611.00000  1.99622E-02  1.88422E-02  9.32545E-04  1.87380E-04
  2612.00000  1.99408E-02  1.88221E-02  9.31586E-04  1.87119E-04
  2613.00000  1.99195E-02  1.88021E-02  9.30629E-04  1.86859E-04
  2614.00000  1.98983E-02  1.87820E-02  9.29673E-04  1.86599E-04
  2615.00000  1.98770E-02  1.87620E-02  9.28719E-04  1.86339E-04
  2616.00000  1.98558E-02  1.87420E-02  9.27766E-04  1.86080E-04
  2617.00000  1.98346E-02  1.87220E-02  9.26814E-04  1.85822E-04
  2618.00000  1.98135E-02  1.87021E-02  9.25863E-04  1.85563E-04
  2619.00000  1.97924E-02  1.86821E-02  9.24914E-04  1.85306E-04
  2620.00000  1.97713E-02  1.86623E-02  9.23966E-04  1.85049E-04
  2621.00000  1.97502E-02  1.86424E-02  9.23019E-04  1.84792E-04
  2622.00000  1.97292E-02  1.86226E-02  9.22074E-04  1.84535E-04
  2623.00000  1.97082E-02  1.86028E-02  9.21130E-04  1.84280E-04
  2624.00000  1.96872E-02  1.85830E-02  9.20187E-04  1.84024E-04
  2625.00000  1.96662E-02  1.85632E-02  9.19246E-04  1.83769E-04
  2626.00000  1.96453E-02  1.85435E-02  9.18306E-04  1.83515E-04
  2627.00000  1.96244E-02  1.85238E-02  9.17367E-04  1.83260E-04
  2628.00000  1.96036E-02  1.85042E-02  9.16429E-04  1.83007E-04
  2629.00000  1.95828E-02  1.84845E-02  9.15493E-04  1.82754E-04
  2630.00000  1.95620E-02  1.84649E-02  9.14558E-04  1.82501E-04
  2631.00000  1.95412E-02  1.84453E-02  9.13624E-04  1.82249E-04
  2632.00000  1.95204E-02  1.84258E-02  9.12692E-04  1.81997E-04
  2633.00000  1.94997E-02  1.84062E-02  9.11761E-04  1.81745E-04
  2634.00000  1.94791E-02  1.83867E-02  9.10831E-04  1.81494E-04
  2635.00000  1.94584E-02  1.83673E-02  9.09902E-04  1.81244E-04
  2636.00000  1.94378E-02  1.83478E-02  9.08975E-04  1.80994E-04
  2637.00000  1.94172E-02  1.83284E-02  9.08049E-04  1.80744E-04
  2638.00000  1.93966E-02  1.83090E-02  9.07124E-04  1.80495E-04
  2639.00000  1.93761E-02  1.82896E-02  9.06201E-04  1.80246E-04
  2640.00000  1.93556E-02  1.82703E-02  9.05278E-04  1.79998E-04
  2641.00000  1.93351E-02  1.82510E-02  9.04357E-04  1.79750E-04
  2642.00000  1.93146E-02  1.82317E-02  9.03438E-04  1.79502E-04
  2643.00000  1.92942E-02  1.82124E-02  9.02519E-04  1.79255E-04
  2644.00000  1.92738E-02  1.81932E-02  9.01602E-04  1.79009E-04
  2645.00000  1.92534E-02  1.81740E-02  9.00686E-04  1.78763E-04
  2646.00000  1.92331E-02  1.81548E-02  8.99771E-04  1.78517E-04
  2647.00000  1.92128E-02  1.81357E-02  8.98858E-04  1.78271E-04
  2648.00000  1.91925E-02  1.81165E-02  8.97946E-04  1.78027E-04
  2649.00000  1.91723E-02  1.80974E-02  8.97035E-04  1.77782E-04
  2650.00000  1.91520E-02  1.80784E-02  8.96125E-04  1.77538E-04
  2651.00000  1.91318E-02  1.80593E-02  8.95217E-04  1.77294E-04
  2652.00000  1.91117E-02  1.80403E-02  8.94309E-04  1.77051E-04
  2653.00000  1.90915E-02  1.80213E-02  8.93403E-04  1.76809E-04
  2654.00000  1.90714E-02  1.80023E-02  8.92499E-04  1.76566E-04
  2655.00000  1.90513E-02  1.79834E-02  8.91595E-04  1.76324E-04
  2656.00000  1.90313E-02  1.79645E-02  8.90693E-04  1.76083E-04
  2657.00000  1.90112E-02  1.79456E-02  8.89792E-04  1.75842E-04
  2658.00000  1.89912E-02  1.79267E-02  8.88892E-04  1.75601E-04
  2659.00000  1.89712E-02  1.79079E-02  8.87993E-04  1.75361E-04
  2660.00000  1.89513E-02  1.78891E-02  8.87096E-04  1.75121E-04
  2661.00000  1.89314E-02  1.78703E-02  8.86199E-04  1.74882E-04
  2662.00000  1.89115E-02  1.78515E-02  8.85305E-04  1.74643E-04
  2663.00000  1.88916E-02  1.78328E-02  8.84411E-04  1.74404E-04
  2664.00000  1.88718E-02  1.78141E-02  8.83518E-04  1.74166E-04
  2665.00000  1.88520E-02  1.77954E-02  8.82627E-04  1.73928E-04
  2666.00000  1.88322E-02  1.77768E-02  8.81737E-04  1.73691E-04
  2667.00000  1.88124E-02  1.77581E-02  8.80848E-04  1.73454E-04
  2668.00000  1.87927E-02  1.77395E-02  8.79960E-04  1.73217E-04
  2669.00000  1.87730E-02  1.77210E-02  8.79073E-04  1.72981E-04
  2670.00000  1.87533E-02  1.77024E-02  8.78188E-04  1.72745E-04
  2671.00000  1.87337E-02  1.76839E-02  8.77304E-04  1.72510E-04
  2672.00000  1.87141E-02  1.76654E-02  8.76421E-04  1.72275E-04
  2673.00000  1.86945E-02  1.76469E-02  8.75539E-04  1.72041E-04
  2674.00000  1.86749E-02  1.76285E-02  8.74659E-04  1.71807E-04
  2675.00000  1.86554E-02  1.76100E-02  8.73779E-04  1.71573E-04
  2676.00000  1.86359E-02  1.75916E-02  8.72901E-04  1.71340E-04
  2677.00000  1.86164E-02  1.75733E-02  8.72024E-04  1.71107E-04
  2678.00000  1.85969E-02  1.75549E-02  8.71148E-04  1.70874E-04
  2679.00000  1.85775E-02  1.75366E-02  8.70274E-04  1.70642E-04
  2680.00000  1.85581E-02  1.75183E-02  8.69400E-04  1.70410E-04
  2681.00000  1.85387E-02  1.75000E-02  8.68528E-04  1.70179E-04
  2682.00000  1.85194E-02  1.74818E-02  8.67657E-04  1.69948E-04
  2683.00000  1.85001E-02  1.74636E-02  8.66787E-04  1.69718E-04
  2684.00000  1.84808E-02  1.74454E-02  8.65918E-04  1.69488E-04
  2685.00000  1.84615E-02  1.74272E-02  8.65051E-04  1.69258E-04
  2686.00000  1.84423E-02  1.74090E-02  8.64184E-04  1.69029E-04
  2687.00000  1.84230E-02  1.73909E-02  8.63319E-04  1.68800E-04
  2688.00000  1.84039E-02  1.73728E-02  8.62455E-04  1.68571E-04
  2689.00000  1.83847E-02  1.73548E-02  8.61592E-04  1.68343E-04
  2690.00000  1.83656E-02  1.73367E-02  8.60730E-04  1.68115E-04
  2691.00000  1.83464E-02  1.73187E-02  8.59870E-04  1.67888E-04
  2692.00000  1.83274E-02  1.73007E-02  8.59010E-04  1.67661E-04
  2693.00000  1.83083E-02  1.72827E-02  8.58152E-04  1.67434E-04
  2694.00000  1.82893E-02  1.72648E-02  8.57295E-04  1.67208E-04
  2695.00000  1.82703E-02  1.72469E-02  8.56439E-04  1.66982E-04
  2696.00000  1.82513E-02  1.72290E-02  8.55584E-04  1.66756E-04
  2697.00000  1.82323E-02  1.72111E-02  8.54730E-04  1.66531E-04
  2698.00000  1.82134E-02  1.71932E-02  8.53878E-04  1.66307E-04
  2699.00000  1.81945E-02  1.71754E-02  8.53027E-04  1.66082E-04
  2700.00000  1.81756E-02  1.71576E-02  8.52176E-04  1.65858E-04
  2701.00000  1.81568E-02  1.71398E-02  8.51327E-04  1.65635E-04
  2702.00000  1.81380E-02  1.71221E-02  8.50479E-04  1.65411E-04
  2703.00000  1.81192E-02  1.71044E-02  8.49633E-04  1.65189E-04
  2704.00000  1.81004E-02  1.70866E-02  8.48787E-04  1.64966E-04
  2705.00000  1.80817E-02  1.70690E-02  8.47942E-04  1.64744E-04
  2706.00000  1.80629E-02  1.70513E-02  8.47099E-04  1.64522E-04
  2707.00000  1.80442E-02  1.70337E-02  8.46257E-04  1.64301E-04
  2708.00000  1.80256E-02  1.70161E-02  8.45415E-04  1.64080E-04
  2709.00000  1.80069E-02  1.69985E-02  8.44575E-04  1.63859E-04
  2710.00000  1.79883E-02  1.69809E-02  8.43737E-04  1.63639E-04
  2711.00000  1.79697E-02  1.69634E-02  8.42899E-04  1.63419E-04
  2712.00000  1.79512E-02  1.69459E-02  8.42062E-04  1.63200E-04
  2713.00000  1.79326E-02  1.69284E-02  8.41227E-04  1.62981E-04
  2714.00000  1.79141E-02  1.69110E-02  8.40392E-04  1.62762E-04
  2715.00000  1.78956E-02  1.68935E-02  8.39559E-04  1.62544E-04
  2716.00000  1.78772E-02  1.68761E-02  8.38727E-04  1.62326E-04
  2717.00000  1.78587E-02  1.68587E-02  8.37895E-04  1.62108E-04
  2718.00000  1.78403E-02  1.68413E-02  8.37065E-04  1.61891E-04
  2719.00000  1.78219E-02  1.68240E-02  8.36237E-04  1.61674E-04
  2720.00000  1.78036E-02  1.68067E-02  8.35409E-04  1.61457E-04
  2721.00000  1.77852E-02  1.67894E-02  8.34582E-04  1.61241E-04
  2722.00000  1.77669E-02  1.67721E-02  8.33757E-04  1.61025E-04
  2723.00000  1.77486E-02  1.67549E-02  8.32932E-04  1.60810E-04
  2724.00000  1.77303E-02  1.67376E-02  8.32109E-04  1.60595E-04
  2725.00000  1.77121E-02  1.67204E-02  8.31286E-04  1.60380E-04
  2726.00000  1.76939E-02  1.67033E-02  8.30465E-04  1.60166E-04
  2727.00000  1.76757E-02  1.66861E-02  8.29645E-04  1.59952E-04
  2728.00000  1.76575E-02  1.66690E-02  8.28826E-04  1.59738E-04
  2729.00000  1.76394E-02  1.66519E-02  8.28008E-04  1.59525E-04
  2730.00000  1.76213E-02  1.66348E-02  8.27191E-04  1.59312E-04
  2731.00000  1.76032E-02  1.66177E-02  8.26376E-04  1.59099E-04
  2732.00000  1.75851E-02  1.66007E-02  8.25561E-04  1.58887E-04
  2733.00000  1.75671E-02  1.65837E-02  8.24747E-04  1.58675E-04
  2734.00000  1.75491E-02  1.65667E-02  8.23935E-04  1.58463E-04
  2735.00000  1.75311E-02  1.65497E-02  8.23123E-04  1.58252E-04
  2736.00000  1.75131E-02  1.65328E-02  8.22313E-04  1.58041E-04
  2737.00000  1.74952E-02  1.65158E-02  8.21504E-04  1.57831E-04
  2738.00000  1.74773E-02  1.64990E-02  8.20695E-04  1.57621E-04
  2739.00000  1.74594E-02  1.64821E-02  8.19888E-04  1.57411E-04
  2740.00000  1.74415E-02  1.64652E-02  8.19082E-04  1.57202E-04
  2741.00000  1.74237E-02  1.64484E-02  8.18277E-04  1.56992E-04
  2742.00000  1.74058E-02  1.64316E-02  8.17473E-04  1.56784E-04
  2743.00000  1.73880E-02  1.64148E-02  8.16670E-04  1.56575E-04
  2744.00000  1.73703E-02  1.63980E-02  8.15868E-04  1.56367E-04
  2745.00000  1.73525E-02  1.63813E-02  8.15068E-04  1.56160E-04
  2746.00000  1.73348E-02  1.63646E-02  8.14268E-04  1.55952E-04
  2747.00000  1.73171E-02  1.63479E-02  8.13469E-04  1.55745E-04
  2748.00000  1.72994E-02  1.63312E-02  8.12672E-04  1.55539E-04
  2749.00000  1.72818E-02  1.63146E-02  8.11875E-04  1.55332E-04
  2750.00000  1.72641E-02  1.62979E-02  8.11079E-04  1.55126E-04
  2751.00000  1.72465E-02  1.62813E-02  8.10285E-04  1.54921E-04
  2752.00000  1.72290E-02  1.62648E-02  8.09492E-04  1.54715E-04
  2753.00000  1.72114E-02  1.62482E-02  8.08699E-04  1.54510E-04
  2754.00000  1.71939E-02  1.62317E-02  8.07908E-04  1.54306E-04
  2755.00000  1.71764E-02  1.62151E-02  8.07117E-04  1.54101E-04
  2756.00000  1.71589E-02  1.61987E-02  8.06328E-04  1.53897E-04
  2757.00000  1.71414E-02  1.61822E-02  8.05540E-04  1.53694E-04
  2758.00000  1.71240E-02  1.61657E-02  8.04753E-04  1.53491E-04
  2759.00000  1.71066E-02  1.61493E-02  8.03967E-04  1.53288E-04
  2760.00000  1.70892E-02  1.61329E-02  8.03181E-04  1.53085E-04
  2761.00000  1.70718E-02  1.61165E-02  8.02397E-04  1.52883E-04
  2762.00000  1.70545E-02  1.61002E-02  8.01614E-04  1.52681E-04
  2763.00000  1.70372E-02  1.60838E-02  8.00832E-04  1.52479E-04
  2764.00000  1.70199E-02  1.60675E-02  8.00051E-04  1.52278E-04
  2765.00000  1.70026E-02  1.60512E-02  7.99271E-04  1.52077E-04
  2766.00000  1.69853E-02  1.60350E-02  7.98492E-04  1.51876E-04
  2767.00000  1.69681E-02  1.60187E-02  7.97714E-04  1.51676E-04
  2768.00000  1.69509E-02  1.60025E-02  7.96937E-04  1.51476E-04
  2769.00000  1.69337E-02  1.59863E-02  7.96161E-04  1.51276E-04
  2770.00000  1.69166E-02  1.59701E-02  7.95387E-04  1.51077E-04
  2771.00000  1.68994E-02  1.59540E-02  7.94613E-04  1.50878E-04
  2772.00000  1.68823E-02  1.59378E-02  7.93840E-04  1.50679E-04
  2773.00000  1.68652E-02  1.59217E-02  7.93068E-04  1.50481E-04
  2774.00000  1.68482E-02  1.59056E-02  7.92297E-04  1.50283E-04
  2775.00000  1.68311E-02  1.58895E-02  7.91527E-04  1.50085E-04
  2776.00000  1.68141E-02  1.58735E-02  7.90758E-04  1.49888E-04
  2777.00000  1.67971E-02  1.58574E-02  7.89991E-04  1.49691E-04
  2778.00000  1.67802E-02  1.58414E-02  7.89224E-04  1.49494E-04
  2779.00000  1.67632E-02  1.58255E-02  7.88458E-04  1.49298E-04
  2780.00000  1.67463E-02  1.58095E-02  7.87693E-04  1.49102E-04
  2781.00000  1.67294E-02  1.57935E-02  7.86929E-04  1.48906E-04
  2782.00000  1.67125E-02  1.57776E-02  7.86166E-04  1.48710E-04
  2783.00000  1.66956E-02  1.57617E-02  7.85405E-04  1.48515E-04
  2784.00000  1.66788E-02  1.57458E-02  7.84644E-04  1.48320E-04
  2785.00000  1.66620E-02  1.57300E-02  7.83884E-04  1.48126E-04
  2786.00000  1.66452E-02  1.57141E-02  7.83125E-04  1.47932E-04
  2787.00000  1.66284E-02  1.56983E-02  7.82367E-04  1.47738E-04
  2788.00000  1.66117E-02  1.56825E-02  7.81610E-04  1.47544E-04
  2789.00000  1.65950E-02  1.56668E-02  7.80854E-04  1.47351E-04
  2790.00000  1.65783E-02  1.56510E-02  7.80099E-04  1.47158E-04
  2791.00000  1.65616E-02  1.56353E-02  7.79345E-04  1.46965E-04
  2792.00000  1.65449E-02  1.56196E-02  7.78592E-04  1.46773E-04
  2793.00000  1.65283E-02  1.56039E-02  7.77840E-04  1.46581E-04
  2794.00000  1.65117E-02  1.55882E-02  7.77089E-04  1.46389E-04
  2795.00000  1.64951E-02  1.55726E-02  7.76339E-04  1.46198E-04
  2796.00000  1.64785E-02  1.55569E-02  7.75590E-04  1.46006E-04
  2797.00000  1.64620E-02  1.55413E-02  7.74842E-04  1.45816E-04
  2798.00000  1.64455E-02  1.55257E-02  7.74095E-04  1.45625E-04
  2799.00000  1.64290E-02  1.55102E-02  7.73349E-04  1.45435E-04
  2800.00000  1.64125E-02  1.54946E-02  7.72604E-04  1.45245E-04
  2801.00000  1.63960E-02  1.54791E-02  7.71859E-04  1.45055E-04
  2802.00000  1.63796E-02  1.54636E-02  7.71116E-04  1.44866E-04
  2803.00000  1.63632E-02  1.54481E-02  7.70374E-04  1.44677E-04
  2804.00000  1.63468E-02  1.54327E-02  7.69632E-04  1.44488E-04
  2805.00000  1.63304E-02  1.54172E-02  7.68892E-04  1.44300E-04
  2806.00000  1.63141E-02  1.54018E-02  7.68152E-04  1.44112E-04
  2807.00000  1.62977E-02  1.53864E-02  7.67414E-04  1.43924E-04
  2808.00000  1.62814E-02  1.53710E-02  7.66676E-04  1.43736E-04
  2809.00000  1.62652E-02  1.53557E-02  7.65940E-04  1.43549E-04
  2810.00000  1.62489E-02  1.53403E-02  7.65204E-04  1.43362E-04
  2811.00000  1.62327E-02  1.53250E-02  7.64469E-04  1.43175E-04
  2812.00000  1.62165E-02  1.53097E-02  7.63735E-04  1.42989E-04
  2813.00000  1.62003E-02  1.52945E-02  7.63002E-04  1.42803E-04
  2814.00000  1.61841E-02  1.52792E-02  7.62271E-04  1.42617E-04
  2815.00000  1.61679E-02  1.52640E-02  7.61540E-04  1.42432E-04
  2816.00000  1.61518E-02  1.52487E-02  7.60810E-04  1.42247E-04
  2817.00000  1.61357E-02  1.52336E-02  7.60080E-04  1.42062E-04
  2818.00000  1.61196E-02  1.52184E-02  7.59352E-04  1.41877E-04
  2819.00000  1.61035E-02  1.52032E-02  7.58625E-04  1.41693E-04
  2820.00000  1.60875E-02  1.51881E-02  7.57899E-04  1.41509E-04
  2821.00000  1.60715E-02  1.51730E-02  7.57173E-04  1.41325E-04
  2822.00000  1.60555E-02  1.51579E-02  7.56449E-04  1.41142E-04
  2823.00000  1.60395E-02  1.51428E-02  7.55725E-04  1.40958E-04
  2824.00000  1.60235E-02  1.51278E-02  7.55003E-04  1.40775E-04
  2825.00000  1.60076E-02  1.51127E-02  7.54281E-04  1.40593E-04
  2826.00000  1.59917E-02  1.50977E-02  7.53561E-04  1.40411E-04
  2827.00000  1.59758E-02  1.50827E-02  7.52841E-04  1.40228E-04
  2828.00000  1.59599E-02  1.50677E-02  7.52122E-04  1.40047E-04
  2829.00000  1.59441E-02  1.50528E-02  7.51404E-04  1.39865E-04
  2830.00000  1.59282E-02  1.50379E-02  7.50687E-04  1.39684E-04
  2831.00000  1.59124E-02  1.50229E-02  7.49971E-04  1.39503E-04
  2832.00000  1.58966E-02  1.50080E-02  7.49255E-04  1.39323E-04
  2833.00000  1.58809E-02  1.49932E-02  7.48541E-04  1.39142E-04
  2834.00000  1.58651E-02  1.49783E-02  7.47828E-04  1.38962E-04
  2835.00000  1.58494E-02  1.49635E-02  7.47115E-04  1.38782E-04
  2836.00000  1.58337E-02  1.49487E-02  7.46404E-04  1.38603E-04
  2837.00000  1.58180E-02  1.49339E-02  7.45693E-04  1.38424E-04
  2838.00000  1.58023E-02  1.49191E-02  7.44983E-04  1.38245E-04
  2839.00000  1.57867E-02  1.49043E-02  7.44274E-04  1.38066E-04
  2840.00000  1.57710E-02  1.48896E-02  7.43567E-04  1.37888E-04
  2841.00000  1.57554E-02  1.48749E-02  7.42860E-04  1.37710E-04
  2842.00000  1.57399E-02  1.48602E-02  7.42153E-04  1.37532E-04
  2843.00000  1.57243E-02  1.48455E-02  7.41448E-04  1.37354E-04
  2844.00000  1.57088E-02  1.48308E-02  7.40744E-04  1.37177E-04
  2845.00000  1.56932E-02  1.48162E-02  7.40040E-04  1.37000E-04
  2846.00000  1.56777E-02  1.48016E-02  7.39338E-04  1.36823E-04
  2847.00000  1.56622E-02  1.47870E-02  7.38636E-04  1.36647E-04
  2848.00000  1.56468E-02  1.47724E-02  7.37935E-04  1.36471E-04
  2849.00000  1.56313E-02  1.47578E-02  7.37235E-04  1.36295E-04
  2850.00000  1.56159E-02  1.47433E-02  7.36536E-04  1.36119E-04
  2851.00000  1.56005E-02  1.47287E-02  7.35838E-04  1.35944E-04
  2852.00000  1.55851E-02  1.47142E-02  7.35141E-04  1.35769E-04
  2853.00000  1.55698E-02  1.46998E-02  7.34445E-04  1.35594E-04
  2854.00000  1.55545E-02  1.46853E-02  7.33749E-04  1.35420E-04
  2855.00000  1.55391E-02  1.46708E-02  7.33055E-04  1.35245E-04
  2856.00000  1.55238E-02  1.46564E-02  7.32361E-04  1.35071E-04
  2857.00000  1.55086E-02  1.46420E-02  7.31668E-04  1.34898E-04
  2858.00000  1.54933E-02  1.46276E-02  7.30976E-04  1.34724E-04
  2859.00000  1.54781E-02  1.46132E-02  7.30285E-04  1.34551E-04
  2860.00000  1.54628E-02  1.45989E-02  7.29595E-04  1.34378E-04
  2861.00000  1.54476E-02  1.45845E-02  7.28906E-04  1.34206E-04
  2862.00000  1.54325E-02  1.45702E-02  7.28217E-04  1.34033E-04
  2863.00000  1.54173E-02  1.45559E-02  7.27530E-04  1.33861E-04
  2864.00000  1.54022E-02  1.45416E-02  7.26843E-04  1.33690E-04
  2865.00000  1.53870E-02  1.45274E-02  7.26157E-04  1.33518E-04
  2866.00000  1.53719E-02  1.45131E-02  7.25472E-04  1.33347E-04
  2867.00000  1.53569E-02  1.44989E-02  7.24788E-04  1.33176E-04
  2868.00000  1.53418E-02  1.44847E-02  7.24105E-04  1.33005E-04
  2869.00000  1.53268E-02  1.44705E-02  7.23422E-04  1.32835E-04
  2870.00000  1.53117E-02  1.44563E-02  7.22741E-04  1.32665E-04
  2871.00000  1.52967E-02  1.44422E-02  7.22060E-04  1.32495E-04
  2872.00000  1.52818E-02  1.44281E-02  7.21380E-04  1.32325E-04
  2873.00000  1.52668E-02  1.44139E-02  7.20701E-04  1.32156E-04
  2874.00000  1.52519E-02  1.43998E-02  7.20023E-04  1.31987E-04
  2875.00000  1.52369E-02  1.43858E-02  7.19346E-04  1.31818E-04
  2876.00000  1.52220E-02  1.43717E-02  7.18669E-04  1.31649E-04
  2877.00000  1.52072E-02  1.43577E-02  7.17994E-04  1.31481E-04
  2878.00000  1.51923E-02  1.43437E-02  7.17319E-04  1.31313E-04
  2879.00000  1.51774E-02  1.43297E-02  7.16645E-04  1.31146E-04
  2880.00000  1.51626E-02  1.43157E-02  7.15972E-04  1.30978E-04
  2881.00000  1.51478E-02  1.43017E-02  7.15300E-04  1.30811E-04
  2882.00000  1.51330E-02  1.42877E-02  7.14629E-04  1.30644E-04
  2883.00000  1.51183E-02  1.42738E-02  7.13958E-04  1.30477E-04
  2884.00000  1.51035E-02  1.42599E-02  7.13288E-04  1.30311E-04
  2885.00000  1.50888E-02  1.42460E-02  7.12620E-04  1.30145E-04
  2886.00000  1.50741E-02  1.42321E-02  7.11952E-04  1.29979E-04
  2887.00000  1.50594E-02  1.42183E-02  7.11284E-04  1.29813E-04
  2888.00000  1.50447E-02  1.42044E-02  7.10618E-04  1.29648E-04
  2889.00000  1.50301E-02  1.41906E-02  7.09953E-04  1.29483E-04
  2890.00000  1.50154E-02  1.41768E-02  7.09288E-04  1.29318E-04
  2891.00000  1.50008E-02  1.41630E-02  7.08624E-04  1.29154E-04
  2892.00000  1.49862E-02  1.41493E-02  7.07961E-04  1.28989E-04
  2893.00000  1.49716E-02  1.41355E-02  7.07299E-04  1.28825E-04
  2894.00000  1.49571E-02  1.41218E-02  7.06637E-04  1.28662E-04
  2895.00000  1.49425E-02  1.41081E-02  7.05977E-04  1.28498E-04
  2896.00000  1.49280E-02  1.40944E-02  7.05317E-04  1.28335E-04
  2897.00000  1.49135E-02  1.40807E-02  7.04658E-04  1.28172E-04
  2898.00000  1.48990E-02  1.40670E-02  7.04000E-04  1.28009E-04
  2899.00000  1.48846E-02  1.40534E-02  7.03343E-04  1.27847E-04
  2900.00000  1.48701E-02  1.40397E-02  7.02686E-04  1.27685E-04
  2901.00000  1.48557E-02  1.40261E-02  7.02031E-04  1.27523E-04
  2902.00000  1.48413E-02  1.40125E-02  7.01376E-04  1.27361E-04
  2903.00000  1.48269E-02  1.39990E-02  7.00722E-04  1.27200E-04
  2904.00000  1.48125E-02  1.39854E-02  7.00069E-04  1.27039E-04
  2905.00000  1.47982E-02  1.39719E-02  6.99417E-04  1.26878E-04
  2906.00000  1.47838E-02  1.39584E-02  6.98765E-04  1.26717E-04
  2907.00000  1.47695E-02  1.39448E-02  6.98114E-04  1.26557E-04
  2908.00000  1.47552E-02  1.39314E-02  6.97464E-04  1.26397E-04
  2909.00000  1.47409E-02  1.39179E-02  6.96815E-04  1.26237E-04
  2910.00000  1.47267E-02  1.39044E-02  6.96167E-04  1.26077E-04
  2911.00000  1.47124E-02  1.38910E-02  6.95519E-04  1.25918E-04
  2912.00000  1.46982E-02  1.38776E-02  6.94873E-04  1.25759E-04
  2913.00000  1.46840E-02  1.38642E-02  6.94227E-04  1.25600E-04
  2914.00000  1.46698E-02  1.38508E-02  6.93582E-04  1.25442E-04
  2915.00000  1.46557E-02  1.38374E-02  6.92937E-04  1.25283E-04
  2916.00000  1.46415E-02  1.38241E-02  6.92294E-04  1.25125E-04
  2917.00000  1.46274E-02  1.38108E-02  6.91651E-04  1.24967E-04
  2918.00000  1.46133E-02  1.37974E-02  6.91009E-04  1.24810E-04
  2919.00000  1.45992E-02  1.37841E-02  6.90368E-04  1.24653E-04
  2920.00000  1.45851E-02  1.37709E-02  6.89728E-04  1.24496E-04
  2921.00000  1.45710E-02  1.37576E-02  6.89088E-04  1.24339E-04
  2922.00000  1.45570E-02  1.37444E-02  6.88449E-04  1.24182E-04
  2923.00000  1.45430E-02  1.37311E-02  6.87811E-04  1.24026E-04
  2924.00000  1.45290E-02  1.37179E-02  6.87174E-04  1.23870E-04
  2925.00000  1.45150E-02  1.37047E-02  6.86538E-04  1.23714E-04
  2926.00000  1.45010E-02  1.36915E-02  6.85902E-04  1.23559E-04
  2927.00000  1.44870E-02  1.36784E-02  6.85268E-04  1.23403E-04
  2928.00000  1.44731E-02  1.36652E-02  6.84633E-04  1.23248E-04
  2929.00000  1.44592E-02  1.36521E-02  6.84000E-04  1.23093E-04
  2930.00000  1.44453E-02  1.36390E-02  6.83368E-04  1.22939E-04
  2931.00000  1.44314E-02  1.36259E-02  6.82736E-04  1.22785E-04
  2932.00000  1.44176E-02  1.36128E-02  6.82105E-04  1.22630E-04
  2933.00000  1.44037E-02  1.35998E-02  6.81475E-04  1.22477E-04
  2934.00000  1.43899E-02  1.35867E-02  6.80846E-04  1.22323E-04
  2935.00000  1.43761E-02  1.35737E-02  6.80217E-04  1.22170E-04
  2936.00000  1.43623E-02  1.35607E-02  6.79589E-04  1.22017E-04
  2937.00000  1.43485E-02  1.35477E-02  6.78962E-04  1.21864E-04
  2938.00000  1.43347E-02  1.35347E-02  6.78336E-04  1.21711E-04
  2939.00000  1.43210E-02  1.35217E-02  6.77710E-04  1.21559E-04
  2940.00000  1.43073E-02  1.35088E-02  6.77086E-04  1.21407E-04
  2941.00000  1.42936E-02  1.34959E-02  6.76462E-04  1.21255E-04
  2942.00000  1.42799E-02  1.34830E-02  6.75838E-04  1.21103E-04
  2943.00000  1.42662E-02  1.34701E-02  6.75216E-04  1.20952E-04
  2944.00000  1.42526E-02  1.34572E-02  6.74594E-04  1.20801E-04
  2945.00000  1.42389E-02  1.34443E-02  6.73973E-04  1.20650E-04
  2946.00000  1.42253E-02  1.34315E-02  6.73353E-04  1.20499E-04
  2947.00000  1.42117E-02  1.34186E-02  6.72734E-04  1.20349E-04
  2948.00000  1.41981E-02  1.34058E-02  6.72115E-04  1.20198E-04
  2949.00000  1.41846E-02  1.33930E-02  6.71497E-04  1.20048E-04
  2950.00000  1.41710E-02  1.33802E-02  6.70880E-04  1.19899E-04
  2951.00000  1.41575E-02  1.33675E-02  6.70264E-04  1.19749E-04
  2952.00000  1.41440E-02  1.33547E-02  6.69648E-04  1.19600E-04
  2953.00000  1.41305E-02  1.33420E-02  6.69033E-04  1.19451E-04
  2954.00000  1.41170E-02  1.33293E-02  6.68419E-04  1.19302E-04
  2955.00000  1.41035E-02  1.33166E-02  6.67806E-04  1.19153E-04
  2956.00000  1.40901E-02  1.33039E-02  6.67193E-04  1.19005E-04
  2957.00000  1.40767E-02  1.32912E-02  6.66581E-04  1.18857E-04
  2958.00000  1.40632E-02  1.32786E-02  6.65970E-04  1.18709E-04
  2959.00000  1.40499E-02  1.32659E-02  6.65360E-04  1.18561E-04
  2960.00000  1.40365E-02  1.32533E-02  6.64750E-04  1.18414E-04
  2961.00000  1.40231E-02  1.32407E-02  6.64141E-04  1.18267E-04
  2962.00000  1.40098E-02  1.32281E-02  6.63533E-04  1.18120E-04
  2963.00000  1.39964E-02  1.32155E-02  6.62925E-04  1.17973E-04
  2964.00000  1.39831E-02  1.32030E-02  6.62319E-04  1.17826E-04
  2965.00000  1.39698E-02  1.31904E-02  6.61713E-04  1.17680E-04
  2966.00000  1.39566E-02  1.31779E-02  6.61107E-04  1.17534E-04
  2967.00000  1.39433E-02  1.31654E-02  6.60503E-04  1.17388E-04
  2968.00000  1.39301E-02  1.31529E-02  6.59899E-04  1.17243E-04
  2969.00000  1.39168E-02  1.31404E-02  6.59296E-04  1.17097E-04
  2970.00000  1.39036E-02  1.31280E-02  6.58694E-04  1.16952E-04
  2971.00000  1.38904E-02  1.31155E-02  6.58092E-04  1.16807E-04
  2972.00000  1.38772E-02  1.31031E-02  6.57491E-04  1.16662E-04
  2973.00000  1.38641E-02  1.30907E-02  6.56891E-04  1.16518E-04
  2974.00000  1.38509E-02  1.30783E-02  6.56292E-04  1.16373E-04
  2975.00000  1.38378E-02  1.30659E-02  6.55693E-04  1.16229E-04
  2976.00000  1.38247E-02  1.30535E-02  6.55095E-04  1.16086E-04
  2977.00000  1.38116E-02  1.30412E-02  6.54498E-04  1.15942E-04
  2978.00000  1.37985E-02  1.30288E-02  6.53902E-04  1.15798E-04
  2979.00000  1.37855E-02  1.30165E-02  6.53306E-04  1.15655E-04
  2980.00000  1.37724E-02  1.30042E-02  6.52711E-04  1.15512E-04
  2981.00000  1.37594E-02  1.29919E-02  6.52117E-04  1.15370E-04
  2982.00000  1.37464E-02  1.29796E-02  6.51523E-04  1.15227E-04
  2983.00000  1.37334E-02  1.29674E-02  6.50930E-04  1.15085E-04
  2984.00000  1.37204E-02  1.29551E-02  6.50338E-04  1.14943E-04
  2985.00000  1.37074E-02  1.29429E-02  6.49747E-04  1.14801E-04
  2986.00000  1.36945E-02  1.29307E-02  6.49156E-04  1.14659E-04
  2987.00000  1.36816E-02  1.29185E-02  6.48566E-04  1.14518E-04
  2988.00000  1.36686E-02  1.29063E-02  6.47977E-04  1.14376E-04
  2989.00000  1.36557E-02  1.28941E-02  6.47388E-04  1.14235E-04
  2990.00000  1.36429E-02  1.28820E-02  6.46800E-04  1.14095E-04
  2991.00000  1.36300E-02  1.28698E-02  6.46213E-04  1.13954E-04
  2992.00000  1.36171E-02  1.28577E-02  6.45627E-04  1.13814E-04
  2993.00000  1.36043E-02  1.28456E-02  6.45041E-04  1.13673E-04
  2994.00000  1.35915E-02  1.28335E-02  6.44456E-04  1.13533E-04
  2995.00000  1.35787E-02  1.28214E-02  6.43871E-04  1.13394E-04
  2996.00000  1.35659E-02  1.28094E-02  6.43288E-04  1.13254E-04
  2997.00000  1.35531E-02  1.27973E-02  6.42705E-04  1.13115E-04
  2998.00000  1.35404E-02  1.27853E-02  6.42123E-04  1.12976E-04
  2999.00000  1.35276E-02  1.27732E-02  6.41541E-04  1.12837E-04
  3000.00000  1.35149E-02  1.27612E-02  6.40960E-04  1.12698E-04


#
# Current date/time  : 15-Sep-2026 13:10:46
# elapsed real time  : 11.88 seconds on max-exfl-display002.desy.de
# Job time(CPU_time) : 18.76 seconds on max-exfl-display002.desy.de
