# ---------------------------------------------------------------------
# XATOM HFS : electronic structure of atoms and more, v2.0.0-15-g9da229
#
# Job started at  : 15-Sep-2026 13:09:40
# ---------------------------------------------------------------------
# Atom: O
#   nuclear charge:    8
#   total electrons:   8
#   total charge:     +0
#   configuration: 1s2_2s2_2p4
#
# Computational method:
#   exchange functional: Slater (Latter tail correction)
#   correlation functional: none
#
# Grid for the spherical coordinate:
#   N =  200
#   L parameter =      1.0
#   Rmax(a.u.)  =     50.0
#   lmax  =    1
#
# SCF converged after   23 iterations
#   energy convergence  = -5.323E-08
#   density convergence =  6.096E-09
#
# Energies: 
# - zeroth-order energy (a.u.):
#   SUM of E_orb   =     -43.68186970  [     -1188.64 eV ]
#   (SUM of E_kin) =      77.33723587
#   (Effec. pot E) =    -121.01910558
#
# - first-order energy (a.u.): with DFT formula
#   Kinetic E      =      77.33723587
#   E Latter corr  =      -0.06792223
#   Nuc-Elec pot E =    -181.46118450    One-Elec E =    -104.19187085
#
#   Hartree E      =      37.69696814
#   Exchange E     =     -11.16295135
#   Correlation E  =       0.00000000    Two-Elec E =      26.53401679
#   ---------------------------------
#   Total Energy   =     -77.65785406  [     -2113.18 eV ]
#
#                E(0)        E(1)
# |E_TOT|    -1188.64    -2113.18
#
# Orbital energies: 
#        n_occ        E(a.u.)          E(eV)         KE(eV)
#   1s       2   -19.72784866    -536.822054     806.923698
#   2s       2    -1.07204953     -29.171951      92.962632
#   2p       4    -0.52051833     -14.164024      76.170129
#
#              1s        2s        2p
# |SCF|   -536.82    -29.17    -14.16
#
# Radial wavefunction information (a.u.): (r_m: r_max where |u(r)| >  1.0E-08)
#              <r>       <r^2>         r_m   norm. err
#   1s       0.197       0.053       3.395     9.9E-08
#   2s       1.110       1.500      14.840    -3.8E-08
#   2p       1.202       1.932      21.075    -1.5E-08
#
# Uniform grid parameters for continuum states:
#   N_uniform             =    4362
#   continuum_rmax(a.u.)  =      21.814 (internally determined)
#   dr(a.u.)              =   5.00E-03
#   threshold to determine r_m =   1.00E-08
#   continuum_rmax is just right next to r_m in radial grid.
#
# Photoabsorption cross section (in Mb):
P.E.(eV)        Total          1s           2s           2p 
     0.00000  0.00000E+00  0.00000E+00  0.00000E+00  0.00000E+00
     1.00000  0.00000E+00  0.00000E+00  0.00000E+00  0.00000E+00
     2.00000  0.00000E+00  0.00000E+00  0.00000E+00  0.00000E+00
     3.00000  0.00000E+00  0.00000E+00  0.00000E+00  0.00000E+00
     4.00000  0.00000E+00  0.00000E+00  0.00000E+00  0.00000E+00
     5.00000  0.00000E+00  0.00000E+00  0.00000E+00  0.00000E+00
     6.00000  0.00000E+00  0.00000E+00  0.00000E+00  0.00000E+00
     7.00000  0.00000E+00  0.00000E+00  0.00000E+00  0.00000E+00
     8.00000  0.00000E+00  0.00000E+00  0.00000E+00  0.00000E+00
     9.00000  0.00000E+00  0.00000E+00  0.00000E+00  0.00000E+00
    10.00000  0.00000E+00  0.00000E+00  0.00000E+00  0.00000E+00
    11.00000  0.00000E+00  0.00000E+00  0.00000E+00  0.00000E+00
    12.00000  0.00000E+00  0.00000E+00  0.00000E+00  0.00000E+00
    13.00000  0.00000E+00  0.00000E+00  0.00000E+00  0.00000E+00
    14.00000  0.00000E+00  0.00000E+00  0.00000E+00  0.00000E+00
    15.00000  9.63191E+00  0.00000E+00  0.00000E+00  9.63191E+00
    16.00000  1.01610E+01  0.00000E+00  0.00000E+00  1.01610E+01
    17.00000  1.04894E+01  0.00000E+00  0.00000E+00  1.04894E+01
    18.00000  1.06721E+01  0.00000E+00  0.00000E+00  1.06721E+01
    19.00000  1.07481E+01  0.00000E+00  0.00000E+00  1.07481E+01
    20.00000  1.07456E+01  0.00000E+00  0.00000E+00  1.07456E+01
    21.00000  1.06848E+01  0.00000E+00  0.00000E+00  1.06848E+01
    22.00000  1.05807E+01  0.00000E+00  0.00000E+00  1.05807E+01
    23.00000  1.04443E+01  0.00000E+00  0.00000E+00  1.04443E+01
    24.00000  1.02838E+01  0.00000E+00  0.00000E+00  1.02838E+01
    25.00000  1.01056E+01  0.00000E+00  0.00000E+00  1.01056E+01
    26.00000  9.91439E+00  0.00000E+00  0.00000E+00  9.91439E+00
    27.00000  9.71369E+00  0.00000E+00  0.00000E+00  9.71369E+00
    28.00000  9.50631E+00  0.00000E+00  0.00000E+00  9.50631E+00
    29.00000  9.29442E+00  0.00000E+00  0.00000E+00  9.29442E+00
    30.00000  9.60027E+00  0.00000E+00  5.20592E-01  9.07967E+00
    31.00000  9.43370E+00  0.00000E+00  5.70301E-01  8.86340E+00
    32.00000  9.26172E+00  0.00000E+00  6.15077E-01  8.64664E+00
    33.00000  9.08534E+00  0.00000E+00  6.55108E-01  8.43023E+00
    34.00000  8.90550E+00  0.00000E+00  6.90648E-01  8.21485E+00
    35.00000  8.72306E+00  0.00000E+00  7.22014E-01  8.00104E+00
    36.00000  8.53879E+00  0.00000E+00  7.49532E-01  7.78926E+00
    37.00000  8.35341E+00  0.00000E+00  7.73526E-01  7.57988E+00
    38.00000  8.16753E+00  0.00000E+00  7.94310E-01  7.37322E+00
    39.00000  7.98172E+00  0.00000E+00  8.12182E-01  7.16954E+00
    40.00000  7.79648E+00  0.00000E+00  8.27414E-01  6.96907E+00
    41.00000  7.61225E+00  0.00000E+00  8.40259E-01  6.77199E+00
    42.00000  7.42944E+00  0.00000E+00  8.50950E-01  6.57849E+00
    43.00000  7.24839E+00  0.00000E+00  8.59696E-01  6.38869E+00
    44.00000  7.06941E+00  0.00000E+00  8.66689E-01  6.20272E+00
    45.00000  6.89277E+00  0.00000E+00  8.72102E-01  6.02067E+00
    46.00000  6.71872E+00  0.00000E+00  8.76089E-01  5.84263E+00
    47.00000  6.54746E+00  0.00000E+00  8.78793E-01  5.66867E+00
    48.00000  6.37917E+00  0.00000E+00  8.80340E-01  5.49883E+00
    49.00000  6.21400E+00  0.00000E+00  8.80845E-01  5.33316E+00
    50.00000  6.05208E+00  0.00000E+00  8.80410E-01  5.17167E+00
    51.00000  5.89352E+00  0.00000E+00  8.79130E-01  5.01438E+00
    52.00000  5.73839E+00  0.00000E+00  8.77089E-01  4.86130E+00
    53.00000  5.58676E+00  0.00000E+00  8.74362E-01  4.71240E+00
    54.00000  5.43869E+00  0.00000E+00  8.71018E-01  4.56768E+00
    55.00000  5.29421E+00  0.00000E+00  8.67120E-01  4.42709E+00
    56.00000  5.15333E+00  0.00000E+00  8.62723E-01  4.29060E+00
    57.00000  5.01605E+00  0.00000E+00  8.57878E-01  4.15817E+00
    58.00000  4.88238E+00  0.00000E+00  8.52632E-01  4.02975E+00
    59.00000  4.75228E+00  0.00000E+00  8.47027E-01  3.90526E+00
    60.00000  4.62575E+00  0.00000E+00  8.41100E-01  3.78465E+00
    61.00000  4.50273E+00  0.00000E+00  8.34887E-01  3.66784E+00
    62.00000  4.38318E+00  0.00000E+00  8.28419E-01  3.55476E+00
    63.00000  4.26706E+00  0.00000E+00  8.21725E-01  3.44533E+00
    64.00000  4.15430E+00  0.00000E+00  8.14831E-01  3.33947E+00
    65.00000  4.04485E+00  0.00000E+00  8.07762E-01  3.23709E+00
    66.00000  3.93865E+00  0.00000E+00  8.00539E-01  3.13811E+00
    67.00000  3.83561E+00  0.00000E+00  7.93182E-01  3.04243E+00
    68.00000  3.73568E+00  0.00000E+00  7.85709E-01  2.94997E+00
    69.00000  3.63877E+00  0.00000E+00  7.78138E-01  2.86064E+00
    70.00000  3.54482E+00  0.00000E+00  7.70484E-01  2.77434E+00
    71.00000  3.45375E+00  0.00000E+00  7.62762E-01  2.69099E+00
    72.00000  3.36547E+00  0.00000E+00  7.54983E-01  2.61049E+00
    73.00000  3.27992E+00  0.00000E+00  7.47161E-01  2.53276E+00
    74.00000  3.19701E+00  0.00000E+00  7.39306E-01  2.45771E+00
    75.00000  3.11667E+00  0.00000E+00  7.31429E-01  2.38524E+00
    76.00000  3.03882E+00  0.00000E+00  7.23538E-01  2.31528E+00
    77.00000  2.96338E+00  0.00000E+00  7.15642E-01  2.24774E+00
    78.00000  2.89029E+00  0.00000E+00  7.07750E-01  2.18254E+00
    79.00000  2.81946E+00  0.00000E+00  6.99868E-01  2.11959E+00
    80.00000  2.75082E+00  0.00000E+00  6.92003E-01  2.05882E+00
    81.00000  2.68431E+00  0.00000E+00  6.84161E-01  2.00015E+00
    82.00000  2.61985E+00  0.00000E+00  6.76348E-01  1.94350E+00
    83.00000  2.55737E+00  0.00000E+00  6.68570E-01  1.88880E+00
    84.00000  2.49681E+00  0.00000E+00  6.60830E-01  1.83598E+00
    85.00000  2.43811E+00  0.00000E+00  6.53133E-01  1.78498E+00
    86.00000  2.38120E+00  0.00000E+00  6.45483E-01  1.73572E+00
    87.00000  2.32602E+00  0.00000E+00  6.37885E-01  1.68814E+00
    88.00000  2.27252E+00  0.00000E+00  6.30340E-01  1.64218E+00
    89.00000  2.22062E+00  0.00000E+00  6.22853E-01  1.59777E+00
    90.00000  2.17029E+00  0.00000E+00  6.15426E-01  1.55487E+00
    91.00000  2.12147E+00  0.00000E+00  6.08061E-01  1.51341E+00
    92.00000  2.07409E+00  0.00000E+00  6.00761E-01  1.47333E+00
    93.00000  2.02813E+00  0.00000E+00  5.93528E-01  1.43460E+00
    94.00000  1.98351E+00  0.00000E+00  5.86363E-01  1.39715E+00
    95.00000  1.94021E+00  0.00000E+00  5.79269E-01  1.36094E+00
    96.00000  1.89816E+00  0.00000E+00  5.72246E-01  1.32592E+00
    97.00000  1.85734E+00  0.00000E+00  5.65297E-01  1.29204E+00
    98.00000  1.81770E+00  0.00000E+00  5.58422E-01  1.25927E+00
    99.00000  1.77919E+00  0.00000E+00  5.51622E-01  1.22757E+00
   100.00000  1.74178E+00  0.00000E+00  5.44898E-01  1.19688E+00
   101.00000  1.70543E+00  0.00000E+00  5.38251E-01  1.16718E+00
   102.00000  1.67010E+00  0.00000E+00  5.31681E-01  1.13842E+00
   103.00000  1.63576E+00  0.00000E+00  5.25189E-01  1.11057E+00
   104.00000  1.60238E+00  0.00000E+00  5.18775E-01  1.08361E+00
   105.00000  1.56992E+00  0.00000E+00  5.12439E-01  1.05748E+00
   106.00000  1.53835E+00  0.00000E+00  5.06182E-01  1.03217E+00
   107.00000  1.50765E+00  0.00000E+00  5.00004E-01  1.00765E+00
   108.00000  1.47778E+00  0.00000E+00  4.93904E-01  9.83874E-01
   109.00000  1.44871E+00  0.00000E+00  4.87883E-01  9.60828E-01
   110.00000  1.42042E+00  0.00000E+00  4.81940E-01  9.38482E-01
   111.00000  1.39289E+00  0.00000E+00  4.76075E-01  9.16810E-01
   112.00000  1.36608E+00  0.00000E+00  4.70289E-01  8.95789E-01
   113.00000  1.33997E+00  0.00000E+00  4.64580E-01  8.75394E-01
   114.00000  1.31455E+00  0.00000E+00  4.58948E-01  8.55603E-01
   115.00000  1.28979E+00  0.00000E+00  4.53393E-01  8.36393E-01
   116.00000  1.26566E+00  0.00000E+00  4.47914E-01  8.17746E-01
   117.00000  1.24215E+00  0.00000E+00  4.42511E-01  7.99639E-01
   118.00000  1.21924E+00  0.00000E+00  4.37184E-01  7.82055E-01
   119.00000  1.19690E+00  0.00000E+00  4.31930E-01  7.64974E-01
   120.00000  1.17513E+00  0.00000E+00  4.26751E-01  7.48380E-01
   121.00000  1.15390E+00  0.00000E+00  4.21645E-01  7.32255E-01
   122.00000  1.13319E+00  0.00000E+00  4.16612E-01  7.16582E-01
   123.00000  1.11300E+00  0.00000E+00  4.11651E-01  7.01347E-01
   124.00000  1.09329E+00  0.00000E+00  4.06761E-01  6.86534E-01
   125.00000  1.07407E+00  0.00000E+00  4.01941E-01  6.72128E-01
   126.00000  1.05531E+00  0.00000E+00  3.97191E-01  6.58116E-01
   127.00000  1.03700E+00  0.00000E+00  3.92510E-01  6.44485E-01
   128.00000  1.01912E+00  0.00000E+00  3.87897E-01  6.31222E-01
   129.00000  1.00167E+00  0.00000E+00  3.83351E-01  6.18314E-01
   130.00000  9.84621E-01  0.00000E+00  3.78872E-01  6.05750E-01
   131.00000  9.67976E-01  0.00000E+00  3.74458E-01  5.93518E-01
   132.00000  9.51716E-01  0.00000E+00  3.70109E-01  5.81607E-01
   133.00000  9.35831E-01  0.00000E+00  3.65824E-01  5.70007E-01
   134.00000  9.20310E-01  0.00000E+00  3.61602E-01  5.58708E-01
   135.00000  9.05142E-01  0.00000E+00  3.57442E-01  5.47700E-01
   136.00000  8.90317E-01  0.00000E+00  3.53344E-01  5.36974E-01
   137.00000  8.75826E-01  0.00000E+00  3.49306E-01  5.26520E-01
   138.00000  8.61658E-01  0.00000E+00  3.45328E-01  5.16330E-01
   139.00000  8.47804E-01  0.00000E+00  3.41408E-01  5.06396E-01
   140.00000  8.34257E-01  0.00000E+00  3.37547E-01  4.96710E-01
   141.00000  8.21006E-01  0.00000E+00  3.33742E-01  4.87264E-01
   142.00000  8.08044E-01  0.00000E+00  3.29994E-01  4.78050E-01
   143.00000  7.95362E-01  0.00000E+00  3.26301E-01  4.69061E-01
   144.00000  7.82954E-01  0.00000E+00  3.22663E-01  4.60291E-01
   145.00000  7.70811E-01  0.00000E+00  3.19078E-01  4.51733E-01
   146.00000  7.58927E-01  0.00000E+00  3.15547E-01  4.43380E-01
   147.00000  7.47294E-01  0.00000E+00  3.12067E-01  4.35227E-01
   148.00000  7.35905E-01  0.00000E+00  3.08639E-01  4.27267E-01
   149.00000  7.24755E-01  0.00000E+00  3.05261E-01  4.19494E-01
   150.00000  7.13836E-01  0.00000E+00  3.01933E-01  4.11903E-01
   151.00000  7.03143E-01  0.00000E+00  2.98653E-01  4.04490E-01
   152.00000  6.92669E-01  0.00000E+00  2.95422E-01  3.97247E-01
   153.00000  6.82409E-01  0.00000E+00  2.92237E-01  3.90172E-01
   154.00000  6.72358E-01  0.00000E+00  2.89100E-01  3.83258E-01
   155.00000  6.62509E-01  0.00000E+00  2.86008E-01  3.76502E-01
   156.00000  6.52859E-01  0.00000E+00  2.82961E-01  3.69898E-01
   157.00000  6.43400E-01  0.00000E+00  2.79958E-01  3.63443E-01
   158.00000  6.34130E-01  0.00000E+00  2.76999E-01  3.57132E-01
   159.00000  6.25043E-01  0.00000E+00  2.74082E-01  3.50961E-01
   160.00000  6.16134E-01  0.00000E+00  2.71208E-01  3.44926E-01
   161.00000  6.07399E-01  0.00000E+00  2.68375E-01  3.39025E-01
   162.00000  5.98834E-01  0.00000E+00  2.65582E-01  3.33252E-01
   163.00000  5.90434E-01  0.00000E+00  2.62830E-01  3.27605E-01
   164.00000  5.82196E-01  0.00000E+00  2.60116E-01  3.22080E-01
   165.00000  5.74115E-01  0.00000E+00  2.57442E-01  3.16674E-01
   166.00000  5.66188E-01  0.00000E+00  2.54805E-01  3.11383E-01
   167.00000  5.58411E-01  0.00000E+00  2.52206E-01  3.06205E-01
   168.00000  5.50780E-01  0.00000E+00  2.49643E-01  3.01137E-01
   169.00000  5.43292E-01  0.00000E+00  2.47116E-01  2.96175E-01
   170.00000  5.35943E-01  0.00000E+00  2.44625E-01  2.91318E-01
   171.00000  5.28730E-01  0.00000E+00  2.42169E-01  2.86562E-01
   172.00000  5.21651E-01  0.00000E+00  2.39747E-01  2.81904E-01
   173.00000  5.14701E-01  0.00000E+00  2.37358E-01  2.77343E-01
   174.00000  5.07878E-01  0.00000E+00  2.35003E-01  2.72875E-01
   175.00000  5.01178E-01  0.00000E+00  2.32680E-01  2.68499E-01
   176.00000  4.94600E-01  0.00000E+00  2.30389E-01  2.64211E-01
   177.00000  4.88140E-01  0.00000E+00  2.28129E-01  2.60011E-01
   178.00000  4.81795E-01  0.00000E+00  2.25900E-01  2.55895E-01
   179.00000  4.75564E-01  0.00000E+00  2.23702E-01  2.51862E-01
   180.00000  4.69442E-01  0.00000E+00  2.21533E-01  2.47909E-01
   181.00000  4.63429E-01  0.00000E+00  2.19394E-01  2.44035E-01
   182.00000  4.57521E-01  0.00000E+00  2.17283E-01  2.40238E-01
   183.00000  4.51716E-01  0.00000E+00  2.15201E-01  2.36515E-01
   184.00000  4.46012E-01  0.00000E+00  2.13147E-01  2.32866E-01
   185.00000  4.40407E-01  0.00000E+00  2.11120E-01  2.29288E-01
   186.00000  4.34898E-01  0.00000E+00  2.09119E-01  2.25779E-01
   187.00000  4.29484E-01  0.00000E+00  2.07146E-01  2.22338E-01
   188.00000  4.24162E-01  0.00000E+00  2.05198E-01  2.18964E-01
   189.00000  4.18930E-01  0.00000E+00  2.03275E-01  2.15654E-01
   190.00000  4.13786E-01  0.00000E+00  2.01378E-01  2.12408E-01
   191.00000  4.08729E-01  0.00000E+00  1.99506E-01  2.09224E-01
   192.00000  4.03757E-01  0.00000E+00  1.97657E-01  2.06100E-01
   193.00000  3.98867E-01  0.00000E+00  1.95833E-01  2.03034E-01
   194.00000  3.94059E-01  0.00000E+00  1.94032E-01  2.00027E-01
   195.00000  3.89330E-01  0.00000E+00  1.92254E-01  1.97076E-01
   196.00000  3.84679E-01  0.00000E+00  1.90499E-01  1.94180E-01
   197.00000  3.80103E-01  0.00000E+00  1.88766E-01  1.91338E-01
   198.00000  3.75603E-01  0.00000E+00  1.87054E-01  1.88548E-01
   199.00000  3.71175E-01  0.00000E+00  1.85365E-01  1.85810E-01
   200.00000  3.66819E-01  0.00000E+00  1.83696E-01  1.83123E-01
   201.00000  3.62533E-01  0.00000E+00  1.82049E-01  1.80484E-01
   202.00000  3.58315E-01  0.00000E+00  1.80422E-01  1.77894E-01
   203.00000  3.54165E-01  0.00000E+00  1.78815E-01  1.75350E-01
   204.00000  3.50081E-01  0.00000E+00  1.77228E-01  1.72853E-01
   205.00000  3.46061E-01  0.00000E+00  1.75660E-01  1.70401E-01
   206.00000  3.42104E-01  0.00000E+00  1.74112E-01  1.67992E-01
   207.00000  3.38210E-01  0.00000E+00  1.72582E-01  1.65627E-01
   208.00000  3.34376E-01  0.00000E+00  1.71072E-01  1.63304E-01
   209.00000  3.30602E-01  0.00000E+00  1.69579E-01  1.61023E-01
   210.00000  3.26886E-01  0.00000E+00  1.68104E-01  1.58782E-01
   211.00000  3.23227E-01  0.00000E+00  1.66647E-01  1.56580E-01
   212.00000  3.19625E-01  0.00000E+00  1.65208E-01  1.54417E-01
   213.00000  3.16078E-01  0.00000E+00  1.63785E-01  1.52292E-01
   214.00000  3.12584E-01  0.00000E+00  1.62380E-01  1.50205E-01
   215.00000  3.09144E-01  0.00000E+00  1.60991E-01  1.48153E-01
   216.00000  3.05755E-01  0.00000E+00  1.59618E-01  1.46137E-01
   217.00000  3.02418E-01  0.00000E+00  1.58261E-01  1.44156E-01
   218.00000  2.99130E-01  0.00000E+00  1.56920E-01  1.42210E-01
   219.00000  2.95891E-01  0.00000E+00  1.55595E-01  1.40296E-01
   220.00000  2.92701E-01  0.00000E+00  1.54285E-01  1.38416E-01
   221.00000  2.89558E-01  0.00000E+00  1.52991E-01  1.36567E-01
   222.00000  2.86461E-01  0.00000E+00  1.51711E-01  1.34750E-01
   223.00000  2.83409E-01  0.00000E+00  1.50445E-01  1.32964E-01
   224.00000  2.80402E-01  0.00000E+00  1.49195E-01  1.31208E-01
   225.00000  2.77439E-01  0.00000E+00  1.47958E-01  1.29481E-01
   226.00000  2.74519E-01  0.00000E+00  1.46735E-01  1.27784E-01
   227.00000  2.71641E-01  0.00000E+00  1.45526E-01  1.26115E-01
   228.00000  2.68804E-01  0.00000E+00  1.44331E-01  1.24473E-01
   229.00000  2.66008E-01  0.00000E+00  1.43149E-01  1.22859E-01
   230.00000  2.63252E-01  0.00000E+00  1.41980E-01  1.21272E-01
   231.00000  2.60535E-01  0.00000E+00  1.40824E-01  1.19711E-01
   232.00000  2.57857E-01  0.00000E+00  1.39681E-01  1.18176E-01
   233.00000  2.55217E-01  0.00000E+00  1.38551E-01  1.16666E-01
   234.00000  2.52613E-01  0.00000E+00  1.37433E-01  1.15180E-01
   235.00000  2.50046E-01  0.00000E+00  1.36327E-01  1.13719E-01
   236.00000  2.47515E-01  0.00000E+00  1.35233E-01  1.12282E-01
   237.00000  2.45019E-01  0.00000E+00  1.34151E-01  1.10868E-01
   238.00000  2.42558E-01  0.00000E+00  1.33081E-01  1.09476E-01
   239.00000  2.40130E-01  0.00000E+00  1.32023E-01  1.08107E-01
   240.00000  2.37736E-01  0.00000E+00  1.30975E-01  1.06760E-01
   241.00000  2.35375E-01  0.00000E+00  1.29939E-01  1.05435E-01
   242.00000  2.33045E-01  0.00000E+00  1.28914E-01  1.04131E-01
   243.00000  2.30748E-01  0.00000E+00  1.27900E-01  1.02848E-01
   244.00000  2.28482E-01  0.00000E+00  1.26897E-01  1.01585E-01
   245.00000  2.26246E-01  0.00000E+00  1.25904E-01  1.00341E-01
   246.00000  2.24040E-01  0.00000E+00  1.24922E-01  9.91179E-02
   247.00000  2.21864E-01  0.00000E+00  1.23950E-01  9.79137E-02
   248.00000  2.19717E-01  0.00000E+00  1.22989E-01  9.67283E-02
   249.00000  2.17598E-01  0.00000E+00  1.22037E-01  9.55614E-02
   250.00000  2.15508E-01  0.00000E+00  1.21095E-01  9.44126E-02
   251.00000  2.13445E-01  0.00000E+00  1.20163E-01  9.32817E-02
   252.00000  2.11409E-01  0.00000E+00  1.19241E-01  9.21683E-02
   253.00000  2.09400E-01  0.00000E+00  1.18328E-01  9.10721E-02
   254.00000  2.07417E-01  0.00000E+00  1.17424E-01  8.99927E-02
   255.00000  2.05460E-01  0.00000E+00  1.16530E-01  8.89299E-02
   256.00000  2.03528E-01  0.00000E+00  1.15645E-01  8.78833E-02
   257.00000  2.01622E-01  0.00000E+00  1.14769E-01  8.68526E-02
   258.00000  1.99739E-01  0.00000E+00  1.13902E-01  8.58376E-02
   259.00000  1.97881E-01  0.00000E+00  1.13043E-01  8.48380E-02
   260.00000  1.96047E-01  0.00000E+00  1.12194E-01  8.38534E-02
   261.00000  1.94236E-01  0.00000E+00  1.11353E-01  8.28837E-02
   262.00000  1.92448E-01  0.00000E+00  1.10520E-01  8.19285E-02
   263.00000  1.90683E-01  0.00000E+00  1.09695E-01  8.09875E-02
   264.00000  1.88940E-01  0.00000E+00  1.08879E-01  8.00607E-02
   265.00000  1.87219E-01  0.00000E+00  1.08071E-01  7.91475E-02
   266.00000  1.85519E-01  0.00000E+00  1.07271E-01  7.82479E-02
   267.00000  1.83841E-01  0.00000E+00  1.06479E-01  7.73616E-02
   268.00000  1.82184E-01  0.00000E+00  1.05695E-01  7.64884E-02
   269.00000  1.80547E-01  0.00000E+00  1.04919E-01  7.56279E-02
   270.00000  1.78930E-01  0.00000E+00  1.04150E-01  7.47801E-02
   271.00000  1.77333E-01  0.00000E+00  1.03389E-01  7.39446E-02
   272.00000  1.75756E-01  0.00000E+00  1.02635E-01  7.31212E-02
   273.00000  1.74198E-01  0.00000E+00  1.01888E-01  7.23098E-02
   274.00000  1.72659E-01  0.00000E+00  1.01149E-01  7.15101E-02
   275.00000  1.71139E-01  0.00000E+00  1.00417E-01  7.07220E-02
   276.00000  1.69637E-01  0.00000E+00  9.96920E-02  6.99451E-02
   277.00000  1.68154E-01  0.00000E+00  9.89741E-02  6.91794E-02
   278.00000  1.66688E-01  0.00000E+00  9.82631E-02  6.84246E-02
   279.00000  1.65240E-01  0.00000E+00  9.75589E-02  6.76806E-02
   280.00000  1.63809E-01  0.00000E+00  9.68615E-02  6.69471E-02
   281.00000  1.62395E-01  0.00000E+00  9.61708E-02  6.62240E-02
   282.00000  1.60998E-01  0.00000E+00  9.54867E-02  6.55110E-02
   283.00000  1.59617E-01  0.00000E+00  9.48091E-02  6.48081E-02
   284.00000  1.58253E-01  0.00000E+00  9.41380E-02  6.41150E-02
   285.00000  1.56905E-01  0.00000E+00  9.34732E-02  6.34317E-02
   286.00000  1.55572E-01  0.00000E+00  9.28147E-02  6.27578E-02
   287.00000  1.54256E-01  0.00000E+00  9.21625E-02  6.20932E-02
   288.00000  1.52954E-01  0.00000E+00  9.15164E-02  6.14379E-02
   289.00000  1.51668E-01  0.00000E+00  9.08764E-02  6.07916E-02
   290.00000  1.50397E-01  0.00000E+00  9.02424E-02  6.01542E-02
   291.00000  1.49140E-01  0.00000E+00  8.96143E-02  5.95255E-02
   292.00000  1.47898E-01  0.00000E+00  8.89921E-02  5.89054E-02
   293.00000  1.46669E-01  0.00000E+00  8.83757E-02  5.82937E-02
   294.00000  1.45455E-01  0.00000E+00  8.77651E-02  5.76904E-02
   295.00000  1.44255E-01  0.00000E+00  8.71602E-02  5.70952E-02
   296.00000  1.43069E-01  0.00000E+00  8.65608E-02  5.65080E-02
   297.00000  1.41896E-01  0.00000E+00  8.59670E-02  5.59287E-02
   298.00000  1.40736E-01  0.00000E+00  8.53787E-02  5.53572E-02
   299.00000  1.39589E-01  0.00000E+00  8.47959E-02  5.47933E-02
   300.00000  1.38455E-01  0.00000E+00  8.42183E-02  5.42369E-02
   301.00000  1.37334E-01  0.00000E+00  8.36461E-02  5.36879E-02
   302.00000  1.36225E-01  0.00000E+00  8.30792E-02  5.31462E-02
   303.00000  1.35129E-01  0.00000E+00  8.25174E-02  5.26116E-02
   304.00000  1.34045E-01  0.00000E+00  8.19608E-02  5.20841E-02
   305.00000  1.32973E-01  0.00000E+00  8.14092E-02  5.15635E-02
   306.00000  1.31912E-01  0.00000E+00  8.08627E-02  5.10496E-02
   307.00000  1.30864E-01  0.00000E+00  8.03211E-02  5.05425E-02
   308.00000  1.29826E-01  0.00000E+00  7.97844E-02  5.00419E-02
   309.00000  1.28800E-01  0.00000E+00  7.92526E-02  4.95479E-02
   310.00000  1.27786E-01  0.00000E+00  7.87256E-02  4.90602E-02
   311.00000  1.26782E-01  0.00000E+00  7.82034E-02  4.85787E-02
   312.00000  1.25789E-01  0.00000E+00  7.76858E-02  4.81035E-02
   313.00000  1.24807E-01  0.00000E+00  7.71729E-02  4.76343E-02
   314.00000  1.23836E-01  0.00000E+00  7.66646E-02  4.71711E-02
   315.00000  1.22875E-01  0.00000E+00  7.61609E-02  4.67138E-02
   316.00000  1.21924E-01  0.00000E+00  7.56616E-02  4.62623E-02
   317.00000  1.20983E-01  0.00000E+00  7.51668E-02  4.58165E-02
   318.00000  1.20053E-01  0.00000E+00  7.46764E-02  4.53763E-02
   319.00000  1.19132E-01  0.00000E+00  7.41903E-02  4.49416E-02
   320.00000  1.18221E-01  0.00000E+00  7.37086E-02  4.45123E-02
   321.00000  1.17320E-01  0.00000E+00  7.32311E-02  4.40884E-02
   322.00000  1.16428E-01  0.00000E+00  7.27579E-02  4.36698E-02
   323.00000  1.15545E-01  0.00000E+00  7.22888E-02  4.32564E-02
   324.00000  1.14672E-01  0.00000E+00  7.18239E-02  4.28480E-02
   325.00000  1.13808E-01  0.00000E+00  7.13630E-02  4.24447E-02
   326.00000  1.12953E-01  0.00000E+00  7.09062E-02  4.20463E-02
   327.00000  1.12106E-01  0.00000E+00  7.04534E-02  4.16528E-02
   328.00000  1.11269E-01  0.00000E+00  7.00045E-02  4.12641E-02
   329.00000  1.10440E-01  0.00000E+00  6.95596E-02  4.08802E-02
   330.00000  1.09619E-01  0.00000E+00  6.91185E-02  4.05009E-02
   331.00000  1.08807E-01  0.00000E+00  6.86813E-02  4.01261E-02
   332.00000  1.08004E-01  0.00000E+00  6.82479E-02  3.97559E-02
   333.00000  1.07208E-01  0.00000E+00  6.78182E-02  3.93901E-02
   334.00000  1.06421E-01  0.00000E+00  6.73922E-02  3.90287E-02
   335.00000  1.05642E-01  0.00000E+00  6.69699E-02  3.86716E-02
   336.00000  1.04870E-01  0.00000E+00  6.65513E-02  3.83188E-02
   337.00000  1.04106E-01  0.00000E+00  6.61362E-02  3.79701E-02
   338.00000  1.03350E-01  0.00000E+00  6.57247E-02  3.76256E-02
   339.00000  1.02602E-01  0.00000E+00  6.53168E-02  3.72851E-02
   340.00000  1.01861E-01  0.00000E+00  6.49123E-02  3.69486E-02
   341.00000  1.01127E-01  0.00000E+00  6.45113E-02  3.66161E-02
   342.00000  1.00401E-01  0.00000E+00  6.41137E-02  3.62874E-02
   343.00000  9.96821E-02  0.00000E+00  6.37194E-02  3.59626E-02
   344.00000  9.89701E-02  0.00000E+00  6.33286E-02  3.56416E-02
   345.00000  9.82652E-02  0.00000E+00  6.29410E-02  3.53242E-02
   346.00000  9.75673E-02  0.00000E+00  6.25567E-02  3.50106E-02
   347.00000  9.68762E-02  0.00000E+00  6.21757E-02  3.47005E-02
   348.00000  9.61918E-02  0.00000E+00  6.17978E-02  3.43940E-02
   349.00000  9.55142E-02  0.00000E+00  6.14232E-02  3.40910E-02
   350.00000  9.48431E-02  0.00000E+00  6.10517E-02  3.37914E-02
   351.00000  9.41786E-02  0.00000E+00  6.06833E-02  3.34953E-02
   352.00000  9.35205E-02  0.00000E+00  6.03179E-02  3.32025E-02
   353.00000  9.28687E-02  0.00000E+00  5.99557E-02  3.29131E-02
   354.00000  9.22233E-02  0.00000E+00  5.95964E-02  3.26268E-02
   355.00000  9.15840E-02  0.00000E+00  5.92402E-02  3.23439E-02
   356.00000  9.09509E-02  0.00000E+00  5.88869E-02  3.20640E-02
   357.00000  9.03238E-02  0.00000E+00  5.85365E-02  3.17873E-02
   358.00000  8.97027E-02  0.00000E+00  5.81890E-02  3.15137E-02
   359.00000  8.90875E-02  0.00000E+00  5.78444E-02  3.12431E-02
   360.00000  8.84782E-02  0.00000E+00  5.75026E-02  3.09756E-02
   361.00000  8.78746E-02  0.00000E+00  5.71636E-02  3.07109E-02
   362.00000  8.72767E-02  0.00000E+00  5.68275E-02  3.04492E-02
   363.00000  8.66844E-02  0.00000E+00  5.64940E-02  3.01904E-02
   364.00000  8.60977E-02  0.00000E+00  5.61633E-02  2.99344E-02
   365.00000  8.55165E-02  0.00000E+00  5.58353E-02  2.96812E-02
   366.00000  8.49407E-02  0.00000E+00  5.55099E-02  2.94307E-02
   367.00000  8.43702E-02  0.00000E+00  5.51872E-02  2.91830E-02
   368.00000  8.38051E-02  0.00000E+00  5.48672E-02  2.89379E-02
   369.00000  8.32452E-02  0.00000E+00  5.45497E-02  2.86955E-02
   370.00000  8.26904E-02  0.00000E+00  5.42347E-02  2.84557E-02
   371.00000  8.21408E-02  0.00000E+00  5.39223E-02  2.82185E-02
   372.00000  8.15962E-02  0.00000E+00  5.36124E-02  2.79838E-02
   373.00000  8.10567E-02  0.00000E+00  5.33050E-02  2.77516E-02
   374.00000  8.05220E-02  0.00000E+00  5.30001E-02  2.75219E-02
   375.00000  7.99922E-02  0.00000E+00  5.26976E-02  2.72946E-02
   376.00000  7.94673E-02  0.00000E+00  5.23975E-02  2.70698E-02
   377.00000  7.89471E-02  0.00000E+00  5.20998E-02  2.68473E-02
   378.00000  7.84316E-02  0.00000E+00  5.18044E-02  2.66271E-02
   379.00000  7.79207E-02  0.00000E+00  5.15114E-02  2.64093E-02
   380.00000  7.74145E-02  0.00000E+00  5.12208E-02  2.61937E-02
   381.00000  7.69128E-02  0.00000E+00  5.09324E-02  2.59804E-02
   382.00000  7.64156E-02  0.00000E+00  5.06463E-02  2.57693E-02
   383.00000  7.59228E-02  0.00000E+00  5.03624E-02  2.55604E-02
   384.00000  7.54344E-02  0.00000E+00  5.00807E-02  2.53537E-02
   385.00000  7.49504E-02  0.00000E+00  4.98013E-02  2.51491E-02
   386.00000  7.44706E-02  0.00000E+00  4.95240E-02  2.49466E-02
   387.00000  7.39951E-02  0.00000E+00  4.92489E-02  2.47462E-02
   388.00000  7.35238E-02  0.00000E+00  4.89760E-02  2.45479E-02
   389.00000  7.30567E-02  0.00000E+00  4.87051E-02  2.43515E-02
   390.00000  7.25936E-02  0.00000E+00  4.84364E-02  2.41572E-02
   391.00000  7.21346E-02  0.00000E+00  4.81697E-02  2.39649E-02
   392.00000  7.16796E-02  0.00000E+00  4.79051E-02  2.37745E-02
   393.00000  7.12286E-02  0.00000E+00  4.76425E-02  2.35861E-02
   394.00000  7.07814E-02  0.00000E+00  4.73819E-02  2.33995E-02
   395.00000  7.03382E-02  0.00000E+00  4.71234E-02  2.32148E-02
   396.00000  6.98988E-02  0.00000E+00  4.68667E-02  2.30320E-02
   397.00000  6.94631E-02  0.00000E+00  4.66121E-02  2.28510E-02
   398.00000  6.90313E-02  0.00000E+00  4.63594E-02  2.26719E-02
   399.00000  6.86031E-02  0.00000E+00  4.61086E-02  2.24945E-02
   400.00000  6.81786E-02  0.00000E+00  4.58597E-02  2.23189E-02
   401.00000  6.77577E-02  0.00000E+00  4.56127E-02  2.21450E-02
   402.00000  6.73404E-02  0.00000E+00  4.53675E-02  2.19728E-02
   403.00000  6.69266E-02  0.00000E+00  4.51242E-02  2.18024E-02
   404.00000  6.65164E-02  0.00000E+00  4.48827E-02  2.16336E-02
   405.00000  6.61096E-02  0.00000E+00  4.46431E-02  2.14665E-02
   406.00000  6.57062E-02  0.00000E+00  4.44052E-02  2.13010E-02
   407.00000  6.53062E-02  0.00000E+00  4.41691E-02  2.11372E-02
   408.00000  6.49096E-02  0.00000E+00  4.39347E-02  2.09749E-02
   409.00000  6.45163E-02  0.00000E+00  4.37021E-02  2.08142E-02
   410.00000  6.41263E-02  0.00000E+00  4.34712E-02  2.06551E-02
   411.00000  6.37395E-02  0.00000E+00  4.32420E-02  2.04975E-02
   412.00000  6.33560E-02  0.00000E+00  4.30145E-02  2.03415E-02
   413.00000  6.29756E-02  0.00000E+00  4.27887E-02  2.01869E-02
   414.00000  6.25983E-02  0.00000E+00  4.25645E-02  2.00339E-02
   415.00000  6.22242E-02  0.00000E+00  4.23419E-02  1.98823E-02
   416.00000  6.18532E-02  0.00000E+00  4.21210E-02  1.97321E-02
   417.00000  6.14851E-02  0.00000E+00  4.19017E-02  1.95834E-02
   418.00000  6.11201E-02  0.00000E+00  4.16840E-02  1.94362E-02
   419.00000  6.07581E-02  0.00000E+00  4.14679E-02  1.92903E-02
   420.00000  6.03990E-02  0.00000E+00  4.12533E-02  1.91458E-02
   421.00000  6.00429E-02  0.00000E+00  4.10402E-02  1.90026E-02
   422.00000  5.96896E-02  0.00000E+00  4.08288E-02  1.88609E-02
   423.00000  5.93392E-02  0.00000E+00  4.06188E-02  1.87204E-02
   424.00000  5.89916E-02  0.00000E+00  4.04103E-02  1.85813E-02
   425.00000  5.86468E-02  0.00000E+00  4.02033E-02  1.84435E-02
   426.00000  5.83048E-02  0.00000E+00  3.99978E-02  1.83070E-02
   427.00000  5.79655E-02  0.00000E+00  3.97938E-02  1.81718E-02
   428.00000  5.76290E-02  0.00000E+00  3.95912E-02  1.80378E-02
   429.00000  5.72951E-02  0.00000E+00  3.93900E-02  1.79051E-02
   430.00000  5.69638E-02  0.00000E+00  3.91903E-02  1.77736E-02
   431.00000  5.66352E-02  0.00000E+00  3.89919E-02  1.76433E-02
   432.00000  5.63092E-02  0.00000E+00  3.87950E-02  1.75142E-02
   433.00000  5.59858E-02  0.00000E+00  3.85994E-02  1.73863E-02
   434.00000  5.56649E-02  0.00000E+00  3.84052E-02  1.72596E-02
   435.00000  5.53465E-02  0.00000E+00  3.82124E-02  1.71341E-02
   436.00000  5.50306E-02  0.00000E+00  3.80209E-02  1.70097E-02
   437.00000  5.47172E-02  0.00000E+00  3.78307E-02  1.68865E-02
   438.00000  5.44063E-02  0.00000E+00  3.76419E-02  1.67644E-02
   439.00000  5.40977E-02  0.00000E+00  3.74543E-02  1.66434E-02
   440.00000  5.37916E-02  0.00000E+00  3.72681E-02  1.65235E-02
   441.00000  5.34878E-02  0.00000E+00  3.70831E-02  1.64047E-02
   442.00000  5.31864E-02  0.00000E+00  3.68994E-02  1.62870E-02
   443.00000  5.28873E-02  0.00000E+00  3.67170E-02  1.61703E-02
   444.00000  5.25905E-02  0.00000E+00  3.65358E-02  1.60547E-02
   445.00000  5.22960E-02  0.00000E+00  3.63558E-02  1.59401E-02
   446.00000  5.20037E-02  0.00000E+00  3.61771E-02  1.58266E-02
   447.00000  5.17137E-02  0.00000E+00  3.59996E-02  1.57141E-02
   448.00000  5.14259E-02  0.00000E+00  3.58233E-02  1.56026E-02
   449.00000  5.11402E-02  0.00000E+00  3.56481E-02  1.54921E-02
   450.00000  5.08568E-02  0.00000E+00  3.54742E-02  1.53826E-02
   451.00000  5.05754E-02  0.00000E+00  3.53014E-02  1.52740E-02
   452.00000  5.02962E-02  0.00000E+00  3.51298E-02  1.51664E-02
   453.00000  5.00191E-02  0.00000E+00  3.49593E-02  1.50598E-02
   454.00000  4.97441E-02  0.00000E+00  3.47900E-02  1.49541E-02
   455.00000  4.94712E-02  0.00000E+00  3.46218E-02  1.48494E-02
   456.00000  4.92003E-02  0.00000E+00  3.44547E-02  1.47456E-02
   457.00000  4.89314E-02  0.00000E+00  3.42887E-02  1.46426E-02
   458.00000  4.86645E-02  0.00000E+00  3.41238E-02  1.45406E-02
   459.00000  4.83996E-02  0.00000E+00  3.39600E-02  1.44395E-02
   460.00000  4.81366E-02  0.00000E+00  3.37973E-02  1.43393E-02
   461.00000  4.78757E-02  0.00000E+00  3.36357E-02  1.42400E-02
   462.00000  4.76166E-02  0.00000E+00  3.34751E-02  1.41415E-02
   463.00000  4.73594E-02  0.00000E+00  3.33156E-02  1.40439E-02
   464.00000  4.71042E-02  0.00000E+00  3.31571E-02  1.39471E-02
   465.00000  4.68508E-02  0.00000E+00  3.29996E-02  1.38512E-02
   466.00000  4.65992E-02  0.00000E+00  3.28432E-02  1.37561E-02
   467.00000  4.63495E-02  0.00000E+00  3.26877E-02  1.36618E-02
   468.00000  4.61016E-02  0.00000E+00  3.25333E-02  1.35683E-02
   469.00000  4.58555E-02  0.00000E+00  3.23799E-02  1.34757E-02
   470.00000  4.56112E-02  0.00000E+00  3.22274E-02  1.33838E-02
   471.00000  4.53687E-02  0.00000E+00  3.20760E-02  1.32927E-02
   472.00000  4.51279E-02  0.00000E+00  3.19255E-02  1.32024E-02
   473.00000  4.48889E-02  0.00000E+00  3.17760E-02  1.31129E-02
   474.00000  4.46516E-02  0.00000E+00  3.16274E-02  1.30242E-02
   475.00000  4.44159E-02  0.00000E+00  3.14798E-02  1.29362E-02
   476.00000  4.41820E-02  0.00000E+00  3.13331E-02  1.28489E-02
   477.00000  4.39497E-02  0.00000E+00  3.11873E-02  1.27624E-02
   478.00000  4.37191E-02  0.00000E+00  3.10425E-02  1.26766E-02
   479.00000  4.34902E-02  0.00000E+00  3.08986E-02  1.25916E-02
   480.00000  4.32628E-02  0.00000E+00  3.07555E-02  1.25073E-02
   481.00000  4.30371E-02  0.00000E+00  3.06134E-02  1.24237E-02
   482.00000  4.28130E-02  0.00000E+00  3.04722E-02  1.23408E-02
   483.00000  4.25904E-02  0.00000E+00  3.03319E-02  1.22585E-02
   484.00000  4.23694E-02  0.00000E+00  3.01924E-02  1.21770E-02
   485.00000  4.21500E-02  0.00000E+00  3.00538E-02  1.20962E-02
   486.00000  4.19321E-02  0.00000E+00  2.99161E-02  1.20160E-02
   487.00000  4.17157E-02  0.00000E+00  2.97792E-02  1.19365E-02
   488.00000  4.15008E-02  0.00000E+00  2.96431E-02  1.18577E-02
   489.00000  4.12875E-02  0.00000E+00  2.95079E-02  1.17795E-02
   490.00000  4.10756E-02  0.00000E+00  2.93736E-02  1.17020E-02
   491.00000  4.08652E-02  0.00000E+00  2.92401E-02  1.16251E-02
   492.00000  4.06562E-02  0.00000E+00  2.91073E-02  1.15489E-02
   493.00000  4.04487E-02  0.00000E+00  2.89754E-02  1.14733E-02
   494.00000  4.02426E-02  0.00000E+00  2.88444E-02  1.13983E-02
   495.00000  4.00380E-02  0.00000E+00  2.87141E-02  1.13239E-02
   496.00000  3.98347E-02  0.00000E+00  2.85846E-02  1.12502E-02
   497.00000  3.96329E-02  0.00000E+00  2.84558E-02  1.11770E-02
   498.00000  3.94324E-02  0.00000E+00  2.83279E-02  1.11045E-02
   499.00000  3.92333E-02  0.00000E+00  2.82008E-02  1.10325E-02
   500.00000  3.90355E-02  0.00000E+00  2.80744E-02  1.09611E-02
   501.00000  3.88391E-02  0.00000E+00  2.79487E-02  1.08903E-02
   502.00000  3.86440E-02  0.00000E+00  2.78239E-02  1.08201E-02
   503.00000  3.84502E-02  0.00000E+00  2.76998E-02  1.07505E-02
   504.00000  3.82578E-02  0.00000E+00  2.75764E-02  1.06814E-02
   505.00000  3.80666E-02  0.00000E+00  2.74538E-02  1.06129E-02
   506.00000  3.78768E-02  0.00000E+00  2.73318E-02  1.05449E-02
   507.00000  3.76882E-02  0.00000E+00  2.72107E-02  1.04775E-02
   508.00000  3.75009E-02  0.00000E+00  2.70902E-02  1.04106E-02
   509.00000  3.73148E-02  0.00000E+00  2.69705E-02  1.03443E-02
   510.00000  3.71300E-02  0.00000E+00  2.68514E-02  1.02785E-02
   511.00000  3.69464E-02  0.00000E+00  2.67331E-02  1.02132E-02
   512.00000  3.67640E-02  0.00000E+00  2.66155E-02  1.01485E-02
   513.00000  3.65828E-02  0.00000E+00  2.64986E-02  1.00843E-02
   514.00000  3.64029E-02  0.00000E+00  2.63823E-02  1.00205E-02
   515.00000  3.62241E-02  0.00000E+00  2.62667E-02  9.95733E-03
   516.00000  3.60465E-02  0.00000E+00  2.61519E-02  9.89463E-03
   517.00000  3.58701E-02  0.00000E+00  2.60376E-02  9.83242E-03
   518.00000  3.56948E-02  0.00000E+00  2.59241E-02  9.77071E-03
   519.00000  3.55207E-02  0.00000E+00  2.58112E-02  9.70948E-03
   520.00000  3.53477E-02  0.00000E+00  2.56990E-02  9.64874E-03
   521.00000  3.51759E-02  0.00000E+00  2.55874E-02  9.58848E-03
   522.00000  3.50052E-02  0.00000E+00  2.54765E-02  9.52869E-03
   523.00000  3.48356E-02  0.00000E+00  2.53662E-02  9.46938E-03
   524.00000  3.46671E-02  0.00000E+00  2.52566E-02  9.41053E-03
   525.00000  3.44997E-02  0.00000E+00  2.51475E-02  9.35215E-03
   526.00000  3.43334E-02  0.00000E+00  2.50392E-02  9.29422E-03
   527.00000  3.41681E-02  0.00000E+00  2.49314E-02  9.23674E-03
   528.00000  3.40040E-02  0.00000E+00  2.48243E-02  9.17972E-03
   529.00000  3.38409E-02  0.00000E+00  2.47177E-02  9.12313E-03
   530.00000  3.36788E-02  0.00000E+00  2.46118E-02  9.06699E-03
   531.00000  3.35178E-02  0.00000E+00  2.45065E-02  9.01129E-03
   532.00000  3.33578E-02  0.00000E+00  2.44018E-02  8.95602E-03
   533.00000  3.31988E-02  0.00000E+00  2.42977E-02  8.90117E-03
   534.00000  3.30409E-02  0.00000E+00  2.41941E-02  8.84676E-03
   535.00000  3.28840E-02  0.00000E+00  2.40912E-02  8.79276E-03
   536.00000  3.27280E-02  0.00000E+00  2.39888E-02  8.73917E-03
   537.00000  5.09405E-01  4.76832E-01  2.38871E-02  8.68600E-03
   538.00000  5.11297E-01  4.78878E-01  2.37859E-02  8.63324E-03
   539.00000  5.12256E-01  4.79989E-01  2.36852E-02  8.58089E-03
   540.00000  5.12540E-01  4.80426E-01  2.35852E-02  8.52893E-03
   541.00000  5.12331E-01  4.80368E-01  2.34857E-02  8.47737E-03
   542.00000  5.11765E-01  4.79952E-01  2.33867E-02  8.42621E-03
   543.00000  5.10950E-01  4.79286E-01  2.32884E-02  8.37544E-03
   544.00000  5.09958E-01  4.78442E-01  2.31905E-02  8.32505E-03
   545.00000  5.08845E-01  4.77477E-01  2.30932E-02  8.27504E-03
   546.00000  5.07652E-01  4.76430E-01  2.29965E-02  8.22542E-03
   547.00000  5.06410E-01  4.75333E-01  2.29003E-02  8.17617E-03
   548.00000  5.05138E-01  4.74206E-01  2.28046E-02  8.12729E-03
   549.00000  5.03852E-01  4.73063E-01  2.27095E-02  8.07878E-03
   550.00000  5.02562E-01  4.71916E-01  2.26149E-02  8.03064E-03
   551.00000  5.01276E-01  4.70772E-01  2.25208E-02  7.98286E-03
   552.00000  4.99998E-01  4.69635E-01  2.24272E-02  7.93544E-03
   553.00000  4.98730E-01  4.68508E-01  2.23341E-02  7.88837E-03
   554.00000  4.97476E-01  4.67392E-01  2.22416E-02  7.84166E-03
   555.00000  4.96234E-01  4.66289E-01  2.21496E-02  7.79530E-03
   556.00000  4.95004E-01  4.65197E-01  2.20581E-02  7.74928E-03
   557.00000  4.93787E-01  4.64116E-01  2.19670E-02  7.70361E-03
   558.00000  4.92579E-01  4.63044E-01  2.18765E-02  7.65827E-03
   559.00000  4.91380E-01  4.61980E-01  2.17865E-02  7.61328E-03
   560.00000  4.90188E-01  4.60923E-01  2.16970E-02  7.56861E-03
   561.00000  4.89002E-01  4.59870E-01  2.16079E-02  7.52428E-03
   562.00000  4.87819E-01  4.58820E-01  2.15194E-02  7.48028E-03
   563.00000  4.86639E-01  4.57771E-01  2.14313E-02  7.43660E-03
   564.00000  4.85458E-01  4.56721E-01  2.13437E-02  7.39324E-03
   565.00000  4.84276E-01  4.55669E-01  2.12566E-02  7.35020E-03
   566.00000  4.83090E-01  4.54613E-01  2.11699E-02  7.30748E-03
   567.00000  4.81900E-01  4.53551E-01  2.10838E-02  7.26508E-03
   568.00000  4.80704E-01  4.52483E-01  2.09980E-02  7.22298E-03
   569.00000  4.79501E-01  4.51407E-01  2.09128E-02  7.18119E-03
   570.00000  4.78289E-01  4.50321E-01  2.08280E-02  7.13971E-03
   571.00000  4.77068E-01  4.49226E-01  2.07437E-02  7.09853E-03
   572.00000  4.75836E-01  4.48119E-01  2.06598E-02  7.05766E-03
   573.00000  4.74593E-01  4.47000E-01  2.05764E-02  7.01707E-03
   574.00000  4.73338E-01  4.45868E-01  2.04934E-02  6.97679E-03
   575.00000  4.72071E-01  4.44723E-01  2.04109E-02  6.93680E-03
   576.00000  4.70790E-01  4.43564E-01  2.03288E-02  6.89709E-03
   577.00000  4.69495E-01  4.42390E-01  2.02471E-02  6.85768E-03
   578.00000  4.68187E-01  4.41202E-01  2.01659E-02  6.81854E-03
   579.00000  4.66864E-01  4.39999E-01  2.00851E-02  6.77970E-03
   580.00000  4.65527E-01  4.38781E-01  2.00048E-02  6.74113E-03
   581.00000  4.64175E-01  4.37548E-01  1.99248E-02  6.70284E-03
   582.00000  4.62809E-01  4.36299E-01  1.98453E-02  6.66482E-03
   583.00000  4.61428E-01  4.35035E-01  1.97663E-02  6.62707E-03
   584.00000  4.60033E-01  4.33756E-01  1.96876E-02  6.58960E-03
   585.00000  4.58623E-01  4.32462E-01  1.96094E-02  6.55239E-03
   586.00000  4.57200E-01  4.31153E-01  1.95315E-02  6.51545E-03
   587.00000  4.55762E-01  4.29829E-01  1.94541E-02  6.47878E-03
   588.00000  4.54311E-01  4.28492E-01  1.93771E-02  6.44236E-03
   589.00000  4.52847E-01  4.27140E-01  1.93005E-02  6.40620E-03
   590.00000  4.51370E-01  4.25775E-01  1.92243E-02  6.37030E-03
   591.00000  4.49880E-01  4.24397E-01  1.91485E-02  6.33465E-03
   592.00000  4.48379E-01  4.23007E-01  1.90731E-02  6.29926E-03
   593.00000  4.46866E-01  4.21604E-01  1.89981E-02  6.26411E-03
   594.00000  4.45342E-01  4.20189E-01  1.89235E-02  6.22921E-03
   595.00000  4.43808E-01  4.18764E-01  1.88493E-02  6.19456E-03
   596.00000  4.42263E-01  4.17328E-01  1.87754E-02  6.16015E-03
   597.00000  4.40709E-01  4.15881E-01  1.87020E-02  6.12598E-03
   598.00000  4.39147E-01  4.14426E-01  1.86289E-02  6.09206E-03
   599.00000  4.37575E-01  4.12961E-01  1.85562E-02  6.05836E-03
   600.00000  4.35997E-01  4.11488E-01  1.84839E-02  6.02491E-03
   601.00000  4.34411E-01  4.10007E-01  1.84120E-02  5.99168E-03
   602.00000  4.32818E-01  4.08519E-01  1.83404E-02  5.95869E-03
   603.00000  4.31220E-01  4.07024E-01  1.82692E-02  5.92593E-03
   604.00000  4.29616E-01  4.05524E-01  1.81984E-02  5.89339E-03
   605.00000  4.28007E-01  4.04018E-01  1.81280E-02  5.86108E-03
   606.00000  4.26394E-01  4.02507E-01  1.80579E-02  5.82900E-03
   607.00000  4.24777E-01  4.00992E-01  1.79882E-02  5.79713E-03
   608.00000  4.23157E-01  3.99473E-01  1.79188E-02  5.76548E-03
   609.00000  4.21534E-01  3.97951E-01  1.78498E-02  5.73406E-03
   610.00000  4.19910E-01  3.96426E-01  1.77811E-02  5.70284E-03
   611.00000  4.18284E-01  3.94899E-01  1.77128E-02  5.67185E-03
   612.00000  4.16656E-01  3.93370E-01  1.76449E-02  5.64106E-03
   613.00000  4.15029E-01  3.91841E-01  1.75773E-02  5.61049E-03
   614.00000  4.13401E-01  3.90311E-01  1.75100E-02  5.58012E-03
   615.00000  4.11774E-01  3.88781E-01  1.74431E-02  5.54996E-03
   616.00000  4.10148E-01  3.87251E-01  1.73765E-02  5.52001E-03
   617.00000  4.08523E-01  3.85722E-01  1.73103E-02  5.49026E-03
   618.00000  4.06900E-01  3.84195E-01  1.72444E-02  5.46071E-03
   619.00000  4.05279E-01  3.82669E-01  1.71789E-02  5.43137E-03
   620.00000  4.03661E-01  3.81145E-01  1.71136E-02  5.40222E-03
   621.00000  4.02046E-01  3.79624E-01  1.70487E-02  5.37327E-03
   622.00000  4.00435E-01  3.78106E-01  1.69842E-02  5.34452E-03
   623.00000  3.98828E-01  3.76592E-01  1.69199E-02  5.31596E-03
   624.00000  3.97224E-01  3.75081E-01  1.68560E-02  5.28759E-03
   625.00000  3.95626E-01  3.73574E-01  1.67924E-02  5.25942E-03
   626.00000  3.94032E-01  3.72071E-01  1.67292E-02  5.23143E-03
   627.00000  3.92443E-01  3.70573E-01  1.66662E-02  5.20363E-03
   628.00000  3.90860E-01  3.69080E-01  1.66036E-02  5.17602E-03
   629.00000  3.89283E-01  3.67593E-01  1.65413E-02  5.14859E-03
   630.00000  3.87711E-01  3.66111E-01  1.64793E-02  5.12135E-03
   631.00000  3.86146E-01  3.64634E-01  1.64176E-02  5.09429E-03
   632.00000  3.84588E-01  3.63164E-01  1.63562E-02  5.06741E-03
   633.00000  3.83036E-01  3.61700E-01  1.62951E-02  5.04070E-03
   634.00000  3.81491E-01  3.60243E-01  1.62344E-02  5.01418E-03
   635.00000  3.79954E-01  3.58792E-01  1.61739E-02  4.98783E-03
   636.00000  3.78423E-01  3.57348E-01  1.61137E-02  4.96166E-03
   637.00000  3.76901E-01  3.55911E-01  1.60539E-02  4.93565E-03
   638.00000  3.75386E-01  3.54482E-01  1.59943E-02  4.90983E-03
   639.00000  3.73879E-01  3.53059E-01  1.59351E-02  4.88417E-03
   640.00000  3.72379E-01  3.51645E-01  1.58761E-02  4.85868E-03
   641.00000  3.70888E-01  3.50238E-01  1.58174E-02  4.83336E-03
   642.00000  3.69405E-01  3.48838E-01  1.57590E-02  4.80820E-03
   643.00000  3.67931E-01  3.47447E-01  1.57009E-02  4.78321E-03
   644.00000  3.66465E-01  3.46063E-01  1.56431E-02  4.75839E-03
   645.00000  3.65007E-01  3.44688E-01  1.55856E-02  4.73372E-03
   646.00000  3.63559E-01  3.43321E-01  1.55284E-02  4.70922E-03
   647.00000  3.62118E-01  3.41962E-01  1.54714E-02  4.68488E-03
   648.00000  3.60687E-01  3.40611E-01  1.54147E-02  4.66069E-03
   649.00000  3.59264E-01  3.39269E-01  1.53583E-02  4.63667E-03
   650.00000  3.57850E-01  3.37935E-01  1.53022E-02  4.61280E-03
   651.00000  3.56445E-01  3.36609E-01  1.52464E-02  4.58908E-03
   652.00000  3.55049E-01  3.35292E-01  1.51908E-02  4.56552E-03
   653.00000  3.53661E-01  3.33984E-01  1.51355E-02  4.54211E-03
   654.00000  3.52283E-01  3.32683E-01  1.50805E-02  4.51885E-03
   655.00000  3.50913E-01  3.31392E-01  1.50257E-02  4.49574E-03
   656.00000  3.49553E-01  3.30109E-01  1.49712E-02  4.47278E-03
   657.00000  3.48201E-01  3.28834E-01  1.49170E-02  4.44997E-03
   658.00000  3.46858E-01  3.27568E-01  1.48631E-02  4.42731E-03
   659.00000  3.45524E-01  3.26310E-01  1.48094E-02  4.40479E-03
   660.00000  3.44199E-01  3.25061E-01  1.47559E-02  4.38241E-03
   661.00000  3.42883E-01  3.23820E-01  1.47028E-02  4.36018E-03
   662.00000  3.41575E-01  3.22587E-01  1.46499E-02  4.33809E-03
   663.00000  3.40276E-01  3.21363E-01  1.45972E-02  4.31614E-03
   664.00000  3.38986E-01  3.20147E-01  1.45448E-02  4.29433E-03
   665.00000  3.37705E-01  3.18940E-01  1.44926E-02  4.27266E-03
   666.00000  3.36432E-01  3.17740E-01  1.44407E-02  4.25112E-03
   667.00000  3.35168E-01  3.16549E-01  1.43891E-02  4.22973E-03
   668.00000  3.33912E-01  3.15366E-01  1.43377E-02  4.20847E-03
   669.00000  3.32665E-01  3.14191E-01  1.42866E-02  4.18734E-03
   670.00000  3.31426E-01  3.13024E-01  1.42357E-02  4.16635E-03
   671.00000  3.30195E-01  3.11865E-01  1.41850E-02  4.14549E-03
   672.00000  3.28973E-01  3.10714E-01  1.41346E-02  4.12476E-03
   673.00000  3.27759E-01  3.09570E-01  1.40844E-02  4.10416E-03
   674.00000  3.26553E-01  3.08435E-01  1.40345E-02  4.08369E-03
   675.00000  3.25355E-01  3.07307E-01  1.39848E-02  4.06335E-03
   676.00000  3.24165E-01  3.06186E-01  1.39353E-02  4.04314E-03
   677.00000  3.22983E-01  3.05074E-01  1.38861E-02  4.02306E-03
   678.00000  3.21808E-01  3.03968E-01  1.38371E-02  4.00310E-03
   679.00000  3.20642E-01  3.02870E-01  1.37884E-02  3.98326E-03
   680.00000  3.19483E-01  3.01779E-01  1.37398E-02  3.96355E-03
   681.00000  3.18331E-01  3.00696E-01  1.36916E-02  3.94396E-03
   682.00000  3.17187E-01  2.99619E-01  1.36435E-02  3.92450E-03
   683.00000  3.16051E-01  2.98550E-01  1.35957E-02  3.90515E-03
   684.00000  3.14921E-01  2.97487E-01  1.35481E-02  3.88593E-03
   685.00000  3.13799E-01  2.96432E-01  1.35007E-02  3.86682E-03
   686.00000  3.12684E-01  2.95383E-01  1.34535E-02  3.84783E-03
   687.00000  3.11577E-01  2.94341E-01  1.34066E-02  3.82896E-03
   688.00000  3.10476E-01  2.93306E-01  1.33599E-02  3.81021E-03
   689.00000  3.09382E-01  2.92277E-01  1.33134E-02  3.79157E-03
   690.00000  3.08295E-01  2.91254E-01  1.32671E-02  3.77305E-03
   691.00000  3.07214E-01  2.90238E-01  1.32211E-02  3.75464E-03
   692.00000  3.06140E-01  2.89229E-01  1.31752E-02  3.73635E-03
   693.00000  3.05073E-01  2.88225E-01  1.31296E-02  3.71817E-03
   694.00000  3.04012E-01  2.87228E-01  1.30842E-02  3.70010E-03
   695.00000  3.02957E-01  2.86236E-01  1.30390E-02  3.68214E-03
   696.00000  3.01909E-01  2.85251E-01  1.29940E-02  3.66429E-03
   697.00000  3.00867E-01  2.84271E-01  1.29492E-02  3.64654E-03
   698.00000  2.99831E-01  2.83298E-01  1.29046E-02  3.62891E-03
   699.00000  2.98801E-01  2.82330E-01  1.28603E-02  3.61139E-03
   700.00000  2.97777E-01  2.81367E-01  1.28161E-02  3.59397E-03
   701.00000  2.96759E-01  2.80410E-01  1.27722E-02  3.57666E-03
   702.00000  2.95747E-01  2.79459E-01  1.27284E-02  3.55945E-03
   703.00000  2.94740E-01  2.78513E-01  1.26849E-02  3.54235E-03
   704.00000  2.93739E-01  2.77573E-01  1.26415E-02  3.52535E-03
   705.00000  2.92744E-01  2.76637E-01  1.25984E-02  3.50845E-03
   706.00000  2.91754E-01  2.75707E-01  1.25555E-02  3.49165E-03
   707.00000  2.90769E-01  2.74782E-01  1.25127E-02  3.47496E-03
   708.00000  2.89790E-01  2.73862E-01  1.24702E-02  3.45837E-03
   709.00000  2.88816E-01  2.72946E-01  1.24278E-02  3.44188E-03
   710.00000  2.87847E-01  2.72036E-01  1.23857E-02  3.42548E-03
   711.00000  2.86883E-01  2.71131E-01  1.23437E-02  3.40919E-03
   712.00000  2.85925E-01  2.70230E-01  1.23019E-02  3.39299E-03
   713.00000  2.84971E-01  2.69334E-01  1.22603E-02  3.37689E-03
   714.00000  2.84022E-01  2.68442E-01  1.22190E-02  3.36089E-03
   715.00000  2.83078E-01  2.67555E-01  1.21778E-02  3.34498E-03
   716.00000  2.82138E-01  2.66673E-01  1.21367E-02  3.32917E-03
   717.00000  2.81204E-01  2.65794E-01  1.20959E-02  3.31345E-03
   718.00000  2.80274E-01  2.64921E-01  1.20553E-02  3.29783E-03
   719.00000  2.79348E-01  2.64051E-01  1.20148E-02  3.28230E-03
   720.00000  2.78427E-01  2.63186E-01  1.19746E-02  3.26686E-03
   721.00000  2.77510E-01  2.62325E-01  1.19345E-02  3.25151E-03
   722.00000  2.76598E-01  2.61467E-01  1.18946E-02  3.23625E-03
   723.00000  2.75690E-01  2.60614E-01  1.18548E-02  3.22109E-03
   724.00000  2.74787E-01  2.59765E-01  1.18153E-02  3.20601E-03
   725.00000  2.73887E-01  2.58920E-01  1.17759E-02  3.19102E-03
   726.00000  2.72992E-01  2.58079E-01  1.17367E-02  3.17613E-03
   727.00000  2.72100E-01  2.57241E-01  1.16977E-02  3.16132E-03
   728.00000  2.71213E-01  2.56408E-01  1.16589E-02  3.14659E-03
   729.00000  2.70330E-01  2.55578E-01  1.16202E-02  3.13196E-03
   730.00000  2.69450E-01  2.54751E-01  1.15817E-02  3.11741E-03
   731.00000  2.68575E-01  2.53929E-01  1.15434E-02  3.10294E-03
   732.00000  2.67703E-01  2.53109E-01  1.15052E-02  3.08856E-03
   733.00000  2.66835E-01  2.52294E-01  1.14673E-02  3.07427E-03
   734.00000  2.65971E-01  2.51482E-01  1.14295E-02  3.06005E-03
   735.00000  2.65111E-01  2.50673E-01  1.13918E-02  3.04593E-03
   736.00000  2.64254E-01  2.49868E-01  1.13544E-02  3.03188E-03
   737.00000  2.63401E-01  2.49066E-01  1.13171E-02  3.01792E-03
   738.00000  2.62551E-01  2.48267E-01  1.12799E-02  3.00403E-03
   739.00000  2.61705E-01  2.47472E-01  1.12429E-02  2.99023E-03
   740.00000  2.60862E-01  2.46679E-01  1.12061E-02  2.97651E-03
   741.00000  2.60023E-01  2.45890E-01  1.11695E-02  2.96287E-03
   742.00000  2.59187E-01  2.45105E-01  1.11330E-02  2.94931E-03
   743.00000  2.58355E-01  2.44322E-01  1.10967E-02  2.93582E-03
   744.00000  2.57525E-01  2.43542E-01  1.10605E-02  2.92242E-03
   745.00000  2.56700E-01  2.42766E-01  1.10245E-02  2.90909E-03
   746.00000  2.55877E-01  2.41993E-01  1.09887E-02  2.89584E-03
   747.00000  2.55058E-01  2.41222E-01  1.09530E-02  2.88266E-03
   748.00000  2.54242E-01  2.40455E-01  1.09174E-02  2.86956E-03
   749.00000  2.53429E-01  2.39690E-01  1.08821E-02  2.85654E-03
   750.00000  2.52619E-01  2.38928E-01  1.08468E-02  2.84359E-03
   751.00000  2.51812E-01  2.38170E-01  1.08118E-02  2.83072E-03
   752.00000  2.51008E-01  2.37414E-01  1.07769E-02  2.81792E-03
   753.00000  2.50208E-01  2.36661E-01  1.07421E-02  2.80519E-03
   754.00000  2.49410E-01  2.35910E-01  1.07075E-02  2.79254E-03
   755.00000  2.48616E-01  2.35163E-01  1.06730E-02  2.77995E-03
   756.00000  2.47824E-01  2.34418E-01  1.06387E-02  2.76744E-03
   757.00000  2.47036E-01  2.33676E-01  1.06046E-02  2.75500E-03
   758.00000  2.46250E-01  2.32937E-01  1.05706E-02  2.74264E-03
   759.00000  2.45467E-01  2.32200E-01  1.05367E-02  2.73034E-03
   760.00000  2.44687E-01  2.31466E-01  1.05030E-02  2.71811E-03
   761.00000  2.43910E-01  2.30735E-01  1.04694E-02  2.70595E-03
   762.00000  2.43136E-01  2.30006E-01  1.04360E-02  2.69386E-03
   763.00000  2.42365E-01  2.29280E-01  1.04027E-02  2.68184E-03
   764.00000  2.41596E-01  2.28557E-01  1.03696E-02  2.66989E-03
   765.00000  2.40831E-01  2.27836E-01  1.03366E-02  2.65800E-03
   766.00000  2.40068E-01  2.27118E-01  1.03037E-02  2.64618E-03
   767.00000  2.39308E-01  2.26402E-01  1.02710E-02  2.63443E-03
   768.00000  2.38550E-01  2.25689E-01  1.02384E-02  2.62275E-03
   769.00000  2.37796E-01  2.24979E-01  1.02060E-02  2.61113E-03
   770.00000  2.37044E-01  2.24271E-01  1.01737E-02  2.59957E-03
   771.00000  2.36295E-01  2.23565E-01  1.01415E-02  2.58808E-03
   772.00000  2.35548E-01  2.22862E-01  1.01095E-02  2.57665E-03
   773.00000  2.34804E-01  2.22161E-01  1.00776E-02  2.56529E-03
   774.00000  2.34063E-01  2.21463E-01  1.00459E-02  2.55400E-03
   775.00000  2.33325E-01  2.20768E-01  1.00142E-02  2.54276E-03
   776.00000  2.32589E-01  2.20074E-01  9.98276E-03  2.53159E-03
   777.00000  2.31855E-01  2.19384E-01  9.95142E-03  2.52048E-03
   778.00000  2.31125E-01  2.18695E-01  9.92020E-03  2.50943E-03
   779.00000  2.30397E-01  2.18009E-01  9.88912E-03  2.49845E-03
   780.00000  2.29671E-01  2.17326E-01  9.85817E-03  2.48752E-03
   781.00000  2.28949E-01  2.16645E-01  9.82735E-03  2.47666E-03
   782.00000  2.28228E-01  2.15966E-01  9.79665E-03  2.46585E-03
   783.00000  2.27511E-01  2.15289E-01  9.76609E-03  2.45511E-03
   784.00000  2.26795E-01  2.14615E-01  9.73566E-03  2.44443E-03
   785.00000  2.26083E-01  2.13944E-01  9.70535E-03  2.43380E-03
   786.00000  2.25373E-01  2.13274E-01  9.67518E-03  2.42323E-03
   787.00000  2.24665E-01  2.12608E-01  9.64512E-03  2.41273E-03
   788.00000  2.23961E-01  2.11943E-01  9.61520E-03  2.40228E-03
   789.00000  2.23258E-01  2.11281E-01  9.58540E-03  2.39189E-03
   790.00000  2.22558E-01  2.10621E-01  9.55572E-03  2.38155E-03
   791.00000  2.21861E-01  2.09963E-01  9.52616E-03  2.37127E-03
   792.00000  2.21166E-01  2.09308E-01  9.49673E-03  2.36105E-03
   793.00000  2.20474E-01  2.08655E-01  9.46743E-03  2.35089E-03
   794.00000  2.19784E-01  2.08005E-01  9.43824E-03  2.34078E-03
   795.00000  2.19096E-01  2.07356E-01  9.40918E-03  2.33073E-03
   796.00000  2.18411E-01  2.06710E-01  9.38023E-03  2.32073E-03
   797.00000  2.17729E-01  2.06067E-01  9.35141E-03  2.31079E-03
   798.00000  2.17049E-01  2.05425E-01  9.32270E-03  2.30090E-03
   799.00000  2.16372E-01  2.04786E-01  9.29411E-03  2.29106E-03
   800.00000  2.15697E-01  2.04150E-01  9.26564E-03  2.28128E-03
   801.00000  2.15024E-01  2.03515E-01  9.23729E-03  2.27156E-03
   802.00000  2.14354E-01  2.02883E-01  9.20906E-03  2.26188E-03
   803.00000  2.13686E-01  2.02253E-01  9.18094E-03  2.25226E-03
   804.00000  2.13021E-01  2.01625E-01  9.15293E-03  2.24269E-03
   805.00000  2.12358E-01  2.01000E-01  9.12505E-03  2.23317E-03
   806.00000  2.11698E-01  2.00377E-01  9.09727E-03  2.22371E-03
   807.00000  2.11040E-01  1.99756E-01  9.06961E-03  2.21429E-03
   808.00000  2.10385E-01  1.99138E-01  9.04206E-03  2.20493E-03
   809.00000  2.09731E-01  1.98521E-01  9.01463E-03  2.19562E-03
   810.00000  2.09081E-01  1.97907E-01  8.98730E-03  2.18636E-03
   811.00000  2.08433E-01  1.97295E-01  8.96009E-03  2.17714E-03
   812.00000  2.07787E-01  1.96686E-01  8.93299E-03  2.16798E-03
   813.00000  2.07143E-01  1.96078E-01  8.90600E-03  2.15887E-03
   814.00000  2.06502E-01  1.95473E-01  8.87912E-03  2.14980E-03
   815.00000  2.05864E-01  1.94871E-01  8.85235E-03  2.14079E-03
   816.00000  2.05227E-01  1.94270E-01  8.82568E-03  2.13182E-03
   817.00000  2.04594E-01  1.93672E-01  8.79912E-03  2.12290E-03
   818.00000  2.03962E-01  1.93076E-01  8.77268E-03  2.11403E-03
   819.00000  2.03333E-01  1.92482E-01  8.74633E-03  2.10521E-03
   820.00000  2.02706E-01  1.91890E-01  8.72010E-03  2.09643E-03
   821.00000  2.02082E-01  1.91300E-01  8.69397E-03  2.08770E-03
   822.00000  2.01460E-01  1.90713E-01  8.66794E-03  2.07902E-03
   823.00000  2.00841E-01  1.90128E-01  8.64202E-03  2.07038E-03
   824.00000  2.00223E-01  1.89545E-01  8.61621E-03  2.06179E-03
   825.00000  1.99609E-01  1.88965E-01  8.59049E-03  2.05324E-03
   826.00000  1.98996E-01  1.88386E-01  8.56488E-03  2.04474E-03
   827.00000  1.98386E-01  1.87810E-01  8.53937E-03  2.03628E-03
   828.00000  1.97778E-01  1.87236E-01  8.51397E-03  2.02787E-03
   829.00000  1.97173E-01  1.86664E-01  8.48867E-03  2.01951E-03
   830.00000  1.96569E-01  1.86095E-01  8.46346E-03  2.01118E-03
   831.00000  1.95969E-01  1.85527E-01  8.43836E-03  2.00290E-03
   832.00000  1.95370E-01  1.84962E-01  8.41336E-03  1.99467E-03
   833.00000  1.94774E-01  1.84399E-01  8.38845E-03  1.98648E-03
   834.00000  1.94180E-01  1.83838E-01  8.36365E-03  1.97833E-03
   835.00000  1.93588E-01  1.83279E-01  8.33894E-03  1.97022E-03
   836.00000  1.92999E-01  1.82723E-01  8.31434E-03  1.96216E-03
   837.00000  1.92412E-01  1.82168E-01  8.28982E-03  1.95414E-03
   838.00000  1.91828E-01  1.81616E-01  8.26541E-03  1.94616E-03
   839.00000  1.91245E-01  1.81066E-01  8.24109E-03  1.93822E-03
   840.00000  1.90665E-01  1.80518E-01  8.21687E-03  1.93032E-03
   841.00000  1.90087E-01  1.79972E-01  8.19275E-03  1.92247E-03
   842.00000  1.89512E-01  1.79428E-01  8.16872E-03  1.91465E-03
   843.00000  1.88938E-01  1.78887E-01  8.14478E-03  1.90688E-03
   844.00000  1.88367E-01  1.78347E-01  8.12094E-03  1.89915E-03
   845.00000  1.87799E-01  1.77810E-01  8.09719E-03  1.89145E-03
   846.00000  1.87232E-01  1.77275E-01  8.07353E-03  1.88380E-03
   847.00000  1.86668E-01  1.76742E-01  8.04997E-03  1.87619E-03
   848.00000  1.86106E-01  1.76211E-01  8.02650E-03  1.86861E-03
   849.00000  1.85546E-01  1.75682E-01  8.00312E-03  1.86108E-03
   850.00000  1.84989E-01  1.75155E-01  7.97984E-03  1.85358E-03
   851.00000  1.84433E-01  1.74630E-01  7.95664E-03  1.84613E-03
   852.00000  1.83880E-01  1.74108E-01  7.93353E-03  1.83871E-03
   853.00000  1.83329E-01  1.73587E-01  7.91052E-03  1.83133E-03
   854.00000  1.82780E-01  1.73069E-01  7.88759E-03  1.82399E-03
   855.00000  1.82234E-01  1.72552E-01  7.86475E-03  1.81668E-03
   856.00000  1.81689E-01  1.72038E-01  7.84200E-03  1.80941E-03
   857.00000  1.81147E-01  1.71526E-01  7.81934E-03  1.80218E-03
   858.00000  1.80607E-01  1.71015E-01  7.79677E-03  1.79499E-03
   859.00000  1.80069E-01  1.70507E-01  7.77429E-03  1.78784E-03
   860.00000  1.79534E-01  1.70001E-01  7.75189E-03  1.78072E-03
   861.00000  1.79000E-01  1.69497E-01  7.72958E-03  1.77364E-03
   862.00000  1.78469E-01  1.68995E-01  7.70735E-03  1.76659E-03
   863.00000  1.77939E-01  1.68495E-01  7.68521E-03  1.75958E-03
   864.00000  1.77412E-01  1.67997E-01  7.66316E-03  1.75260E-03
   865.00000  1.76887E-01  1.67500E-01  7.64119E-03  1.74567E-03
   866.00000  1.76364E-01  1.67006E-01  7.61930E-03  1.73876E-03
   867.00000  1.75844E-01  1.66514E-01  7.59750E-03  1.73189E-03
   868.00000  1.75325E-01  1.66024E-01  7.57578E-03  1.72506E-03
   869.00000  1.74808E-01  1.65536E-01  7.55415E-03  1.71826E-03
   870.00000  1.74294E-01  1.65050E-01  7.53260E-03  1.71150E-03
   871.00000  1.73781E-01  1.64565E-01  7.51113E-03  1.70477E-03
   872.00000  1.73271E-01  1.64083E-01  7.48974E-03  1.69807E-03
   873.00000  1.72763E-01  1.63603E-01  7.46844E-03  1.69141E-03
   874.00000  1.72256E-01  1.63124E-01  7.44721E-03  1.68478E-03
   875.00000  1.71752E-01  1.62648E-01  7.42607E-03  1.67818E-03
   876.00000  1.71250E-01  1.62173E-01  7.40501E-03  1.67162E-03
   877.00000  1.70750E-01  1.61701E-01  7.38402E-03  1.66509E-03
   878.00000  1.70251E-01  1.61230E-01  7.36312E-03  1.65860E-03
   879.00000  1.69755E-01  1.60761E-01  7.34230E-03  1.65213E-03
   880.00000  1.69261E-01  1.60294E-01  7.32155E-03  1.64570E-03
   881.00000  1.68769E-01  1.59829E-01  7.30089E-03  1.63930E-03
   882.00000  1.68279E-01  1.59366E-01  7.28030E-03  1.63294E-03
   883.00000  1.67791E-01  1.58904E-01  7.25979E-03  1.62660E-03
   884.00000  1.67304E-01  1.58445E-01  7.23936E-03  1.62030E-03
   885.00000  1.66820E-01  1.57987E-01  7.21900E-03  1.61403E-03
   886.00000  1.66338E-01  1.57531E-01  7.19873E-03  1.60779E-03
   887.00000  1.65857E-01  1.57077E-01  7.17852E-03  1.60158E-03
   888.00000  1.65379E-01  1.56625E-01  7.15840E-03  1.59540E-03
   889.00000  1.64902E-01  1.56175E-01  7.13835E-03  1.58925E-03
   890.00000  1.64428E-01  1.55726E-01  7.11837E-03  1.58313E-03
   891.00000  1.63955E-01  1.55279E-01  7.09848E-03  1.57705E-03
   892.00000  1.63484E-01  1.54834E-01  7.07865E-03  1.57099E-03
   893.00000  1.63015E-01  1.54391E-01  7.05890E-03  1.56496E-03
   894.00000  1.62548E-01  1.53950E-01  7.03922E-03  1.55896E-03
   895.00000  1.62083E-01  1.53510E-01  7.01962E-03  1.55300E-03
   896.00000  1.61620E-01  1.53072E-01  7.00009E-03  1.54706E-03
   897.00000  1.61158E-01  1.52636E-01  6.98064E-03  1.54115E-03
   898.00000  1.60698E-01  1.52202E-01  6.96125E-03  1.53527E-03
   899.00000  1.60241E-01  1.51769E-01  6.94194E-03  1.52942E-03
   900.00000  1.59785E-01  1.51338E-01  6.92270E-03  1.52359E-03
   901.00000  1.59330E-01  1.50909E-01  6.90353E-03  1.51780E-03
   902.00000  1.58878E-01  1.50481E-01  6.88444E-03  1.51203E-03
   903.00000  1.58427E-01  1.50056E-01  6.86541E-03  1.50630E-03
   904.00000  1.57979E-01  1.49632E-01  6.84646E-03  1.50059E-03
   905.00000  1.57532E-01  1.49209E-01  6.82757E-03  1.49490E-03
   906.00000  1.57086E-01  1.48788E-01  6.80876E-03  1.48925E-03
   907.00000  1.56643E-01  1.48369E-01  6.79001E-03  1.48362E-03
   908.00000  1.56201E-01  1.47952E-01  6.77134E-03  1.47802E-03
   909.00000  1.55761E-01  1.47536E-01  6.75273E-03  1.47245E-03
   910.00000  1.55323E-01  1.47122E-01  6.73419E-03  1.46691E-03
   911.00000  1.54886E-01  1.46709E-01  6.71572E-03  1.46139E-03
   912.00000  1.54451E-01  1.46298E-01  6.69732E-03  1.45590E-03
   913.00000  1.54018E-01  1.45889E-01  6.67899E-03  1.45043E-03
   914.00000  1.53587E-01  1.45481E-01  6.66072E-03  1.44499E-03
   915.00000  1.53157E-01  1.45075E-01  6.64252E-03  1.43958E-03
   916.00000  1.52729E-01  1.44670E-01  6.62439E-03  1.43419E-03
   917.00000  1.52303E-01  1.44267E-01  6.60633E-03  1.42883E-03
   918.00000  1.51878E-01  1.43866E-01  6.58833E-03  1.42350E-03
   919.00000  1.51455E-01  1.43466E-01  6.57040E-03  1.41819E-03
   920.00000  1.51033E-01  1.43068E-01  6.55253E-03  1.41291E-03
   921.00000  1.50613E-01  1.42671E-01  6.53473E-03  1.40765E-03
   922.00000  1.50195E-01  1.42276E-01  6.51699E-03  1.40242E-03
   923.00000  1.49779E-01  1.41882E-01  6.49932E-03  1.39721E-03
   924.00000  1.49364E-01  1.41490E-01  6.48171E-03  1.39202E-03
   925.00000  1.48950E-01  1.41099E-01  6.46417E-03  1.38687E-03
   926.00000  1.48538E-01  1.40710E-01  6.44669E-03  1.38173E-03
   927.00000  1.48128E-01  1.40322E-01  6.42927E-03  1.37662E-03
   928.00000  1.47719E-01  1.39936E-01  6.41192E-03  1.37154E-03
   929.00000  1.47312E-01  1.39551E-01  6.39463E-03  1.36647E-03
   930.00000  1.46907E-01  1.39168E-01  6.37741E-03  1.36144E-03
   931.00000  1.46503E-01  1.38786E-01  6.36024E-03  1.35642E-03
   932.00000  1.46100E-01  1.38406E-01  6.34314E-03  1.35143E-03
   933.00000  1.45699E-01  1.38027E-01  6.32610E-03  1.34647E-03
   934.00000  1.45300E-01  1.37649E-01  6.30912E-03  1.34152E-03
   935.00000  1.44902E-01  1.37273E-01  6.29221E-03  1.33660E-03
   936.00000  1.44506E-01  1.36898E-01  6.27535E-03  1.33171E-03
   937.00000  1.44111E-01  1.36525E-01  6.25856E-03  1.32683E-03
   938.00000  1.43717E-01  1.36153E-01  6.24182E-03  1.32198E-03
   939.00000  1.43325E-01  1.35783E-01  6.22515E-03  1.31716E-03
   940.00000  1.42935E-01  1.35414E-01  6.20854E-03  1.31235E-03
   941.00000  1.42546E-01  1.35046E-01  6.19199E-03  1.30757E-03
   942.00000  1.42158E-01  1.34680E-01  6.17549E-03  1.30281E-03
   943.00000  1.41772E-01  1.34315E-01  6.15906E-03  1.29807E-03
   944.00000  1.41387E-01  1.33951E-01  6.14268E-03  1.29335E-03
   945.00000  1.41004E-01  1.33589E-01  6.12636E-03  1.28866E-03
   946.00000  1.40622E-01  1.33228E-01  6.11011E-03  1.28398E-03
   947.00000  1.40242E-01  1.32868E-01  6.09391E-03  1.27933E-03
   948.00000  1.39862E-01  1.32510E-01  6.07777E-03  1.27470E-03
   949.00000  1.39485E-01  1.32153E-01  6.06168E-03  1.27009E-03
   950.00000  1.39108E-01  1.31797E-01  6.04565E-03  1.26551E-03
   951.00000  1.38734E-01  1.31443E-01  6.02969E-03  1.26094E-03
   952.00000  1.38360E-01  1.31090E-01  6.01377E-03  1.25640E-03
   953.00000  1.37988E-01  1.30738E-01  5.99792E-03  1.25187E-03
   954.00000  1.37617E-01  1.30387E-01  5.98212E-03  1.24737E-03
   955.00000  1.37248E-01  1.30038E-01  5.96638E-03  1.24289E-03
   956.00000  1.36879E-01  1.29690E-01  5.95069E-03  1.23842E-03
   957.00000  1.36513E-01  1.29344E-01  5.93506E-03  1.23398E-03
   958.00000  1.36147E-01  1.28998E-01  5.91948E-03  1.22956E-03
   959.00000  1.35783E-01  1.28654E-01  5.90396E-03  1.22516E-03
   960.00000  1.35420E-01  1.28311E-01  5.88850E-03  1.22078E-03
   961.00000  1.35058E-01  1.27969E-01  5.87309E-03  1.21642E-03
   962.00000  1.34698E-01  1.27628E-01  5.85773E-03  1.21208E-03
   963.00000  1.34339E-01  1.27289E-01  5.84243E-03  1.20776E-03
   964.00000  1.33982E-01  1.26951E-01  5.82718E-03  1.20346E-03
   965.00000  1.33625E-01  1.26614E-01  5.81199E-03  1.19918E-03
   966.00000  1.33270E-01  1.26278E-01  5.79685E-03  1.19491E-03
   967.00000  1.32916E-01  1.25944E-01  5.78176E-03  1.19067E-03
   968.00000  1.32563E-01  1.25610E-01  5.76673E-03  1.18645E-03
   969.00000  1.32212E-01  1.25278E-01  5.75175E-03  1.18224E-03
   970.00000  1.31862E-01  1.24947E-01  5.73682E-03  1.17806E-03
   971.00000  1.31513E-01  1.24617E-01  5.72195E-03  1.17389E-03
   972.00000  1.31165E-01  1.24288E-01  5.70713E-03  1.16974E-03
   973.00000  1.30819E-01  1.23961E-01  5.69236E-03  1.16562E-03
   974.00000  1.30473E-01  1.23634E-01  5.67764E-03  1.16151E-03
   975.00000  1.30129E-01  1.23309E-01  5.66297E-03  1.15741E-03
   976.00000  1.29786E-01  1.22985E-01  5.64835E-03  1.15334E-03
   977.00000  1.29445E-01  1.22662E-01  5.63379E-03  1.14929E-03
   978.00000  1.29104E-01  1.22340E-01  5.61928E-03  1.14525E-03
   979.00000  1.28765E-01  1.22019E-01  5.60481E-03  1.14123E-03
   980.00000  1.28427E-01  1.21699E-01  5.59040E-03  1.13723E-03
   981.00000  1.28090E-01  1.21381E-01  5.57604E-03  1.13325E-03
   982.00000  1.27754E-01  1.21063E-01  5.56173E-03  1.12929E-03
   983.00000  1.27419E-01  1.20747E-01  5.54746E-03  1.12534E-03
   984.00000  1.27086E-01  1.20431E-01  5.53325E-03  1.12141E-03
   985.00000  1.26753E-01  1.20117E-01  5.51909E-03  1.11750E-03
   986.00000  1.26422E-01  1.19804E-01  5.50497E-03  1.11361E-03
   987.00000  1.26092E-01  1.19491E-01  5.49091E-03  1.10973E-03
   988.00000  1.25763E-01  1.19180E-01  5.47689E-03  1.10587E-03
   989.00000  1.25435E-01  1.18870E-01  5.46293E-03  1.10203E-03
   990.00000  1.25109E-01  1.18561E-01  5.44901E-03  1.09820E-03
   991.00000  1.24783E-01  1.18253E-01  5.43514E-03  1.09440E-03
   992.00000  1.24458E-01  1.17946E-01  5.42131E-03  1.09061E-03
   993.00000  1.24135E-01  1.17641E-01  5.40754E-03  1.08683E-03
   994.00000  1.23813E-01  1.17336E-01  5.39381E-03  1.08307E-03
   995.00000  1.23491E-01  1.17032E-01  5.38013E-03  1.07933E-03
   996.00000  1.23171E-01  1.16729E-01  5.36650E-03  1.07561E-03
   997.00000  1.22852E-01  1.16427E-01  5.35291E-03  1.07190E-03
   998.00000  1.22534E-01  1.16126E-01  5.33937E-03  1.06821E-03
   999.00000  1.22217E-01  1.15827E-01  5.32588E-03  1.06453E-03
  1000.00000  1.21901E-01  1.15528E-01  5.31243E-03  1.06088E-03
  1001.00000  1.21586E-01  1.15230E-01  5.29903E-03  1.05723E-03
  1002.00000  1.21272E-01  1.14933E-01  5.28568E-03  1.05361E-03
  1003.00000  1.20960E-01  1.14637E-01  5.27237E-03  1.04999E-03
  1004.00000  1.20648E-01  1.14343E-01  5.25911E-03  1.04640E-03
  1005.00000  1.20337E-01  1.14049E-01  5.24589E-03  1.04282E-03
  1006.00000  1.20028E-01  1.13756E-01  5.23272E-03  1.03925E-03
  1007.00000  1.19719E-01  1.13464E-01  5.21959E-03  1.03571E-03
  1008.00000  1.19411E-01  1.13173E-01  5.20651E-03  1.03217E-03
  1009.00000  1.19105E-01  1.12883E-01  5.19347E-03  1.02865E-03
  1010.00000  1.18799E-01  1.12594E-01  5.18048E-03  1.02515E-03
  1011.00000  1.18495E-01  1.12305E-01  5.16753E-03  1.02166E-03
  1012.00000  1.18191E-01  1.12018E-01  5.15463E-03  1.01819E-03
  1013.00000  1.17888E-01  1.11732E-01  5.14177E-03  1.01473E-03
  1014.00000  1.17587E-01  1.11447E-01  5.12895E-03  1.01129E-03
  1015.00000  1.17286E-01  1.11162E-01  5.11618E-03  1.00786E-03
  1016.00000  1.16987E-01  1.10879E-01  5.10345E-03  1.00445E-03
  1017.00000  1.16688E-01  1.10596E-01  5.09076E-03  1.00105E-03
  1018.00000  1.16390E-01  1.10315E-01  5.07812E-03  9.97668E-04
  1019.00000  1.16094E-01  1.10034E-01  5.06551E-03  9.94299E-04
  1020.00000  1.15798E-01  1.09754E-01  5.05296E-03  9.90943E-04
  1021.00000  1.15503E-01  1.09475E-01  5.04044E-03  9.87603E-04
  1022.00000  1.15209E-01  1.09197E-01  5.02797E-03  9.84276E-04
  1023.00000  1.14916E-01  1.08920E-01  5.01553E-03  9.80963E-04
  1024.00000  1.14624E-01  1.08644E-01  5.00314E-03  9.77665E-04
  1025.00000  1.14334E-01  1.08368E-01  4.99080E-03  9.74381E-04
  1026.00000  1.14043E-01  1.08094E-01  4.97849E-03  9.71110E-04
  1027.00000  1.13754E-01  1.07820E-01  4.96623E-03  9.67853E-04
  1028.00000  1.13466E-01  1.07548E-01  4.95400E-03  9.64610E-04
  1029.00000  1.13179E-01  1.07276E-01  4.94182E-03  9.61381E-04
  1030.00000  1.12893E-01  1.07005E-01  4.92968E-03  9.58166E-04
  1031.00000  1.12607E-01  1.06735E-01  4.91758E-03  9.54964E-04
  1032.00000  1.12323E-01  1.06466E-01  4.90551E-03  9.51775E-04
  1033.00000  1.12039E-01  1.06197E-01  4.89349E-03  9.48600E-04
  1034.00000  1.11757E-01  1.05930E-01  4.88151E-03  9.45438E-04
  1035.00000  1.11475E-01  1.05663E-01  4.86957E-03  9.42289E-04
  1036.00000  1.11194E-01  1.05397E-01  4.85767E-03  9.39154E-04
  1037.00000  1.10914E-01  1.05132E-01  4.84581E-03  9.36032E-04
  1038.00000  1.10635E-01  1.04868E-01  4.83399E-03  9.32923E-04
  1039.00000  1.10357E-01  1.04605E-01  4.82221E-03  9.29826E-04
  1040.00000  1.10080E-01  1.04342E-01  4.81047E-03  9.26743E-04
  1041.00000  1.09803E-01  1.04081E-01  4.79876E-03  9.23673E-04
  1042.00000  1.09528E-01  1.03820E-01  4.78710E-03  9.20615E-04
  1043.00000  1.09253E-01  1.03560E-01  4.77547E-03  9.17570E-04
  1044.00000  1.08979E-01  1.03301E-01  4.76389E-03  9.14538E-04
  1045.00000  1.08707E-01  1.03043E-01  4.75234E-03  9.11519E-04
  1046.00000  1.08435E-01  1.02785E-01  4.74083E-03  9.08512E-04
  1047.00000  1.08163E-01  1.02529E-01  4.72935E-03  9.05517E-04
  1048.00000  1.07893E-01  1.02273E-01  4.71792E-03  9.02535E-04
  1049.00000  1.07624E-01  1.02018E-01  4.70652E-03  8.99565E-04
  1050.00000  1.07355E-01  1.01763E-01  4.69516E-03  8.96608E-04
  1051.00000  1.07088E-01  1.01510E-01  4.68384E-03  8.93663E-04
  1052.00000  1.06821E-01  1.01257E-01  4.67256E-03  8.90730E-04
  1053.00000  1.06555E-01  1.01006E-01  4.66131E-03  8.87809E-04
  1054.00000  1.06289E-01  1.00754E-01  4.65010E-03  8.84900E-04
  1055.00000  1.06025E-01  1.00504E-01  4.63893E-03  8.82003E-04
  1056.00000  1.05762E-01  1.00255E-01  4.62779E-03  8.79118E-04
  1057.00000  1.05499E-01  1.00006E-01  4.61669E-03  8.76245E-04
  1058.00000  1.05237E-01  9.97581E-02  4.60562E-03  8.73384E-04
  1059.00000  1.04976E-01  9.95110E-02  4.59460E-03  8.70535E-04
  1060.00000  1.04716E-01  9.92647E-02  4.58360E-03  8.67697E-04
  1061.00000  1.04457E-01  9.90191E-02  4.57265E-03  8.64871E-04
  1062.00000  1.04198E-01  9.87743E-02  4.56173E-03  8.62056E-04
  1063.00000  1.03940E-01  9.85302E-02  4.55084E-03  8.59253E-04
  1064.00000  1.03683E-01  9.82870E-02  4.53999E-03  8.56462E-04
  1065.00000  1.03427E-01  9.80445E-02  4.52918E-03  8.53682E-04
  1066.00000  1.03172E-01  9.78027E-02  4.51840E-03  8.50913E-04
  1067.00000  1.02918E-01  9.75617E-02  4.50766E-03  8.48156E-04
  1068.00000  1.02664E-01  9.73215E-02  4.49695E-03  8.45409E-04
  1069.00000  1.02411E-01  9.70820E-02  4.48628E-03  8.42674E-04
  1070.00000  1.02159E-01  9.68433E-02  4.47564E-03  8.39951E-04
  1071.00000  1.01908E-01  9.66053E-02  4.46503E-03  8.37238E-04
  1072.00000  1.01657E-01  9.63681E-02  4.45446E-03  8.34536E-04
  1073.00000  1.01407E-01  9.61316E-02  4.44393E-03  8.31845E-04
  1074.00000  1.01158E-01  9.58958E-02  4.43342E-03  8.29166E-04
  1075.00000  1.00910E-01  9.56608E-02  4.42296E-03  8.26497E-04
  1076.00000  1.00663E-01  9.54266E-02  4.41252E-03  8.23839E-04
  1077.00000  1.00416E-01  9.51930E-02  4.40212E-03  8.21191E-04
  1078.00000  1.00170E-01  9.49602E-02  4.39175E-03  8.18554E-04
  1079.00000  9.99254E-02  9.47281E-02  4.38142E-03  8.15928E-04
  1080.00000  9.96812E-02  9.44967E-02  4.37112E-03  8.13313E-04
  1081.00000  9.94377E-02  9.42661E-02  4.36085E-03  8.10708E-04
  1082.00000  9.91949E-02  9.40362E-02  4.35061E-03  8.08113E-04
  1083.00000  9.89529E-02  9.38070E-02  4.34041E-03  8.05529E-04
  1084.00000  9.87117E-02  9.35785E-02  4.33024E-03  8.02956E-04
  1085.00000  9.84712E-02  9.33507E-02  4.32011E-03  8.00393E-04
  1086.00000  9.82315E-02  9.31237E-02  4.31000E-03  7.97840E-04
  1087.00000  9.79926E-02  9.28973E-02  4.29993E-03  7.95297E-04
  1088.00000  9.77543E-02  9.26717E-02  4.28989E-03  7.92764E-04
  1089.00000  9.75169E-02  9.24468E-02  4.27988E-03  7.90242E-04
  1090.00000  9.72802E-02  9.22225E-02  4.26990E-03  7.87729E-04
  1091.00000  9.70442E-02  9.19990E-02  4.25996E-03  7.85227E-04
  1092.00000  9.68089E-02  9.17762E-02  4.25005E-03  7.82735E-04
  1093.00000  9.65744E-02  9.15540E-02  4.24017E-03  7.80252E-04
  1094.00000  9.63407E-02  9.13326E-02  4.23032E-03  7.77780E-04
  1095.00000  9.61076E-02  9.11118E-02  4.22050E-03  7.75317E-04
  1096.00000  9.58753E-02  9.08918E-02  4.21071E-03  7.72864E-04
  1097.00000  9.56437E-02  9.06724E-02  4.20095E-03  7.70421E-04
  1098.00000  9.54129E-02  9.04537E-02  4.19123E-03  7.67988E-04
  1099.00000  9.51828E-02  9.02357E-02  4.18153E-03  7.65564E-04
  1100.00000  9.49534E-02  9.00183E-02  4.17187E-03  7.63150E-04
  1101.00000  9.47247E-02  8.98017E-02  4.16223E-03  7.60745E-04
  1102.00000  9.44967E-02  8.95857E-02  4.15263E-03  7.58350E-04
  1103.00000  9.42694E-02  8.93704E-02  4.14306E-03  7.55964E-04
  1104.00000  9.40429E-02  8.91558E-02  4.13351E-03  7.53588E-04
  1105.00000  9.38170E-02  8.89418E-02  4.12400E-03  7.51221E-04
  1106.00000  9.35919E-02  8.87285E-02  4.11452E-03  7.48864E-04
  1107.00000  9.33675E-02  8.85159E-02  4.10506E-03  7.46515E-04
  1108.00000  9.31437E-02  8.83039E-02  4.09564E-03  7.44176E-04
  1109.00000  9.29207E-02  8.80926E-02  4.08624E-03  7.41847E-04
  1110.00000  9.26984E-02  8.78820E-02  4.07688E-03  7.39526E-04
  1111.00000  9.24767E-02  8.76720E-02  4.06754E-03  7.37214E-04
  1112.00000  9.22558E-02  8.74626E-02  4.05823E-03  7.34912E-04
  1113.00000  9.20355E-02  8.72540E-02  4.04896E-03  7.32619E-04
  1114.00000  9.18160E-02  8.70459E-02  4.03971E-03  7.30334E-04
  1115.00000  9.15971E-02  8.68385E-02  4.03049E-03  7.28059E-04
  1116.00000  9.13789E-02  8.66318E-02  4.02130E-03  7.25792E-04
  1117.00000  9.11614E-02  8.64257E-02  4.01213E-03  7.23534E-04
  1118.00000  9.09446E-02  8.62203E-02  4.00300E-03  7.21285E-04
  1119.00000  9.07284E-02  8.60155E-02  3.99389E-03  7.19045E-04
  1120.00000  9.05129E-02  8.58113E-02  3.98481E-03  7.16813E-04
  1121.00000  9.02981E-02  8.56078E-02  3.97576E-03  7.14591E-04
  1122.00000  9.00840E-02  8.54048E-02  3.96674E-03  7.12376E-04
  1123.00000  8.98705E-02  8.52026E-02  3.95775E-03  7.10171E-04
  1124.00000  8.96577E-02  8.50009E-02  3.94878E-03  7.07974E-04
  1125.00000  8.94456E-02  8.47999E-02  3.93984E-03  7.05785E-04
  1126.00000  8.92341E-02  8.45995E-02  3.93093E-03  7.03605E-04
  1127.00000  8.90233E-02  8.43998E-02  3.92205E-03  7.01433E-04
  1128.00000  8.88131E-02  8.42006E-02  3.91319E-03  6.99270E-04
  1129.00000  8.86036E-02  8.40021E-02  3.90436E-03  6.97115E-04
  1130.00000  8.83947E-02  8.38042E-02  3.89556E-03  6.94968E-04
  1131.00000  8.81865E-02  8.36069E-02  3.88678E-03  6.92829E-04
  1132.00000  8.79790E-02  8.34103E-02  3.87804E-03  6.90699E-04
  1133.00000  8.77721E-02  8.32142E-02  3.86932E-03  6.88577E-04
  1134.00000  8.75658E-02  8.30187E-02  3.86062E-03  6.86463E-04
  1135.00000  8.73602E-02  8.28239E-02  3.85195E-03  6.84357E-04
  1136.00000  8.71552E-02  8.26297E-02  3.84331E-03  6.82259E-04
  1137.00000  8.69509E-02  8.24360E-02  3.83469E-03  6.80169E-04
  1138.00000  8.67472E-02  8.22430E-02  3.82611E-03  6.78087E-04
  1139.00000  8.65441E-02  8.20506E-02  3.81754E-03  6.76013E-04
  1140.00000  8.63417E-02  8.18587E-02  3.80901E-03  6.73947E-04
  1141.00000  8.61399E-02  8.16675E-02  3.80049E-03  6.71888E-04
  1142.00000  8.59387E-02  8.14769E-02  3.79201E-03  6.69838E-04
  1143.00000  8.57382E-02  8.12868E-02  3.78355E-03  6.67795E-04
  1144.00000  8.55382E-02  8.10973E-02  3.77512E-03  6.65760E-04
  1145.00000  8.53389E-02  8.09085E-02  3.76671E-03  6.63733E-04
  1146.00000  8.51402E-02  8.07202E-02  3.75832E-03  6.61713E-04
  1147.00000  8.49421E-02  8.05325E-02  3.74997E-03  6.59701E-04
  1148.00000  8.47447E-02  8.03454E-02  3.74163E-03  6.57696E-04
  1149.00000  8.45478E-02  8.01588E-02  3.73333E-03  6.55699E-04
  1150.00000  8.43516E-02  7.99729E-02  3.72504E-03  6.53709E-04
  1151.00000  8.41560E-02  7.97875E-02  3.71679E-03  6.51727E-04
  1152.00000  8.39610E-02  7.96027E-02  3.70855E-03  6.49753E-04
  1153.00000  8.37666E-02  7.94184E-02  3.70035E-03  6.47785E-04
  1154.00000  8.35727E-02  7.92348E-02  3.69216E-03  6.45825E-04
  1155.00000  8.33795E-02  7.90517E-02  3.68400E-03  6.43873E-04
  1156.00000  8.31869E-02  7.88691E-02  3.67587E-03  6.41927E-04
  1157.00000  8.29949E-02  7.86871E-02  3.66776E-03  6.39989E-04
  1158.00000  8.28035E-02  7.85057E-02  3.65967E-03  6.38058E-04
  1159.00000  8.26126E-02  7.83249E-02  3.65161E-03  6.36135E-04
  1160.00000  8.24224E-02  7.81446E-02  3.64358E-03  6.34218E-04
  1161.00000  8.22327E-02  7.79649E-02  3.63556E-03  6.32309E-04
  1162.00000  8.20437E-02  7.77857E-02  3.62757E-03  6.30406E-04
  1163.00000  8.18552E-02  7.76071E-02  3.61961E-03  6.28511E-04
  1164.00000  8.16673E-02  7.74290E-02  3.61166E-03  6.26623E-04
  1165.00000  8.14800E-02  7.72515E-02  3.60374E-03  6.24742E-04
  1166.00000  8.12932E-02  7.70745E-02  3.59585E-03  6.22867E-04
  1167.00000  8.11071E-02  7.68981E-02  3.58798E-03  6.21000E-04
  1168.00000  8.09215E-02  7.67222E-02  3.58013E-03  6.19140E-04
  1169.00000  8.07364E-02  7.65469E-02  3.57230E-03  6.17286E-04
  1170.00000  8.05520E-02  7.63721E-02  3.56450E-03  6.15439E-04
  1171.00000  8.03681E-02  7.61978E-02  3.55672E-03  6.13600E-04
  1172.00000  8.01848E-02  7.60241E-02  3.54897E-03  6.11767E-04
  1173.00000  8.00020E-02  7.58509E-02  3.54123E-03  6.09940E-04
  1174.00000  7.98198E-02  7.56782E-02  3.53352E-03  6.08121E-04
  1175.00000  7.96382E-02  7.55061E-02  3.52583E-03  6.06308E-04
  1176.00000  7.94571E-02  7.53345E-02  3.51817E-03  6.04502E-04
  1177.00000  7.92766E-02  7.51634E-02  3.51053E-03  6.02702E-04
  1178.00000  7.90966E-02  7.49928E-02  3.50290E-03  6.00910E-04
  1179.00000  7.89172E-02  7.48228E-02  3.49531E-03  5.99123E-04
  1180.00000  7.87384E-02  7.46533E-02  3.48773E-03  5.97344E-04
  1181.00000  7.85600E-02  7.44843E-02  3.48018E-03  5.95571E-04
  1182.00000  7.83823E-02  7.43158E-02  3.47264E-03  5.93804E-04
  1183.00000  7.82050E-02  7.41478E-02  3.46514E-03  5.92044E-04
  1184.00000  7.80283E-02  7.39804E-02  3.45765E-03  5.90291E-04
  1185.00000  7.78522E-02  7.38135E-02  3.45018E-03  5.88544E-04
  1186.00000  7.76766E-02  7.36470E-02  3.44274E-03  5.86803E-04
  1187.00000  7.75015E-02  7.34811E-02  3.43531E-03  5.85069E-04
  1188.00000  7.73270E-02  7.33157E-02  3.42791E-03  5.83341E-04
  1189.00000  7.71530E-02  7.31508E-02  3.42053E-03  5.81619E-04
  1190.00000  7.69795E-02  7.29864E-02  3.41318E-03  5.79904E-04
  1191.00000  7.68065E-02  7.28225E-02  3.40584E-03  5.78195E-04
  1192.00000  7.66341E-02  7.26591E-02  3.39852E-03  5.76493E-04
  1193.00000  7.64622E-02  7.24962E-02  3.39123E-03  5.74797E-04
  1194.00000  7.62908E-02  7.23337E-02  3.38395E-03  5.73107E-04
  1195.00000  7.61200E-02  7.21718E-02  3.37670E-03  5.71423E-04
  1196.00000  7.59496E-02  7.20104E-02  3.36947E-03  5.69745E-04
  1197.00000  7.57798E-02  7.18494E-02  3.36226E-03  5.68074E-04
  1198.00000  7.56105E-02  7.16890E-02  3.35507E-03  5.66408E-04
  1199.00000  7.54417E-02  7.15290E-02  3.34790E-03  5.64749E-04
  1200.00000  7.52734E-02  7.13695E-02  3.34075E-03  5.63096E-04
  1201.00000  7.51056E-02  7.12105E-02  3.33362E-03  5.61449E-04
  1202.00000  7.49383E-02  7.10520E-02  3.32652E-03  5.59807E-04
  1203.00000  7.47716E-02  7.08940E-02  3.31943E-03  5.58172E-04
  1204.00000  7.46053E-02  7.07364E-02  3.31236E-03  5.56543E-04
  1205.00000  7.44395E-02  7.05793E-02  3.30531E-03  5.54920E-04
  1206.00000  7.42743E-02  7.04227E-02  3.29829E-03  5.53303E-04
  1207.00000  7.41095E-02  7.02665E-02  3.29128E-03  5.51691E-04
  1208.00000  7.39452E-02  7.01108E-02  3.28429E-03  5.50086E-04
  1209.00000  7.37814E-02  6.99556E-02  3.27733E-03  5.48486E-04
  1210.00000  7.36182E-02  6.98009E-02  3.27038E-03  5.46893E-04
  1211.00000  7.34554E-02  6.96466E-02  3.26345E-03  5.45305E-04
  1212.00000  7.32930E-02  6.94928E-02  3.25655E-03  5.43722E-04
  1213.00000  7.31312E-02  6.93394E-02  3.24966E-03  5.42146E-04
  1214.00000  7.29699E-02  6.91865E-02  3.24279E-03  5.40575E-04
  1215.00000  7.28090E-02  6.90341E-02  3.23594E-03  5.39010E-04
  1216.00000  7.26486E-02  6.88821E-02  3.22911E-03  5.37450E-04
  1217.00000  7.24887E-02  6.87305E-02  3.22230E-03  5.35897E-04
  1218.00000  7.23293E-02  6.85795E-02  3.21551E-03  5.34349E-04
  1219.00000  7.21704E-02  6.84288E-02  3.20874E-03  5.32806E-04
  1220.00000  7.20119E-02  6.82786E-02  3.20199E-03  5.31269E-04
  1221.00000  7.18539E-02  6.81289E-02  3.19525E-03  5.29737E-04
  1222.00000  7.16964E-02  6.79796E-02  3.18854E-03  5.28211E-04
  1223.00000  7.15393E-02  6.78308E-02  3.18184E-03  5.26691E-04
  1224.00000  7.13827E-02  6.76823E-02  3.17517E-03  5.25176E-04
  1225.00000  7.12266E-02  6.75344E-02  3.16851E-03  5.23666E-04
  1226.00000  7.10709E-02  6.73868E-02  3.16187E-03  5.22162E-04
  1227.00000  7.09157E-02  6.72397E-02  3.15525E-03  5.20663E-04
  1228.00000  7.07609E-02  6.70931E-02  3.14865E-03  5.19170E-04
  1229.00000  7.06066E-02  6.69469E-02  3.14206E-03  5.17682E-04
  1230.00000  7.04528E-02  6.68011E-02  3.13550E-03  5.16199E-04
  1231.00000  7.02994E-02  6.66557E-02  3.12895E-03  5.14721E-04
  1232.00000  7.01464E-02  6.65108E-02  3.12242E-03  5.13249E-04
  1233.00000  6.99939E-02  6.63662E-02  3.11591E-03  5.11782E-04
  1234.00000  6.98419E-02  6.62222E-02  3.10942E-03  5.10320E-04
  1235.00000  6.96903E-02  6.60785E-02  3.10294E-03  5.08863E-04
  1236.00000  6.95391E-02  6.59352E-02  3.09649E-03  5.07412E-04
  1237.00000  6.93884E-02  6.57924E-02  3.09005E-03  5.05965E-04
  1238.00000  6.92382E-02  6.56500E-02  3.08363E-03  5.04524E-04
  1239.00000  6.90883E-02  6.55080E-02  3.07723E-03  5.03088E-04
  1240.00000  6.89390E-02  6.53665E-02  3.07084E-03  5.01657E-04
  1241.00000  6.87900E-02  6.52253E-02  3.06447E-03  5.00231E-04
  1242.00000  6.86415E-02  6.50845E-02  3.05812E-03  4.98810E-04
  1243.00000  6.84934E-02  6.49442E-02  3.05179E-03  4.97394E-04
  1244.00000  6.83457E-02  6.48043E-02  3.04548E-03  4.95983E-04
  1245.00000  6.81985E-02  6.46647E-02  3.03918E-03  4.94577E-04
  1246.00000  6.80517E-02  6.45256E-02  3.03290E-03  4.93176E-04
  1247.00000  6.79053E-02  6.43869E-02  3.02664E-03  4.91779E-04
  1248.00000  6.77594E-02  6.42486E-02  3.02039E-03  4.90388E-04
  1249.00000  6.76138E-02  6.41107E-02  3.01416E-03  4.89002E-04
  1250.00000  6.74687E-02  6.39732E-02  3.00795E-03  4.87620E-04
  1251.00000  6.73240E-02  6.38360E-02  3.00176E-03  4.86243E-04
  1252.00000  6.71798E-02  6.36993E-02  2.99558E-03  4.84871E-04
  1253.00000  6.70359E-02  6.35630E-02  2.98942E-03  4.83504E-04
  1254.00000  6.68925E-02  6.34270E-02  2.98328E-03  4.82141E-04
  1255.00000  6.67494E-02  6.32915E-02  2.97715E-03  4.80784E-04
  1256.00000  6.66068E-02  6.31563E-02  2.97104E-03  4.79431E-04
  1257.00000  6.64646E-02  6.30216E-02  2.96495E-03  4.78083E-04
  1258.00000  6.63228E-02  6.28872E-02  2.95888E-03  4.76739E-04
  1259.00000  6.61814E-02  6.27532E-02  2.95282E-03  4.75400E-04
  1260.00000  6.60404E-02  6.26196E-02  2.94677E-03  4.74066E-04
  1261.00000  6.58998E-02  6.24864E-02  2.94075E-03  4.72736E-04
  1262.00000  6.57597E-02  6.23535E-02  2.93474E-03  4.71411E-04
  1263.00000  6.56199E-02  6.22210E-02  2.92874E-03  4.70091E-04
  1264.00000  6.54805E-02  6.20889E-02  2.92277E-03  4.68775E-04
  1265.00000  6.53415E-02  6.19572E-02  2.91680E-03  4.67463E-04
  1266.00000  6.52029E-02  6.18259E-02  2.91086E-03  4.66157E-04
  1267.00000  6.50647E-02  6.16949E-02  2.90493E-03  4.64854E-04
  1268.00000  6.49269E-02  6.15643E-02  2.89902E-03  4.63556E-04
  1269.00000  6.47895E-02  6.14341E-02  2.89312E-03  4.62263E-04
  1270.00000  6.46524E-02  6.13042E-02  2.88724E-03  4.60974E-04
  1271.00000  6.45158E-02  6.11747E-02  2.88137E-03  4.59690E-04
  1272.00000  6.43795E-02  6.10456E-02  2.87553E-03  4.58410E-04
  1273.00000  6.42437E-02  6.09168E-02  2.86969E-03  4.57134E-04
  1274.00000  6.41082E-02  6.07884E-02  2.86387E-03  4.55863E-04
  1275.00000  6.39731E-02  6.06604E-02  2.85807E-03  4.54596E-04
  1276.00000  6.38383E-02  6.05327E-02  2.85229E-03  4.53333E-04
  1277.00000  6.37040E-02  6.04054E-02  2.84652E-03  4.52075E-04
  1278.00000  6.35700E-02  6.02784E-02  2.84076E-03  4.50821E-04
  1279.00000  6.34364E-02  6.01518E-02  2.83502E-03  4.49571E-04
  1280.00000  6.33032E-02  6.00256E-02  2.82930E-03  4.48326E-04
  1281.00000  6.31704E-02  5.98997E-02  2.82359E-03  4.47084E-04
  1282.00000  6.30379E-02  5.97741E-02  2.81789E-03  4.45847E-04
  1283.00000  6.29058E-02  5.96489E-02  2.81221E-03  4.44615E-04
  1284.00000  6.27740E-02  5.95241E-02  2.80655E-03  4.43386E-04
  1285.00000  6.26427E-02  5.93996E-02  2.80090E-03  4.42162E-04
  1286.00000  6.25116E-02  5.92754E-02  2.79527E-03  4.40942E-04
  1287.00000  6.23810E-02  5.91516E-02  2.78965E-03  4.39726E-04
  1288.00000  6.22507E-02  5.90282E-02  2.78405E-03  4.38514E-04
  1289.00000  6.21208E-02  5.89050E-02  2.77846E-03  4.37306E-04
  1290.00000  6.19913E-02  5.87823E-02  2.77289E-03  4.36102E-04
  1291.00000  6.18621E-02  5.86598E-02  2.76733E-03  4.34902E-04
  1292.00000  6.17332E-02  5.85377E-02  2.76178E-03  4.33707E-04
  1293.00000  6.16047E-02  5.84160E-02  2.75625E-03  4.32515E-04
  1294.00000  6.14766E-02  5.82945E-02  2.75074E-03  4.31328E-04
  1295.00000  6.13488E-02  5.81734E-02  2.74524E-03  4.30144E-04
  1296.00000  6.12214E-02  5.80527E-02  2.73976E-03  4.28965E-04
  1297.00000  6.10943E-02  5.79322E-02  2.73428E-03  4.27789E-04
  1298.00000  6.09676E-02  5.78121E-02  2.72883E-03  4.26618E-04
  1299.00000  6.08412E-02  5.76924E-02  2.72339E-03  4.25450E-04
  1300.00000  6.07152E-02  5.75729E-02  2.71796E-03  4.24286E-04
  1301.00000  6.05895E-02  5.74538E-02  2.71255E-03  4.23126E-04
  1302.00000  6.04642E-02  5.73350E-02  2.70715E-03  4.21971E-04
  1303.00000  6.03392E-02  5.72166E-02  2.70176E-03  4.20819E-04
  1304.00000  6.02145E-02  5.70984E-02  2.69639E-03  4.19671E-04
  1305.00000  6.00902E-02  5.69806E-02  2.69104E-03  4.18526E-04
  1306.00000  5.99662E-02  5.68631E-02  2.68569E-03  4.17386E-04
  1307.00000  5.98426E-02  5.67459E-02  2.68037E-03  4.16249E-04
  1308.00000  5.97193E-02  5.66291E-02  2.67505E-03  4.15117E-04
  1309.00000  5.95963E-02  5.65125E-02  2.66975E-03  4.13988E-04
  1310.00000  5.94737E-02  5.63963E-02  2.66447E-03  4.12862E-04
  1311.00000  5.93513E-02  5.62804E-02  2.65919E-03  4.11741E-04
  1312.00000  5.92294E-02  5.61648E-02  2.65393E-03  4.10623E-04
  1313.00000  5.91077E-02  5.60495E-02  2.64869E-03  4.09510E-04
  1314.00000  5.89864E-02  5.59346E-02  2.64346E-03  4.08399E-04
  1315.00000  5.88654E-02  5.58199E-02  2.63824E-03  4.07293E-04
  1316.00000  5.87448E-02  5.57056E-02  2.63304E-03  4.06190E-04
  1317.00000  5.86245E-02  5.55915E-02  2.62785E-03  4.05091E-04
  1318.00000  5.85044E-02  5.54778E-02  2.62267E-03  4.03996E-04
  1319.00000  5.83848E-02  5.53643E-02  2.61751E-03  4.02904E-04
  1320.00000  5.82654E-02  5.52512E-02  2.61236E-03  4.01817E-04
  1321.00000  5.81464E-02  5.51384E-02  2.60722E-03  4.00732E-04
  1322.00000  5.80276E-02  5.50259E-02  2.60210E-03  3.99652E-04
  1323.00000  5.79092E-02  5.49137E-02  2.59699E-03  3.98575E-04
  1324.00000  5.77911E-02  5.48017E-02  2.59189E-03  3.97501E-04
  1325.00000  5.76734E-02  5.46901E-02  2.58681E-03  3.96431E-04
  1326.00000  5.75559E-02  5.45788E-02  2.58174E-03  3.95365E-04
  1327.00000  5.74388E-02  5.44678E-02  2.57668E-03  3.94302E-04
  1328.00000  5.73219E-02  5.43571E-02  2.57164E-03  3.93243E-04
  1329.00000  5.72054E-02  5.42466E-02  2.56661E-03  3.92188E-04
  1330.00000  5.70892E-02  5.41365E-02  2.56159E-03  3.91136E-04
  1331.00000  5.69733E-02  5.40266E-02  2.55659E-03  3.90087E-04
  1332.00000  5.68577E-02  5.39171E-02  2.55159E-03  3.89042E-04
  1333.00000  5.67424E-02  5.38078E-02  2.54662E-03  3.88001E-04
  1334.00000  5.66275E-02  5.36989E-02  2.54165E-03  3.86963E-04
  1335.00000  5.65128E-02  5.35902E-02  2.53670E-03  3.85928E-04
  1336.00000  5.63984E-02  5.34818E-02  2.53176E-03  3.84897E-04
  1337.00000  5.62844E-02  5.33737E-02  2.52683E-03  3.83870E-04
  1338.00000  5.61706E-02  5.32658E-02  2.52191E-03  3.82846E-04
  1339.00000  5.60571E-02  5.31583E-02  2.51701E-03  3.81825E-04
  1340.00000  5.59440E-02  5.30510E-02  2.51212E-03  3.80808E-04
  1341.00000  5.58311E-02  5.29441E-02  2.50724E-03  3.79794E-04
  1342.00000  5.57185E-02  5.28374E-02  2.50238E-03  3.78783E-04
  1343.00000  5.56063E-02  5.27310E-02  2.49753E-03  3.77776E-04
  1344.00000  5.54943E-02  5.26248E-02  2.49269E-03  3.76773E-04
  1345.00000  5.53826E-02  5.25190E-02  2.48786E-03  3.75772E-04
  1346.00000  5.52712E-02  5.24134E-02  2.48305E-03  3.74775E-04
  1347.00000  5.51601E-02  5.23081E-02  2.47824E-03  3.73782E-04
  1348.00000  5.50493E-02  5.22031E-02  2.47345E-03  3.72791E-04
  1349.00000  5.49388E-02  5.20983E-02  2.46867E-03  3.71804E-04
  1350.00000  5.48286E-02  5.19939E-02  2.46391E-03  3.70820E-04
  1351.00000  5.47187E-02  5.18897E-02  2.45915E-03  3.69840E-04
  1352.00000  5.46090E-02  5.17857E-02  2.45441E-03  3.68862E-04
  1353.00000  5.44997E-02  5.16821E-02  2.44968E-03  3.67888E-04
  1354.00000  5.43906E-02  5.15787E-02  2.44497E-03  3.66918E-04
  1355.00000  5.42818E-02  5.14756E-02  2.44026E-03  3.65950E-04
  1356.00000  5.41733E-02  5.13727E-02  2.43557E-03  3.64986E-04
  1357.00000  5.40651E-02  5.12701E-02  2.43089E-03  3.64025E-04
  1358.00000  5.39571E-02  5.11678E-02  2.42622E-03  3.63067E-04
  1359.00000  5.38495E-02  5.10658E-02  2.42156E-03  3.62112E-04
  1360.00000  5.37421E-02  5.09640E-02  2.41691E-03  3.61160E-04
  1361.00000  5.36350E-02  5.08625E-02  2.41228E-03  3.60211E-04
  1362.00000  5.35281E-02  5.07612E-02  2.40766E-03  3.59266E-04
  1363.00000  5.34216E-02  5.06602E-02  2.40305E-03  3.58324E-04
  1364.00000  5.33153E-02  5.05595E-02  2.39845E-03  3.57384E-04
  1365.00000  5.32093E-02  5.04590E-02  2.39386E-03  3.56448E-04
  1366.00000  5.31036E-02  5.03588E-02  2.38928E-03  3.55515E-04
  1367.00000  5.29981E-02  5.02588E-02  2.38472E-03  3.54585E-04
  1368.00000  5.28930E-02  5.01591E-02  2.38017E-03  3.53658E-04
  1369.00000  5.27881E-02  5.00597E-02  2.37563E-03  3.52734E-04
  1370.00000  5.26834E-02  4.99605E-02  2.37110E-03  3.51813E-04
  1371.00000  5.25791E-02  4.98616E-02  2.36658E-03  3.50895E-04
  1372.00000  5.24750E-02  4.97629E-02  2.36207E-03  3.49980E-04
  1373.00000  5.23711E-02  4.96645E-02  2.35757E-03  3.49068E-04
  1374.00000  5.22676E-02  4.95663E-02  2.35309E-03  3.48159E-04
  1375.00000  5.21643E-02  4.94684E-02  2.34862E-03  3.47253E-04
  1376.00000  5.20613E-02  4.93707E-02  2.34416E-03  3.46350E-04
  1377.00000  5.19585E-02  4.92733E-02  2.33971E-03  3.45449E-04
  1378.00000  5.18560E-02  4.91762E-02  2.33527E-03  3.44552E-04
  1379.00000  5.17537E-02  4.90793E-02  2.33084E-03  3.43658E-04
  1380.00000  5.16518E-02  4.89826E-02  2.32642E-03  3.42766E-04
  1381.00000  5.15501E-02  4.88862E-02  2.32202E-03  3.41877E-04
  1382.00000  5.14486E-02  4.87900E-02  2.31762E-03  3.40991E-04
  1383.00000  5.13474E-02  4.86941E-02  2.31324E-03  3.40108E-04
  1384.00000  5.12465E-02  4.85984E-02  2.30886E-03  3.39228E-04
  1385.00000  5.11458E-02  4.85029E-02  2.30450E-03  3.38350E-04
  1386.00000  5.10454E-02  4.84077E-02  2.30015E-03  3.37476E-04
  1387.00000  5.09452E-02  4.83128E-02  2.29581E-03  3.36604E-04
  1388.00000  5.08453E-02  4.82181E-02  2.29148E-03  3.35735E-04
  1389.00000  5.07456E-02  4.81236E-02  2.28716E-03  3.34868E-04
  1390.00000  5.06462E-02  4.80294E-02  2.28285E-03  3.34005E-04
  1391.00000  5.05471E-02  4.79354E-02  2.27856E-03  3.33144E-04
  1392.00000  5.04482E-02  4.78416E-02  2.27427E-03  3.32286E-04
  1393.00000  5.03495E-02  4.77481E-02  2.26999E-03  3.31430E-04
  1394.00000  5.02512E-02  4.76548E-02  2.26573E-03  3.30577E-04
  1395.00000  5.01530E-02  4.75618E-02  2.26148E-03  3.29727E-04
  1396.00000  5.00551E-02  4.74690E-02  2.25723E-03  3.28880E-04
  1397.00000  4.99575E-02  4.73764E-02  2.25300E-03  3.28035E-04
  1398.00000  4.98601E-02  4.72841E-02  2.24878E-03  3.27193E-04
  1399.00000  4.97629E-02  4.71920E-02  2.24456E-03  3.26354E-04
  1400.00000  4.96660E-02  4.71001E-02  2.24036E-03  3.25517E-04
  1401.00000  4.95693E-02  4.70085E-02  2.23617E-03  3.24683E-04
  1402.00000  4.94729E-02  4.69171E-02  2.23199E-03  3.23852E-04
  1403.00000  4.93768E-02  4.68259E-02  2.22782E-03  3.23023E-04
  1404.00000  4.92808E-02  4.67350E-02  2.22366E-03  3.22197E-04
  1405.00000  4.91851E-02  4.66443E-02  2.21951E-03  3.21373E-04
  1406.00000  4.90897E-02  4.65538E-02  2.21537E-03  3.20552E-04
  1407.00000  4.89945E-02  4.64635E-02  2.21124E-03  3.19733E-04
  1408.00000  4.88995E-02  4.63735E-02  2.20712E-03  3.18917E-04
  1409.00000  4.88048E-02  4.62837E-02  2.20301E-03  3.18104E-04
  1410.00000  4.87103E-02  4.61941E-02  2.19891E-03  3.17293E-04
  1411.00000  4.86161E-02  4.61048E-02  2.19482E-03  3.16485E-04
  1412.00000  4.85221E-02  4.60156E-02  2.19074E-03  3.15679E-04
  1413.00000  4.84283E-02  4.59267E-02  2.18667E-03  3.14876E-04
  1414.00000  4.83347E-02  4.58381E-02  2.18261E-03  3.14075E-04
  1415.00000  4.82414E-02  4.57496E-02  2.17856E-03  3.13277E-04
  1416.00000  4.81484E-02  4.56614E-02  2.17453E-03  3.12481E-04
  1417.00000  4.80555E-02  4.55734E-02  2.17050E-03  3.11687E-04
  1418.00000  4.79629E-02  4.54856E-02  2.16648E-03  3.10897E-04
  1419.00000  4.78706E-02  4.53980E-02  2.16247E-03  3.10108E-04
  1420.00000  4.77784E-02  4.53106E-02  2.15847E-03  3.09322E-04
  1421.00000  4.76865E-02  4.52235E-02  2.15448E-03  3.08539E-04
  1422.00000  4.75948E-02  4.51366E-02  2.15050E-03  3.07758E-04
  1423.00000  4.75034E-02  4.50499E-02  2.14653E-03  3.06979E-04
  1424.00000  4.74122E-02  4.49634E-02  2.14257E-03  3.06203E-04
  1425.00000  4.73212E-02  4.48771E-02  2.13862E-03  3.05429E-04
  1426.00000  4.72304E-02  4.47911E-02  2.13468E-03  3.04658E-04
  1427.00000  4.71399E-02  4.47053E-02  2.13074E-03  3.03889E-04
  1428.00000  4.70496E-02  4.46196E-02  2.12682E-03  3.03122E-04
  1429.00000  4.69595E-02  4.45342E-02  2.12291E-03  3.02358E-04
  1430.00000  4.68696E-02  4.44490E-02  2.11901E-03  3.01596E-04
  1431.00000  4.67800E-02  4.43641E-02  2.11511E-03  3.00837E-04
  1432.00000  4.66906E-02  4.42793E-02  2.11123E-03  3.00080E-04
  1433.00000  4.66014E-02  4.41947E-02  2.10736E-03  2.99325E-04
  1434.00000  4.65124E-02  4.41104E-02  2.10349E-03  2.98573E-04
  1435.00000  4.64237E-02  4.40262E-02  2.09963E-03  2.97823E-04
  1436.00000  4.63352E-02  4.39423E-02  2.09579E-03  2.97075E-04
  1437.00000  4.62469E-02  4.38586E-02  2.09195E-03  2.96330E-04
  1438.00000  4.61588E-02  4.37751E-02  2.08812E-03  2.95587E-04
  1439.00000  4.60709E-02  4.36918E-02  2.08431E-03  2.94846E-04
  1440.00000  4.59833E-02  4.36087E-02  2.08050E-03  2.94107E-04
  1441.00000  4.58959E-02  4.35258E-02  2.07670E-03  2.93371E-04
  1442.00000  4.58087E-02  4.34431E-02  2.07291E-03  2.92637E-04
  1443.00000  4.57217E-02  4.33606E-02  2.06912E-03  2.91905E-04
  1444.00000  4.56349E-02  4.32784E-02  2.06535E-03  2.91176E-04
  1445.00000  4.55483E-02  4.31963E-02  2.06159E-03  2.90449E-04
  1446.00000  4.54620E-02  4.31144E-02  2.05784E-03  2.89724E-04
  1447.00000  4.53759E-02  4.30328E-02  2.05409E-03  2.89001E-04
  1448.00000  4.52899E-02  4.29513E-02  2.05035E-03  2.88281E-04
  1449.00000  4.52042E-02  4.28700E-02  2.04663E-03  2.87563E-04
  1450.00000  4.51187E-02  4.27890E-02  2.04291E-03  2.86847E-04
  1451.00000  4.50335E-02  4.27081E-02  2.03920E-03  2.86133E-04
  1452.00000  4.49484E-02  4.26275E-02  2.03550E-03  2.85421E-04
  1453.00000  4.48635E-02  4.25470E-02  2.03181E-03  2.84712E-04
  1454.00000  4.47789E-02  4.24668E-02  2.02813E-03  2.84005E-04
  1455.00000  4.46945E-02  4.23867E-02  2.02445E-03  2.83300E-04
  1456.00000  4.46102E-02  4.23068E-02  2.02079E-03  2.82597E-04
  1457.00000  4.45262E-02  4.22272E-02  2.01713E-03  2.81896E-04
  1458.00000  4.44424E-02  4.21477E-02  2.01349E-03  2.81198E-04
  1459.00000  4.43588E-02  4.20684E-02  2.00985E-03  2.80502E-04
  1460.00000  4.42754E-02  4.19894E-02  2.00622E-03  2.79807E-04
  1461.00000  4.41922E-02  4.19105E-02  2.00260E-03  2.79115E-04
  1462.00000  4.41092E-02  4.18318E-02  1.99899E-03  2.78425E-04
  1463.00000  4.40264E-02  4.17533E-02  1.99538E-03  2.77738E-04
  1464.00000  4.39438E-02  4.16750E-02  1.99179E-03  2.77052E-04
  1465.00000  4.38615E-02  4.15969E-02  1.98820E-03  2.76368E-04
  1466.00000  4.37793E-02  4.15190E-02  1.98462E-03  2.75687E-04
  1467.00000  4.36973E-02  4.14413E-02  1.98105E-03  2.75007E-04
  1468.00000  4.36155E-02  4.13637E-02  1.97749E-03  2.74330E-04
  1469.00000  4.35340E-02  4.12864E-02  1.97394E-03  2.73655E-04
  1470.00000  4.34526E-02  4.12092E-02  1.97040E-03  2.72982E-04
  1471.00000  4.33714E-02  4.11323E-02  1.96686E-03  2.72311E-04
  1472.00000  4.32905E-02  4.10555E-02  1.96334E-03  2.71642E-04
  1473.00000  4.32097E-02  4.09789E-02  1.95982E-03  2.70975E-04
  1474.00000  4.31291E-02  4.09025E-02  1.95631E-03  2.70310E-04
  1475.00000  4.30488E-02  4.08263E-02  1.95281E-03  2.69647E-04
  1476.00000  4.29686E-02  4.07503E-02  1.94931E-03  2.68986E-04
  1477.00000  4.28886E-02  4.06745E-02  1.94583E-03  2.68328E-04
  1478.00000  4.28088E-02  4.05988E-02  1.94235E-03  2.67671E-04
  1479.00000  4.27293E-02  4.05234E-02  1.93888E-03  2.67016E-04
  1480.00000  4.26499E-02  4.04481E-02  1.93542E-03  2.66363E-04
  1481.00000  4.25707E-02  4.03730E-02  1.93197E-03  2.65713E-04
  1482.00000  4.24917E-02  4.02981E-02  1.92853E-03  2.65064E-04
  1483.00000  4.24129E-02  4.02234E-02  1.92509E-03  2.64417E-04
  1484.00000  4.23342E-02  4.01488E-02  1.92166E-03  2.63773E-04
  1485.00000  4.22558E-02  4.00745E-02  1.91824E-03  2.63130E-04
  1486.00000  4.21776E-02  4.00003E-02  1.91483E-03  2.62489E-04
  1487.00000  4.20996E-02  3.99263E-02  1.91143E-03  2.61850E-04
  1488.00000  4.20217E-02  3.98525E-02  1.90803E-03  2.61214E-04
  1489.00000  4.19441E-02  3.97788E-02  1.90465E-03  2.60579E-04
  1490.00000  4.18666E-02  3.97054E-02  1.90127E-03  2.59946E-04
  1491.00000  4.17893E-02  3.96321E-02  1.89790E-03  2.59315E-04
  1492.00000  4.17122E-02  3.95590E-02  1.89453E-03  2.58686E-04
  1493.00000  4.16353E-02  3.94861E-02  1.89118E-03  2.58059E-04
  1494.00000  4.15586E-02  3.94133E-02  1.88783E-03  2.57433E-04
  1495.00000  4.14821E-02  3.93408E-02  1.88449E-03  2.56810E-04
  1496.00000  4.14057E-02  3.92684E-02  1.88116E-03  2.56189E-04
  1497.00000  4.13296E-02  3.91962E-02  1.87783E-03  2.55569E-04
  1498.00000  4.12536E-02  3.91241E-02  1.87452E-03  2.54952E-04
  1499.00000  4.11778E-02  3.90523E-02  1.87121E-03  2.54336E-04
  1500.00000  4.11022E-02  3.89806E-02  1.86791E-03  2.53722E-04
  1501.00000  4.10268E-02  3.89091E-02  1.86462E-03  2.53110E-04
  1502.00000  4.09516E-02  3.88378E-02  1.86133E-03  2.52500E-04
  1503.00000  4.08765E-02  3.87666E-02  1.85805E-03  2.51892E-04
  1504.00000  4.08017E-02  3.86956E-02  1.85478E-03  2.51286E-04
  1505.00000  4.07270E-02  3.86248E-02  1.85152E-03  2.50681E-04
  1506.00000  4.06525E-02  3.85541E-02  1.84827E-03  2.50079E-04
  1507.00000  4.05782E-02  3.84837E-02  1.84502E-03  2.49478E-04
  1508.00000  4.05040E-02  3.84134E-02  1.84178E-03  2.48879E-04
  1509.00000  4.04301E-02  3.83432E-02  1.83855E-03  2.48282E-04
  1510.00000  4.03563E-02  3.82733E-02  1.83533E-03  2.47686E-04
  1511.00000  4.02827E-02  3.82035E-02  1.83211E-03  2.47093E-04
  1512.00000  4.02093E-02  3.81339E-02  1.82890E-03  2.46501E-04
  1513.00000  4.01360E-02  3.80644E-02  1.82570E-03  2.45911E-04
  1514.00000  4.00629E-02  3.79951E-02  1.82251E-03  2.45323E-04
  1515.00000  3.99901E-02  3.79260E-02  1.81932E-03  2.44736E-04
  1516.00000  3.99173E-02  3.78570E-02  1.81614E-03  2.44152E-04
  1517.00000  3.98448E-02  3.77883E-02  1.81297E-03  2.43569E-04
  1518.00000  3.97724E-02  3.77196E-02  1.80980E-03  2.42988E-04
  1519.00000  3.97002E-02  3.76512E-02  1.80665E-03  2.42408E-04
  1520.00000  3.96282E-02  3.75829E-02  1.80350E-03  2.41830E-04
  1521.00000  3.95564E-02  3.75148E-02  1.80035E-03  2.41255E-04
  1522.00000  3.94847E-02  3.74468E-02  1.79722E-03  2.40680E-04
  1523.00000  3.94132E-02  3.73790E-02  1.79409E-03  2.40108E-04
  1524.00000  3.93419E-02  3.73114E-02  1.79097E-03  2.39537E-04
  1525.00000  3.92708E-02  3.72439E-02  1.78786E-03  2.38968E-04
  1526.00000  3.91998E-02  3.71766E-02  1.78475E-03  2.38400E-04
  1527.00000  3.91290E-02  3.71095E-02  1.78165E-03  2.37835E-04
  1528.00000  3.90583E-02  3.70425E-02  1.77856E-03  2.37270E-04
  1529.00000  3.89879E-02  3.69757E-02  1.77548E-03  2.36708E-04
  1530.00000  3.89176E-02  3.69090E-02  1.77240E-03  2.36147E-04
  1531.00000  3.88474E-02  3.68425E-02  1.76933E-03  2.35588E-04
  1532.00000  3.87775E-02  3.67762E-02  1.76627E-03  2.35031E-04
  1533.00000  3.87077E-02  3.67100E-02  1.76321E-03  2.34475E-04
  1534.00000  3.86381E-02  3.66440E-02  1.76016E-03  2.33921E-04
  1535.00000  3.85686E-02  3.65781E-02  1.75712E-03  2.33368E-04
  1536.00000  3.84993E-02  3.65124E-02  1.75408E-03  2.32817E-04
  1537.00000  3.84302E-02  3.64469E-02  1.75106E-03  2.32268E-04
  1538.00000  3.83612E-02  3.63815E-02  1.74803E-03  2.31720E-04
  1539.00000  3.82925E-02  3.63163E-02  1.74502E-03  2.31174E-04
  1540.00000  3.82238E-02  3.62512E-02  1.74201E-03  2.30629E-04
  1541.00000  3.81554E-02  3.61863E-02  1.73901E-03  2.30086E-04
  1542.00000  3.80871E-02  3.61215E-02  1.73602E-03  2.29545E-04
  1543.00000  3.80189E-02  3.60569E-02  1.73303E-03  2.29005E-04
  1544.00000  3.79510E-02  3.59924E-02  1.73005E-03  2.28467E-04
  1545.00000  3.78831E-02  3.59281E-02  1.72708E-03  2.27930E-04
  1546.00000  3.78155E-02  3.58640E-02  1.72411E-03  2.27395E-04
  1547.00000  3.77480E-02  3.58000E-02  1.72115E-03  2.26861E-04
  1548.00000  3.76807E-02  3.57362E-02  1.71820E-03  2.26329E-04
  1549.00000  3.76135E-02  3.56725E-02  1.71525E-03  2.25798E-04
  1550.00000  3.75465E-02  3.56089E-02  1.71232E-03  2.25269E-04
  1551.00000  3.74797E-02  3.55455E-02  1.70938E-03  2.24742E-04
  1552.00000  3.74130E-02  3.54823E-02  1.70646E-03  2.24216E-04
  1553.00000  3.73465E-02  3.54192E-02  1.70354E-03  2.23691E-04
  1554.00000  3.72801E-02  3.53563E-02  1.70063E-03  2.23168E-04
  1555.00000  3.72139E-02  3.52935E-02  1.69772E-03  2.22646E-04
  1556.00000  3.71478E-02  3.52309E-02  1.69482E-03  2.22126E-04
  1557.00000  3.70819E-02  3.51684E-02  1.69193E-03  2.21608E-04
  1558.00000  3.70162E-02  3.51060E-02  1.68904E-03  2.21091E-04
  1559.00000  3.69506E-02  3.50439E-02  1.68616E-03  2.20575E-04
  1560.00000  3.68852E-02  3.49818E-02  1.68329E-03  2.20061E-04
  1561.00000  3.68199E-02  3.49199E-02  1.68042E-03  2.19548E-04
  1562.00000  3.67548E-02  3.48582E-02  1.67756E-03  2.19037E-04
  1563.00000  3.66898E-02  3.47966E-02  1.67471E-03  2.18527E-04
  1564.00000  3.66250E-02  3.47351E-02  1.67186E-03  2.18019E-04
  1565.00000  3.65603E-02  3.46738E-02  1.66902E-03  2.17512E-04
  1566.00000  3.64958E-02  3.46126E-02  1.66619E-03  2.17007E-04
  1567.00000  3.64315E-02  3.45516E-02  1.66336E-03  2.16503E-04
  1568.00000  3.63673E-02  3.44907E-02  1.66054E-03  2.16000E-04
  1569.00000  3.63032E-02  3.44300E-02  1.65773E-03  2.15499E-04
  1570.00000  3.62393E-02  3.43694E-02  1.65492E-03  2.15000E-04
  1571.00000  3.61756E-02  3.43090E-02  1.65212E-03  2.14501E-04
  1572.00000  3.61120E-02  3.42487E-02  1.64932E-03  2.14004E-04
  1573.00000  3.60485E-02  3.41885E-02  1.64653E-03  2.13509E-04
  1574.00000  3.59852E-02  3.41285E-02  1.64375E-03  2.13015E-04
  1575.00000  3.59221E-02  3.40686E-02  1.64097E-03  2.12522E-04
  1576.00000  3.58591E-02  3.40089E-02  1.63820E-03  2.12031E-04
  1577.00000  3.57962E-02  3.39493E-02  1.63543E-03  2.11541E-04
  1578.00000  3.57335E-02  3.38898E-02  1.63268E-03  2.11053E-04
  1579.00000  3.56710E-02  3.38305E-02  1.62992E-03  2.10566E-04
  1580.00000  3.56086E-02  3.37713E-02  1.62718E-03  2.10080E-04
  1581.00000  3.55463E-02  3.37123E-02  1.62444E-03  2.09596E-04
  1582.00000  3.54842E-02  3.36534E-02  1.62171E-03  2.09113E-04
  1583.00000  3.54222E-02  3.35946E-02  1.61898E-03  2.08632E-04
  1584.00000  3.53604E-02  3.35360E-02  1.61626E-03  2.08152E-04
  1585.00000  3.52987E-02  3.34775E-02  1.61354E-03  2.07673E-04
  1586.00000  3.52372E-02  3.34191E-02  1.61083E-03  2.07196E-04
  1587.00000  3.51758E-02  3.33609E-02  1.60813E-03  2.06720E-04
  1588.00000  3.51145E-02  3.33028E-02  1.60543E-03  2.06245E-04
  1589.00000  3.50534E-02  3.32449E-02  1.60274E-03  2.05772E-04
  1590.00000  3.49924E-02  3.31871E-02  1.60006E-03  2.05300E-04
  1591.00000  3.49316E-02  3.31294E-02  1.59738E-03  2.04829E-04
  1592.00000  3.48709E-02  3.30719E-02  1.59470E-03  2.04360E-04
  1593.00000  3.48104E-02  3.30145E-02  1.59204E-03  2.03892E-04
  1594.00000  3.47500E-02  3.29572E-02  1.58938E-03  2.03425E-04
  1595.00000  3.46897E-02  3.29001E-02  1.58672E-03  2.02960E-04
  1596.00000  3.46296E-02  3.28431E-02  1.58407E-03  2.02496E-04
  1597.00000  3.45696E-02  3.27862E-02  1.58143E-03  2.02034E-04
  1598.00000  3.45098E-02  3.27294E-02  1.57879E-03  2.01572E-04
  1599.00000  3.44501E-02  3.26728E-02  1.57616E-03  2.01112E-04
  1600.00000  3.43905E-02  3.26164E-02  1.57353E-03  2.00654E-04
  1601.00000  3.43311E-02  3.25600E-02  1.57091E-03  2.00197E-04
  1602.00000  3.42718E-02  3.25038E-02  1.56830E-03  1.99741E-04
  1603.00000  3.42127E-02  3.24477E-02  1.56569E-03  1.99286E-04
  1604.00000  3.41537E-02  3.23917E-02  1.56309E-03  1.98832E-04
  1605.00000  3.40948E-02  3.23359E-02  1.56049E-03  1.98380E-04
  1606.00000  3.40361E-02  3.22802E-02  1.55790E-03  1.97930E-04
  1607.00000  3.39774E-02  3.22247E-02  1.55531E-03  1.97480E-04
  1608.00000  3.39190E-02  3.21692E-02  1.55273E-03  1.97032E-04
  1609.00000  3.38606E-02  3.21139E-02  1.55016E-03  1.96585E-04
  1610.00000  3.38024E-02  3.20587E-02  1.54759E-03  1.96139E-04
  1611.00000  3.37444E-02  3.20037E-02  1.54503E-03  1.95695E-04
  1612.00000  3.36864E-02  3.19487E-02  1.54247E-03  1.95252E-04
  1613.00000  3.36286E-02  3.18939E-02  1.53992E-03  1.94810E-04
  1614.00000  3.35710E-02  3.18392E-02  1.53737E-03  1.94369E-04
  1615.00000  3.35135E-02  3.17847E-02  1.53483E-03  1.93930E-04
  1616.00000  3.34560E-02  3.17303E-02  1.53230E-03  1.93492E-04
  1617.00000  3.33988E-02  3.16760E-02  1.52977E-03  1.93055E-04
  1618.00000  3.33416E-02  3.16218E-02  1.52725E-03  1.92619E-04
  1619.00000  3.32846E-02  3.15677E-02  1.52473E-03  1.92185E-04
  1620.00000  3.32278E-02  3.15138E-02  1.52222E-03  1.91752E-04
  1621.00000  3.31710E-02  3.14600E-02  1.51971E-03  1.91320E-04
  1622.00000  3.31144E-02  3.14063E-02  1.51721E-03  1.90890E-04
  1623.00000  3.30579E-02  3.13527E-02  1.51471E-03  1.90460E-04
  1624.00000  3.30015E-02  3.12993E-02  1.51222E-03  1.90032E-04
  1625.00000  3.29453E-02  3.12460E-02  1.50974E-03  1.89605E-04
  1626.00000  3.28892E-02  3.11928E-02  1.50726E-03  1.89179E-04
  1627.00000  3.28332E-02  3.11397E-02  1.50478E-03  1.88755E-04
  1628.00000  3.27774E-02  3.10868E-02  1.50231E-03  1.88331E-04
  1629.00000  3.27217E-02  3.10339E-02  1.49985E-03  1.87909E-04
  1630.00000  3.26661E-02  3.09812E-02  1.49739E-03  1.87488E-04
  1631.00000  3.26106E-02  3.09286E-02  1.49494E-03  1.87069E-04
  1632.00000  3.25553E-02  3.08761E-02  1.49249E-03  1.86650E-04
  1633.00000  3.25001E-02  3.08238E-02  1.49005E-03  1.86233E-04
  1634.00000  3.24450E-02  3.07715E-02  1.48761E-03  1.85817E-04
  1635.00000  3.23900E-02  3.07194E-02  1.48518E-03  1.85402E-04
  1636.00000  3.23352E-02  3.06674E-02  1.48276E-03  1.84988E-04
  1637.00000  3.22805E-02  3.06155E-02  1.48034E-03  1.84576E-04
  1638.00000  3.22259E-02  3.05638E-02  1.47792E-03  1.84164E-04
  1639.00000  3.21714E-02  3.05121E-02  1.47551E-03  1.83754E-04
  1640.00000  3.21170E-02  3.04606E-02  1.47311E-03  1.83345E-04
  1641.00000  3.20628E-02  3.04092E-02  1.47071E-03  1.82937E-04
  1642.00000  3.20087E-02  3.03579E-02  1.46831E-03  1.82530E-04
  1643.00000  3.19547E-02  3.03067E-02  1.46592E-03  1.82125E-04
  1644.00000  3.19009E-02  3.02556E-02  1.46354E-03  1.81720E-04
  1645.00000  3.18472E-02  3.02047E-02  1.46116E-03  1.81317E-04
  1646.00000  3.17935E-02  3.01538E-02  1.45878E-03  1.80915E-04
  1647.00000  3.17400E-02  3.01031E-02  1.45642E-03  1.80514E-04
  1648.00000  3.16867E-02  3.00525E-02  1.45405E-03  1.80114E-04
  1649.00000  3.16334E-02  3.00020E-02  1.45169E-03  1.79715E-04
  1650.00000  3.15803E-02  2.99516E-02  1.44934E-03  1.79318E-04
  1651.00000  3.15273E-02  2.99014E-02  1.44699E-03  1.78921E-04
  1652.00000  3.14744E-02  2.98512E-02  1.44465E-03  1.78526E-04
  1653.00000  3.14216E-02  2.98012E-02  1.44231E-03  1.78132E-04
  1654.00000  3.13689E-02  2.97512E-02  1.43998E-03  1.77739E-04
  1655.00000  3.13164E-02  2.97014E-02  1.43765E-03  1.77347E-04
  1656.00000  3.12640E-02  2.96517E-02  1.43533E-03  1.76956E-04
  1657.00000  3.12117E-02  2.96021E-02  1.43301E-03  1.76566E-04
  1658.00000  3.11595E-02  2.95526E-02  1.43069E-03  1.76178E-04
  1659.00000  3.11074E-02  2.95032E-02  1.42839E-03  1.75790E-04
  1660.00000  3.10554E-02  2.94540E-02  1.42608E-03  1.75404E-04
  1661.00000  3.10036E-02  2.94048E-02  1.42379E-03  1.75018E-04
  1662.00000  3.09519E-02  2.93557E-02  1.42149E-03  1.74634E-04
  1663.00000  3.09003E-02  2.93068E-02  1.41920E-03  1.74251E-04
  1664.00000  3.08488E-02  2.92580E-02  1.41692E-03  1.73869E-04
  1665.00000  3.07974E-02  2.92092E-02  1.41464E-03  1.73488E-04
  1666.00000  3.07461E-02  2.91606E-02  1.41237E-03  1.73108E-04
  1667.00000  3.06949E-02  2.91121E-02  1.41010E-03  1.72729E-04
  1668.00000  3.06439E-02  2.90637E-02  1.40783E-03  1.72351E-04
  1669.00000  3.05930E-02  2.90154E-02  1.40558E-03  1.71974E-04
  1670.00000  3.05422E-02  2.89672E-02  1.40332E-03  1.71599E-04
  1671.00000  3.04915E-02  2.89192E-02  1.40107E-03  1.71224E-04
  1672.00000  3.04409E-02  2.88712E-02  1.39883E-03  1.70850E-04
  1673.00000  3.03904E-02  2.88233E-02  1.39659E-03  1.70478E-04
  1674.00000  3.03400E-02  2.87755E-02  1.39435E-03  1.70106E-04
  1675.00000  3.02897E-02  2.87279E-02  1.39212E-03  1.69736E-04
  1676.00000  3.02396E-02  2.86803E-02  1.38989E-03  1.69366E-04
  1677.00000  3.01896E-02  2.86329E-02  1.38767E-03  1.68998E-04
  1678.00000  3.01396E-02  2.85855E-02  1.38546E-03  1.68631E-04
  1679.00000  3.00898E-02  2.85383E-02  1.38325E-03  1.68264E-04
  1680.00000  3.00401E-02  2.84912E-02  1.38104E-03  1.67899E-04
  1681.00000  2.99905E-02  2.84441E-02  1.37884E-03  1.67535E-04
  1682.00000  2.99410E-02  2.83972E-02  1.37664E-03  1.67171E-04
  1683.00000  2.98916E-02  2.83504E-02  1.37445E-03  1.66809E-04
  1684.00000  2.98424E-02  2.83037E-02  1.37226E-03  1.66448E-04
  1685.00000  2.97932E-02  2.82570E-02  1.37008E-03  1.66087E-04
  1686.00000  2.97441E-02  2.82105E-02  1.36790E-03  1.65728E-04
  1687.00000  2.96952E-02  2.81641E-02  1.36572E-03  1.65370E-04
  1688.00000  2.96463E-02  2.81178E-02  1.36355E-03  1.65012E-04
  1689.00000  2.95976E-02  2.80716E-02  1.36139E-03  1.64656E-04
  1690.00000  2.95490E-02  2.80254E-02  1.35923E-03  1.64300E-04
  1691.00000  2.95004E-02  2.79794E-02  1.35707E-03  1.63946E-04
  1692.00000  2.94520E-02  2.79335E-02  1.35492E-03  1.63592E-04
  1693.00000  2.94037E-02  2.78877E-02  1.35277E-03  1.63240E-04
  1694.00000  2.93555E-02  2.78420E-02  1.35063E-03  1.62888E-04
  1695.00000  2.93074E-02  2.77964E-02  1.34849E-03  1.62538E-04
  1696.00000  2.92594E-02  2.77508E-02  1.34636E-03  1.62188E-04
  1697.00000  2.92115E-02  2.77054E-02  1.34423E-03  1.61839E-04
  1698.00000  2.91637E-02  2.76601E-02  1.34211E-03  1.61492E-04
  1699.00000  2.91160E-02  2.76149E-02  1.33999E-03  1.61145E-04
  1700.00000  2.90684E-02  2.75698E-02  1.33787E-03  1.60799E-04
  1701.00000  2.90209E-02  2.75247E-02  1.33576E-03  1.60454E-04
  1702.00000  2.89736E-02  2.74798E-02  1.33365E-03  1.60110E-04
  1703.00000  2.89263E-02  2.74350E-02  1.33155E-03  1.59767E-04
  1704.00000  2.88791E-02  2.73902E-02  1.32945E-03  1.59424E-04
  1705.00000  2.88320E-02  2.73456E-02  1.32736E-03  1.59083E-04
  1706.00000  2.87851E-02  2.73010E-02  1.32527E-03  1.58743E-04
  1707.00000  2.87382E-02  2.72566E-02  1.32319E-03  1.58403E-04
  1708.00000  2.86914E-02  2.72122E-02  1.32111E-03  1.58065E-04
  1709.00000  2.86447E-02  2.71680E-02  1.31903E-03  1.57727E-04
  1710.00000  2.85982E-02  2.71238E-02  1.31696E-03  1.57390E-04
  1711.00000  2.85517E-02  2.70798E-02  1.31489E-03  1.57054E-04
  1712.00000  2.85053E-02  2.70358E-02  1.31283E-03  1.56719E-04
  1713.00000  2.84591E-02  2.69919E-02  1.31077E-03  1.56385E-04
  1714.00000  2.84129E-02  2.69481E-02  1.30871E-03  1.56052E-04
  1715.00000  2.83668E-02  2.69044E-02  1.30666E-03  1.55719E-04
  1716.00000  2.83208E-02  2.68608E-02  1.30462E-03  1.55388E-04
  1717.00000  2.82750E-02  2.68173E-02  1.30258E-03  1.55057E-04
  1718.00000  2.82292E-02  2.67739E-02  1.30054E-03  1.54727E-04
  1719.00000  2.81835E-02  2.67306E-02  1.29851E-03  1.54399E-04
  1720.00000  2.81379E-02  2.66874E-02  1.29648E-03  1.54070E-04
  1721.00000  2.80924E-02  2.66442E-02  1.29445E-03  1.53743E-04
  1722.00000  2.80470E-02  2.66012E-02  1.29243E-03  1.53417E-04
  1723.00000  2.80017E-02  2.65582E-02  1.29042E-03  1.53091E-04
  1724.00000  2.79566E-02  2.65154E-02  1.28840E-03  1.52767E-04
  1725.00000  2.79115E-02  2.64726E-02  1.28640E-03  1.52443E-04
  1726.00000  2.78664E-02  2.64299E-02  1.28439E-03  1.52120E-04
  1727.00000  2.78215E-02  2.63874E-02  1.28239E-03  1.51798E-04
  1728.00000  2.77767E-02  2.63449E-02  1.28040E-03  1.51477E-04
  1729.00000  2.77320E-02  2.63024E-02  1.27841E-03  1.51156E-04
  1730.00000  2.76874E-02  2.62601E-02  1.27642E-03  1.50837E-04
  1731.00000  2.76429E-02  2.62179E-02  1.27444E-03  1.50518E-04
  1732.00000  2.75984E-02  2.61758E-02  1.27246E-03  1.50200E-04
  1733.00000  2.75541E-02  2.61337E-02  1.27048E-03  1.49883E-04
  1734.00000  2.75098E-02  2.60918E-02  1.26851E-03  1.49566E-04
  1735.00000  2.74657E-02  2.60499E-02  1.26654E-03  1.49251E-04
  1736.00000  2.74216E-02  2.60081E-02  1.26458E-03  1.48936E-04
  1737.00000  2.73777E-02  2.59664E-02  1.26262E-03  1.48622E-04
  1738.00000  2.73338E-02  2.59248E-02  1.26067E-03  1.48309E-04
  1739.00000  2.72900E-02  2.58833E-02  1.25872E-03  1.47997E-04
  1740.00000  2.72463E-02  2.58419E-02  1.25677E-03  1.47686E-04
  1741.00000  2.72027E-02  2.58005E-02  1.25483E-03  1.47375E-04
  1742.00000  2.71592E-02  2.57593E-02  1.25289E-03  1.47065E-04
  1743.00000  2.71158E-02  2.57181E-02  1.25095E-03  1.46756E-04
  1744.00000  2.70725E-02  2.56770E-02  1.24902E-03  1.46448E-04
  1745.00000  2.70292E-02  2.56360E-02  1.24710E-03  1.46141E-04
  1746.00000  2.69861E-02  2.55951E-02  1.24517E-03  1.45834E-04
  1747.00000  2.69430E-02  2.55543E-02  1.24326E-03  1.45529E-04
  1748.00000  2.69001E-02  2.55135E-02  1.24134E-03  1.45224E-04
  1749.00000  2.68572E-02  2.54729E-02  1.23943E-03  1.44919E-04
  1750.00000  2.68144E-02  2.54323E-02  1.23752E-03  1.44616E-04
  1751.00000  2.67717E-02  2.53918E-02  1.23562E-03  1.44313E-04
  1752.00000  2.67291E-02  2.53514E-02  1.23372E-03  1.44012E-04
  1753.00000  2.66866E-02  2.53111E-02  1.23182E-03  1.43711E-04
  1754.00000  2.66442E-02  2.52709E-02  1.22993E-03  1.43410E-04
  1755.00000  2.66019E-02  2.52307E-02  1.22804E-03  1.43111E-04
  1756.00000  2.65596E-02  2.51906E-02  1.22616E-03  1.42812E-04
  1757.00000  2.65175E-02  2.51507E-02  1.22428E-03  1.42515E-04
  1758.00000  2.64754E-02  2.51108E-02  1.22240E-03  1.42217E-04
  1759.00000  2.64334E-02  2.50709E-02  1.22053E-03  1.41921E-04
  1760.00000  2.63915E-02  2.50312E-02  1.21866E-03  1.41626E-04
  1761.00000  2.63497E-02  2.49916E-02  1.21680E-03  1.41331E-04
  1762.00000  2.63080E-02  2.49520E-02  1.21494E-03  1.41037E-04
  1763.00000  2.62663E-02  2.49125E-02  1.21308E-03  1.40744E-04
  1764.00000  2.62248E-02  2.48731E-02  1.21123E-03  1.40451E-04
  1765.00000  2.61833E-02  2.48338E-02  1.20938E-03  1.40160E-04
  1766.00000  2.61419E-02  2.47945E-02  1.20753E-03  1.39869E-04
  1767.00000  2.61006E-02  2.47554E-02  1.20569E-03  1.39579E-04
  1768.00000  2.60594E-02  2.47163E-02  1.20385E-03  1.39289E-04
  1769.00000  2.60183E-02  2.46773E-02  1.20201E-03  1.39001E-04
  1770.00000  2.59773E-02  2.46384E-02  1.20018E-03  1.38713E-04
  1771.00000  2.59363E-02  2.45996E-02  1.19836E-03  1.38426E-04
  1772.00000  2.58955E-02  2.45608E-02  1.19653E-03  1.38139E-04
  1773.00000  2.58547E-02  2.45221E-02  1.19471E-03  1.37854E-04
  1774.00000  2.58140E-02  2.44835E-02  1.19290E-03  1.37569E-04
  1775.00000  2.57734E-02  2.44450E-02  1.19108E-03  1.37285E-04
  1776.00000  2.57328E-02  2.44066E-02  1.18927E-03  1.37002E-04
  1777.00000  2.56924E-02  2.43682E-02  1.18747E-03  1.36719E-04
  1778.00000  2.56520E-02  2.43299E-02  1.18567E-03  1.36437E-04
  1779.00000  2.56117E-02  2.42917E-02  1.18387E-03  1.36156E-04
  1780.00000  2.55715E-02  2.42536E-02  1.18207E-03  1.35876E-04
  1781.00000  2.55314E-02  2.42156E-02  1.18028E-03  1.35596E-04
  1782.00000  2.54914E-02  2.41776E-02  1.17850E-03  1.35317E-04
  1783.00000  2.54514E-02  2.41397E-02  1.17671E-03  1.35039E-04
  1784.00000  2.54116E-02  2.41019E-02  1.17493E-03  1.34762E-04
  1785.00000  2.53718E-02  2.40641E-02  1.17316E-03  1.34485E-04
  1786.00000  2.53321E-02  2.40265E-02  1.17138E-03  1.34209E-04
  1787.00000  2.52925E-02  2.39889E-02  1.16961E-03  1.33934E-04
  1788.00000  2.52529E-02  2.39514E-02  1.16785E-03  1.33660E-04
  1789.00000  2.52135E-02  2.39140E-02  1.16609E-03  1.33386E-04
  1790.00000  2.51741E-02  2.38766E-02  1.16433E-03  1.33113E-04
  1791.00000  2.51348E-02  2.38394E-02  1.16257E-03  1.32840E-04
  1792.00000  2.50956E-02  2.38022E-02  1.16082E-03  1.32569E-04
  1793.00000  2.50564E-02  2.37650E-02  1.15907E-03  1.32298E-04
  1794.00000  2.50174E-02  2.37280E-02  1.15733E-03  1.32028E-04
  1795.00000  2.49784E-02  2.36910E-02  1.15558E-03  1.31758E-04
  1796.00000  2.49395E-02  2.36541E-02  1.15385E-03  1.31490E-04
  1797.00000  2.49006E-02  2.36173E-02  1.15211E-03  1.31222E-04
  1798.00000  2.48619E-02  2.35806E-02  1.15038E-03  1.30954E-04
  1799.00000  2.48232E-02  2.35439E-02  1.14865E-03  1.30688E-04
  1800.00000  2.47847E-02  2.35073E-02  1.14693E-03  1.30422E-04
  1801.00000  2.47461E-02  2.34708E-02  1.14521E-03  1.30157E-04
  1802.00000  2.47077E-02  2.34343E-02  1.14349E-03  1.29892E-04
  1803.00000  2.46694E-02  2.33980E-02  1.14178E-03  1.29628E-04
  1804.00000  2.46311E-02  2.33617E-02  1.14007E-03  1.29365E-04
  1805.00000  2.45929E-02  2.33254E-02  1.13836E-03  1.29103E-04
  1806.00000  2.45548E-02  2.32893E-02  1.13666E-03  1.28841E-04
  1807.00000  2.45167E-02  2.32532E-02  1.13496E-03  1.28580E-04
  1808.00000  2.44788E-02  2.32172E-02  1.13326E-03  1.28319E-04
  1809.00000  2.44409E-02  2.31813E-02  1.13157E-03  1.28060E-04
  1810.00000  2.44031E-02  2.31454E-02  1.12988E-03  1.27801E-04
  1811.00000  2.43653E-02  2.31096E-02  1.12819E-03  1.27542E-04
  1812.00000  2.43277E-02  2.30739E-02  1.12651E-03  1.27285E-04
  1813.00000  2.42901E-02  2.30383E-02  1.12483E-03  1.27028E-04
  1814.00000  2.42526E-02  2.30027E-02  1.12315E-03  1.26771E-04
  1815.00000  2.42152E-02  2.29672E-02  1.12148E-03  1.26516E-04
  1816.00000  2.41778E-02  2.29318E-02  1.11981E-03  1.26261E-04
  1817.00000  2.41405E-02  2.28964E-02  1.11814E-03  1.26006E-04
  1818.00000  2.41033E-02  2.28611E-02  1.11648E-03  1.25753E-04
  1819.00000  2.40662E-02  2.28259E-02  1.11482E-03  1.25500E-04
  1820.00000  2.40292E-02  2.27908E-02  1.11316E-03  1.25247E-04
  1821.00000  2.39922E-02  2.27557E-02  1.11151E-03  1.24996E-04
  1822.00000  2.39553E-02  2.27207E-02  1.10986E-03  1.24745E-04
  1823.00000  2.39184E-02  2.26857E-02  1.10821E-03  1.24494E-04
  1824.00000  2.38817E-02  2.26509E-02  1.10657E-03  1.24245E-04
  1825.00000  2.38450E-02  2.26161E-02  1.10493E-03  1.23996E-04
  1826.00000  2.38084E-02  2.25814E-02  1.10329E-03  1.23747E-04
  1827.00000  2.37719E-02  2.25467E-02  1.10166E-03  1.23499E-04
  1828.00000  2.37354E-02  2.25121E-02  1.10002E-03  1.23252E-04
  1829.00000  2.36990E-02  2.24776E-02  1.09840E-03  1.23006E-04
  1830.00000  2.36627E-02  2.24432E-02  1.09677E-03  1.22760E-04
  1831.00000  2.36265E-02  2.24088E-02  1.09515E-03  1.22515E-04
  1832.00000  2.35903E-02  2.23745E-02  1.09353E-03  1.22270E-04
  1833.00000  2.35542E-02  2.23403E-02  1.09192E-03  1.22026E-04
  1834.00000  2.35182E-02  2.23061E-02  1.09031E-03  1.21783E-04
  1835.00000  2.34822E-02  2.22720E-02  1.08870E-03  1.21540E-04
  1836.00000  2.34463E-02  2.22380E-02  1.08709E-03  1.21298E-04
  1837.00000  2.34105E-02  2.22040E-02  1.08549E-03  1.21057E-04
  1838.00000  2.33748E-02  2.21701E-02  1.08389E-03  1.20816E-04
  1839.00000  2.33391E-02  2.21363E-02  1.08230E-03  1.20576E-04
  1840.00000  2.33035E-02  2.21025E-02  1.08070E-03  1.20337E-04
  1841.00000  2.32680E-02  2.20688E-02  1.07911E-03  1.20098E-04
  1842.00000  2.32326E-02  2.20352E-02  1.07753E-03  1.19859E-04
  1843.00000  2.31972E-02  2.20016E-02  1.07594E-03  1.19622E-04
  1844.00000  2.31619E-02  2.19681E-02  1.07436E-03  1.19385E-04
  1845.00000  2.31266E-02  2.19347E-02  1.07279E-03  1.19148E-04
  1846.00000  2.30915E-02  2.19013E-02  1.07121E-03  1.18912E-04
  1847.00000  2.30564E-02  2.18680E-02  1.06964E-03  1.18677E-04
  1848.00000  2.30213E-02  2.18348E-02  1.06807E-03  1.18442E-04
  1849.00000  2.29864E-02  2.18017E-02  1.06651E-03  1.18208E-04
  1850.00000  2.29515E-02  2.17686E-02  1.06495E-03  1.17975E-04
  1851.00000  2.29167E-02  2.17355E-02  1.06339E-03  1.17742E-04
  1852.00000  2.28819E-02  2.17026E-02  1.06183E-03  1.17510E-04
  1853.00000  2.28472E-02  2.16697E-02  1.06028E-03  1.17278E-04
  1854.00000  2.28126E-02  2.16368E-02  1.05873E-03  1.17047E-04
  1855.00000  2.27781E-02  2.16041E-02  1.05718E-03  1.16816E-04
  1856.00000  2.27436E-02  2.15714E-02  1.05564E-03  1.16586E-04
  1857.00000  2.27092E-02  2.15387E-02  1.05410E-03  1.16357E-04
  1858.00000  2.26748E-02  2.15061E-02  1.05256E-03  1.16128E-04
  1859.00000  2.26406E-02  2.14736E-02  1.05103E-03  1.15900E-04
  1860.00000  2.26064E-02  2.14412E-02  1.04949E-03  1.15672E-04
  1861.00000  2.25722E-02  2.14088E-02  1.04797E-03  1.15445E-04
  1862.00000  2.25381E-02  2.13765E-02  1.04644E-03  1.15219E-04
  1863.00000  2.25041E-02  2.13442E-02  1.04492E-03  1.14993E-04
  1864.00000  2.24702E-02  2.13120E-02  1.04340E-03  1.14768E-04
  1865.00000  2.24363E-02  2.12799E-02  1.04188E-03  1.14543E-04
  1866.00000  2.24025E-02  2.12479E-02  1.04037E-03  1.14319E-04
  1867.00000  2.23688E-02  2.12159E-02  1.03886E-03  1.14095E-04
  1868.00000  2.23351E-02  2.11839E-02  1.03735E-03  1.13872E-04
  1869.00000  2.23015E-02  2.11521E-02  1.03584E-03  1.13649E-04
  1870.00000  2.22680E-02  2.11202E-02  1.03434E-03  1.13427E-04
  1871.00000  2.22345E-02  2.10885E-02  1.03284E-03  1.13206E-04
  1872.00000  2.22011E-02  2.10568E-02  1.03135E-03  1.12985E-04
  1873.00000  2.21678E-02  2.10252E-02  1.02985E-03  1.12764E-04
  1874.00000  2.21345E-02  2.09936E-02  1.02836E-03  1.12545E-04
  1875.00000  2.21013E-02  2.09621E-02  1.02687E-03  1.12325E-04
  1876.00000  2.20682E-02  2.09307E-02  1.02539E-03  1.12106E-04
  1877.00000  2.20351E-02  2.08993E-02  1.02391E-03  1.11888E-04
  1878.00000  2.20021E-02  2.08680E-02  1.02243E-03  1.11670E-04
  1879.00000  2.19692E-02  2.08368E-02  1.02095E-03  1.11453E-04
  1880.00000  2.19363E-02  2.08056E-02  1.01948E-03  1.11237E-04
  1881.00000  2.19035E-02  2.07744E-02  1.01801E-03  1.11020E-04
  1882.00000  2.18707E-02  2.07434E-02  1.01654E-03  1.10805E-04
  1883.00000  2.18380E-02  2.07124E-02  1.01507E-03  1.10590E-04
  1884.00000  2.18054E-02  2.06814E-02  1.01361E-03  1.10375E-04
  1885.00000  2.17728E-02  2.06505E-02  1.01215E-03  1.10161E-04
  1886.00000  2.17404E-02  2.06197E-02  1.01070E-03  1.09947E-04
  1887.00000  2.17079E-02  2.05889E-02  1.00924E-03  1.09734E-04
  1888.00000  2.16756E-02  2.05582E-02  1.00779E-03  1.09522E-04
  1889.00000  2.16433E-02  2.05276E-02  1.00634E-03  1.09310E-04
  1890.00000  2.16110E-02  2.04970E-02  1.00490E-03  1.09098E-04
  1891.00000  2.15788E-02  2.04665E-02  1.00346E-03  1.08887E-04
  1892.00000  2.15467E-02  2.04360E-02  1.00202E-03  1.08677E-04
  1893.00000  2.15147E-02  2.04056E-02  1.00058E-03  1.08466E-04
  1894.00000  2.14827E-02  2.03753E-02  9.99145E-04  1.08257E-04
  1895.00000  2.14508E-02  2.03450E-02  9.97714E-04  1.08048E-04
  1896.00000  2.14189E-02  2.03148E-02  9.96285E-04  1.07839E-04
  1897.00000  2.13871E-02  2.02846E-02  9.94859E-04  1.07631E-04
  1898.00000  2.13554E-02  2.02545E-02  9.93435E-04  1.07424E-04
  1899.00000  2.13237E-02  2.02244E-02  9.92015E-04  1.07216E-04
  1900.00000  2.12921E-02  2.01945E-02  9.90597E-04  1.07010E-04
  1901.00000  2.12605E-02  2.01645E-02  9.89181E-04  1.06804E-04
  1902.00000  2.12290E-02  2.01346E-02  9.87769E-04  1.06598E-04
  1903.00000  2.11976E-02  2.01048E-02  9.86359E-04  1.06393E-04
  1904.00000  2.11662E-02  2.00751E-02  9.84952E-04  1.06188E-04
  1905.00000  2.11349E-02  2.00454E-02  9.83548E-04  1.05984E-04
  1906.00000  2.11037E-02  2.00157E-02  9.82146E-04  1.05780E-04
  1907.00000  2.10725E-02  1.99861E-02  9.80747E-04  1.05577E-04
  1908.00000  2.10413E-02  1.99566E-02  9.79350E-04  1.05374E-04
  1909.00000  2.10103E-02  1.99271E-02  9.77956E-04  1.05172E-04
  1910.00000  2.09793E-02  1.98977E-02  9.76565E-04  1.04970E-04
  1911.00000  2.09483E-02  1.98684E-02  9.75177E-04  1.04768E-04
  1912.00000  2.09174E-02  1.98391E-02  9.73791E-04  1.04567E-04
  1913.00000  2.08866E-02  1.98098E-02  9.72408E-04  1.04367E-04
  1914.00000  2.08559E-02  1.97807E-02  9.71027E-04  1.04167E-04
  1915.00000  2.08252E-02  1.97515E-02  9.69649E-04  1.03967E-04
  1916.00000  2.07945E-02  1.97225E-02  9.68274E-04  1.03768E-04
  1917.00000  2.07639E-02  1.96934E-02  9.66901E-04  1.03570E-04
  1918.00000  2.07334E-02  1.96645E-02  9.65531E-04  1.03371E-04
  1919.00000  2.07029E-02  1.96356E-02  9.64163E-04  1.03174E-04
  1920.00000  2.06725E-02  1.96067E-02  9.62798E-04  1.02977E-04
  1921.00000  2.06422E-02  1.95780E-02  9.61436E-04  1.02780E-04
  1922.00000  2.06119E-02  1.95492E-02  9.60076E-04  1.02583E-04
  1923.00000  2.05816E-02  1.95205E-02  9.58719E-04  1.02388E-04
  1924.00000  2.05515E-02  1.94919E-02  9.57364E-04  1.02192E-04
  1925.00000  2.05214E-02  1.94633E-02  9.56012E-04  1.01997E-04
  1926.00000  2.04913E-02  1.94348E-02  9.54663E-04  1.01803E-04
  1927.00000  2.04613E-02  1.94064E-02  9.53316E-04  1.01609E-04
  1928.00000  2.04314E-02  1.93780E-02  9.51971E-04  1.01415E-04
  1929.00000  2.04015E-02  1.93496E-02  9.50629E-04  1.01222E-04
  1930.00000  2.03717E-02  1.93213E-02  9.49290E-04  1.01029E-04
  1931.00000  2.03419E-02  1.92931E-02  9.47953E-04  1.00837E-04
  1932.00000  2.03122E-02  1.92649E-02  9.46618E-04  1.00645E-04
  1933.00000  2.02825E-02  1.92368E-02  9.45287E-04  1.00454E-04
  1934.00000  2.02529E-02  1.92087E-02  9.43957E-04  1.00263E-04
  1935.00000  2.02234E-02  1.91807E-02  9.42630E-04  1.00073E-04
  1936.00000  2.01939E-02  1.91527E-02  9.41306E-04  9.98826E-05
  1937.00000  2.01645E-02  1.91248E-02  9.39984E-04  9.96931E-05
  1938.00000  2.01351E-02  1.90969E-02  9.38665E-04  9.95040E-05
  1939.00000  2.01058E-02  1.90691E-02  9.37348E-04  9.93153E-05
  1940.00000  2.00765E-02  1.90414E-02  9.36033E-04  9.91271E-05
  1941.00000  2.00473E-02  1.90137E-02  9.34721E-04  9.89393E-05
  1942.00000  2.00182E-02  1.89860E-02  9.33412E-04  9.87520E-05
  1943.00000  1.99891E-02  1.89584E-02  9.32105E-04  9.85651E-05
  1944.00000  1.99601E-02  1.89309E-02  9.30800E-04  9.83787E-05
  1945.00000  1.99311E-02  1.89034E-02  9.29498E-04  9.81927E-05
  1946.00000  1.99022E-02  1.88760E-02  9.28198E-04  9.80071E-05
  1947.00000  1.98733E-02  1.88486E-02  9.26901E-04  9.78220E-05
  1948.00000  1.98445E-02  1.88213E-02  9.25606E-04  9.76373E-05
  1949.00000  1.98158E-02  1.87940E-02  9.24313E-04  9.74530E-05
  1950.00000  1.97871E-02  1.87668E-02  9.23023E-04  9.72692E-05
  1951.00000  1.97584E-02  1.87396E-02  9.21735E-04  9.70858E-05
  1952.00000  1.97298E-02  1.87125E-02  9.20450E-04  9.69029E-05
  1953.00000  1.97013E-02  1.86854E-02  9.19167E-04  9.67204E-05
  1954.00000  1.96728E-02  1.86584E-02  9.17887E-04  9.65383E-05
  1955.00000  1.96444E-02  1.86314E-02  9.16609E-04  9.63567E-05
  1956.00000  1.96160E-02  1.86045E-02  9.15333E-04  9.61755E-05
  1957.00000  1.95877E-02  1.85777E-02  9.14060E-04  9.59947E-05
  1958.00000  1.95595E-02  1.85509E-02  9.12789E-04  9.58143E-05
  1959.00000  1.95313E-02  1.85241E-02  9.11520E-04  9.56344E-05
  1960.00000  1.95031E-02  1.84974E-02  9.10254E-04  9.54549E-05
  1961.00000  1.94750E-02  1.84707E-02  9.08990E-04  9.52758E-05
  1962.00000  1.94470E-02  1.84441E-02  9.07728E-04  9.50972E-05
  1963.00000  1.94190E-02  1.84176E-02  9.06469E-04  9.49190E-05
  1964.00000  1.93910E-02  1.83911E-02  9.05212E-04  9.47412E-05
  1965.00000  1.93631E-02  1.83646E-02  9.03958E-04  9.45638E-05
  1966.00000  1.93353E-02  1.83382E-02  9.02706E-04  9.43869E-05
  1967.00000  1.93075E-02  1.83119E-02  9.01456E-04  9.42103E-05
  1968.00000  1.92798E-02  1.82856E-02  9.00208E-04  9.40342E-05
  1969.00000  1.92521E-02  1.82593E-02  8.98963E-04  9.38585E-05
  1970.00000  1.92245E-02  1.82331E-02  8.97720E-04  9.36833E-05
  1971.00000  1.91969E-02  1.82070E-02  8.96479E-04  9.35084E-05
  1972.00000  1.91694E-02  1.81809E-02  8.95241E-04  9.33340E-05
  1973.00000  1.91420E-02  1.81548E-02  8.94005E-04  9.31600E-05
  1974.00000  1.91146E-02  1.81288E-02  8.92771E-04  9.29864E-05
  1975.00000  1.90872E-02  1.81028E-02  8.91540E-04  9.28132E-05
  1976.00000  1.90599E-02  1.80769E-02  8.90311E-04  9.26404E-05
  1977.00000  1.90326E-02  1.80511E-02  8.89084E-04  9.24680E-05
  1978.00000  1.90054E-02  1.80253E-02  8.87859E-04  9.22961E-05
  1979.00000  1.89783E-02  1.79995E-02  8.86637E-04  9.21245E-05
  1980.00000  1.89512E-02  1.79738E-02  8.85416E-04  9.19534E-05
  1981.00000  1.89241E-02  1.79482E-02  8.84199E-04  9.17826E-05
  1982.00000  1.88971E-02  1.79225E-02  8.82983E-04  9.16123E-05
  1983.00000  1.88702E-02  1.78970E-02  8.81769E-04  9.14424E-05
  1984.00000  1.88433E-02  1.78715E-02  8.80558E-04  9.12729E-05
  1985.00000  1.88165E-02  1.78460E-02  8.79349E-04  9.11037E-05
  1986.00000  1.87897E-02  1.78206E-02  8.78143E-04  9.09350E-05
  1987.00000  1.87629E-02  1.77952E-02  8.76938E-04  9.07667E-05
  1988.00000  1.87362E-02  1.77699E-02  8.75736E-04  9.05988E-05
  1989.00000  1.87096E-02  1.77446E-02  8.74536E-04  9.04313E-05
  1990.00000  1.86830E-02  1.77194E-02  8.73338E-04  9.02641E-05
  1991.00000  1.86565E-02  1.76942E-02  8.72142E-04  9.00974E-05
  1992.00000  1.86300E-02  1.76691E-02  8.70949E-04  8.99311E-05
  1993.00000  1.86035E-02  1.76440E-02  8.69757E-04  8.97651E-05
  1994.00000  1.85771E-02  1.76190E-02  8.68568E-04  8.95996E-05
  1995.00000  1.85508E-02  1.75940E-02  8.67381E-04  8.94344E-05
  1996.00000  1.85245E-02  1.75690E-02  8.66197E-04  8.92697E-05
  1997.00000  1.84983E-02  1.75441E-02  8.65014E-04  8.91053E-05
  1998.00000  1.84721E-02  1.75193E-02  8.63834E-04  8.89413E-05
  1999.00000  1.84459E-02  1.74945E-02  8.62655E-04  8.87777E-05
  2000.00000  1.84198E-02  1.74697E-02  8.61479E-04  8.86145E-05
  2001.00000  1.83938E-02  1.74450E-02  8.60305E-04  8.84517E-05
  2002.00000  1.83678E-02  1.74204E-02  8.59134E-04  8.82892E-05
  2003.00000  1.83419E-02  1.73958E-02  8.57964E-04  8.81272E-05
  2004.00000  1.83160E-02  1.73712E-02  8.56796E-04  8.79655E-05
  2005.00000  1.82901E-02  1.73467E-02  8.55631E-04  8.78042E-05
  2006.00000  1.82643E-02  1.73222E-02  8.54468E-04  8.76433E-05
  2007.00000  1.82386E-02  1.72978E-02  8.53307E-04  8.74828E-05
  2008.00000  1.82128E-02  1.72734E-02  8.52148E-04  8.73226E-05
  2009.00000  1.81872E-02  1.72490E-02  8.50991E-04  8.71629E-05
  2010.00000  1.81616E-02  1.72247E-02  8.49836E-04  8.70035E-05
  2011.00000  1.81360E-02  1.72005E-02  8.48684E-04  8.68444E-05
  2012.00000  1.81105E-02  1.71763E-02  8.47533E-04  8.66858E-05
  2013.00000  1.80851E-02  1.71521E-02  8.46385E-04  8.65275E-05
  2014.00000  1.80596E-02  1.71280E-02  8.45238E-04  8.63696E-05
  2015.00000  1.80343E-02  1.71040E-02  8.44094E-04  8.62121E-05
  2016.00000  1.80089E-02  1.70799E-02  8.42952E-04  8.60549E-05
  2017.00000  1.79837E-02  1.70560E-02  8.41812E-04  8.58981E-05
  2018.00000  1.79585E-02  1.70320E-02  8.40674E-04  8.57417E-05
  2019.00000  1.79333E-02  1.70081E-02  8.39538E-04  8.55857E-05
  2020.00000  1.79081E-02  1.69843E-02  8.38404E-04  8.54300E-05
  2021.00000  1.78831E-02  1.69605E-02  8.37272E-04  8.52746E-05
  2022.00000  1.78580E-02  1.69368E-02  8.36142E-04  8.51197E-05
  2023.00000  1.78330E-02  1.69130E-02  8.35014E-04  8.49651E-05
  2024.00000  1.78081E-02  1.68894E-02  8.33889E-04  8.48109E-05
  2025.00000  1.77832E-02  1.68658E-02  8.32765E-04  8.46570E-05
  2026.00000  1.77583E-02  1.68422E-02  8.31644E-04  8.45035E-05
  2027.00000  1.77335E-02  1.68187E-02  8.30524E-04  8.43503E-05
  2028.00000  1.77088E-02  1.67952E-02  8.29406E-04  8.41975E-05
  2029.00000  1.76841E-02  1.67717E-02  8.28291E-04  8.40451E-05
  2030.00000  1.76594E-02  1.67483E-02  8.27177E-04  8.38930E-05
  2031.00000  1.76348E-02  1.67250E-02  8.26066E-04  8.37412E-05
  2032.00000  1.76102E-02  1.67016E-02  8.24956E-04  8.35899E-05
  2033.00000  1.75857E-02  1.66784E-02  8.23849E-04  8.34388E-05
  2034.00000  1.75612E-02  1.66551E-02  8.22743E-04  8.32881E-05
  2035.00000  1.75367E-02  1.66320E-02  8.21640E-04  8.31378E-05
  2036.00000  1.75123E-02  1.66088E-02  8.20538E-04  8.29878E-05
  2037.00000  1.74880E-02  1.65857E-02  8.19439E-04  8.28382E-05
  2038.00000  1.74637E-02  1.65627E-02  8.18341E-04  8.26889E-05
  2039.00000  1.74394E-02  1.65396E-02  8.17246E-04  8.25399E-05
  2040.00000  1.74152E-02  1.65167E-02  8.16152E-04  8.23913E-05
  2041.00000  1.73911E-02  1.64937E-02  8.15061E-04  8.22430E-05
  2042.00000  1.73669E-02  1.64709E-02  8.13971E-04  8.20951E-05
  2043.00000  1.73428E-02  1.64480E-02  8.12883E-04  8.19475E-05
  2044.00000  1.73188E-02  1.64252E-02  8.11798E-04  8.18002E-05
  2045.00000  1.72948E-02  1.64025E-02  8.10714E-04  8.16533E-05
  2046.00000  1.72709E-02  1.63797E-02  8.09632E-04  8.15067E-05
  2047.00000  1.72470E-02  1.63571E-02  8.08552E-04  8.13605E-05
  2048.00000  1.72231E-02  1.63344E-02  8.07474E-04  8.12145E-05
  2049.00000  1.71993E-02  1.63118E-02  8.06398E-04  8.10689E-05
  2050.00000  1.71755E-02  1.62893E-02  8.05324E-04  8.09237E-05
  2051.00000  1.71518E-02  1.62668E-02  8.04252E-04  8.07787E-05
  2052.00000  1.71281E-02  1.62443E-02  8.03182E-04  8.06341E-05
  2053.00000  1.71045E-02  1.62219E-02  8.02114E-04  8.04898E-05
  2054.00000  1.70809E-02  1.61995E-02  8.01047E-04  8.03458E-05
  2055.00000  1.70573E-02  1.61772E-02  7.99983E-04  8.02022E-05
  2056.00000  1.70338E-02  1.61549E-02  7.98920E-04  8.00588E-05
  2057.00000  1.70104E-02  1.61326E-02  7.97860E-04  7.99158E-05
  2058.00000  1.69869E-02  1.61104E-02  7.96801E-04  7.97731E-05
  2059.00000  1.69636E-02  1.60882E-02  7.95744E-04  7.96307E-05
  2060.00000  1.69402E-02  1.60660E-02  7.94689E-04  7.94887E-05
  2061.00000  1.69169E-02  1.60440E-02  7.93636E-04  7.93469E-05
  2062.00000  1.68937E-02  1.60219E-02  7.92585E-04  7.92055E-05
  2063.00000  1.68705E-02  1.59999E-02  7.91535E-04  7.90643E-05
  2064.00000  1.68473E-02  1.59779E-02  7.90488E-04  7.89235E-05
  2065.00000  1.68242E-02  1.59560E-02  7.89442E-04  7.87830E-05
  2066.00000  1.68011E-02  1.59341E-02  7.88398E-04  7.86428E-05
  2067.00000  1.67781E-02  1.59122E-02  7.87356E-04  7.85028E-05
  2068.00000  1.67551E-02  1.58904E-02  7.86316E-04  7.83632E-05
  2069.00000  1.67321E-02  1.58686E-02  7.85278E-04  7.82239E-05
  2070.00000  1.67092E-02  1.58469E-02  7.84242E-04  7.80849E-05
  2071.00000  1.66863E-02  1.58252E-02  7.83207E-04  7.79462E-05
  2072.00000  1.66635E-02  1.58035E-02  7.82175E-04  7.78078E-05
  2073.00000  1.66407E-02  1.57819E-02  7.81144E-04  7.76696E-05
  2074.00000  1.66180E-02  1.57603E-02  7.80115E-04  7.75318E-05
  2075.00000  1.65953E-02  1.57388E-02  7.79087E-04  7.73943E-05
  2076.00000  1.65726E-02  1.57173E-02  7.78062E-04  7.72570E-05
  2077.00000  1.65500E-02  1.56958E-02  7.77039E-04  7.71201E-05
  2078.00000  1.65274E-02  1.56744E-02  7.76017E-04  7.69834E-05
  2079.00000  1.65049E-02  1.56530E-02  7.74997E-04  7.68470E-05
  2080.00000  1.64824E-02  1.56317E-02  7.73979E-04  7.67110E-05
  2081.00000  1.64599E-02  1.56104E-02  7.72962E-04  7.65751E-05
  2082.00000  1.64375E-02  1.55891E-02  7.71948E-04  7.64396E-05
  2083.00000  1.64151E-02  1.55679E-02  7.70935E-04  7.63044E-05
  2084.00000  1.63928E-02  1.55467E-02  7.69924E-04  7.61694E-05
  2085.00000  1.63705E-02  1.55255E-02  7.68915E-04  7.60348E-05
  2086.00000  1.63482E-02  1.55044E-02  7.67907E-04  7.59004E-05
  2087.00000  1.63260E-02  1.54833E-02  7.66901E-04  7.57662E-05
  2088.00000  1.63038E-02  1.54623E-02  7.65897E-04  7.56324E-05
  2089.00000  1.62817E-02  1.54413E-02  7.64895E-04  7.54988E-05
  2090.00000  1.62596E-02  1.54203E-02  7.63895E-04  7.53656E-05
  2091.00000  1.62375E-02  1.53994E-02  7.62896E-04  7.52326E-05
  2092.00000  1.62155E-02  1.53785E-02  7.61899E-04  7.50998E-05
  2093.00000  1.61935E-02  1.53577E-02  7.60904E-04  7.49674E-05
  2094.00000  1.61716E-02  1.53369E-02  7.59911E-04  7.48352E-05
  2095.00000  1.61497E-02  1.53161E-02  7.58919E-04  7.47033E-05
  2096.00000  1.61278E-02  1.52953E-02  7.57929E-04  7.45716E-05
  2097.00000  1.61060E-02  1.52746E-02  7.56941E-04  7.44402E-05
  2098.00000  1.60843E-02  1.52540E-02  7.55955E-04  7.43091E-05
  2099.00000  1.60625E-02  1.52334E-02  7.54970E-04  7.41783E-05
  2100.00000  1.60408E-02  1.52128E-02  7.53987E-04  7.40477E-05
  2101.00000  1.60191E-02  1.51922E-02  7.53006E-04  7.39174E-05
  2102.00000  1.59975E-02  1.51717E-02  7.52026E-04  7.37874E-05
  2103.00000  1.59759E-02  1.51512E-02  7.51048E-04  7.36576E-05
  2104.00000  1.59544E-02  1.51308E-02  7.50072E-04  7.35281E-05
  2105.00000  1.59329E-02  1.51104E-02  7.49098E-04  7.33989E-05
  2106.00000  1.59114E-02  1.50900E-02  7.48125E-04  7.32699E-05
  2107.00000  1.58900E-02  1.50697E-02  7.47154E-04  7.31412E-05
  2108.00000  1.58686E-02  1.50494E-02  7.46185E-04  7.30128E-05
  2109.00000  1.58472E-02  1.50291E-02  7.45217E-04  7.28846E-05
  2110.00000  1.58259E-02  1.50089E-02  7.44251E-04  7.27567E-05
  2111.00000  1.58047E-02  1.49887E-02  7.43287E-04  7.26291E-05
  2112.00000  1.57834E-02  1.49686E-02  7.42324E-04  7.25017E-05
  2113.00000  1.57622E-02  1.49485E-02  7.41363E-04  7.23745E-05
  2114.00000  1.57411E-02  1.49284E-02  7.40404E-04  7.22477E-05
  2115.00000  1.57199E-02  1.49084E-02  7.39446E-04  7.21211E-05
  2116.00000  1.56988E-02  1.48884E-02  7.38490E-04  7.19947E-05
  2117.00000  1.56778E-02  1.48684E-02  7.37536E-04  7.18687E-05
  2118.00000  1.56568E-02  1.48485E-02  7.36583E-04  7.17428E-05
  2119.00000  1.56358E-02  1.48286E-02  7.35632E-04  7.16173E-05
  2120.00000  1.56149E-02  1.48087E-02  7.34682E-04  7.14920E-05
  2121.00000  1.55940E-02  1.47889E-02  7.33735E-04  7.13669E-05
  2122.00000  1.55731E-02  1.47691E-02  7.32789E-04  7.12422E-05
  2123.00000  1.55523E-02  1.47493E-02  7.31844E-04  7.11176E-05
  2124.00000  1.55315E-02  1.47296E-02  7.30901E-04  7.09934E-05
  2125.00000  1.55107E-02  1.47099E-02  7.29960E-04  7.08694E-05
  2126.00000  1.54900E-02  1.46903E-02  7.29020E-04  7.07456E-05
  2127.00000  1.54693E-02  1.46706E-02  7.28082E-04  7.06221E-05
  2128.00000  1.54487E-02  1.46511E-02  7.27146E-04  7.04989E-05
  2129.00000  1.54281E-02  1.46315E-02  7.26211E-04  7.03759E-05
  2130.00000  1.54075E-02  1.46120E-02  7.25278E-04  7.02532E-05
  2131.00000  1.53870E-02  1.45925E-02  7.24346E-04  7.01307E-05
  2132.00000  1.53665E-02  1.45731E-02  7.23416E-04  7.00085E-05
  2133.00000  1.53460E-02  1.45537E-02  7.22488E-04  6.98865E-05
  2134.00000  1.53256E-02  1.45343E-02  7.21561E-04  6.97648E-05
  2135.00000  1.53052E-02  1.45149E-02  7.20636E-04  6.96434E-05
  2136.00000  1.52849E-02  1.44956E-02  7.19712E-04  6.95222E-05
  2137.00000  1.52646E-02  1.44764E-02  7.18790E-04  6.94013E-05
  2138.00000  1.52443E-02  1.44571E-02  7.17870E-04  6.92806E-05
  2139.00000  1.52240E-02  1.44379E-02  7.16951E-04  6.91601E-05
  2140.00000  1.52038E-02  1.44187E-02  7.16033E-04  6.90400E-05
  2141.00000  1.51836E-02  1.43996E-02  7.15118E-04  6.89200E-05
  2142.00000  1.51635E-02  1.43805E-02  7.14203E-04  6.88004E-05
  2143.00000  1.51434E-02  1.43614E-02  7.13291E-04  6.86810E-05
  2144.00000  1.51233E-02  1.43424E-02  7.12380E-04  6.85618E-05
  2145.00000  1.51033E-02  1.43234E-02  7.11470E-04  6.84429E-05
  2146.00000  1.50833E-02  1.43044E-02  7.10562E-04  6.83242E-05
  2147.00000  1.50633E-02  1.42855E-02  7.09656E-04  6.82058E-05
  2148.00000  1.50434E-02  1.42666E-02  7.08751E-04  6.80876E-05
  2149.00000  1.50235E-02  1.42477E-02  7.07847E-04  6.79697E-05
  2150.00000  1.50037E-02  1.42289E-02  7.06946E-04  6.78521E-05
  2151.00000  1.49839E-02  1.42101E-02  7.06045E-04  6.77347E-05
  2152.00000  1.49641E-02  1.41913E-02  7.05147E-04  6.76175E-05
  2153.00000  1.49443E-02  1.41726E-02  7.04249E-04  6.75006E-05
  2154.00000  1.49246E-02  1.41539E-02  7.03354E-04  6.73839E-05
  2155.00000  1.49049E-02  1.41352E-02  7.02460E-04  6.72675E-05
  2156.00000  1.48853E-02  1.41165E-02  7.01567E-04  6.71513E-05
  2157.00000  1.48656E-02  1.40979E-02  7.00676E-04  6.70354E-05
  2158.00000  1.48461E-02  1.40794E-02  6.99786E-04  6.69198E-05
  2159.00000  1.48265E-02  1.40608E-02  6.98898E-04  6.68043E-05
  2160.00000  1.48070E-02  1.40423E-02  6.98011E-04  6.66892E-05
  2161.00000  1.47875E-02  1.40238E-02  6.97126E-04  6.65742E-05
  2162.00000  1.47681E-02  1.40054E-02  6.96243E-04  6.64595E-05
  2163.00000  1.47487E-02  1.39870E-02  6.95360E-04  6.63451E-05
  2164.00000  1.47293E-02  1.39686E-02  6.94480E-04  6.62309E-05
  2165.00000  1.47099E-02  1.39502E-02  6.93601E-04  6.61169E-05
  2166.00000  1.46906E-02  1.39319E-02  6.92723E-04  6.60032E-05
  2167.00000  1.46714E-02  1.39136E-02  6.91847E-04  6.58898E-05
  2168.00000  1.46521E-02  1.38954E-02  6.90972E-04  6.57765E-05
  2169.00000  1.46329E-02  1.38771E-02  6.90099E-04  6.56636E-05
  2170.00000  1.46137E-02  1.38589E-02  6.89227E-04  6.55508E-05
  2171.00000  1.45946E-02  1.38408E-02  6.88356E-04  6.54383E-05
  2172.00000  1.45755E-02  1.38227E-02  6.87488E-04  6.53261E-05
  2173.00000  1.45564E-02  1.38046E-02  6.86620E-04  6.52140E-05
  2174.00000  1.45374E-02  1.37865E-02  6.85754E-04  6.51023E-05
  2175.00000  1.45183E-02  1.37685E-02  6.84890E-04  6.49907E-05
  2176.00000  1.44994E-02  1.37505E-02  6.84027E-04  6.48794E-05
  2177.00000  1.44804E-02  1.37325E-02  6.83165E-04  6.47684E-05
  2178.00000  1.44615E-02  1.37145E-02  6.82305E-04  6.46575E-05
  2179.00000  1.44426E-02  1.36966E-02  6.81446E-04  6.45470E-05
  2180.00000  1.44238E-02  1.36787E-02  6.80589E-04  6.44366E-05
  2181.00000  1.44050E-02  1.36609E-02  6.79733E-04  6.43265E-05
  2182.00000  1.43862E-02  1.36431E-02  6.78879E-04  6.42166E-05
  2183.00000  1.43674E-02  1.36253E-02  6.78026E-04  6.41070E-05
  2184.00000  1.43487E-02  1.36075E-02  6.77174E-04  6.39976E-05
  2185.00000  1.43300E-02  1.35898E-02  6.76324E-04  6.38884E-05
  2186.00000  1.43114E-02  1.35721E-02  6.75475E-04  6.37795E-05
  2187.00000  1.42927E-02  1.35544E-02  6.74628E-04  6.36708E-05
  2188.00000  1.42742E-02  1.35368E-02  6.73782E-04  6.35623E-05
  2189.00000  1.42556E-02  1.35192E-02  6.72937E-04  6.34541E-05
  2190.00000  1.42371E-02  1.35016E-02  6.72094E-04  6.33461E-05
  2191.00000  1.42186E-02  1.34841E-02  6.71253E-04  6.32383E-05
  2192.00000  1.42001E-02  1.34666E-02  6.70412E-04  6.31308E-05
  2193.00000  1.41817E-02  1.34491E-02  6.69574E-04  6.30235E-05
  2194.00000  1.41633E-02  1.34316E-02  6.68736E-04  6.29164E-05
  2195.00000  1.41449E-02  1.34142E-02  6.67900E-04  6.28095E-05
  2196.00000  1.41266E-02  1.33968E-02  6.67065E-04  6.27029E-05
  2197.00000  1.41083E-02  1.33794E-02  6.66232E-04  6.25965E-05
  2198.00000  1.40900E-02  1.33621E-02  6.65400E-04  6.24904E-05
  2199.00000  1.40718E-02  1.33448E-02  6.64570E-04  6.23845E-05
  2200.00000  1.40535E-02  1.33275E-02  6.63741E-04  6.22788E-05
  2201.00000  1.40354E-02  1.33103E-02  6.62913E-04  6.21733E-05
  2202.00000  1.40172E-02  1.32931E-02  6.62087E-04  6.20681E-05
  2203.00000  1.39991E-02  1.32759E-02  6.61262E-04  6.19631E-05
  2204.00000  1.39810E-02  1.32587E-02  6.60438E-04  6.18583E-05
  2205.00000  1.39629E-02  1.32416E-02  6.59616E-04  6.17537E-05
  2206.00000  1.39449E-02  1.32245E-02  6.58795E-04  6.16494E-05
  2207.00000  1.39269E-02  1.32074E-02  6.57975E-04  6.15453E-05
  2208.00000  1.39090E-02  1.31904E-02  6.57157E-04  6.14414E-05
  2209.00000  1.38910E-02  1.31733E-02  6.56340E-04  6.13377E-05
  2210.00000  1.38731E-02  1.31564E-02  6.55525E-04  6.12343E-05
  2211.00000  1.38552E-02  1.31394E-02  6.54711E-04  6.11311E-05
  2212.00000  1.38374E-02  1.31225E-02  6.53898E-04  6.10281E-05
  2213.00000  1.38196E-02  1.31056E-02  6.53086E-04  6.09253E-05
  2214.00000  1.38018E-02  1.30887E-02  6.52276E-04  6.08228E-05
  2215.00000  1.37841E-02  1.30719E-02  6.51467E-04  6.07205E-05
  2216.00000  1.37663E-02  1.30551E-02  6.50660E-04  6.06184E-05
  2217.00000  1.37486E-02  1.30383E-02  6.49854E-04  6.05165E-05
  2218.00000  1.37310E-02  1.30215E-02  6.49049E-04  6.04149E-05
  2219.00000  1.37133E-02  1.30048E-02  6.48246E-04  6.03134E-05
  2220.00000  1.36957E-02  1.29881E-02  6.47444E-04  6.02122E-05
  2221.00000  1.36782E-02  1.29714E-02  6.46643E-04  6.01112E-05
  2222.00000  1.36606E-02  1.29548E-02  6.45843E-04  6.00104E-05
  2223.00000  1.36431E-02  1.29381E-02  6.45045E-04  5.99099E-05
  2224.00000  1.36256E-02  1.29216E-02  6.44248E-04  5.98095E-05
  2225.00000  1.36082E-02  1.29050E-02  6.43453E-04  5.97094E-05
  2226.00000  1.35907E-02  1.28885E-02  6.42658E-04  5.96095E-05
  2227.00000  1.35733E-02  1.28720E-02  6.41865E-04  5.95098E-05
  2228.00000  1.35560E-02  1.28555E-02  6.41074E-04  5.94103E-05
  2229.00000  1.35386E-02  1.28390E-02  6.40283E-04  5.93110E-05
  2230.00000  1.35213E-02  1.28226E-02  6.39494E-04  5.92120E-05
  2231.00000  1.35040E-02  1.28062E-02  6.38707E-04  5.91131E-05
  2232.00000  1.34868E-02  1.27899E-02  6.37920E-04  5.90145E-05
  2233.00000  1.34696E-02  1.27735E-02  6.37135E-04  5.89161E-05
  2234.00000  1.34524E-02  1.27572E-02  6.36351E-04  5.88179E-05
  2235.00000  1.34352E-02  1.27409E-02  6.35568E-04  5.87199E-05
  2236.00000  1.34181E-02  1.27247E-02  6.34787E-04  5.86221E-05
  2237.00000  1.34010E-02  1.27084E-02  6.34007E-04  5.85245E-05
  2238.00000  1.33839E-02  1.26922E-02  6.33228E-04  5.84271E-05
  2239.00000  1.33668E-02  1.26761E-02  6.32451E-04  5.83300E-05
  2240.00000  1.33498E-02  1.26599E-02  6.31675E-04  5.82330E-05
  2241.00000  1.33328E-02  1.26438E-02  6.30900E-04  5.81362E-05
  2242.00000  1.33159E-02  1.26277E-02  6.30126E-04  5.80397E-05
  2243.00000  1.32989E-02  1.26116E-02  6.29353E-04  5.79433E-05
  2244.00000  1.32820E-02  1.25956E-02  6.28582E-04  5.78472E-05
  2245.00000  1.32651E-02  1.25796E-02  6.27812E-04  5.77512E-05
  2246.00000  1.32483E-02  1.25636E-02  6.27044E-04  5.76555E-05
  2247.00000  1.32315E-02  1.25476E-02  6.26276E-04  5.75599E-05
  2248.00000  1.32147E-02  1.25317E-02  6.25510E-04  5.74646E-05
  2249.00000  1.31979E-02  1.25158E-02  6.24745E-04  5.73695E-05
  2250.00000  1.31812E-02  1.24999E-02  6.23981E-04  5.72745E-05
  2251.00000  1.31645E-02  1.24841E-02  6.23219E-04  5.71798E-05
  2252.00000  1.31478E-02  1.24682E-02  6.22458E-04  5.70852E-05
  2253.00000  1.31311E-02  1.24524E-02  6.21698E-04  5.69908E-05
  2254.00000  1.31145E-02  1.24367E-02  6.20939E-04  5.68967E-05
  2255.00000  1.30979E-02  1.24209E-02  6.20182E-04  5.68027E-05
  2256.00000  1.30813E-02  1.24052E-02  6.19425E-04  5.67089E-05
  2257.00000  1.30648E-02  1.23895E-02  6.18670E-04  5.66153E-05
  2258.00000  1.30483E-02  1.23738E-02  6.17916E-04  5.65220E-05
  2259.00000  1.30318E-02  1.23582E-02  6.17164E-04  5.64287E-05
  2260.00000  1.30153E-02  1.23426E-02  6.16412E-04  5.63357E-05
  2261.00000  1.29989E-02  1.23270E-02  6.15662E-04  5.62429E-05
  2262.00000  1.29825E-02  1.23114E-02  6.14913E-04  5.61503E-05
  2263.00000  1.29661E-02  1.22958E-02  6.14166E-04  5.60578E-05
  2264.00000  1.29497E-02  1.22803E-02  6.13419E-04  5.59655E-05
  2265.00000  1.29334E-02  1.22648E-02  6.12674E-04  5.58735E-05
  2266.00000  1.29171E-02  1.22494E-02  6.11929E-04  5.57816E-05
  2267.00000  1.29008E-02  1.22339E-02  6.11187E-04  5.56898E-05
  2268.00000  1.28846E-02  1.22185E-02  6.10445E-04  5.55983E-05
  2269.00000  1.28683E-02  1.22031E-02  6.09704E-04  5.55070E-05
  2270.00000  1.28522E-02  1.21878E-02  6.08965E-04  5.54158E-05
  2271.00000  1.28360E-02  1.21724E-02  6.08227E-04  5.53248E-05
  2272.00000  1.28199E-02  1.21571E-02  6.07490E-04  5.52340E-05
  2273.00000  1.28037E-02  1.21418E-02  6.06754E-04  5.51433E-05
  2274.00000  1.27876E-02  1.21266E-02  6.06019E-04  5.50529E-05
  2275.00000  1.27716E-02  1.21113E-02  6.05286E-04  5.49626E-05
  2276.00000  1.27556E-02  1.20961E-02  6.04553E-04  5.48725E-05
  2277.00000  1.27395E-02  1.20809E-02  6.03822E-04  5.47826E-05
  2278.00000  1.27236E-02  1.20658E-02  6.03092E-04  5.46928E-05
  2279.00000  1.27076E-02  1.20506E-02  6.02363E-04  5.46032E-05
  2280.00000  1.26917E-02  1.20355E-02  6.01636E-04  5.45138E-05
  2281.00000  1.26758E-02  1.20204E-02  6.00909E-04  5.44246E-05
  2282.00000  1.26599E-02  1.20054E-02  6.00184E-04  5.43355E-05
  2283.00000  1.26441E-02  1.19903E-02  5.99460E-04  5.42466E-05
  2284.00000  1.26282E-02  1.19753E-02  5.98737E-04  5.41579E-05
  2285.00000  1.26124E-02  1.19603E-02  5.98015E-04  5.40693E-05
  2286.00000  1.25967E-02  1.19454E-02  5.97294E-04  5.39809E-05
  2287.00000  1.25809E-02  1.19304E-02  5.96575E-04  5.38927E-05
  2288.00000  1.25652E-02  1.19155E-02  5.95856E-04  5.38046E-05
  2289.00000  1.25495E-02  1.19006E-02  5.95139E-04  5.37167E-05
  2290.00000  1.25338E-02  1.18858E-02  5.94423E-04  5.36290E-05
  2291.00000  1.25182E-02  1.18709E-02  5.93708E-04  5.35414E-05
  2292.00000  1.25026E-02  1.18561E-02  5.92994E-04  5.34540E-05
  2293.00000  1.24870E-02  1.18413E-02  5.92282E-04  5.33668E-05
  2294.00000  1.24714E-02  1.18266E-02  5.91570E-04  5.32797E-05
  2295.00000  1.24559E-02  1.18118E-02  5.90860E-04  5.31928E-05
  2296.00000  1.24403E-02  1.17971E-02  5.90150E-04  5.31061E-05
  2297.00000  1.24249E-02  1.17824E-02  5.89442E-04  5.30195E-05
  2298.00000  1.24094E-02  1.17677E-02  5.88735E-04  5.29331E-05
  2299.00000  1.23939E-02  1.17531E-02  5.88029E-04  5.28468E-05
  2300.00000  1.23785E-02  1.17384E-02  5.87324E-04  5.27607E-05
  2301.00000  1.23631E-02  1.17238E-02  5.86621E-04  5.26748E-05
  2302.00000  1.23478E-02  1.17093E-02  5.85918E-04  5.25890E-05
  2303.00000  1.23324E-02  1.16947E-02  5.85217E-04  5.25034E-05
  2304.00000  1.23171E-02  1.16802E-02  5.84516E-04  5.24180E-05
  2305.00000  1.23018E-02  1.16657E-02  5.83817E-04  5.23327E-05
  2306.00000  1.22866E-02  1.16512E-02  5.83119E-04  5.22475E-05
  2307.00000  1.22713E-02  1.16367E-02  5.82422E-04  5.21625E-05
  2308.00000  1.22561E-02  1.16223E-02  5.81726E-04  5.20777E-05
  2309.00000  1.22409E-02  1.16079E-02  5.81031E-04  5.19931E-05
  2310.00000  1.22257E-02  1.15935E-02  5.80337E-04  5.19086E-05
  2311.00000  1.22106E-02  1.15791E-02  5.79644E-04  5.18242E-05
  2312.00000  1.21955E-02  1.15648E-02  5.78953E-04  5.17400E-05
  2313.00000  1.21804E-02  1.15505E-02  5.78262E-04  5.16560E-05
  2314.00000  1.21653E-02  1.15362E-02  5.77573E-04  5.15721E-05
  2315.00000  1.21503E-02  1.15219E-02  5.76884E-04  5.14884E-05
  2316.00000  1.21352E-02  1.15076E-02  5.76197E-04  5.14048E-05
  2317.00000  1.21203E-02  1.14934E-02  5.75511E-04  5.13214E-05
  2318.00000  1.21053E-02  1.14792E-02  5.74826E-04  5.12382E-05
  2319.00000  1.20903E-02  1.14650E-02  5.74142E-04  5.11551E-05
  2320.00000  1.20754E-02  1.14509E-02  5.73459E-04  5.10721E-05
  2321.00000  1.20605E-02  1.14367E-02  5.72777E-04  5.09893E-05
  2322.00000  1.20456E-02  1.14226E-02  5.72096E-04  5.09067E-05
  2323.00000  1.20308E-02  1.14085E-02  5.71416E-04  5.08242E-05
  2324.00000  1.20160E-02  1.13945E-02  5.70737E-04  5.07419E-05
  2325.00000  1.20012E-02  1.13804E-02  5.70060E-04  5.06597E-05
  2326.00000  1.19864E-02  1.13664E-02  5.69383E-04  5.05777E-05
  2327.00000  1.19716E-02  1.13524E-02  5.68708E-04  5.04958E-05
  2328.00000  1.19569E-02  1.13384E-02  5.68033E-04  5.04141E-05
  2329.00000  1.19422E-02  1.13245E-02  5.67360E-04  5.03326E-05
  2330.00000  1.19275E-02  1.13106E-02  5.66687E-04  5.02512E-05
  2331.00000  1.19128E-02  1.12966E-02  5.66016E-04  5.01699E-05
  2332.00000  1.18982E-02  1.12828E-02  5.65345E-04  5.00888E-05
  2333.00000  1.18836E-02  1.12689E-02  5.64676E-04  5.00079E-05
  2334.00000  1.18690E-02  1.12550E-02  5.64008E-04  4.99271E-05
  2335.00000  1.18544E-02  1.12412E-02  5.63341E-04  4.98464E-05
  2336.00000  1.18399E-02  1.12274E-02  5.62674E-04  4.97659E-05
  2337.00000  1.18254E-02  1.12137E-02  5.62009E-04  4.96856E-05
  2338.00000  1.18109E-02  1.11999E-02  5.61345E-04  4.96054E-05
  2339.00000  1.17964E-02  1.11862E-02  5.60682E-04  4.95254E-05
  2340.00000  1.17819E-02  1.11725E-02  5.60020E-04  4.94455E-05
  2341.00000  1.17675E-02  1.11588E-02  5.59359E-04  4.93658E-05
  2342.00000  1.17531E-02  1.11451E-02  5.58699E-04  4.92862E-05
  2343.00000  1.17387E-02  1.11315E-02  5.58040E-04  4.92067E-05
  2344.00000  1.17244E-02  1.11178E-02  5.57382E-04  4.91275E-05
  2345.00000  1.17100E-02  1.11042E-02  5.56725E-04  4.90483E-05
  2346.00000  1.16957E-02  1.10907E-02  5.56069E-04  4.89693E-05
  2347.00000  1.16814E-02  1.10771E-02  5.55414E-04  4.88905E-05
  2348.00000  1.16672E-02  1.10636E-02  5.54760E-04  4.88118E-05
  2349.00000  1.16529E-02  1.10501E-02  5.54107E-04  4.87333E-05
  2350.00000  1.16387E-02  1.10366E-02  5.53455E-04  4.86549E-05
  2351.00000  1.16245E-02  1.10231E-02  5.52804E-04  4.85767E-05
  2352.00000  1.16103E-02  1.10097E-02  5.52154E-04  4.84986E-05
  2353.00000  1.15962E-02  1.09962E-02  5.51505E-04  4.84207E-05
  2354.00000  1.15820E-02  1.09828E-02  5.50858E-04  4.83429E-05
  2355.00000  1.15679E-02  1.09694E-02  5.50211E-04  4.82653E-05
  2356.00000  1.15538E-02  1.09561E-02  5.49565E-04  4.81878E-05
  2357.00000  1.15398E-02  1.09427E-02  5.48920E-04  4.81105E-05
  2358.00000  1.15257E-02  1.09294E-02  5.48276E-04  4.80333E-05
  2359.00000  1.15117E-02  1.09161E-02  5.47633E-04  4.79562E-05
  2360.00000  1.14977E-02  1.09028E-02  5.46991E-04  4.78793E-05
  2361.00000  1.14837E-02  1.08896E-02  5.46350E-04  4.78026E-05
  2362.00000  1.14698E-02  1.08764E-02  5.45710E-04  4.77260E-05
  2363.00000  1.14559E-02  1.08631E-02  5.45071E-04  4.76495E-05
  2364.00000  1.14420E-02  1.08499E-02  5.44433E-04  4.75732E-05
  2365.00000  1.14281E-02  1.08368E-02  5.43796E-04  4.74971E-05
  2366.00000  1.14142E-02  1.08236E-02  5.43160E-04  4.74211E-05
  2367.00000  1.14004E-02  1.08105E-02  5.42524E-04  4.73452E-05
  2368.00000  1.13865E-02  1.07974E-02  5.41890E-04  4.72695E-05
  2369.00000  1.13727E-02  1.07843E-02  5.41257E-04  4.71939E-05
  2370.00000  1.13590E-02  1.07712E-02  5.40625E-04  4.71185E-05
  2371.00000  1.13452E-02  1.07582E-02  5.39994E-04  4.70432E-05
  2372.00000  1.13315E-02  1.07452E-02  5.39363E-04  4.69681E-05
  2373.00000  1.13178E-02  1.07322E-02  5.38734E-04  4.68931E-05
  2374.00000  1.13041E-02  1.07192E-02  5.38106E-04  4.68182E-05
  2375.00000  1.12904E-02  1.07062E-02  5.37478E-04  4.67436E-05
  2376.00000  1.12768E-02  1.06933E-02  5.36852E-04  4.66690E-05
  2377.00000  1.12632E-02  1.06803E-02  5.36226E-04  4.65946E-05
  2378.00000  1.12496E-02  1.06674E-02  5.35601E-04  4.65203E-05
  2379.00000  1.12360E-02  1.06545E-02  5.34978E-04  4.64462E-05
  2380.00000  1.12224E-02  1.06417E-02  5.34355E-04  4.63722E-05
  2381.00000  1.12089E-02  1.06288E-02  5.33733E-04  4.62984E-05
  2382.00000  1.11954E-02  1.06160E-02  5.33113E-04  4.62247E-05
  2383.00000  1.11819E-02  1.06032E-02  5.32493E-04  4.61512E-05
  2384.00000  1.11684E-02  1.05904E-02  5.31874E-04  4.60778E-05
  2385.00000  1.11549E-02  1.05777E-02  5.31256E-04  4.60045E-05
  2386.00000  1.11415E-02  1.05649E-02  5.30639E-04  4.59314E-05
  2387.00000  1.11281E-02  1.05522E-02  5.30023E-04  4.58584E-05
  2388.00000  1.11147E-02  1.05395E-02  5.29408E-04  4.57856E-05
  2389.00000  1.11013E-02  1.05268E-02  5.28793E-04  4.57129E-05
  2390.00000  1.10880E-02  1.05142E-02  5.28180E-04  4.56404E-05
  2391.00000  1.10747E-02  1.05015E-02  5.27568E-04  4.55680E-05
  2392.00000  1.10614E-02  1.04889E-02  5.26956E-04  4.54957E-05
  2393.00000  1.10481E-02  1.04763E-02  5.26346E-04  4.54236E-05
  2394.00000  1.10348E-02  1.04637E-02  5.25736E-04  4.53516E-05
  2395.00000  1.10216E-02  1.04512E-02  5.25127E-04  4.52798E-05
  2396.00000  1.10084E-02  1.04386E-02  5.24520E-04  4.52081E-05
  2397.00000  1.09952E-02  1.04261E-02  5.23913E-04  4.51366E-05
  2398.00000  1.09820E-02  1.04136E-02  5.23307E-04  4.50651E-05
  2399.00000  1.09688E-02  1.04011E-02  5.22702E-04  4.49939E-05
  2400.00000  1.09557E-02  1.03887E-02  5.22098E-04  4.49228E-05
  2401.00000  1.09426E-02  1.03762E-02  5.21494E-04  4.48518E-05
  2402.00000  1.09295E-02  1.03638E-02  5.20892E-04  4.47809E-05
  2403.00000  1.09164E-02  1.03514E-02  5.20291E-04  4.47102E-05
  2404.00000  1.09033E-02  1.03390E-02  5.19690E-04  4.46397E-05
  2405.00000  1.08903E-02  1.03267E-02  5.19091E-04  4.45693E-05
  2406.00000  1.08773E-02  1.03143E-02  5.18492E-04  4.44990E-05
  2407.00000  1.08643E-02  1.03020E-02  5.17894E-04  4.44289E-05
  2408.00000  1.08513E-02  1.02897E-02  5.17298E-04  4.43589E-05
  2409.00000  1.08384E-02  1.02774E-02  5.16702E-04  4.42890E-05
  2410.00000  1.08254E-02  1.02651E-02  5.16107E-04  4.42193E-05
  2411.00000  1.08125E-02  1.02529E-02  5.15513E-04  4.41497E-05
  2412.00000  1.07996E-02  1.02406E-02  5.14919E-04  4.40803E-05
  2413.00000  1.07868E-02  1.02284E-02  5.14327E-04  4.40110E-05
  2414.00000  1.07739E-02  1.02162E-02  5.13735E-04  4.39419E-05
  2415.00000  1.07611E-02  1.02041E-02  5.13145E-04  4.38729E-05
  2416.00000  1.07483E-02  1.01919E-02  5.12555E-04  4.38040E-05
  2417.00000  1.07355E-02  1.01798E-02  5.11966E-04  4.37353E-05
  2418.00000  1.07227E-02  1.01677E-02  5.11378E-04  4.36667E-05
  2419.00000  1.07100E-02  1.01556E-02  5.10791E-04  4.35982E-05
  2420.00000  1.06972E-02  1.01435E-02  5.10205E-04  4.35299E-05
  2421.00000  1.06845E-02  1.01314E-02  5.09620E-04  4.34618E-05
  2422.00000  1.06718E-02  1.01194E-02  5.09036E-04  4.33937E-05
  2423.00000  1.06592E-02  1.01074E-02  5.08452E-04  4.33258E-05
  2424.00000  1.06465E-02  1.00954E-02  5.07869E-04  4.32581E-05
  2425.00000  1.06339E-02  1.00834E-02  5.07288E-04  4.31905E-05
  2426.00000  1.06213E-02  1.00714E-02  5.06707E-04  4.31230E-05
  2427.00000  1.06087E-02  1.00595E-02  5.06127E-04  4.30556E-05
  2428.00000  1.05961E-02  1.00476E-02  5.05547E-04  4.29884E-05
  2429.00000  1.05835E-02  1.00356E-02  5.04969E-04  4.29214E-05
  2430.00000  1.05710E-02  1.00238E-02  5.04392E-04  4.28545E-05
  2431.00000  1.05585E-02  1.00119E-02  5.03815E-04  4.27877E-05
  2432.00000  1.05460E-02  1.00000E-02  5.03239E-04  4.27210E-05
  2433.00000  1.05335E-02  9.98820E-03  5.02665E-04  4.26545E-05
  2434.00000  1.05211E-02  9.97638E-03  5.02091E-04  4.25881E-05
  2435.00000  1.05086E-02  9.96459E-03  5.01517E-04  4.25219E-05
  2436.00000  1.04962E-02  9.95281E-03  5.00945E-04  4.24558E-05
  2437.00000  1.04838E-02  9.94105E-03  5.00374E-04  4.23898E-05
  2438.00000  1.04714E-02  9.92930E-03  4.99803E-04  4.23240E-05
  2439.00000  1.04591E-02  9.91758E-03  4.99233E-04  4.22582E-05
  2440.00000  1.04467E-02  9.90587E-03  4.98665E-04  4.21927E-05
  2441.00000  1.04344E-02  9.89418E-03  4.98097E-04  4.21272E-05
  2442.00000  1.04221E-02  9.88251E-03  4.97529E-04  4.20619E-05
  2443.00000  1.04098E-02  9.87086E-03  4.96963E-04  4.19968E-05
  2444.00000  1.03976E-02  9.85923E-03  4.96398E-04  4.19317E-05
  2445.00000  1.03853E-02  9.84761E-03  4.95833E-04  4.18668E-05
  2446.00000  1.03731E-02  9.83602E-03  4.95269E-04  4.18021E-05
  2447.00000  1.03609E-02  9.82444E-03  4.94706E-04  4.17374E-05
  2448.00000  1.03487E-02  9.81287E-03  4.94144E-04  4.16729E-05
  2449.00000  1.03365E-02  9.80133E-03  4.93583E-04  4.16085E-05
  2450.00000  1.03244E-02  9.78980E-03  4.93022E-04  4.15443E-05
  2451.00000  1.03122E-02  9.77830E-03  4.92463E-04  4.14802E-05
  2452.00000  1.03001E-02  9.76681E-03  4.91904E-04  4.14162E-05
  2453.00000  1.02880E-02  9.75533E-03  4.91346E-04  4.13523E-05
  2454.00000  1.02760E-02  9.74388E-03  4.90789E-04  4.12886E-05
  2455.00000  1.02639E-02  9.73244E-03  4.90233E-04  4.12250E-05
  2456.00000  1.02519E-02  9.72102E-03  4.89677E-04  4.11615E-05
  2457.00000  1.02398E-02  9.70962E-03  4.89123E-04  4.10982E-05
  2458.00000  1.02278E-02  9.69824E-03  4.88569E-04  4.10350E-05
  2459.00000  1.02159E-02  9.68687E-03  4.88016E-04  4.09719E-05
  2460.00000  1.02039E-02  9.67552E-03  4.87464E-04  4.09089E-05
  2461.00000  1.01919E-02  9.66419E-03  4.86913E-04  4.08461E-05
  2462.00000  1.01800E-02  9.65288E-03  4.86362E-04  4.07833E-05
  2463.00000  1.01681E-02  9.64158E-03  4.85812E-04  4.07208E-05
  2464.00000  1.01562E-02  9.63030E-03  4.85264E-04  4.06583E-05
  2465.00000  1.01444E-02  9.61904E-03  4.84715E-04  4.05959E-05
  2466.00000  1.01325E-02  9.60780E-03  4.84168E-04  4.05337E-05
  2467.00000  1.01207E-02  9.59657E-03  4.83622E-04  4.04716E-05
  2468.00000  1.01088E-02  9.58536E-03  4.83076E-04  4.04096E-05
  2469.00000  1.00970E-02  9.57417E-03  4.82531E-04  4.03478E-05
  2470.00000  1.00853E-02  9.56299E-03  4.81987E-04  4.02860E-05
  2471.00000  1.00735E-02  9.55184E-03  4.81444E-04  4.02244E-05
  2472.00000  1.00618E-02  9.54070E-03  4.80902E-04  4.01629E-05
  2473.00000  1.00500E-02  9.52957E-03  4.80360E-04  4.01015E-05
  2474.00000  1.00383E-02  9.51847E-03  4.79819E-04  4.00403E-05
  2475.00000  1.00266E-02  9.50738E-03  4.79279E-04  3.99791E-05
  2476.00000  1.00150E-02  9.49631E-03  4.78740E-04  3.99181E-05
  2477.00000  1.00033E-02  9.48525E-03  4.78202E-04  3.98572E-05
  2478.00000  9.99167E-03  9.47421E-03  4.77664E-04  3.97964E-05
  2479.00000  9.98006E-03  9.46319E-03  4.77127E-04  3.97357E-05
  2480.00000  9.96845E-03  9.45219E-03  4.76591E-04  3.96751E-05
  2481.00000  9.95687E-03  9.44120E-03  4.76056E-04  3.96147E-05
  2482.00000  9.94531E-03  9.43023E-03  4.75522E-04  3.95543E-05
  2483.00000  9.93376E-03  9.41928E-03  4.74988E-04  3.94941E-05
  2484.00000  9.92223E-03  9.40834E-03  4.74455E-04  3.94340E-05
  2485.00000  9.91072E-03  9.39742E-03  4.73923E-04  3.93740E-05
  2486.00000  9.89922E-03  9.38652E-03  4.73392E-04  3.93141E-05
  2487.00000  9.88775E-03  9.37563E-03  4.72861E-04  3.92543E-05
  2488.00000  9.87629E-03  9.36476E-03  4.72331E-04  3.91946E-05
  2489.00000  9.86484E-03  9.35391E-03  4.71802E-04  3.91351E-05
  2490.00000  9.85342E-03  9.34307E-03  4.71274E-04  3.90756E-05
  2491.00000  9.84201E-03  9.33225E-03  4.70747E-04  3.90163E-05
  2492.00000  9.83062E-03  9.32145E-03  4.70220E-04  3.89570E-05
  2493.00000  9.81925E-03  9.31066E-03  4.69694E-04  3.88979E-05
  2494.00000  9.80790E-03  9.29989E-03  4.69169E-04  3.88389E-05
  2495.00000  9.79656E-03  9.28914E-03  4.68645E-04  3.87800E-05
  2496.00000  9.78524E-03  9.27840E-03  4.68121E-04  3.87212E-05
  2497.00000  9.77394E-03  9.26768E-03  4.67599E-04  3.86625E-05
  2498.00000  9.76265E-03  9.25697E-03  4.67077E-04  3.86039E-05
  2499.00000  9.75138E-03  9.24628E-03  4.66555E-04  3.85454E-05
  2500.00000  9.74013E-03  9.23561E-03  4.66035E-04  3.84870E-05
  2501.00000  9.72890E-03  9.22495E-03  4.65515E-04  3.84287E-05
  2502.00000  9.71768E-03  9.21431E-03  4.64996E-04  3.83705E-05
  2503.00000  9.70648E-03  9.20369E-03  4.64478E-04  3.83125E-05
  2504.00000  9.69530E-03  9.19308E-03  4.63961E-04  3.82545E-05
  2505.00000  9.68413E-03  9.18249E-03  4.63444E-04  3.81966E-05
  2506.00000  9.67298E-03  9.17192E-03  4.62928E-04  3.81389E-05
  2507.00000  9.66185E-03  9.16136E-03  4.62413E-04  3.80812E-05
  2508.00000  9.65074E-03  9.15082E-03  4.61898E-04  3.80236E-05
  2509.00000  9.63964E-03  9.14029E-03  4.61385E-04  3.79662E-05
  2510.00000  9.62856E-03  9.12978E-03  4.60872E-04  3.79088E-05
  2511.00000  9.61750E-03  9.11928E-03  4.60360E-04  3.78516E-05
  2512.00000  9.60645E-03  9.10881E-03  4.59848E-04  3.77944E-05
  2513.00000  9.59542E-03  9.09834E-03  4.59338E-04  3.77374E-05
  2514.00000  9.58440E-03  9.08790E-03  4.58828E-04  3.76804E-05
  2515.00000  9.57341E-03  9.07747E-03  4.58318E-04  3.76236E-05
  2516.00000  9.56243E-03  9.06705E-03  4.57810E-04  3.75668E-05
  2517.00000  9.55146E-03  9.05665E-03  4.57302E-04  3.75102E-05
  2518.00000  9.54052E-03  9.04627E-03  4.56795E-04  3.74536E-05
  2519.00000  9.52959E-03  9.03590E-03  4.56289E-04  3.73971E-05
  2520.00000  9.51867E-03  9.02555E-03  4.55784E-04  3.73408E-05
  2521.00000  9.50778E-03  9.01521E-03  4.55279E-04  3.72845E-05
  2522.00000  9.49690E-03  9.00489E-03  4.54775E-04  3.72284E-05
  2523.00000  9.48603E-03  8.99459E-03  4.54272E-04  3.71723E-05
  2524.00000  9.47518E-03  8.98430E-03  4.53769E-04  3.71163E-05
  2525.00000  9.46435E-03  8.97402E-03  4.53267E-04  3.70605E-05
  2526.00000  9.45354E-03  8.96377E-03  4.52766E-04  3.70047E-05
  2527.00000  9.44274E-03  8.95352E-03  4.52266E-04  3.69490E-05
  2528.00000  9.43196E-03  8.94330E-03  4.51766E-04  3.68934E-05
  2529.00000  9.42119E-03  8.93308E-03  4.51267E-04  3.68380E-05
  2530.00000  9.41044E-03  8.92289E-03  4.50769E-04  3.67826E-05
  2531.00000  9.39971E-03  8.91271E-03  4.50271E-04  3.67273E-05
  2532.00000  9.38899E-03  8.90254E-03  4.49775E-04  3.66721E-05
  2533.00000  9.37829E-03  8.89239E-03  4.49279E-04  3.66170E-05
  2534.00000  9.36760E-03  8.88226E-03  4.48783E-04  3.65620E-05
  2535.00000  9.35693E-03  8.87214E-03  4.48289E-04  3.65071E-05
  2536.00000  9.34628E-03  8.86203E-03  4.47795E-04  3.64523E-05
  2537.00000  9.33564E-03  8.85194E-03  4.47301E-04  3.63976E-05
  2538.00000  9.32502E-03  8.84187E-03  4.46809E-04  3.63429E-05
  2539.00000  9.31442E-03  8.83181E-03  4.46317E-04  3.62884E-05
  2540.00000  9.30383E-03  8.82177E-03  4.45826E-04  3.62340E-05
  2541.00000  9.29325E-03  8.81174E-03  4.45336E-04  3.61796E-05
  2542.00000  9.28270E-03  8.80173E-03  4.44846E-04  3.61254E-05
  2543.00000  9.27216E-03  8.79173E-03  4.44357E-04  3.60712E-05
  2544.00000  9.26163E-03  8.78174E-03  4.43869E-04  3.60172E-05
  2545.00000  9.25112E-03  8.77178E-03  4.43381E-04  3.59632E-05
  2546.00000  9.24063E-03  8.76182E-03  4.42894E-04  3.59093E-05
  2547.00000  9.23015E-03  8.75188E-03  4.42408E-04  3.58556E-05
  2548.00000  9.21968E-03  8.74196E-03  4.41923E-04  3.58019E-05
  2549.00000  9.20924E-03  8.73205E-03  4.41438E-04  3.57483E-05
  2550.00000  9.19881E-03  8.72216E-03  4.40954E-04  3.56948E-05
  2551.00000  9.18839E-03  8.71228E-03  4.40471E-04  3.56414E-05
  2552.00000  9.17799E-03  8.70242E-03  4.39988E-04  3.55881E-05
  2553.00000  9.16761E-03  8.69257E-03  4.39506E-04  3.55348E-05
  2554.00000  9.15724E-03  8.68273E-03  4.39025E-04  3.54817E-05
  2555.00000  9.14689E-03  8.67291E-03  4.38544E-04  3.54287E-05
  2556.00000  9.13655E-03  8.66311E-03  4.38064E-04  3.53757E-05
  2557.00000  9.12623E-03  8.65332E-03  4.37585E-04  3.53228E-05
  2558.00000  9.11592E-03  8.64354E-03  4.37106E-04  3.52701E-05
  2559.00000  9.10563E-03  8.63378E-03  4.36628E-04  3.52174E-05
  2560.00000  9.09535E-03  8.62404E-03  4.36151E-04  3.51648E-05
  2561.00000  9.08509E-03  8.61430E-03  4.35675E-04  3.51123E-05
  2562.00000  9.07485E-03  8.60459E-03  4.35199E-04  3.50599E-05
  2563.00000  9.06462E-03  8.59489E-03  4.34724E-04  3.50076E-05
  2564.00000  9.05440E-03  8.58520E-03  4.34249E-04  3.49554E-05
  2565.00000  9.04420E-03  8.57552E-03  4.33776E-04  3.49032E-05
  2566.00000  9.03402E-03  8.56586E-03  4.33302E-04  3.48512E-05
  2567.00000  9.02385E-03  8.55622E-03  4.32830E-04  3.47992E-05
  2568.00000  9.01370E-03  8.54659E-03  4.32358E-04  3.47474E-05
  2569.00000  9.00356E-03  8.53697E-03  4.31887E-04  3.46956E-05
  2570.00000  8.99343E-03  8.52737E-03  4.31417E-04  3.46439E-05
  2571.00000  8.98333E-03  8.51779E-03  4.30947E-04  3.45923E-05
  2572.00000  8.97323E-03  8.50821E-03  4.30478E-04  3.45408E-05
  2573.00000  8.96315E-03  8.49865E-03  4.30010E-04  3.44894E-05
  2574.00000  8.95309E-03  8.48911E-03  4.29542E-04  3.44380E-05
  2575.00000  8.94304E-03  8.47958E-03  4.29075E-04  3.43868E-05
  2576.00000  8.93301E-03  8.47006E-03  4.28608E-04  3.43356E-05
  2577.00000  8.92299E-03  8.46056E-03  4.28142E-04  3.42846E-05
  2578.00000  8.91299E-03  8.45108E-03  4.27677E-04  3.42336E-05
  2579.00000  8.90300E-03  8.44160E-03  4.27213E-04  3.41827E-05
  2580.00000  8.89302E-03  8.43214E-03  4.26749E-04  3.41319E-05
  2581.00000  8.88306E-03  8.42270E-03  4.26286E-04  3.40812E-05
  2582.00000  8.87312E-03  8.41326E-03  4.25823E-04  3.40306E-05
  2583.00000  8.86319E-03  8.40385E-03  4.25362E-04  3.39800E-05
  2584.00000  8.85327E-03  8.39444E-03  4.24900E-04  3.39296E-05
  2585.00000  8.84337E-03  8.38505E-03  4.24440E-04  3.38792E-05
  2586.00000  8.83349E-03  8.37568E-03  4.23980E-04  3.38289E-05
  2587.00000  8.82362E-03  8.36632E-03  4.23521E-04  3.37787E-05
  2588.00000  8.81376E-03  8.35697E-03  4.23062E-04  3.37286E-05
  2589.00000  8.80392E-03  8.34763E-03  4.22604E-04  3.36786E-05
  2590.00000  8.79409E-03  8.33831E-03  4.22147E-04  3.36287E-05
  2591.00000  8.78428E-03  8.32901E-03  4.21690E-04  3.35788E-05
  2592.00000  8.77448E-03  8.31972E-03  4.21234E-04  3.35291E-05
  2593.00000  8.76469E-03  8.31044E-03  4.20779E-04  3.34794E-05
  2594.00000  8.75493E-03  8.30117E-03  4.20324E-04  3.34298E-05
  2595.00000  8.74517E-03  8.29192E-03  4.19870E-04  3.33803E-05
  2596.00000  8.73543E-03  8.28268E-03  4.19417E-04  3.33309E-05
  2597.00000  8.72570E-03  8.27346E-03  4.18964E-04  3.32816E-05
  2598.00000  8.71599E-03  8.26425E-03  4.18512E-04  3.32323E-05
  2599.00000  8.70629E-03  8.25505E-03  4.18060E-04  3.31832E-05
  2600.00000  8.69661E-03  8.24587E-03  4.17609E-04  3.31341E-05
  2601.00000  8.68694E-03  8.23670E-03  4.17159E-04  3.30851E-05
  2602.00000  8.67729E-03  8.22754E-03  4.16709E-04  3.30362E-05
  2603.00000  8.66765E-03  8.21840E-03  4.16260E-04  3.29874E-05
  2604.00000  8.65802E-03  8.20927E-03  4.15812E-04  3.29387E-05
  2605.00000  8.64841E-03  8.20015E-03  4.15364E-04  3.28900E-05
  2606.00000  8.63881E-03  8.19105E-03  4.14917E-04  3.28415E-05
  2607.00000  8.62922E-03  8.18196E-03  4.14471E-04  3.27930E-05
  2608.00000  8.61965E-03  8.17289E-03  4.14025E-04  3.27446E-05
  2609.00000  8.61010E-03  8.16382E-03  4.13580E-04  3.26963E-05
  2610.00000  8.60056E-03  8.15477E-03  4.13135E-04  3.26481E-05
  2611.00000  8.59103E-03  8.14574E-03  4.12691E-04  3.26000E-05
  2612.00000  8.58152E-03  8.13672E-03  4.12248E-04  3.25520E-05
  2613.00000  8.57202E-03  8.12771E-03  4.11805E-04  3.25040E-05
  2614.00000  8.56253E-03  8.11871E-03  4.11363E-04  3.24561E-05
  2615.00000  8.55306E-03  8.10973E-03  4.10921E-04  3.24084E-05
  2616.00000  8.54360E-03  8.10076E-03  4.10480E-04  3.23607E-05
  2617.00000  8.53416E-03  8.09180E-03  4.10040E-04  3.23131E-05
  2618.00000  8.52473E-03  8.08286E-03  4.09601E-04  3.22655E-05
  2619.00000  8.51531E-03  8.07393E-03  4.09161E-04  3.22181E-05
  2620.00000  8.50591E-03  8.06501E-03  4.08723E-04  3.21708E-05
  2621.00000  8.49652E-03  8.05611E-03  4.08285E-04  3.21235E-05
  2622.00000  8.48714E-03  8.04722E-03  4.07848E-04  3.20763E-05
  2623.00000  8.47778E-03  8.03834E-03  4.07412E-04  3.20292E-05
  2624.00000  8.46843E-03  8.02947E-03  4.06976E-04  3.19822E-05
  2625.00000  8.45910E-03  8.02062E-03  4.06540E-04  3.19353E-05
  2626.00000  8.44978E-03  8.01178E-03  4.06105E-04  3.18885E-05
  2627.00000  8.44047E-03  8.00296E-03  4.05671E-04  3.18417E-05
  2628.00000  8.43118E-03  7.99414E-03  4.05238E-04  3.17951E-05
  2629.00000  8.42190E-03  7.98534E-03  4.04805E-04  3.17485E-05
  2630.00000  8.41263E-03  7.97656E-03  4.04373E-04  3.17020E-05
  2631.00000  8.40338E-03  7.96778E-03  4.03941E-04  3.16556E-05
  2632.00000  8.39414E-03  7.95902E-03  4.03510E-04  3.16093E-05
  2633.00000  8.38491E-03  7.95027E-03  4.03079E-04  3.15631E-05
  2634.00000  8.37570E-03  7.94153E-03  4.02649E-04  3.15170E-05
  2635.00000  8.36650E-03  7.93281E-03  4.02220E-04  3.14709E-05
  2636.00000  8.35731E-03  7.92410E-03  4.01791E-04  3.14250E-05
  2637.00000  8.34814E-03  7.91540E-03  4.01363E-04  3.13791E-05
  2638.00000  8.33898E-03  7.90671E-03  4.00936E-04  3.13333E-05
  2639.00000  8.32984E-03  7.89804E-03  4.00509E-04  3.12876E-05
  2640.00000  8.32070E-03  7.88938E-03  4.00082E-04  3.12420E-05
  2641.00000  8.31158E-03  7.88073E-03  3.99657E-04  3.11965E-05
  2642.00000  8.30248E-03  7.87209E-03  3.99231E-04  3.11511E-05
  2643.00000  8.29338E-03  7.86347E-03  3.98807E-04  3.11057E-05
  2644.00000  8.28430E-03  7.85486E-03  3.98383E-04  3.10604E-05
  2645.00000  8.27524E-03  7.84626E-03  3.97959E-04  3.10153E-05
  2646.00000  8.26618E-03  7.83768E-03  3.97537E-04  3.09702E-05
  2647.00000  8.25714E-03  7.82910E-03  3.97114E-04  3.09252E-05
  2648.00000  8.24812E-03  7.82054E-03  3.96693E-04  3.08803E-05
  2649.00000  8.23910E-03  7.81199E-03  3.96272E-04  3.08354E-05
  2650.00000  8.23010E-03  7.80346E-03  3.95851E-04  3.07907E-05
  2651.00000  8.22111E-03  7.79493E-03  3.95431E-04  3.07460E-05
  2652.00000  8.21214E-03  7.78642E-03  3.95012E-04  3.07015E-05
  2653.00000  8.20317E-03  7.77792E-03  3.94593E-04  3.06570E-05
  2654.00000  8.19423E-03  7.76944E-03  3.94175E-04  3.06126E-05
  2655.00000  8.18529E-03  7.76096E-03  3.93758E-04  3.05683E-05
  2656.00000  8.17637E-03  7.75250E-03  3.93341E-04  3.05240E-05
  2657.00000  8.16746E-03  7.74405E-03  3.92924E-04  3.04799E-05
  2658.00000  8.15856E-03  7.73561E-03  3.92509E-04  3.04359E-05
  2659.00000  8.14967E-03  7.72719E-03  3.92093E-04  3.03919E-05
  2660.00000  8.14080E-03  7.71877E-03  3.91679E-04  3.03480E-05
  2661.00000  8.13194E-03  7.71037E-03  3.91265E-04  3.03042E-05
  2662.00000  8.12310E-03  7.70198E-03  3.90851E-04  3.02605E-05
  2663.00000  8.11426E-03  7.69361E-03  3.90438E-04  3.02169E-05
  2664.00000  8.10544E-03  7.68524E-03  3.90026E-04  3.01733E-05
  2665.00000  8.09663E-03  7.67689E-03  3.89614E-04  3.01299E-05
  2666.00000  8.08784E-03  7.66855E-03  3.89203E-04  3.00865E-05
  2667.00000  8.07906E-03  7.66022E-03  3.88792E-04  3.00432E-05
  2668.00000  8.07028E-03  7.65190E-03  3.88382E-04  3.00000E-05
  2669.00000  8.06153E-03  7.64360E-03  3.87973E-04  2.99569E-05
  2670.00000  8.05278E-03  7.63530E-03  3.87564E-04  2.99139E-05
  2671.00000  8.04405E-03  7.62702E-03  3.87155E-04  2.98709E-05
  2672.00000  8.03533E-03  7.61875E-03  3.86748E-04  2.98281E-05
  2673.00000  8.02662E-03  7.61050E-03  3.86340E-04  2.97853E-05
  2674.00000  8.01793E-03  7.60225E-03  3.85934E-04  2.97426E-05
  2675.00000  8.00924E-03  7.59402E-03  3.85528E-04  2.97000E-05
  2676.00000  8.00057E-03  7.58579E-03  3.85122E-04  2.96574E-05
  2677.00000  7.99192E-03  7.57758E-03  3.84717E-04  2.96150E-05
  2678.00000  7.98327E-03  7.56939E-03  3.84313E-04  2.95726E-05
  2679.00000  7.97464E-03  7.56120E-03  3.83909E-04  2.95303E-05
  2680.00000  7.96602E-03  7.55302E-03  3.83506E-04  2.94881E-05
  2681.00000  7.95741E-03  7.54486E-03  3.83103E-04  2.94460E-05
  2682.00000  7.94881E-03  7.53671E-03  3.82701E-04  2.94040E-05
  2683.00000  7.94023E-03  7.52857E-03  3.82299E-04  2.93620E-05
  2684.00000  7.93166E-03  7.52044E-03  3.81898E-04  2.93201E-05
  2685.00000  7.92310E-03  7.51232E-03  3.81498E-04  2.92783E-05
  2686.00000  7.91455E-03  7.50422E-03  3.81098E-04  2.92366E-05
  2687.00000  7.90602E-03  7.49612E-03  3.80698E-04  2.91950E-05
  2688.00000  7.89749E-03  7.48804E-03  3.80299E-04  2.91534E-05
  2689.00000  7.88898E-03  7.47997E-03  3.79901E-04  2.91119E-05
  2690.00000  7.88048E-03  7.47191E-03  3.79503E-04  2.90705E-05
  2691.00000  7.87200E-03  7.46386E-03  3.79106E-04  2.90292E-05
  2692.00000  7.86352E-03  7.45582E-03  3.78710E-04  2.89880E-05
  2693.00000  7.85506E-03  7.44780E-03  3.78313E-04  2.89468E-05
  2694.00000  7.84661E-03  7.43979E-03  3.77918E-04  2.89057E-05
  2695.00000  7.83817E-03  7.43178E-03  3.77523E-04  2.88647E-05
  2696.00000  7.82975E-03  7.42379E-03  3.77128E-04  2.88237E-05
  2697.00000  7.82133E-03  7.41581E-03  3.76734E-04  2.87829E-05
  2698.00000  7.81293E-03  7.40785E-03  3.76341E-04  2.87421E-05
  2699.00000  7.80454E-03  7.39989E-03  3.75948E-04  2.87014E-05
  2700.00000  7.79616E-03  7.39194E-03  3.75556E-04  2.86608E-05
  2701.00000  7.78779E-03  7.38401E-03  3.75164E-04  2.86202E-05
  2702.00000  7.77944E-03  7.37609E-03  3.74773E-04  2.85797E-05
  2703.00000  7.77109E-03  7.36817E-03  3.74382E-04  2.85393E-05
  2704.00000  7.76276E-03  7.36027E-03  3.73992E-04  2.84990E-05
  2705.00000  7.75444E-03  7.35238E-03  3.73602E-04  2.84587E-05
  2706.00000  7.74614E-03  7.34450E-03  3.73213E-04  2.84186E-05
  2707.00000  7.73784E-03  7.33664E-03  3.72825E-04  2.83784E-05
  2708.00000  7.72956E-03  7.32878E-03  3.72437E-04  2.83384E-05
  2709.00000  7.72128E-03  7.32094E-03  3.72049E-04  2.82984E-05
  2710.00000  7.71302E-03  7.31310E-03  3.71662E-04  2.82586E-05
  2711.00000  7.70478E-03  7.30528E-03  3.71276E-04  2.82187E-05
  2712.00000  7.69654E-03  7.29747E-03  3.70890E-04  2.81790E-05
  2713.00000  7.68831E-03  7.28967E-03  3.70505E-04  2.81393E-05
  2714.00000  7.68010E-03  7.28188E-03  3.70120E-04  2.80997E-05
  2715.00000  7.67190E-03  7.27410E-03  3.69736E-04  2.80602E-05
  2716.00000  7.66370E-03  7.26633E-03  3.69352E-04  2.80207E-05
  2717.00000  7.65553E-03  7.25858E-03  3.68969E-04  2.79813E-05
  2718.00000  7.64736E-03  7.25083E-03  3.68586E-04  2.79420E-05
  2719.00000  7.63920E-03  7.24309E-03  3.68204E-04  2.79028E-05
  2720.00000  7.63106E-03  7.23537E-03  3.67822E-04  2.78636E-05
  2721.00000  7.62292E-03  7.22766E-03  3.67441E-04  2.78245E-05
  2722.00000  7.61480E-03  7.21995E-03  3.67060E-04  2.77855E-05
  2723.00000  7.60669E-03  7.21226E-03  3.66680E-04  2.77465E-05
  2724.00000  7.59859E-03  7.20458E-03  3.66301E-04  2.77076E-05
  2725.00000  7.59050E-03  7.19691E-03  3.65922E-04  2.76688E-05
  2726.00000  7.58243E-03  7.18925E-03  3.65543E-04  2.76300E-05
  2727.00000  7.57436E-03  7.18160E-03  3.65165E-04  2.75913E-05
  2728.00000  7.56631E-03  7.17397E-03  3.64788E-04  2.75527E-05
  2729.00000  7.55826E-03  7.16634E-03  3.64411E-04  2.75141E-05
  2730.00000  7.55023E-03  7.15872E-03  3.64034E-04  2.74756E-05
  2731.00000  7.54221E-03  7.15112E-03  3.63659E-04  2.74372E-05
  2732.00000  7.53420E-03  7.14352E-03  3.63283E-04  2.73988E-05
  2733.00000  7.52621E-03  7.13594E-03  3.62908E-04  2.73606E-05
  2734.00000  7.51822E-03  7.12836E-03  3.62534E-04  2.73223E-05
  2735.00000  7.51024E-03  7.12080E-03  3.62160E-04  2.72842E-05
  2736.00000  7.50228E-03  7.11325E-03  3.61787E-04  2.72461E-05
  2737.00000  7.49433E-03  7.10570E-03  3.61414E-04  2.72081E-05
  2738.00000  7.48638E-03  7.09817E-03  3.61041E-04  2.71701E-05
  2739.00000  7.47845E-03  7.09065E-03  3.60670E-04  2.71322E-05
  2740.00000  7.47053E-03  7.08314E-03  3.60298E-04  2.70944E-05
  2741.00000  7.46262E-03  7.07564E-03  3.59927E-04  2.70566E-05
  2742.00000  7.45473E-03  7.06815E-03  3.59557E-04  2.70189E-05
  2743.00000  7.44684E-03  7.06067E-03  3.59187E-04  2.69813E-05
  2744.00000  7.43896E-03  7.05320E-03  3.58818E-04  2.69437E-05
  2745.00000  7.43110E-03  7.04574E-03  3.58449E-04  2.69062E-05
  2746.00000  7.42324E-03  7.03830E-03  3.58081E-04  2.68688E-05
  2747.00000  7.41540E-03  7.03086E-03  3.57713E-04  2.68314E-05
  2748.00000  7.40757E-03  7.02343E-03  3.57346E-04  2.67941E-05
  2749.00000  7.39975E-03  7.01601E-03  3.56979E-04  2.67569E-05
  2750.00000  7.39194E-03  7.00861E-03  3.56613E-04  2.67197E-05
  2751.00000  7.38414E-03  7.00121E-03  3.56247E-04  2.66826E-05
  2752.00000  7.37635E-03  6.99382E-03  3.55882E-04  2.66455E-05
  2753.00000  7.36857E-03  6.98645E-03  3.55517E-04  2.66085E-05
  2754.00000  7.36081E-03  6.97908E-03  3.55152E-04  2.65716E-05
  2755.00000  7.35305E-03  6.97173E-03  3.54789E-04  2.65347E-05
  2756.00000  7.34530E-03  6.96438E-03  3.54425E-04  2.64979E-05
  2757.00000  7.33757E-03  6.95705E-03  3.54062E-04  2.64612E-05
  2758.00000  7.32984E-03  6.94972E-03  3.53700E-04  2.64245E-05
  2759.00000  7.32213E-03  6.94241E-03  3.53338E-04  2.63879E-05
  2760.00000  7.31443E-03  6.93510E-03  3.52977E-04  2.63513E-05
  2761.00000  7.30674E-03  6.92781E-03  3.52616E-04  2.63148E-05
  2762.00000  7.29906E-03  6.92052E-03  3.52255E-04  2.62784E-05
  2763.00000  7.29138E-03  6.91325E-03  3.51896E-04  2.62420E-05
  2764.00000  7.28372E-03  6.90598E-03  3.51536E-04  2.62057E-05
  2765.00000  7.27608E-03  6.89873E-03  3.51177E-04  2.61694E-05
  2766.00000  7.26844E-03  6.89148E-03  3.50819E-04  2.61332E-05
  2767.00000  7.26081E-03  6.88425E-03  3.50461E-04  2.60971E-05
  2768.00000  7.25319E-03  6.87703E-03  3.50103E-04  2.60610E-05
  2769.00000  7.24558E-03  6.86981E-03  3.49746E-04  2.60250E-05
  2770.00000  7.23799E-03  6.86261E-03  3.49390E-04  2.59890E-05
  2771.00000  7.23040E-03  6.85541E-03  3.49034E-04  2.59531E-05
  2772.00000  7.22282E-03  6.84823E-03  3.48678E-04  2.59173E-05
  2773.00000  7.21526E-03  6.84105E-03  3.48323E-04  2.58815E-05
  2774.00000  7.20770E-03  6.83389E-03  3.47968E-04  2.58458E-05
  2775.00000  7.20016E-03  6.82673E-03  3.47614E-04  2.58101E-05
  2776.00000  7.19262E-03  6.81959E-03  3.47261E-04  2.57745E-05
  2777.00000  7.18510E-03  6.81245E-03  3.46907E-04  2.57389E-05
  2778.00000  7.17759E-03  6.80533E-03  3.46555E-04  2.57034E-05
  2779.00000  7.17008E-03  6.79821E-03  3.46202E-04  2.56680E-05
  2780.00000  7.16259E-03  6.79111E-03  3.45851E-04  2.56326E-05
  2781.00000  7.15511E-03  6.78401E-03  3.45499E-04  2.55973E-05
  2782.00000  7.14763E-03  6.77692E-03  3.45149E-04  2.55620E-05
  2783.00000  7.14017E-03  6.76985E-03  3.44798E-04  2.55268E-05
  2784.00000  7.13272E-03  6.76278E-03  3.44448E-04  2.54917E-05
  2785.00000  7.12528E-03  6.75572E-03  3.44099E-04  2.54566E-05
  2786.00000  7.11784E-03  6.74867E-03  3.43750E-04  2.54215E-05
  2787.00000  7.11042E-03  6.74163E-03  3.43401E-04  2.53865E-05
  2788.00000  7.10301E-03  6.73461E-03  3.43053E-04  2.53516E-05
  2789.00000  7.09561E-03  6.72759E-03  3.42706E-04  2.53167E-05
  2790.00000  7.08822E-03  6.72058E-03  3.42359E-04  2.52819E-05
  2791.00000  7.08084E-03  6.71358E-03  3.42012E-04  2.52471E-05
  2792.00000  7.07347E-03  6.70659E-03  3.41666E-04  2.52124E-05
  2793.00000  7.06611E-03  6.69961E-03  3.41320E-04  2.51778E-05
  2794.00000  7.05875E-03  6.69264E-03  3.40975E-04  2.51432E-05
  2795.00000  7.05141E-03  6.68567E-03  3.40630E-04  2.51086E-05
  2796.00000  7.04408E-03  6.67872E-03  3.40286E-04  2.50741E-05
  2797.00000  7.03676E-03  6.67178E-03  3.39942E-04  2.50397E-05
  2798.00000  7.02945E-03  6.66485E-03  3.39599E-04  2.50053E-05
  2799.00000  7.02215E-03  6.65792E-03  3.39256E-04  2.49710E-05
  2800.00000  7.01486E-03  6.65101E-03  3.38913E-04  2.49367E-05
  2801.00000  7.00758E-03  6.64410E-03  3.38571E-04  2.49025E-05
  2802.00000  7.00031E-03  6.63721E-03  3.38230E-04  2.48683E-05
  2803.00000  6.99304E-03  6.63032E-03  3.37888E-04  2.48342E-05
  2804.00000  6.98579E-03  6.62345E-03  3.37548E-04  2.48001E-05
  2805.00000  6.97855E-03  6.61658E-03  3.37208E-04  2.47661E-05
  2806.00000  6.97132E-03  6.60972E-03  3.36868E-04  2.47321E-05
  2807.00000  6.96410E-03  6.60287E-03  3.36528E-04  2.46982E-05
  2808.00000  6.95689E-03  6.59603E-03  3.36190E-04  2.46644E-05
  2809.00000  6.94968E-03  6.58920E-03  3.35851E-04  2.46306E-05
  2810.00000  6.94249E-03  6.58238E-03  3.35513E-04  2.45968E-05
  2811.00000  6.93531E-03  6.57557E-03  3.35175E-04  2.45631E-05
  2812.00000  6.92814E-03  6.56877E-03  3.34838E-04  2.45295E-05
  2813.00000  6.92097E-03  6.56198E-03  3.34502E-04  2.44959E-05
  2814.00000  6.91382E-03  6.55519E-03  3.34165E-04  2.44623E-05
  2815.00000  6.90668E-03  6.54842E-03  3.33830E-04  2.44288E-05
  2816.00000  6.89954E-03  6.54165E-03  3.33494E-04  2.43954E-05
  2817.00000  6.89242E-03  6.53490E-03  3.33159E-04  2.43620E-05
  2818.00000  6.88530E-03  6.52815E-03  3.32825E-04  2.43287E-05
  2819.00000  6.87820E-03  6.52141E-03  3.32491E-04  2.42954E-05
  2820.00000  6.87110E-03  6.51468E-03  3.32157E-04  2.42621E-05
  2821.00000  6.86401E-03  6.50796E-03  3.31824E-04  2.42289E-05
  2822.00000  6.85694E-03  6.50125E-03  3.31492E-04  2.41958E-05
  2823.00000  6.84987E-03  6.49455E-03  3.31159E-04  2.41627E-05
  2824.00000  6.84281E-03  6.48786E-03  3.30827E-04  2.41297E-05
  2825.00000  6.83577E-03  6.48117E-03  3.30496E-04  2.40967E-05
  2826.00000  6.82873E-03  6.47450E-03  3.30165E-04  2.40638E-05
  2827.00000  6.82170E-03  6.46783E-03  3.29835E-04  2.40309E-05
  2828.00000  6.81468E-03  6.46118E-03  3.29504E-04  2.39980E-05
  2829.00000  6.80767E-03  6.45453E-03  3.29175E-04  2.39653E-05
  2830.00000  6.80067E-03  6.44789E-03  3.28846E-04  2.39325E-05
  2831.00000  6.79368E-03  6.44126E-03  3.28517E-04  2.38999E-05
  2832.00000  6.78670E-03  6.43464E-03  3.28188E-04  2.38672E-05
  2833.00000  6.77972E-03  6.42803E-03  3.27860E-04  2.38346E-05
  2834.00000  6.77276E-03  6.42142E-03  3.27533E-04  2.38021E-05
  2835.00000  6.76581E-03  6.41483E-03  3.27206E-04  2.37696E-05
  2836.00000  6.75886E-03  6.40825E-03  3.26879E-04  2.37372E-05
  2837.00000  6.75193E-03  6.40167E-03  3.26553E-04  2.37048E-05
  2838.00000  6.74500E-03  6.39510E-03  3.26227E-04  2.36725E-05
  2839.00000  6.73808E-03  6.38854E-03  3.25902E-04  2.36402E-05
  2840.00000  6.73118E-03  6.38199E-03  3.25577E-04  2.36080E-05
  2841.00000  6.72428E-03  6.37545E-03  3.25252E-04  2.35759E-05
  2842.00000  6.71739E-03  6.36892E-03  3.24928E-04  2.35437E-05
  2843.00000  6.71051E-03  6.36239E-03  3.24605E-04  2.35117E-05
  2844.00000  6.70364E-03  6.35588E-03  3.24281E-04  2.34797E-05
  2845.00000  6.69678E-03  6.34937E-03  3.23958E-04  2.34477E-05
  2846.00000  6.68993E-03  6.34288E-03  3.23636E-04  2.34158E-05
  2847.00000  6.68308E-03  6.33639E-03  3.23314E-04  2.33839E-05
  2848.00000  6.67625E-03  6.32991E-03  3.22992E-04  2.33521E-05
  2849.00000  6.66943E-03  6.32344E-03  3.22671E-04  2.33203E-05
  2850.00000  6.66261E-03  6.31697E-03  3.22350E-04  2.32886E-05
  2851.00000  6.65581E-03  6.31052E-03  3.22030E-04  2.32570E-05
  2852.00000  6.64901E-03  6.30407E-03  3.21710E-04  2.32254E-05
  2853.00000  6.64222E-03  6.29764E-03  3.21391E-04  2.31938E-05
  2854.00000  6.63544E-03  6.29121E-03  3.21072E-04  2.31623E-05
  2855.00000  6.62867E-03  6.28479E-03  3.20753E-04  2.31309E-05
  2856.00000  6.62191E-03  6.27838E-03  3.20435E-04  2.30995E-05
  2857.00000  6.61516E-03  6.27197E-03  3.20117E-04  2.30681E-05
  2858.00000  6.60842E-03  6.26558E-03  3.19799E-04  2.30368E-05
  2859.00000  6.60168E-03  6.25920E-03  3.19482E-04  2.30056E-05
  2860.00000  6.59496E-03  6.25282E-03  3.19166E-04  2.29744E-05
  2861.00000  6.58824E-03  6.24645E-03  3.18850E-04  2.29433E-05
  2862.00000  6.58154E-03  6.24009E-03  3.18534E-04  2.29122E-05
  2863.00000  6.57484E-03  6.23374E-03  3.18218E-04  2.28812E-05
  2864.00000  6.56815E-03  6.22740E-03  3.17903E-04  2.28502E-05
  2865.00000  6.56147E-03  6.22106E-03  3.17589E-04  2.28193E-05
  2866.00000  6.55480E-03  6.21474E-03  3.17275E-04  2.27884E-05
  2867.00000  6.54814E-03  6.20842E-03  3.16961E-04  2.27576E-05
  2868.00000  6.54148E-03  6.20211E-03  3.16647E-04  2.27268E-05
  2869.00000  6.53484E-03  6.19581E-03  3.16334E-04  2.26961E-05
  2870.00000  6.52820E-03  6.18952E-03  3.16022E-04  2.26654E-05
  2871.00000  6.52158E-03  6.18323E-03  3.15710E-04  2.26348E-05
  2872.00000  6.51496E-03  6.17696E-03  3.15398E-04  2.26043E-05
  2873.00000  6.50835E-03  6.17069E-03  3.15087E-04  2.25738E-05
  2874.00000  6.50175E-03  6.16443E-03  3.14776E-04  2.25433E-05
  2875.00000  6.49516E-03  6.15818E-03  3.14465E-04  2.25129E-05
  2876.00000  6.48857E-03  6.15194E-03  3.14155E-04  2.24826E-05
  2877.00000  6.48200E-03  6.14570E-03  3.13845E-04  2.24523E-05
  2878.00000  6.47543E-03  6.13948E-03  3.13536E-04  2.24220E-05
  2879.00000  6.46888E-03  6.13326E-03  3.13227E-04  2.23919E-05
  2880.00000  6.46233E-03  6.12705E-03  3.12918E-04  2.23617E-05
  2881.00000  6.45579E-03  6.12085E-03  3.12610E-04  2.23316E-05
  2882.00000  6.44926E-03  6.11465E-03  3.12302E-04  2.23016E-05
  2883.00000  6.44274E-03  6.10847E-03  3.11995E-04  2.22716E-05
  2884.00000  6.43622E-03  6.10229E-03  3.11688E-04  2.22417E-05
  2885.00000  6.42972E-03  6.09612E-03  3.11381E-04  2.22119E-05
  2886.00000  6.42322E-03  6.08996E-03  3.11075E-04  2.21820E-05
  2887.00000  6.41673E-03  6.08381E-03  3.10769E-04  2.21523E-05
  2888.00000  6.41025E-03  6.07767E-03  3.10464E-04  2.21226E-05
  2889.00000  6.40378E-03  6.07153E-03  3.10159E-04  2.20929E-05
  2890.00000  6.39732E-03  6.06540E-03  3.09854E-04  2.20633E-05
  2891.00000  6.39087E-03  6.05928E-03  3.09550E-04  2.20338E-05
  2892.00000  6.38442E-03  6.05317E-03  3.09246E-04  2.20043E-05
  2893.00000  6.37798E-03  6.04707E-03  3.08943E-04  2.19748E-05
  2894.00000  6.37156E-03  6.04097E-03  3.08640E-04  2.19455E-05
  2895.00000  6.36514E-03  6.03488E-03  3.08337E-04  2.19161E-05
  2896.00000  6.35873E-03  6.02880E-03  3.08035E-04  2.18868E-05
  2897.00000  6.35232E-03  6.02273E-03  3.07733E-04  2.18576E-05
  2898.00000  6.34593E-03  6.01667E-03  3.07432E-04  2.18284E-05
  2899.00000  6.33954E-03  6.01061E-03  3.07130E-04  2.17993E-05
  2900.00000  6.33317E-03  6.00457E-03  3.06830E-04  2.17702E-05
  2901.00000  6.32680E-03  5.99853E-03  3.06529E-04  2.17412E-05
  2902.00000  6.32044E-03  5.99249E-03  3.06229E-04  2.17122E-05
  2903.00000  6.31408E-03  5.98647E-03  3.05930E-04  2.16833E-05
  2904.00000  6.30774E-03  5.98045E-03  3.05631E-04  2.16545E-05
  2905.00000  6.30140E-03  5.97445E-03  3.05332E-04  2.16257E-05
  2906.00000  6.29508E-03  5.96845E-03  3.05033E-04  2.15969E-05
  2907.00000  6.28876E-03  5.96245E-03  3.04735E-04  2.15682E-05
  2908.00000  6.28245E-03  5.95647E-03  3.04438E-04  2.15395E-05
  2909.00000  6.27614E-03  5.95049E-03  3.04141E-04  2.15109E-05
  2910.00000  6.26985E-03  5.94452E-03  3.03844E-04  2.14824E-05
  2911.00000  6.26356E-03  5.93856E-03  3.03547E-04  2.14539E-05
  2912.00000  6.25729E-03  5.93261E-03  3.03251E-04  2.14254E-05
  2913.00000  6.25102E-03  5.92667E-03  3.02955E-04  2.13970E-05
  2914.00000  6.24476E-03  5.92073E-03  3.02660E-04  2.13687E-05
  2915.00000  6.23850E-03  5.91480E-03  3.02365E-04  2.13404E-05
  2916.00000  6.23226E-03  5.90888E-03  3.02070E-04  2.13122E-05
  2917.00000  6.22602E-03  5.90296E-03  3.01776E-04  2.12840E-05
  2918.00000  6.21979E-03  5.89706E-03  3.01482E-04  2.12558E-05
  2919.00000  6.21357E-03  5.89116E-03  3.01189E-04  2.12277E-05
  2920.00000  6.20736E-03  5.88527E-03  3.00895E-04  2.11997E-05
  2921.00000  6.20116E-03  5.87938E-03  3.00603E-04  2.11717E-05
  2922.00000  6.19496E-03  5.87351E-03  3.00310E-04  2.11438E-05
  2923.00000  6.18878E-03  5.86764E-03  3.00018E-04  2.11159E-05
  2924.00000  6.18260E-03  5.86178E-03  2.99727E-04  2.10880E-05
  2925.00000  6.17642E-03  5.85593E-03  2.99435E-04  2.10603E-05
  2926.00000  6.17026E-03  5.85008E-03  2.99145E-04  2.10325E-05
  2927.00000  6.16411E-03  5.84425E-03  2.98854E-04  2.10048E-05
  2928.00000  6.15796E-03  5.83842E-03  2.98564E-04  2.09772E-05
  2929.00000  6.15182E-03  5.83260E-03  2.98274E-04  2.09496E-05
  2930.00000  6.14569E-03  5.82678E-03  2.97985E-04  2.09221E-05
  2931.00000  6.13956E-03  5.82097E-03  2.97696E-04  2.08946E-05
  2932.00000  6.13345E-03  5.81518E-03  2.97407E-04  2.08671E-05
  2933.00000  6.12734E-03  5.80938E-03  2.97119E-04  2.08398E-05
  2934.00000  6.12124E-03  5.80360E-03  2.96831E-04  2.08124E-05
  2935.00000  6.11515E-03  5.79782E-03  2.96543E-04  2.07851E-05
  2936.00000  6.10907E-03  5.79205E-03  2.96256E-04  2.07579E-05
  2937.00000  6.10299E-03  5.78629E-03  2.95969E-04  2.07307E-05
  2938.00000  6.09692E-03  5.78054E-03  2.95683E-04  2.07035E-05
  2939.00000  6.09086E-03  5.77479E-03  2.95397E-04  2.06764E-05
  2940.00000  6.08481E-03  5.76905E-03  2.95111E-04  2.06494E-05
  2941.00000  6.07877E-03  5.76332E-03  2.94826E-04  2.06224E-05
  2942.00000  6.07273E-03  5.75760E-03  2.94541E-04  2.05954E-05
  2943.00000  6.06670E-03  5.75188E-03  2.94256E-04  2.05685E-05
  2944.00000  6.06068E-03  5.74617E-03  2.93972E-04  2.05417E-05
  2945.00000  6.05467E-03  5.74047E-03  2.93688E-04  2.05149E-05
  2946.00000  6.04867E-03  5.73477E-03  2.93404E-04  2.04881E-05
  2947.00000  6.04267E-03  5.72909E-03  2.93121E-04  2.04614E-05
  2948.00000  6.03668E-03  5.72341E-03  2.92838E-04  2.04347E-05
  2949.00000  6.03070E-03  5.71773E-03  2.92556E-04  2.04081E-05
  2950.00000  6.02472E-03  5.71207E-03  2.92274E-04  2.03815E-05
  2951.00000  6.01876E-03  5.70641E-03  2.91992E-04  2.03550E-05
  2952.00000  6.01280E-03  5.70076E-03  2.91711E-04  2.03285E-05
  2953.00000  6.00685E-03  5.69512E-03  2.91429E-04  2.03021E-05
  2954.00000  6.00091E-03  5.68948E-03  2.91149E-04  2.02757E-05
  2955.00000  5.99497E-03  5.68385E-03  2.90869E-04  2.02494E-05
  2956.00000  5.98904E-03  5.67823E-03  2.90589E-04  2.02231E-05
  2957.00000  5.98312E-03  5.67262E-03  2.90309E-04  2.01968E-05
  2958.00000  5.97721E-03  5.66701E-03  2.90030E-04  2.01706E-05
  2959.00000  5.97131E-03  5.66141E-03  2.89751E-04  2.01445E-05
  2960.00000  5.96541E-03  5.65582E-03  2.89472E-04  2.01184E-05
  2961.00000  5.95952E-03  5.65024E-03  2.89194E-04  2.00923E-05
  2962.00000  5.95364E-03  5.64466E-03  2.88916E-04  2.00663E-05
  2963.00000  5.94777E-03  5.63909E-03  2.88639E-04  2.00404E-05
  2964.00000  5.94190E-03  5.63352E-03  2.88362E-04  2.00144E-05
  2965.00000  5.93604E-03  5.62797E-03  2.88085E-04  1.99886E-05
  2966.00000  5.93019E-03  5.62242E-03  2.87809E-04  1.99627E-05
  2967.00000  5.92435E-03  5.61688E-03  2.87533E-04  1.99370E-05
  2968.00000  5.91851E-03  5.61134E-03  2.87257E-04  1.99112E-05
  2969.00000  5.91268E-03  5.60582E-03  2.86982E-04  1.98855E-05
  2970.00000  5.90686E-03  5.60030E-03  2.86707E-04  1.98599E-05
  2971.00000  5.90105E-03  5.59478E-03  2.86432E-04  1.98343E-05
  2972.00000  5.89524E-03  5.58928E-03  2.86158E-04  1.98087E-05
  2973.00000  5.88945E-03  5.58378E-03  2.85884E-04  1.97832E-05
  2974.00000  5.88366E-03  5.57829E-03  2.85610E-04  1.97578E-05
  2975.00000  5.87787E-03  5.57280E-03  2.85337E-04  1.97323E-05
  2976.00000  5.87210E-03  5.56733E-03  2.85064E-04  1.97070E-05
  2977.00000  5.86633E-03  5.56185E-03  2.84791E-04  1.96816E-05
  2978.00000  5.86057E-03  5.55639E-03  2.84519E-04  1.96564E-05
  2979.00000  5.85481E-03  5.55093E-03  2.84247E-04  1.96311E-05
  2980.00000  5.84907E-03  5.54549E-03  2.83976E-04  1.96059E-05
  2981.00000  5.84333E-03  5.54004E-03  2.83705E-04  1.95808E-05
  2982.00000  5.83760E-03  5.53461E-03  2.83434E-04  1.95556E-05
  2983.00000  5.83187E-03  5.52918E-03  2.83163E-04  1.95306E-05
  2984.00000  5.82616E-03  5.52376E-03  2.82893E-04  1.95056E-05
  2985.00000  5.82045E-03  5.51834E-03  2.82623E-04  1.94806E-05
  2986.00000  5.81474E-03  5.51294E-03  2.82354E-04  1.94556E-05
  2987.00000  5.80905E-03  5.50753E-03  2.82085E-04  1.94307E-05
  2988.00000  5.80336E-03  5.50214E-03  2.81816E-04  1.94059E-05
  2989.00000  5.79768E-03  5.49675E-03  2.81547E-04  1.93811E-05
  2990.00000  5.79201E-03  5.49137E-03  2.81279E-04  1.93563E-05
  2991.00000  5.78634E-03  5.48600E-03  2.81012E-04  1.93316E-05
  2992.00000  5.78069E-03  5.48063E-03  2.80744E-04  1.93069E-05
  2993.00000  5.77503E-03  5.47528E-03  2.80477E-04  1.92823E-05
  2994.00000  5.76939E-03  5.46992E-03  2.80210E-04  1.92577E-05
  2995.00000  5.76375E-03  5.46458E-03  2.79944E-04  1.92331E-05
  2996.00000  5.75813E-03  5.45924E-03  2.79678E-04  1.92086E-05
  2997.00000  5.75250E-03  5.45391E-03  2.79412E-04  1.91841E-05
  2998.00000  5.74689E-03  5.44858E-03  2.79147E-04  1.91597E-05
  2999.00000  5.74128E-03  5.44326E-03  2.78882E-04  1.91353E-05
  3000.00000  5.73568E-03  5.43795E-03  2.78617E-04  1.91110E-05


#
# Current date/time  : 15-Sep-2026 13:09:55
# elapsed real time  : 14.65 seconds on max-exfl-display002.desy.de
# Job time(CPU_time) : 21.68 seconds on max-exfl-display002.desy.de
